date,1990,1991,1992,1993,1994,1995,1996,1997,1998,1999,2000,2001,2002,2003,2004,2005,2006,2007,2008,2009,2010,2011,2012,2013,2014,2015,2016,2017,2018,2019,2020,2021,2022,2023,2024,Min,10%,30%,70%,90%,Max,Median (POR)
10-01,37.9,52.0,50.2,56.2,48.3,40.9,38.3,52.5,54.2,45.8,43.2,51.4,55.3,33.6,56.1,44.5,55.4,52.6,42.6,54.4,28.7,57.5,55.8,51.6,44.9,33.7,57.4,49.5,32.6,48.5,34.5,51.5,45.6,39.8,43.9,28.7,34.0,43.1,52.5,56.0,57.5,49.0
10-02,40.3,42.5,50.9,57.0,48.6,41.9,37.3,50.2,46.4,42.1,40.7,46.3,53.1,35.0,51.4,45.4,43.6,48.7,37.8,53.5,31.4,57.5,53.0,52.7,41.1,37.6,45.9,48.2,29.8,52.7,32.0,51.1,47.2,44.3,38.9,29.8,35.7,41.8,50.3,53.1,57.5,46.1
10-03,38.1,36.3,43.7,41.8,50.4,31.4,38.8,51.6,40.8,34.2,39.6,41.9,50.7,35.2,49.3,46.5,36.2,46.8,45.8,49.6,38.0,57.8,50.9,43.6,31.2,40.7,44.8,35.9,34.0,49.0,39.3,50.9,47.4,45.2,38.4,31.2,34.5,38.7,46.9,50.8,57.8,42.7
10-04,34.8,49.4,33.9,36.3,51.8,36.9,29.1,50.3,47.4,30.0,45.3,39.9,46.6,36.5,49.6,47.3,33.8,47.6,47.9,42.1,35.1,48.4,46.7,37.8,29.8,44.0,44.9,35.3,36.9,42.9,35.9,50.6,49.1,46.0,40.3,29.1,33.9,36.5,47.4,49.5,51.8,43.4
10-05,35.6,51.2,38.8,40.2,54.9,37.0,29.8,51.1,41.7,30.8,49.6,35.4,37.8,40.5,50.6,45.3,33.8,49.7,42.7,38.9,29.1,48.0,42.5,35.0,33.3,46.8,48.5,33.7,37.9,35.4,33.0,50.5,51.9,47.5,42.1,29.1,33.1,35.6,47.5,51.0,54.9,40.3
10-06,37.7,32.6,45.8,33.1,48.6,35.6,35.2,51.4,47.3,37.6,45.8,37.6,47.3,41.4,51.8,45.4,37.1,45.5,32.2,39.3,29.3,48.9,30.8,32.7,40.9,48.1,46.7,32.8,37.2,36.1,34.4,50.2,48.2,48.8,44.7,29.3,32.6,36.1,46.8,48.9,51.8,40.1
10-07,37.9,26.4,49.1,30.4,38.9,35.8,34.5,49.9,37.2,43.3,39.2,37.6,50.3,43.8,50.4,47.9,44.1,39.8,32.6,43.9,32.9,42.6,32.2,34.8,46.4,48.2,47.6,36.9,45.2,36.9,40.1,50.8,45.5,48.4,47.2,26.4,32.7,37.2,45.6,49.7,50.8,41.3
10-08,39.6,25.4,46.8,37.8,34.5,38.6,33.6,51.7,29.9,43.2,43.4,39.2,44.8,43.1,51.2,49.7,42.1,40.1,39.7,42.7,33.1,37.2,34.8,41.7,41.0,47.6,48.5,43.0,33.7,35.7,45.3,52.3,39.4,47.6,47.8,25.4,33.6,38.5,43.6,49.3,52.3,41.4
10-09,41.3,32.4,47.3,40.3,28.7,41.6,40.3,53.2,38.0,41.3,47.9,45.5,32.2,42.5,55.1,51.7,36.7,38.1,48.1,37.6,34.1,41.1,35.7,43.4,41.7,47.6,49.1,45.8,30.6,32.4,29.7,51.1,36.9,48.2,49.1,28.7,32.2,37.5,46.0,50.5,55.1,41.3
10-10,43.8,39.7,51.2,41.3,34.5,45.0,44.4,54.9,47.8,36.3,50.7,39.4,31.4,47.4,37.7,43.5,37.2,36.2,48.4,27.7,31.8,43.4,38.0,46.6,38.0,46.2,53.2,48.1,36.4,30.9,18.6,50.9,37.6,47.2,48.4,18.6,31.5,37.5,46.6,50.8,54.9,42.3
10-11,44.5,31.8,51.4,45.6,37.6,39.8,50.4,53.1,30.1,35.0,52.0,31.5,29.8,39.7,36.7,45.0,39.3,40.2,39.8,27.6,32.2,43.1,39.1,50.4,33.2,43.9,49.9,44.3,41.2,31.9,25.7,34.1,36.5,46.9,37.6,25.7,30.5,34.9,44.3,50.4,53.1,39.8
10-12,43.3,36.0,51.4,49.8,39.3,39.8,37.5,50.1,24.4,43.9,49.0,30.1,28.3,33.4,45.3,43.8,40.7,40.4,44.9,24.5,38.4,39.0,38.9,47.0,36.2,35.5,46.9,37.5,33.7,33.5,34.2,41.4,29.1,45.3,35.0,24.4,29.4,35.9,43.8,48.4,51.4,39.2
10-13,44.0,38.8,46.0,48.2,37.7,44.9,30.3,49.1,26.8,46.4,47.4,31.9,39.2,39.4,34.2,41.9,42.1,42.2,41.2,25.7,41.3,40.8,42.7,40.0,37.1,36.5,50.1,44.5,34.1,32.3,38.2,48.1,27.4,45.2,37.8,25.7,30.8,37.6,44.0,47.9,50.1,41.0
10-14,43.3,38.2,45.1,39.6,36.0,39.2,39.9,37.4,33.8,40.9,47.7,32.5,40.2,39.9,38.4,45.0,48.1,44.3,40.6,32.6,39.9,45.1,46.1,41.4,32.6,45.4,50.2,48.4,26.4,22.7,39.3,41.0,26.8,45.5,38.5,22.7,32.5,38.4,44.4,47.2,50.2,40.0
10-15,36.5,41.1,48.2,33.9,34.5,28.5,45.1,37.6,39.6,31.5,33.6,32.9,34.8,40.7,41.8,47.1,48.4,44.3,41.0,38.2,40.0,46.2,49.4,44.2,29.4,47.0,49.8,45.5,33.7,28.0,41.1,32.6,28.9,44.7,,28.0,30.0,34.4,44.4,47.9,49.8,40.3
10-16,33.2,34.4,51.6,39.3,34.3,30.9,44.9,26.5,43.7,28.5,23.8,34.6,43.7,40.8,46.3,48.3,45.0,37.4,41.1,39.7,40.2,46.2,45.1,41.2,31.2,38.5,49.0,37.5,40.8,35.1,45.4,39.2,35.4,42.1,,23.8,31.0,35.4,43.7,46.3,51.6,39.9
10-17,32.8,26.6,49.1,39.9,33.8,32.4,41.0,22.1,44.7,29.3,30.8,40.2,45.7,40.9,49.4,42.7,44.5,32.1,31.7,43.3,43.9,45.9,37.0,32.3,33.1,44.0,50.1,32.7,43.7,38.1,44.0,47.0,41.8,45.6,,22.1,31.1,33.1,44.0,46.7,50.1,41.0
10-18,34.8,37.0,40.2,42.7,34.2,32.4,41.9,35.2,41.9,32.4,32.6,42.1,34.7,40.2,52.2,32.0,47.6,31.0,30.8,44.6,49.1,43.4,36.7,36.0,32.6,46.0,48.6,31.4,42.8,38.7,31.4,47.1,40.3,48.5,,30.8,31.6,34.6,42.7,48.3,52.2,39.4
10-19,38.4,30.2,38.9,43.9,33.1,31.8,31.1,25.2,41.9,36.0,33.3,40.4,41.0,40.1,50.9,34.6,47.8,36.3,42.4,43.9,42.3,40.6,41.3,42.9,37.3,45.0,42.1,31.0,45.2,40.1,30.3,45.9,35.9,48.4,,25.2,31.0,36.0,42.3,45.7,50.9,40.3
10-20,40.2,23.5,36.5,46.3,33.1,35.1,38.9,19.2,40.6,37.2,38.1,41.7,41.0,40.1,51.3,36.0,42.5,35.6,32.5,44.9,36.1,43.0,39.7,47.5,38.5,47.8,39.0,30.8,36.5,42.7,27.0,45.6,35.6,46.2,,19.2,31.3,36.1,41.8,46.3,51.3,38.9
10-21,38.7,28.8,39.0,46.2,37.0,37.1,34.7,19.1,37.4,40.5,41.0,34.7,42.3,41.4,53.2,34.9,40.4,31.0,26.8,33.4,33.9,44.9,43.0,43.0,37.5,39.8,40.2,36.9,31.0,44.0,31.0,45.8,40.5,47.8,,19.1,31.0,34.9,41.0,45.5,53.2,38.8
10-22,38.1,31.8,43.5,39.6,40.1,33.6,24.3,26.6,37.6,39.6,41.6,30.6,39.7,37.8,53.6,32.6,43.5,32.9,31.9,28.9,36.4,41.9,41.4,39.2,40.7,34.9,39.9,42.3,41.3,45.0,36.0,28.7,42.4,37.0,,24.3,29.4,34.8,40.8,43.2,53.6,38.7
10-23,40.2,33.0,27.0,40.6,40.4,36.0,22.8,29.8,30.1,35.5,42.6,34.8,31.4,34.0,46.7,34.7,45.3,39.1,40.8,36.7,36.3,38.3,41.4,29.1,42.1,43.2,38.2,43.4,39.5,39.8,31.3,28.1,34.2,26.7,,22.8,28.4,33.9,40.2,43.0,46.7,36.5
10-24,41.6,38.5,22.1,47.8,42.0,37.3,26.7,29.9,23.1,38.3,44.0,36.6,24.9,32.6,35.8,28.5,47.6,41.9,46.1,38.0,36.4,38.1,44.2,25.6,42.9,47.0,41.0,43.4,39.4,39.8,27.3,35.7,36.7,26.5,,22.1,25.8,35.4,41.7,45.5,47.8,38.0
10-25,37.4,43.2,24.9,44.9,35.4,37.3,33.6,25.0,20.9,41.9,43.9,35.7,29.6,32.7,33.1,31.0,47.0,32.3,46.8,42.5,27.2,27.5,30.9,24.4,42.1,49.9,42.9,42.3,42.9,37.6,35.7,14.6,41.2,28.6,,14.6,24.9,31.0,42.1,44.6,49.9,35.7
10-26,29.0,43.2,33.4,42.2,29.3,40.0,36.7,24.4,26.2,43.1,45.2,37.2,37.2,35.2,38.7,35.8,44.2,29.0,43.4,40.1,33.6,25.7,25.2,23.5,40.4,36.1,41.2,43.4,39.5,40.3,33.1,15.6,31.1,24.5,,15.6,24.7,30.9,40.2,43.3,45.2,36.4
10-27,29.0,42.6,25.2,42.3,32.2,46.1,34.7,21.7,32.2,41.3,41.8,37.2,44.3,35.4,43.1,40.6,44.7,33.7,39.7,44.7,24.7,23.1,28.6,32.0,41.7,30.2,32.1,47.8,37.0,44.0,16.9,27.7,34.2,24.6,,16.9,24.6,31.8,41.7,44.6,47.8,35.0
10-28,25.0,45.7,15.9,38.9,33.1,35.3,37.6,26.3,33.8,36.5,35.2,35.3,44.0,30.5,46.3,33.1,38.5,39.0,43.4,46.3,23.1,28.4,31.2,38.5,38.0,31.1,35.0,46.0,40.2,45.6,12.9,34.7,38.2,27.2,,12.9,25.4,32.9,38.6,45.7,46.3,35.3
10-29,22.9,43.0,14.8,35.5,20.6,23.9,40.4,27.7,33.4,33.4,28.1,35.9,45.1,24.5,37.8,31.0,33.0,41.0,46.8,44.4,21.1,36.2,37.2,40.7,30.6,38.0,34.3,44.2,41.0,37.1,6.9,37.3,39.4,33.0,,6.9,21.7,31.0,38.2,43.8,46.8,35.7
10-30,23.4,41.7,9.6,32.0,25.1,24.3,38.8,29.0,39.3,32.0,31.6,34.1,44.6,19.4,21.4,32.2,30.6,30.3,40.4,44.4,29.9,37.0,36.8,40.3,29.4,43.3,32.8,47.4,30.6,28.2,6.3,40.8,41.6,32.7,,6.3,22.0,29.8,38.8,42.8,47.4,32.1
10-31,23.9,40.5,15.4,29.0,32.8,32.2,29.8,27.8,36.3,32.4,39.3,30.3,34.1,18.2,17.4,23.8,32.3,22.9,33.1,45.9,36.9,35.0,38.8,44.0,31.3,46.0,40.0,33.5,31.7,27.4,19.4,39.3,38.9,35.4,,15.4,20.4,29.7,36.4,40.3,46.0,32.6
11-01,19.7,28.8,17.9,31.3,25.9,37.4,14.0,27.7,28.2,31.6,30.9,25.1,34.1,13.3,23.0,18.4,42.0,25.2,33.7,46.3,39.0,33.2,26.5,41.4,33.3,42.0,42.7,32.3,41.3,35.6,22.2,39.2,37.0,41.1,,13.3,18.8,26.5,37.0,41.8,46.3,31.9
11-02,24.5,21.5,4.6,27.1,25.6,20.9,12.9,30.9,28.1,30.8,32.8,19.8,35.1,12.6,23.3,24.7,47.4,35.0,32.6,39.3,36.1,38.5,22.3,34.4,35.9,31.0,40.8,31.1,42.2,38.6,27.5,43.2,36.3,28.8,,4.6,20.2,25.5,35.1,40.4,47.4,31.0
11-03,29.8,19.9,9.6,18.9,33.4,14.8,18.8,32.7,34.6,27.2,37.8,21.4,36.5,16.6,24.6,33.1,31.3,37.1,34.9,35.6,38.1,39.6,27.8,36.0,24.8,27.2,35.5,35.4,37.6,32.6,33.4,45.7,35.2,21.3,,9.6,18.8,26.9,35.5,37.8,45.7,32.9
11-04,33.6,25.6,25.7,17.9,24.0,14.6,21.5,32.9,36.4,27.4,41.2,27.3,39.3,22.0,19.8,35.0,30.4,36.4,39.0,30.0,40.5,41.2,34.0,39.2,19.2,30.5,27.8,39.3,32.2,31.1,33.4,44.7,40.5,21.7,,14.6,20.3,27.1,36.4,40.5,44.7,31.6
11-05,30.8,25.1,33.1,25.4,18.6,26.5,30.2,20.4,36.0,30.0,42.1,21.2,42.6,27.2,17.2,35.2,27.8,37.6,39.5,21.5,44.3,43.5,20.8,39.6,19.9,35.9,25.3,40.5,28.7,29.4,34.1,42.7,38.7,29.2,,17.2,20.6,26.4,36.2,42.5,44.3,30.1
11-06,28.5,21.2,35.6,26.6,19.4,34.1,27.9,17.9,39.1,22.6,43.4,17.9,42.8,32.6,18.1,36.6,37.8,42.9,39.6,20.9,41.9,43.2,21.8,40.8,29.3,40.3,23.9,39.6,26.7,25.5,35.6,47.2,42.6,26.9,,17.9,19.8,26.4,39.6,42.9,47.2,33.3
11-07,29.8,18.0,32.1,31.2,22.5,29.0,30.9,25.7,37.2,23.7,43.7,12.9,33.0,35.9,21.3,39.5,37.7,47.9,40.2,30.9,35.1,39.9,21.4,41.6,36.8,39.8,23.5,39.0,19.2,21.1,33.8,40.9,33.4,35.0,,12.9,21.2,28.7,37.2,40.7,47.9,33.2
11-08,30.5,27.1,35.6,24.6,21.8,22.0,38.3,31.8,30.8,22.4,41.5,16.8,29.8,33.3,28.1,42.1,38.0,44.3,41.3,34.2,28.9,32.5,18.2,42.0,36.6,36.1,28.6,40.9,22.0,19.7,37.0,25.6,30.8,33.6,,16.8,21.8,28.0,36.2,41.4,44.3,31.3
11-09,36.0,34.6,35.2,17.2,26.7,27.5,29.8,33.2,24.8,18.1,32.3,17.3,32.1,30.1,30.7,38.3,38.1,31.5,42.5,35.7,31.5,22.9,20.8,28.6,35.2,42.5,32.3,42.8,31.6,22.2,38.8,20.1,32.9,27.5,,17.2,20.3,27.5,34.7,38.6,42.8,31.6
11-10,37.5,36.0,32.2,13.0,32.2,33.8,19.0,33.7,21.3,17.4,36.9,14.5,34.4,28.2,31.1,37.7,42.6,26.2,42.3,32.8,36.2,22.1,27.8,18.3,36.7,28.3,25.8,43.3,32.4,26.4,38.9,18.8,29.8,16.8,,13.0,17.7,26.1,34.5,38.5,43.3,31.7
11-11,36.0,36.9,28.4,16.3,32.1,35.2,31.7,35.2,21.5,21.9,40.5,10.7,35.6,26.2,30.6,32.9,40.4,29.5,34.4,30.6,42.2,21.6,31.4,15.1,38.4,17.3,24.7,41.0,29.3,18.7,29.7,20.9,32.8,13.2,,10.7,16.6,24.4,34.5,39.8,42.2,30.6
11-12,37.4,36.4,33.9,22.4,28.8,27.9,34.6,38.7,23.9,21.0,42.3,11.0,38.1,26.9,28.8,33.9,30.6,24.0,30.6,34.6,32.2,25.8,25.2,19.6,39.4,4.2,26.3,40.5,29.6,16.8,33.5,16.0,37.6,17.3,,4.2,17.0,25.1,34.0,38.5,42.3,29.2
11-13,33.6,37.8,33.6,28.3,22.1,16.3,38.3,39.0,22.2,27.9,40.2,12.4,37.1,30.8,30.4,31.5,28.2,29.8,34.3,36.0,16.7,25.2,27.0,27.6,38.2,12.3,27.2,38.3,36.4,25.2,36.0,24.8,39.3,16.9,,12.3,16.7,26.9,36.0,38.3,40.2,30.1
11-14,25.2,40.3,27.0,30.0,20.3,13.4,38.1,28.9,11.1,34.7,39.7,15.1,34.8,28.2,30.6,29.3,24.8,26.5,25.8,26.4,19.2,28.2,29.2,29.9,32.1,29.3,31.9,41.4,31.8,31.3,35.5,21.5,42.2,15.0,,11.1,16.4,26.3,31.8,39.2,42.2,29.3
11-15,23.3,29.4,24.1,32.5,19.8,19.0,35.7,21.9,10.7,33.9,41.9,14.0,34.7,23.4,29.2,28.0,15.9,21.9,34.3,30.8,15.5,32.0,25.8,28.1,27.7,10.6,32.1,43.3,34.1,31.4,39.8,28.4,44.5,14.2,,10.6,14.5,23.1,32.1,38.5,44.5,28.2
11-16,28.7,29.6,23.4,33.4,24.5,22.1,36.5,19.4,18.8,31.4,41.1,9.0,36.2,27.2,30.5,31.8,25.7,31.7,38.6,36.2,22.1,29.9,19.4,32.3,25.5,5.5,25.9,34.9,37.9,33.1,34.3,34.9,32.8,18.3,,5.5,19.0,25.4,33.2,36.5,41.1,30.2
11-17,28.2,34.4,26.9,31.7,28.8,14.2,34.8,23.1,25.2,32.4,36.0,9.5,36.7,29.6,27.0,32.9,27.1,34.6,39.1,39.5,30.3,24.5,32.2,35.2,25.2,10.9,21.9,21.6,26.9,26.1,34.8,38.3,19.2,19.6,,9.5,19.3,25.2,33.1,36.5,39.5,28.5
11-18,28.9,33.7,24.6,27.8,20.2,14.0,39.9,34.9,24.4,24.3,23.4,11.3,32.0,25.7,29.5,32.2,26.5,33.0,43.3,41.0,32.1,34.0,27.0,34.5,30.4,19.2,26.7,20.9,18.1,19.5,38.9,38.5,28.8,11.7,,11.3,18.5,24.4,32.3,38.8,43.3,28.3
11-19,32.6,32.3,22.0,24.1,11.9,9.7,33.6,43.6,27.4,21.4,26.9,16.1,27.1,28.7,33.6,24.9,28.0,31.3,41.8,38.6,26.1,37.0,15.3,33.7,33.2,25.7,30.0,31.5,21.8,24.4,39.0,28.9,33.4,12.7,,9.7,15.5,24.8,32.6,38.1,43.6,28.3
11-20,34.5,23.9,26.6,20.4,16.7,16.1,34.0,35.8,26.0,22.1,28.1,19.5,31.4,32.0,31.3,20.7,30.2,36.8,23.4,30.9,31.4,29.7,21.2,34.3,33.6,28.9,22.6,39.3,31.1,28.9,31.7,22.2,28.6,18.6,,16.1,19.8,23.3,31.4,34.5,39.3,28.9
11-21,32.6,19.8,22.1,16.5,29.1,8.5,35.4,36.7,24.0,34.2,20.7,25.7,32.6,35.1,18.5,19.9,32.8,38.6,14.9,27.0,24.0,22.1,27.8,35.9,21.5,28.7,16.6,34.3,37.8,32.5,24.5,20.4,24.7,21.4,,8.5,17.2,21.5,32.6,35.7,38.6,25.2
11-22,28.8,25.2,12.0,21.3,28.0,5.4,34.8,32.5,17.7,31.3,14.6,26.6,30.5,36.8,8.3,26.1,32.3,38.7,18.8,30.8,19.6,19.8,28.0,25.7,14.9,30.2,24.0,28.2,40.7,31.8,27.0,21.6,30.3,24.5,,5.4,14.7,21.6,30.3,34.1,40.7,26.8
11-23,32.8,26.9,11.8,17.0,12.3,14.4,34.6,26.6,24.2,33.9,9.2,24.1,23.2,34.1,9.3,26.0,31.3,29.2,22.1,27.8,18.6,16.9,29.8,30.0,21.3,22.8,29.6,27.0,41.9,29.2,25.6,25.1,31.4,24.7,,9.2,12.9,22.8,29.2,33.6,41.9,25.8
11-24,26.9,31.4,23.0,7.2,-0.2,23.5,38.9,24.4,27.8,28.2,15.5,21.1,18.0,26.4,15.8,27.0,29.4,21.3,23.9,27.6,19.7,-2.0,33.4,36.3,25.8,21.7,30.2,22.3,38.1,24.6,28.4,20.1,20.8,22.0,,-2.0,15.6,21.3,27.6,32.8,38.9,24.2
11-25,26.2,32.5,27.9,4.8,-5.0,26.2,42.8,26.1,28.1,27.1,26.6,19.5,22.4,17.7,16.2,32.8,31.9,25.3,30.3,32.5,26.3,1.0,25.6,31.8,27.9,28.9,28.3,25.6,36.2,17.7,22.6,22.8,23.8,28.6,,-5.0,16.7,23.7,28.3,32.5,42.8,26.2
11-26,25.8,21.9,30.2,8.8,2.2,13.9,27.0,14.2,26.6,32.6,34.2,24.9,18.0,21.9,19.6,22.5,24.4,26.6,27.2,34.9,31.1,15.6,16.6,25.3,29.8,35.4,12.4,30.0,42.8,19.0,11.5,17.4,33.3,26.7,,2.2,12.8,18.9,27.5,33.9,42.8,25.1
11-27,20.1,13.7,28.0,16.4,11.4,10.3,20.5,15.9,28.7,36.4,32.4,26.5,11.5,25.3,16.8,20.1,15.4,26.4,24.3,32.2,32.4,22.1,27.6,30.2,32.8,37.0,8.3,27.1,36.0,29.1,18.0,19.8,33.8,24.5,,8.3,12.1,19.6,28.8,33.5,37.0,24.9
11-28,14.6,13.6,17.5,18.3,23.3,12.5,27.0,23.2,25.9,35.2,31.3,20.3,10.6,29.7,22.8,15.5,13.0,11.9,17.7,29.6,29.3,19.6,33.9,35.7,32.3,40.2,12.1,22.8,27.2,30.1,24.1,22.9,35.5,20.8,,10.6,12.6,18.2,29.3,34.8,40.2,23.1
11-29,18.0,18.8,14.0,9.3,26.2,15.8,35.4,19.0,26.7,30.2,35.3,25.9,21.1,31.6,32.6,6.8,19.9,3.1,20.5,32.3,25.0,11.4,30.9,36.2,29.9,38.0,10.2,18.3,27.5,28.0,25.7,21.8,37.4,12.6,,3.1,10.6,18.8,30.0,35.4,38.0,25.3
11-30,21.8,22.6,2.6,14.9,25.7,27.2,39.8,12.6,23.0,35.1,36.5,21.0,17.4,32.6,34.7,11.5,18.1,10.8,25.8,35.1,26.6,12.0,27.7,36.1,30.6,26.4,11.7,18.6,27.7,27.4,15.5,26.2,32.7,20.6,,2.6,11.8,18.5,27.7,35.1,39.8,25.7
12-01,19.9,15.3,4.8,22.5,22.9,28.6,39.2,19.6,24.3,33.3,27.6,17.3,19.0,32.6,32.4,15.4,27.0,16.7,21.6,35.7,25.1,26.6,16.2,36.2,32.4,30.5,12.9,19.6,29.2,21.0,16.3,19.6,35.5,29.7,,4.8,15.7,19.6,29.3,34.8,39.2,23.6
12-02,22.9,13.2,16.7,26.9,21.6,28.6,27.1,12.0,19.4,34.8,17.9,20.7,30.1,28.7,29.3,14.1,24.1,9.5,20.8,33.3,10.8,33.1,15.6,34.2,33.8,33.2,19.8,15.2,31.6,18.6,28.7,15.3,37.5,12.4,,9.5,12.6,17.8,28.7,33.6,37.5,22.3
12-03,26.2,14.9,18.7,12.0,18.5,31.4,24.2,11.8,13.6,34.8,14.4,23.8,24.9,29.3,29.3,16.4,17.3,11.9,33.0,28.4,4.9,30.5,14.6,22.8,11.9,32.4,27.4,19.2,31.0,15.6,29.9,19.8,34.7,15.0,,4.9,11.9,15.6,28.5,32.1,34.8,21.3
12-04,30.9,24.2,22.2,1.0,21.3,30.2,28.7,10.0,17.8,21.2,9.6,25.4,18.9,31.6,29.0,20.7,10.7,21.2,38.0,19.9,14.1,31.0,13.2,30.0,-3.2,34.4,28.0,26.2,16.2,8.6,27.7,25.8,36.4,27.5,,-3.2,9.7,18.8,28.1,31.4,38.0,23.2
12-05,29.8,21.7,24.0,9.8,12.2,28.0,28.4,21.7,20.6,7.0,18.3,24.9,17.9,31.0,29.3,20.2,13.4,27.5,32.1,21.5,14.3,31.7,2.0,34.8,-3.9,33.5,22.2,10.1,14.0,16.3,30.7,29.5,33.7,22.3,,-3.9,9.9,17.8,28.5,32.0,34.8,21.9
12-06,27.5,14.9,32.0,10.0,17.1,23.3,26.6,19.6,26.5,8.2,22.8,23.5,25.6,27.7,33.7,21.5,9.0,26.9,30.2,31.2,2.4,28.8,8.7,31.9,-0.9,34.2,26.9,6.7,13.6,21.5,29.6,28.1,27.5,20.0,,-0.9,8.4,19.4,27.5,31.7,34.2,24.5
12-07,22.0,19.8,29.8,13.7,20.7,11.3,25.0,22.5,27.1,8.8,19.7,25.7,17.3,26.1,31.1,25.6,-4.1,29.2,27.6,32.6,0.9,28.0,17.7,24.9,4.2,34.0,33.8,3.8,17.8,24.5,30.8,28.0,30.6,14.6,,-4.1,5.6,17.8,27.6,31.0,34.0,24.7
12-08,29.4,25.1,19.4,23.9,30.4,7.4,17.7,32.4,23.5,15.3,11.0,25.8,15.2,25.2,23.1,29.3,1.9,31.6,19.9,23.8,2.0,28.0,20.5,17.2,0.0,31.4,36.8,9.2,23.5,25.9,31.2,29.8,30.9,15.3,,0.0,7.9,17.6,28.2,31.4,36.8,23.7
12-09,26.8,31.5,18.1,23.4,30.1,9.2,28.0,36.5,16.2,9.6,17.0,26.7,17.9,26.8,18.0,33.0,11.8,30.5,18.6,17.6,0.9,32.1,18.2,10.3,-1.8,33.1,36.9,29.1,24.7,19.1,25.2,32.0,23.0,17.1,,-1.8,9.8,17.9,28.1,32.7,36.9,23.2
12-10,17.4,32.5,16.0,29.3,27.9,10.6,33.2,31.8,7.1,11.6,17.0,19.4,12.8,27.6,21.6,36.5,16.1,29.8,18.6,24.8,2.5,28.6,19.2,19.4,10.3,33.6,30.5,31.0,26.8,23.8,22.5,25.0,14.8,21.6,,2.5,10.9,17.3,28.0,32.3,36.5,22.1
12-11,13.2,28.0,15.2,27.0,31.7,13.6,35.1,25.1,5.8,20.3,14.7,10.9,7.3,25.9,23.5,38.7,20.9,27.8,10.3,25.6,13.1,25.1,22.8,24.3,12.3,35.3,21.7,22.8,30.3,20.5,23.8,18.9,18.0,28.1,,5.8,11.3,17.7,25.6,31.3,38.7,22.8
12-12,15.7,20.6,22.1,18.4,21.6,18.2,33.8,29.5,13.0,24.2,22.9,14.4,6.8,28.8,22.7,38.2,22.0,29.4,13.1,29.0,25.0,34.4,22.2,26.2,19.2,38.5,20.9,19.7,32.5,21.7,29.9,12.9,26.2,22.8,,6.8,13.5,20.5,26.5,33.4,38.5,22.5
12-13,22.0,23.5,14.6,7.2,12.3,19.2,28.0,25.3,19.5,26.9,18.8,18.1,16.5,28.8,29.3,30.0,17.2,33.8,16.1,18.6,26.9,35.4,21.1,26.4,20.0,30.6,25.8,17.2,28.8,14.3,25.8,13.7,30.5,19.1,,7.2,14.4,18.6,26.9,30.3,35.4,21.6
12-14,25.2,8.6,16.7,11.5,18.9,11.2,23.9,13.0,25.9,27.4,8.8,23.0,23.8,33.4,27.8,32.0,8.4,36.3,11.8,11.7,21.6,32.1,19.7,26.2,22.0,23.4,22.8,25.9,23.0,20.9,21.6,19.3,32.1,18.2,,8.4,11.3,18.8,25.2,32.0,36.3,22.4
12-15,22.7,5.6,20.3,9.8,20.8,14.1,22.8,10.0,24.9,22.8,14.8,18.6,7.4,28.4,14.4,29.0,9.2,31.7,14.5,9.8,23.8,17.0,16.3,22.5,26.8,20.1,16.7,35.7,27.9,26.9,10.6,16.4,14.2,13.9,,5.6,9.8,14.4,22.8,28.2,35.7,17.8
12-16,18.6,10.2,26.8,3.2,17.6,21.5,24.2,11.7,23.9,23.7,26.0,16.1,9.9,26.2,15.3,22.8,12.2,14.1,22.7,13.2,29.9,8.2,16.7,21.7,29.2,24.4,16.4,26.0,24.5,27.4,9.9,22.6,18.0,7.8,,3.2,9.9,15.1,23.9,26.6,29.9,20.0
12-17,18.9,11.3,23.2,13.1,13.6,28.9,18.8,-5.9,28.6,30.2,27.2,17.0,22.7,25.9,21.3,23.4,12.5,13.7,23.7,9.5,29.5,11.0,23.7,25.4,29.9,23.7,13.6,2.2,18.3,30.3,9.0,25.7,17.7,9.6,,-5.9,9.5,13.6,23.9,29.3,30.3,20.1
12-18,12.5,19.0,24.3,8.7,10.1,25.9,13.9,0.7,23.5,13.9,25.1,10.4,19.8,19.4,23.4,24.3,13.3,9.9,27.1,11.3,22.2,24.9,25.8,13.1,34.7,23.9,26.0,-0.4,24.9,31.2,17.6,23.2,15.3,13.0,,-0.4,9.9,13.3,24.3,25.9,34.7,19.6
12-19,18.7,11.2,21.2,3.4,10.0,20.2,10.6,11.5,10.0,-0.8,20.8,16.4,24.4,16.3,28.5,28.8,27.1,11.5,28.9,13.4,23.2,32.7,20.9,4.6,25.9,27.5,29.0,12.0,29.8,27.1,20.6,23.1,22.0,16.7,,-0.8,10.0,13.2,24.6,28.9,32.7,20.7
12-20,24.3,-11.5,10.7,10.4,9.0,20.1,9.4,20.3,11.3,-8.3,21.8,14.5,21.7,18.4,32.0,23.4,33.8,13.7,27.4,8.0,29.3,23.5,19.9,9.8,14.2,29.2,25.8,27.3,26.3,25.8,23.8,28.5,26.2,23.8,,-11.5,9.2,14.1,25.8,29.0,33.8,21.8
12-21,25.9,-22.3,15.9,19.0,11.1,25.5,8.1,23.3,15.6,-10.8,19.7,22.0,17.2,21.7,28.4,13.2,34.5,19.3,13.4,16.7,27.7,24.1,18.4,17.3,18.7,31.6,25.6,20.2,13.4,28.9,26.2,34.1,24.9,22.0,,-22.3,11.7,17.1,24.9,28.7,34.5,19.9
12-22,23.6,-21.4,19.0,17.4,9.0,26.5,8.3,20.2,10.8,-5.7,18.8,25.7,14.4,20.0,19.4,11.2,36.6,23.2,10.4,22.6,25.8,27.7,10.2,21.9,24.0,25.3,22.9,15.7,17.5,14.2,29.8,23.8,28.5,0.7,,-21.4,8.5,14.3,23.6,27.3,36.6,19.7
12-23,25.1,-14.5,19.9,20.8,8.1,28.0,9.8,17.1,9.1,-3.4,19.4,23.6,10.3,12.2,18.7,5.6,32.5,20.6,20.6,13.9,17.3,28.8,14.2,24.5,29.8,15.1,16.6,21.6,18.4,20.4,29.3,10.2,31.2,19.5,,-14.5,8.4,14.2,20.9,29.1,32.5,19.1
12-24,23.4,-0.7,21.3,16.7,12.3,29.6,13.7,20.5,9.8,9.2,23.9,23.3,9.7,10.9,27.5,16.2,30.0,20.6,24.4,15.0,9.9,20.5,20.0,22.0,21.8,24.9,15.1,28.0,12.9,25.2,29.6,15.2,27.6,29.2,,-0.7,9.8,15.1,24.0,28.8,30.0,20.6
12-25,22.9,2.7,21.2,11.8,21.9,31.1,16.1,24.4,6.5,20.2,26.6,15.7,11.1,12.3,29.1,22.5,32.2,27.4,10.5,23.6,13.0,19.2,25.4,13.4,16.0,20.9,11.6,15.2,26.0,26.0,23.0,22.8,24.2,33.1,,2.7,11.2,15.7,24.2,28.6,33.1,21.6
12-26,24.2,5.0,22.1,22.2,27.7,28.1,15.7,30.1,6.4,24.6,25.0,16.4,14.9,18.4,21.4,29.2,31.2,35.2,9.7,7.8,11.6,21.3,25.9,16.9,22.0,11.6,4.2,9.4,23.0,16.3,17.8,27.2,18.0,34.4,,4.2,8.3,16.3,24.7,29.8,35.2,21.3
12-27,25.8,12.4,22.9,22.6,25.5,28.3,13.2,28.0,11.4,23.5,24.7,22.0,15.9,29.8,11.3,31.6,29.1,32.0,5.8,10.3,13.4,20.4,26.1,15.5,26.2,10.4,5.0,15.6,28.7,13.2,14.1,19.8,16.2,32.2,,5.0,10.7,14.0,25.9,29.6,32.2,21.2
12-28,25.4,12.7,22.2,23.8,19.0,28.3,20.8,27.4,15.6,28.5,25.2,17.8,22.1,32.6,13.7,31.6,34.9,24.4,10.4,25.6,14.2,18.9,31.5,13.4,23.1,14.9,9.1,17.8,30.8,8.7,7.7,13.6,6.7,22.9,,6.7,9.5,14.9,25.2,31.3,34.9,21.5
12-29,20.0,-7.3,20.9,27.0,13.0,19.5,21.3,32.3,26.7,31.4,22.7,17.2,19.3,25.8,20.4,31.0,25.4,22.2,17.6,32.9,17.3,22.3,32.9,9.8,16.2,7.0,7.6,18.0,38.2,13.1,10.2,11.5,13.4,18.0,,-7.3,9.9,17.1,23.0,32.0,38.2,19.8
12-30,21.2,-1.9,16.9,14.9,20.4,5.4,25.9,32.3,26.5,31.3,20.3,21.5,21.1,23.4,24.5,27.9,26.5,17.2,18.4,25.8,18.9,7.9,36.3,11.7,23.1,-6.2,7.9,26.1,33.7,19.6,12.9,16.0,20.6,24.6,,-6.2,7.9,17.2,24.7,30.3,36.3,20.8
12-31,22.6,15.8,18.6,9.4,21.6,-1.9,25.3,34.5,25.3,27.7,22.7,18.4,24.1,26.4,25.2,27.9,34.0,19.2,9.1,25.1,18.7,-2.5,16.2,5.6,29.2,0.1,-0.0,17.6,17.1,6.3,14.4,22.0,13.0,29.4,,-2.5,1.8,15.7,25.1,28.8,34.5,19.0
01-01,26.1,20.8,12.9,17.6,23.8,2.8,16.9,36.5,29.9,22.0,19.7,19.5,18.0,22.5,25.7,21.6,25.9,18.5,8.4,29.8,27.0,0.1,21.4,9.3,23.7,11.4,3.2,18.9,23.2,1.2,24.2,16.2,2.1,25.5,,0.1,3.0,16.8,23.7,26.7,36.5,20.2
01-02,19.9,18.6,15.8,13.3,24.7,9.1,13.0,34.9,31.4,14.7,13.8,18.2,17.4,24.7,14.9,23.2,30.3,24.6,18.2,30.5,26.4,12.3,31.2,6.6,23.9,16.4,10.4,14.1,19.0,9.0,23.0,20.2,8.8,22.9,,6.6,9.5,14.7,23.3,30.4,34.9,18.4
01-03,12.6,18.0,20.1,2.0,28.2,5.8,26.1,25.4,27.5,10.0,11.5,23.9,24.2,32.1,11.4,24.8,28.4,30.6,23.3,4.6,22.8,11.2,33.5,10.2,27.1,19.5,20.8,16.4,25.7,17.5,25.9,25.6,18.6,19.2,,2.0,10.0,17.4,25.6,28.3,33.5,21.8
01-04,16.5,17.8,22.2,4.2,31.5,6.8,19.8,12.2,25.2,18.4,19.0,26.6,17.0,32.8,10.5,23.7,24.5,24.7,30.1,-1.6,22.5,11.6,31.2,14.4,15.2,25.1,24.3,20.8,29.1,23.8,24.2,27.2,23.2,19.5,,-1.6,10.8,17.7,24.5,29.8,32.8,22.3
01-05,19.4,14.8,22.3,9.4,22.7,16.0,12.0,5.4,14.9,26.4,16.1,28.3,18.5,29.2,4.6,17.3,21.0,14.5,23.9,12.1,28.7,16.9,34.1,16.5,8.5,31.6,27.4,-1.6,32.1,25.9,19.6,22.1,27.0,24.0,,-1.6,8.7,15.9,24.2,29.1,34.1,19.5
01-06,19.6,17.6,23.0,14.4,17.1,20.2,16.0,4.7,8.6,30.0,11.6,23.7,26.6,25.4,11.1,16.0,28.4,13.1,18.9,23.2,23.7,20.5,27.2,20.2,14.4,33.1,27.8,-2.2,30.0,25.5,22.6,19.0,31.8,27.2,,-2.2,11.3,17.0,25.4,29.5,33.1,20.3
01-07,25.4,21.3,21.4,18.6,12.9,25.5,27.1,12.8,16.7,27.0,17.2,15.5,32.9,26.2,21.7,17.3,30.5,16.0,12.2,31.0,7.3,24.8,21.0,21.4,22.3,33.1,25.1,11.2,25.9,21.7,27.9,23.7,31.7,24.8,,7.3,12.8,18.5,25.5,30.8,33.1,22.0
01-08,30.9,17.5,15.0,19.7,21.1,28.4,29.7,19.6,21.2,20.0,18.0,19.6,33.1,27.6,28.4,27.2,22.0,28.5,18.1,32.1,14.7,23.4,19.8,26.8,25.0,32.2,21.5,31.3,29.8,24.2,24.5,21.7,19.3,22.5,,14.7,18.1,20.0,27.7,31.2,33.1,22.9
01-09,34.7,14.7,13.0,9.5,22.6,32.1,31.9,23.2,17.6,24.6,19.8,22.6,27.7,21.8,26.9,30.0,15.8,29.3,19.7,21.7,24.9,6.0,24.0,28.1,22.7,25.9,19.3,30.5,34.6,27.1,20.2,16.6,13.3,25.4,,6.0,13.7,19.8,26.9,31.5,34.7,22.9
01-10,35.1,19.1,22.4,11.8,21.1,31.6,24.4,25.3,25.3,30.0,23.0,21.2,18.1,25.2,26.6,31.3,24.7,30.3,17.8,20.0,27.0,5.6,25.3,25.5,24.4,28.8,13.9,27.0,27.0,28.5,11.1,12.5,18.5,31.0,,5.6,12.9,21.0,27.0,30.8,35.1,25.0
01-11,33.2,23.0,18.5,12.6,19.3,25.7,20.5,14.9,26.7,31.5,28.5,20.3,24.7,28.2,25.6,27.2,29.8,15.6,25.4,26.4,25.7,6.4,12.6,9.3,31.8,31.4,10.4,26.8,25.2,24.8,19.7,17.9,19.9,24.1,,6.4,12.6,19.7,26.5,30.9,33.2,24.7
01-12,29.4,27.4,9.4,5.4,22.8,22.2,26.5,-9.4,23.0,24.6,18.0,21.9,27.4,29.6,24.7,16.5,19.4,2.8,23.0,29.4,28.4,20.4,13.0,-1.2,22.0,30.2,17.5,17.5,29.7,17.5,18.7,26.3,26.2,24.1,,-9.4,6.6,18.0,26.2,29.4,30.2,22.5
01-13,31.1,29.0,11.3,10.7,27.9,28.2,28.0,-0.2,24.0,21.9,22.1,18.0,16.6,32.4,25.1,18.5,23.0,-2.0,21.7,28.8,28.6,29.1,20.8,-6.9,26.9,22.1,24.0,20.1,27.7,17.6,19.1,28.9,30.8,28.8,,-6.9,10.9,20.0,28.1,29.1,32.4,23.5
01-14,29.8,24.7,16.7,24.9,30.2,32.9,26.3,9.9,20.3,25.3,30.7,15.8,12.6,33.2,25.4,19.1,29.1,-2.5,19.1,24.8,26.0,31.1,31.0,-4.5,24.5,18.1,20.7,20.4,25.2,16.7,21.0,19.1,24.2,29.1,,-4.5,13.6,19.1,26.1,30.9,33.2,24.6
01-15,24.1,25.2,11.8,23.6,27.5,25.7,31.5,11.5,22.9,28.7,31.1,9.7,12.3,24.0,24.9,21.5,22.6,3.1,13.5,25.1,22.7,32.1,32.8,8.3,23.1,23.5,19.9,14.7,25.5,20.0,17.1,25.5,22.4,27.2,,3.1,11.6,20.0,25.3,30.4,32.8,23.3
01-16,22.6,19.1,19.6,24.6,20.5,19.8,28.6,12.1,18.6,23.8,33.4,5.4,6.7,23.1,20.7,29.7,13.0,10.2,1.4,26.3,28.5,33.3,10.8,13.6,22.3,28.6,23.4,11.7,22.0,27.2,20.6,25.2,24.5,23.3,,1.4,10.4,19.0,24.5,28.6,33.4,22.1
01-17,21.3,22.0,17.3,16.1,24.2,16.9,15.1,15.7,27.9,21.6,33.0,4.9,8.8,21.0,20.8,29.4,22.0,12.5,7.4,25.6,28.1,33.1,9.1,20.3,24.4,25.0,26.9,16.3,28.8,30.0,18.6,27.9,26.4,22.6,,4.9,10.1,17.3,25.7,29.2,33.1,21.8
01-18,18.5,24.9,11.1,19.3,28.3,18.7,6.4,24.8,25.4,29.3,33.1,10.8,9.5,22.6,20.3,32.6,26.3,7.2,13.3,28.0,28.7,28.4,23.8,22.1,25.2,35.4,28.9,21.1,33.8,24.8,16.7,20.7,25.8,15.5,,6.4,10.9,19.2,26.5,31.6,35.4,24.3
01-19,13.7,15.8,16.8,20.4,28.2,19.8,19.0,25.9,23.7,27.4,28.9,16.9,11.8,28.0,21.6,36.4,18.6,16.0,18.1,30.7,25.5,21.3,31.5,22.2,26.9,28.7,22.6,25.0,30.6,26.5,20.5,15.7,22.8,16.2,,11.8,15.9,18.9,26.6,30.1,36.4,22.4
01-20,8.1,2.9,19.5,24.3,27.6,14.8,19.5,25.7,19.1,26.1,30.2,15.3,14.4,32.1,16.9,34.7,18.8,18.5,21.1,31.9,22.6,13.7,31.1,21.9,26.1,17.2,23.9,22.6,19.9,32.6,25.2,21.9,19.8,15.8,,2.9,14.5,18.8,25.3,31.7,34.7,21.5
01-21,17.8,6.2,18.3,26.0,28.0,10.4,19.5,21.4,15.0,21.9,26.5,17.3,25.3,34.1,14.1,31.4,18.5,14.0,12.5,30.8,24.9,25.0,30.3,24.5,24.8,11.1,20.4,23.2,14.2,24.0,28.5,26.2,22.9,10.5,,6.2,11.5,17.8,25.1,29.8,34.1,22.4
01-22,24.0,9.4,14.4,21.9,27.9,8.6,8.7,21.9,17.5,20.9,21.2,24.4,12.0,32.5,14.8,29.5,11.9,14.3,6.4,32.6,25.7,22.5,19.4,27.1,26.2,17.4,25.6,22.1,16.6,12.5,26.8,28.9,16.8,10.9,,6.4,9.8,14.8,24.5,28.6,32.6,21.1
01-23,23.1,14.6,24.1,9.6,29.6,11.4,10.7,13.4,23.9,24.1,19.3,21.7,9.5,32.3,21.7,31.1,17.6,20.5,8.7,32.6,21.8,18.1,23.1,32.1,19.3,20.7,27.3,23.5,20.5,18.2,29.1,25.2,21.2,15.5,,8.7,10.9,18.2,23.9,30.7,32.6,21.4
01-24,15.8,13.9,29.7,15.8,28.3,18.2,14.6,13.3,28.0,15.9,27.4,19.5,14.0,30.5,24.7,30.2,22.3,26.7,14.7,32.0,19.4,20.6,17.8,32.4,23.3,25.9,25.0,17.5,23.7,24.1,29.2,17.8,22.4,14.7,,13.3,14.6,17.7,26.0,30.1,32.4,22.4
01-25,21.1,8.0,29.2,21.1,25.5,24.5,10.0,23.4,25.0,17.1,29.3,18.4,23.8,33.0,14.1,28.4,25.9,28.9,20.3,28.3,20.1,25.7,27.4,32.6,27.3,33.1,17.9,11.9,24.3,24.0,30.0,15.2,17.4,14.8,,8.0,14.3,19.9,27.3,29.8,33.1,24.2
01-26,21.6,16.5,24.3,21.0,21.1,27.4,9.2,30.1,24.8,20.6,23.0,12.6,31.8,34.3,14.9,29.8,27.0,26.6,24.9,9.3,24.5,21.8,29.0,34.4,25.5,35.8,17.4,10.4,20.2,23.8,32.1,16.2,13.6,19.0,,9.2,12.9,20.1,26.6,32.0,35.8,23.4
01-27,15.4,16.6,24.9,20.4,21.6,23.6,15.1,20.1,25.0,11.1,11.2,16.5,25.8,36.3,20.0,31.3,23.5,17.3,26.8,3.8,25.7,24.1,15.8,26.4,22.6,36.1,22.6,8.0,22.6,26.4,26.4,19.8,12.7,23.7,,3.8,11.7,17.3,24.9,26.7,36.3,22.6
01-28,21.7,13.2,27.5,18.8,15.6,19.4,15.7,23.1,25.9,8.4,8.6,15.5,12.6,29.7,26.7,31.3,21.3,18.1,18.6,17.2,20.8,28.1,13.7,14.6,17.6,33.0,27.1,14.4,30.7,20.3,27.1,29.3,16.9,21.3,,8.4,13.4,16.8,26.0,29.6,33.0,19.9
01-29,22.1,-2.2,24.5,11.4,14.6,13.8,17.5,21.2,23.9,14.0,10.9,13.8,-2.2,28.4,29.1,30.6,23.4,21.7,12.0,19.4,20.5,27.7,21.7,15.9,28.3,28.5,30.7,22.6,31.9,17.4,25.1,30.1,22.6,11.8,,-2.2,11.5,15.7,24.5,29.8,31.9,21.7
01-30,25.0,11.3,27.9,13.0,3.9,25.7,12.0,22.4,24.4,17.6,10.3,8.2,-1.3,34.7,27.4,26.5,30.1,23.1,13.2,22.7,22.2,27.8,24.7,24.0,25.4,29.7,22.7,26.5,37.2,18.0,21.7,22.8,22.9,-6.4,,-6.4,8.8,17.9,25.4,29.1,37.2,22.9
01-31,21.1,22.9,29.8,20.4,1.6,32.4,7.7,31.8,19.1,20.6,16.0,11.2,7.0,39.3,15.5,21.6,26.3,13.7,15.4,23.5,24.7,16.9,20.2,27.0,15.9,26.4,15.2,29.1,30.1,23.7,22.9,18.2,19.9,2.5,,1.6,8.7,16.0,23.8,30.0,39.3,20.5
02-01,20.8,26.0,26.7,22.0,6.0,36.5,-2.1,29.4,16.9,17.3,18.5,17.8,9.8,39.1,13.5,21.8,25.6,10.6,18.0,17.8,21.4,-8.8,24.7,26.9,15.2,25.5,13.5,31.0,29.5,26.5,30.6,25.1,8.0,14.8,,-8.8,8.5,16.7,25.6,30.2,39.1,21.1
02-02,19.9,26.9,23.8,17.4,9.6,32.0,-2.7,22.0,25.5,16.5,27.5,23.0,10.1,24.4,18.2,22.7,25.4,12.1,14.3,21.1,21.7,-4.0,24.9,23.0,15.3,32.8,8.9,28.3,33.9,31.8,33.1,31.9,4.2,19.4,,-4.0,9.1,17.3,25.4,32.0,33.9,22.3
02-03,21.6,27.6,21.0,16.1,10.7,28.0,3.0,15.4,28.8,23.2,29.3,26.3,11.0,17.4,21.2,27.5,26.7,24.8,21.5,25.7,23.5,14.0,19.8,22.3,16.2,34.6,12.4,31.4,35.5,30.1,12.4,25.1,8.4,25.0,,3.0,11.4,17.3,26.3,29.8,35.5,22.8
02-04,24.4,26.8,19.1,18.5,14.4,31.6,18.1,14.4,31.1,27.7,19.7,30.0,12.1,18.0,22.6,29.5,26.8,31.0,15.3,26.9,22.6,26.2,16.2,25.1,7.5,33.3,16.2,31.9,35.3,29.5,4.2,19.4,14.8,25.0,,4.2,14.4,18.1,27.0,31.5,35.3,23.5
02-05,18.5,29.8,19.8,18.2,13.8,31.6,29.5,12.6,27.1,24.4,25.6,28.2,13.0,9.2,20.3,24.3,19.0,36.0,11.7,30.2,26.7,24.9,17.2,29.7,6.6,35.0,22.0,32.9,32.1,22.5,13.6,23.0,21.8,25.4,,6.6,12.7,19.0,27.2,31.9,36.0,23.6
02-06,23.0,29.4,22.1,21.7,22.1,30.6,30.8,7.4,24.3,25.7,27.7,20.7,17.2,7.1,16.0,19.6,15.6,38.3,15.3,27.8,27.7,18.4,15.9,23.0,13.8,39.6,25.0,31.9,26.9,13.3,27.0,25.6,19.7,24.2,,7.1,14.3,19.5,26.9,30.7,39.6,23.0
02-07,15.7,28.0,23.6,22.8,27.0,31.7,34.2,6.7,28.0,29.8,27.9,13.3,24.9,5.5,19.9,20.7,21.7,35.5,20.5,23.9,20.8,25.1,15.2,19.5,22.8,41.5,26.8,31.7,30.6,5.3,31.6,26.9,24.6,22.3,,5.3,13.8,20.8,27.9,31.7,41.5,24.2
02-08,14.0,26.0,26.9,18.2,19.2,29.8,34.6,9.4,26.8,21.9,32.1,-1.3,19.8,10.1,18.6,17.2,25.2,33.8,20.9,28.9,14.8,9.3,25.1,23.8,29.4,36.5,27.5,33.6,36.4,7.1,25.7,26.4,27.1,18.4,,-1.3,9.6,18.6,27.1,33.7,36.5,25.2
02-09,23.4,25.2,28.0,25.0,14.0,26.0,37.1,13.8,22.7,30.6,32.7,4.3,12.8,15.2,16.5,20.0,24.9,33.0,28.8,26.3,16.0,7.2,28.1,21.1,30.5,34.2,30.4,39.4,34.6,12.9,15.5,29.0,27.3,11.5,,4.3,12.8,16.4,28.8,33.9,39.4,25.1
02-10,29.9,26.6,28.9,26.1,22.5,23.2,27.8,20.3,19.0,9.5,29.0,12.9,15.0,21.2,12.4,23.5,8.3,35.1,30.4,17.0,21.2,16.2,29.2,16.8,26.3,30.3,30.4,34.6,20.3,18.7,14.6,28.5,31.0,19.7,,8.3,13.4,19.0,28.5,30.4,35.1,22.8
02-11,31.5,28.9,29.1,25.2,14.4,14.1,25.3,23.6,20.3,3.5,28.4,16.0,24.5,21.7,10.4,25.6,11.9,34.7,28.3,15.9,24.6,19.6,29.4,10.2,26.4,29.5,33.0,24.8,21.0,10.6,13.9,28.6,29.1,23.9,,3.5,11.0,19.2,28.3,29.5,34.7,24.5
02-12,23.1,30.2,28.8,20.5,6.5,9.1,28.4,20.4,20.6,15.5,27.8,18.5,14.0,27.1,6.9,29.3,20.5,27.1,28.4,13.6,28.0,28.1,28.6,17.1,30.1,33.7,34.4,18.1,25.2,18.7,22.6,28.9,24.0,23.7,,6.5,13.7,20.2,28.1,29.9,34.4,23.8
02-13,12.1,27.8,29.0,17.2,15.8,18.1,30.1,15.6,25.1,25.3,24.3,20.8,18.4,31.5,13.9,31.0,21.7,23.9,24.3,14.6,25.4,32.8,24.7,23.4,33.0,35.3,32.5,22.9,22.5,26.4,22.5,26.7,28.0,24.7,,12.1,15.6,22.4,26.8,32.2,35.3,24.5
02-14,9.4,32.0,26.4,11.2,20.4,15.5,30.6,21.5,23.6,26.3,31.1,13.1,17.9,32.8,19.6,27.2,23.9,22.8,17.1,18.3,21.0,30.6,21.5,24.1,31.0,38.4,30.6,25.8,26.0,32.9,24.6,10.9,31.7,14.3,,9.4,13.5,20.3,27.6,32.0,38.4,24.0
02-15,7.1,35.0,25.6,3.0,24.7,14.3,28.0,29.0,27.6,19.6,22.6,14.0,15.1,31.4,20.4,12.8,15.0,28.4,16.5,16.4,28.0,33.3,21.9,23.1,38.0,32.5,34.8,29.4,18.7,26.1,20.4,21.3,29.0,7.3,,3.0,13.1,18.5,28.1,33.0,38.0,22.9
02-16,14.8,31.7,22.5,-2.1,29.1,23.1,29.6,27.4,24.5,21.1,23.6,20.7,24.2,27.1,24.7,10.9,5.3,32.3,21.2,23.9,25.1,30.1,16.2,24.7,29.1,23.4,35.3,32.8,17.7,18.1,27.0,23.5,20.5,9.2,,-2.1,12.1,21.1,27.0,31.2,35.3,23.8
02-17,17.2,22.3,21.1,9.9,31.0,28.6,33.2,29.3,22.5,24.3,24.5,22.4,28.5,25.8,35.9,14.2,5.2,27.2,20.7,25.7,26.9,17.8,20.8,20.8,29.8,22.6,37.2,29.7,30.2,15.1,16.0,16.8,18.4,16.5,,5.2,15.4,20.4,27.4,30.8,37.2,22.5
02-18,16.0,18.1,21.9,26.9,20.4,30.6,31.1,22.4,20.8,20.7,18.0,27.0,26.1,23.7,37.1,24.3,2.7,30.4,20.7,23.8,22.7,22.5,24.0,18.4,29.5,29.5,31.8,33.9,25.6,9.2,9.4,13.8,25.3,19.4,,2.7,14.5,20.6,26.1,30.9,37.1,23.2
02-19,16.9,23.3,28.4,31.0,14.4,32.5,28.2,24.1,19.3,20.9,17.2,27.5,25.2,21.2,27.0,29.3,9.3,23.8,26.1,22.5,17.3,25.9,17.6,22.1,24.0,36.2,30.3,31.9,12.8,7.6,6.0,23.0,27.5,22.7,,6.0,13.3,20.7,27.1,30.8,36.2,23.5
02-20,21.8,31.3,31.5,20.6,13.2,34.0,29.7,16.6,21.9,16.3,23.7,25.7,24.1,25.0,18.9,28.8,9.0,24.8,26.9,23.3,13.4,22.4,16.0,24.5,18.6,30.2,26.4,32.6,2.7,11.9,10.5,23.7,32.3,28.9,,2.7,12.3,18.9,26.5,31.4,34.0,23.7
02-21,26.0,31.6,31.0,14.3,15.8,34.2,28.8,11.0,27.6,19.5,31.6,24.5,21.0,29.0,21.4,30.7,14.9,33.1,24.0,24.7,10.7,17.6,27.9,18.6,25.7,23.1,25.8,34.1,5.2,10.0,21.0,20.0,18.2,26.6,,5.2,12.0,19.4,27.6,31.6,34.2,24.3
02-22,27.8,32.9,30.2,15.1,12.9,31.7,19.4,9.8,24.5,18.6,29.2,27.6,32.0,23.2,26.3,26.9,22.2,37.6,26.1,31.1,10.4,19.8,33.1,19.0,24.8,11.9,24.1,25.5,9.5,10.0,26.0,26.3,5.6,9.6,,5.6,9.9,19.0,26.9,32.0,37.6,24.7
02-23,28.8,25.8,23.2,18.8,15.1,33.3,17.6,10.1,21.2,26.6,25.3,25.1,33.4,17.0,28.2,24.3,27.7,24.4,25.9,34.4,16.6,16.7,19.3,19.2,30.9,10.9,19.1,19.3,11.6,12.8,28.3,24.6,2.2,7.4,,2.2,11.1,17.5,25.8,30.3,34.4,22.2
02-24,28.0,21.7,23.8,20.0,27.4,35.0,24.4,7.1,24.8,31.7,23.8,19.7,24.5,8.5,27.2,25.4,28.7,19.2,29.1,32.9,24.6,18.6,19.5,14.1,35.6,26.5,22.9,12.5,11.2,23.4,18.1,15.7,5.5,14.2,,5.5,11.6,19.1,25.5,30.9,35.6,23.6
02-25,29.4,20.3,27.7,11.2,32.2,35.2,15.6,16.6,15.3,29.0,16.3,21.2,4.8,17.5,28.5,26.0,28.0,22.5,29.7,31.0,24.7,22.2,18.9,15.7,34.7,27.7,28.5,10.7,14.8,30.4,13.8,14.3,5.1,25.5,,4.8,11.9,16.2,28.0,30.8,35.2,22.4
02-26,29.3,21.1,27.5,7.2,32.4,33.2,11.1,22.0,14.6,18.5,19.5,18.0,7.6,19.1,29.3,25.3,32.8,22.0,26.2,25.7,23.1,18.3,14.4,15.5,31.7,21.1,32.5,14.5,22.0,32.4,20.4,18.2,8.2,25.7,,7.2,12.1,18.3,25.7,32.4,33.2,21.5
02-27,27.3,24.0,31.2,12.7,30.1,29.3,3.6,19.8,10.8,22.1,31.3,12.3,13.2,20.3,26.1,24.6,39.7,18.5,28.5,12.3,29.6,13.8,21.7,12.5,33.1,19.5,33.7,17.0,22.8,30.5,26.1,14.3,20.2,24.1,,3.6,12.4,18.4,27.4,31.3,39.7,22.5
02-28,24.0,26.2,33.5,19.9,28.5,23.0,3.2,11.7,10.2,34.0,28.4,14.7,15.0,19.6,26.7,27.8,35.4,15.3,29.9,19.7,29.3,22.2,21.3,20.6,32.8,22.0,31.3,13.2,15.3,31.0,28.7,14.2,28.9,17.8,,3.2,13.5,19.4,28.6,32.4,35.4,22.6
02-29,,,35.1,,,,10.7,,,,26.2,,,,24.4,,,,30.9,,,,19.3,,,,30.2,,,,32.6,,,,,3.2,13.5,19.4,28.6,32.4,35.4,22.6
03-01,26.8,30.8,36.6,17.6,32.0,20.1,18.8,15.5,18.4,29.3,29.2,16.3,4.3,20.1,21.0,27.7,27.2,16.8,29.9,33.8,26.8,25.7,14.4,30.6,31.6,21.7,33.1,20.7,23.5,23.4,23.5,20.6,36.4,18.7,,4.3,16.5,20.1,29.2,32.8,36.6,23.5
03-02,29.8,29.1,35.3,18.3,33.1,23.7,23.3,21.8,20.8,21.9,24.7,20.6,2.3,19.3,22.2,27.9,29.8,11.4,18.0,40.8,31.0,28.1,15.0,33.8,31.8,25.2,33.9,23.1,27.1,21.7,18.8,27.1,37.8,17.1,,2.3,17.4,21.6,29.1,33.9,40.8,24.2
03-03,31.2,30.6,35.4,18.8,35.2,27.9,28.8,15.9,22.4,27.5,26.3,20.8,5.5,25.4,22.8,29.6,35.7,15.4,18.9,40.3,31.9,29.1,23.5,31.7,35.1,20.3,37.3,28.4,28.6,13.8,28.1,30.0,39.1,16.0,,5.5,16.0,22.7,30.7,35.6,40.3,28.2
03-04,29.9,34.6,34.3,18.5,36.2,23.2,30.1,14.6,14.0,18.3,32.4,22.5,18.3,21.5,22.2,28.7,24.1,28.2,20.8,34.0,31.7,24.7,30.7,16.3,33.3,17.5,38.0,35.1,19.5,13.3,31.9,31.1,35.0,17.8,,13.3,16.7,20.6,31.7,34.9,38.0,26.4
03-05,29.8,22.7,31.1,25.2,31.3,20.2,26.2,18.1,13.9,11.3,34.2,30.2,27.2,23.0,23.6,28.9,27.3,33.9,16.5,20.9,29.9,28.2,34.3,21.8,32.8,22.9,38.4,30.2,18.2,23.2,34.2,31.7,30.0,20.8,,11.3,18.1,22.9,30.2,34.1,38.4,27.3
03-06,30.0,13.2,31.2,27.5,30.2,15.3,21.2,26.3,14.2,17.7,28.1,31.9,31.9,29.9,27.4,30.1,33.8,35.1,19.9,19.5,29.7,30.4,31.1,31.3,33.6,30.4,34.0,16.4,19.2,32.2,37.3,34.3,19.3,16.4,,13.2,16.4,21.0,31.2,33.9,37.3,29.9
03-07,29.6,15.8,32.4,30.9,26.1,18.0,23.9,25.9,6.4,22.9,23.8,31.1,28.2,31.0,30.1,34.1,29.0,36.9,25.4,18.0,29.8,25.8,20.1,27.7,30.3,34.7,27.4,23.1,23.8,31.2,38.4,32.2,16.3,12.1,,6.4,16.8,23.8,30.3,33.6,38.4,27.6
03-08,32.3,18.9,31.6,32.0,26.2,27.2,28.7,24.7,11.2,21.1,25.9,29.8,10.8,33.4,34.3,37.2,24.9,32.8,27.6,24.2,30.3,23.0,24.6,31.6,30.7,33.5,27.4,33.3,30.8,26.2,32.0,37.8,22.0,14.9,,10.8,19.5,24.9,31.6,33.5,37.8,28.1
03-09,32.4,22.0,26.6,31.4,26.1,35.7,32.9,22.8,18.5,24.1,24.3,30.9,15.2,35.5,37.3,38.1,17.2,35.4,25.2,18.6,28.1,29.9,31.0,27.4,35.2,33.4,28.6,37.5,34.1,17.6,31.2,26.8,14.5,21.1,,14.5,17.9,24.2,32.4,35.6,38.1,28.4
03-10,35.3,33.0,28.8,29.6,30.7,38.5,37.6,34.9,23.6,21.5,21.5,30.9,27.8,36.7,33.8,36.5,11.7,32.9,27.2,13.5,19.0,35.8,33.2,28.3,36.0,35.6,36.6,37.8,30.6,20.3,30.5,24.1,5.1,28.3,,5.1,19.4,27.7,34.9,36.7,38.5,30.7
03-11,25.9,24.4,32.0,21.8,31.0,35.2,35.5,39.4,27.8,23.9,22.3,24.6,29.2,37.9,32.1,36.4,15.4,34.5,33.2,19.9,19.3,30.6,35.0,31.6,25.6,38.6,41.2,35.3,32.6,23.2,34.0,22.8,16.5,22.4,,15.4,20.4,24.4,34.0,37.4,41.2,30.8
03-12,18.0,16.7,34.7,11.8,29.8,29.8,28.7,35.8,28.1,22.5,20.7,25.5,32.0,39.2,34.3,37.0,18.2,42.0,32.1,20.3,27.4,30.8,36.8,34.0,25.7,36.7,37.2,35.7,32.8,27.1,31.3,24.6,29.8,24.2,,11.8,18.9,25.7,34.0,36.9,42.0,29.8
03-13,19.1,24.5,36.2,22.7,34.2,29.5,28.0,19.9,32.3,25.5,27.6,31.9,24.4,42.7,34.6,23.0,15.1,44.4,29.4,23.8,29.7,32.3,39.7,38.3,29.2,38.1,33.8,37.6,35.4,23.2,26.6,29.5,28.5,30.2,,15.1,22.8,26.5,33.8,38.2,44.4,29.5
03-14,24.0,26.4,37.9,29.1,38.1,35.1,30.9,20.3,32.7,34.7,31.4,23.8,15.7,37.4,34.7,20.7,24.3,41.8,25.3,27.7,31.0,32.2,37.5,41.7,31.6,39.7,27.4,42.8,36.5,19.7,34.3,35.0,26.8,35.4,,15.7,21.6,27.4,35.1,39.2,42.8,31.9
03-15,25.1,25.2,37.1,30.4,40.3,34.6,31.2,29.7,31.6,37.3,22.7,23.0,12.2,36.0,34.6,24.9,23.0,35.5,24.5,33.5,31.8,33.6,39.8,40.9,30.2,45.1,22.6,42.2,29.2,20.4,35.4,33.7,31.6,29.1,,12.2,22.8,28.7,34.7,40.1,45.1,31.6
03-16,26.3,24.7,34.4,31.3,42.6,27.5,28.0,34.0,33.2,33.0,25.9,24.9,14.9,33.2,36.9,31.8,26.8,41.5,22.7,40.9,33.6,33.5,40.4,35.5,35.1,44.9,26.0,42.1,29.3,25.8,35.1,30.7,29.4,16.4,,14.9,24.8,27.4,34.5,41.3,44.9,32.4
03-17,31.3,27.0,28.2,32.9,31.9,35.0,28.0,31.7,25.3,27.6,22.6,25.3,14.8,29.2,38.1,28.5,31.0,45.1,23.3,37.3,38.7,22.8,40.3,24.3,28.7,42.7,25.5,40.9,26.4,28.6,36.1,31.0,24.7,14.6,,14.6,22.9,26.3,32.0,39.8,45.1,28.6
03-18,33.8,31.5,27.5,32.9,32.0,37.1,23.8,33.2,21.0,34.2,24.3,31.0,14.3,28.4,41.1,27.2,31.0,43.3,29.9,34.3,32.2,24.3,30.3,24.6,20.8,37.0,21.1,44.3,21.8,28.7,31.7,35.3,29.0,16.9,,14.3,21.0,27.0,32.9,37.1,44.3,30.6
03-19,34.9,33.3,27.9,33.2,27.4,28.6,26.5,39.4,22.2,37.3,24.0,36.7,21.6,31.6,45.0,35.3,28.8,43.4,37.1,37.7,23.7,27.2,20.8,26.7,24.2,35.0,24.7,42.6,24.4,27.0,30.5,39.6,34.1,24.8,,20.8,23.8,26.7,35.0,39.5,45.0,29.7
03-20,36.8,25.7,28.7,33.3,20.4,36.8,35.8,42.3,26.3,41.7,17.2,37.7,32.2,33.1,44.0,31.9,26.2,41.2,30.5,41.9,24.7,27.0,21.7,32.3,33.5,38.9,35.4,42.8,28.1,28.0,29.1,31.8,28.2,27.0,,17.2,25.0,28.1,35.9,41.8,44.0,32.0
03-21,35.7,25.4,30.3,28.8,32.3,31.7,39.2,35.3,34.4,34.3,19.5,34.5,35.6,32.6,46.1,30.6,28.7,35.4,26.3,44.1,33.8,30.8,34.2,23.2,26.9,40.9,40.7,44.2,33.5,32.2,30.6,23.5,22.0,25.6,,19.5,24.0,30.2,34.6,40.8,46.1,32.4
03-22,35.5,24.9,28.9,33.0,27.5,26.2,38.5,35.7,37.7,31.8,26.2,34.7,38.5,40.6,46.9,31.4,26.7,35.2,19.7,33.2,31.7,24.0,40.4,16.0,27.4,38.1,29.8,37.2,37.9,32.5,30.4,22.5,27.4,27.3,,16.0,24.3,27.4,35.5,38.5,46.9,31.7
03-23,30.0,27.9,31.1,38.6,15.4,30.7,22.9,37.8,39.0,34.7,28.8,37.6,37.5,33.8,46.4,33.7,29.3,37.6,27.0,26.3,26.7,24.8,43.2,13.3,30.8,32.4,28.3,33.5,33.6,33.4,31.8,25.2,33.6,26.9,,13.3,24.9,28.2,33.7,38.4,46.4,31.4
03-24,26.3,30.0,29.9,39.2,20.8,19.7,14.7,25.9,39.2,38.3,24.4,38.1,30.2,28.4,42.6,30.3,34.6,41.1,36.2,25.8,28.6,29.0,43.5,12.9,33.0,28.5,30.3,33.9,29.7,31.0,32.3,25.2,39.5,21.0,,12.9,20.8,28.2,33.9,39.4,43.5,30.1
03-25,30.0,28.6,32.0,40.4,25.6,17.9,9.9,29.0,36.8,40.8,35.5,36.3,28.7,34.9,42.1,27.0,38.9,43.5,34.1,25.3,28.8,26.5,45.9,19.6,38.0,28.2,24.4,32.7,26.1,30.5,28.1,27.3,42.2,14.6,,9.9,21.0,27.3,35.5,41.7,45.9,29.5
03-26,34.6,24.5,34.9,38.8,26.2,17.0,18.4,36.9,35.6,33.2,37.1,32.7,30.7,30.6,31.7,25.8,24.3,45.3,30.3,18.1,25.6,26.7,32.5,30.8,32.9,34.7,25.9,30.8,22.5,35.1,21.8,28.6,44.9,11.0,,11.0,19.4,25.9,33.3,37.0,45.3,30.8
03-27,34.7,21.6,34.5,36.5,23.9,17.9,31.3,27.4,31.0,22.6,39.7,27.6,33.3,23.1,27.9,34.0,29.4,37.9,19.4,19.9,26.9,26.6,33.8,33.8,28.2,42.1,31.8,33.1,27.1,39.1,19.6,29.8,46.2,13.9,,13.9,19.6,26.9,33.8,38.7,46.2,29.6
03-28,29.4,25.8,34.0,33.8,32.1,17.6,34.7,23.7,28.5,19.6,30.1,31.2,33.2,24.0,29.8,33.4,35.5,30.5,23.7,30.3,30.4,24.9,37.4,38.7,30.0,42.7,30.7,32.3,32.6,35.4,26.0,39.0,43.0,20.6,,17.6,23.7,29.3,33.4,38.3,43.0,30.6
03-29,30.5,23.0,36.2,30.9,27.5,19.9,24.6,23.2,23.9,33.5,24.7,32.7,33.0,27.1,35.8,28.2,34.4,28.4,24.6,24.0,40.3,25.1,33.2,38.2,35.3,38.1,31.6,34.7,31.4,28.9,29.0,26.9,35.2,29.9,,19.9,24.0,27.1,33.2,36.1,40.3,30.2
03-30,32.4,28.3,38.3,27.8,32.6,24.4,29.0,35.8,25.0,33.5,26.3,32.6,34.8,36.4,44.1,24.4,30.3,28.4,23.1,20.4,35.0,33.2,40.4,38.1,31.9,42.3,31.5,35.7,38.2,27.8,32.0,19.6,34.7,27.2,,19.6,24.4,28.2,34.8,38.3,44.1,32.2
03-31,35.8,35.3,36.6,30.6,38.2,30.4,34.4,29.9,26.2,24.2,27.2,33.1,38.0,43.4,49.1,24.8,33.6,36.7,16.3,24.7,24.6,40.9,48.5,38.7,29.2,45.9,33.0,35.9,40.1,28.8,35.1,26.4,32.1,26.5,,16.3,24.7,29.2,36.6,42.7,49.1,33.3
04-01,39.1,39.1,37.0,34.6,32.4,37.0,40.7,17.9,31.4,22.1,30.5,37.8,42.4,44.8,41.7,31.3,31.5,38.3,19.2,22.5,23.3,41.3,31.0,37.8,28.4,30.8,32.0,36.2,39.0,32.8,29.2,36.0,30.2,30.8,,17.9,22.7,30.8,37.8,41.1,44.8,32.6
04-02,39.1,37.3,42.1,31.6,35.2,33.2,32.4,24.0,30.0,20.8,33.1,32.0,35.1,36.0,42.2,40.5,31.1,32.7,27.3,27.9,24.7,39.0,30.3,39.6,24.0,26.4,36.7,33.4,29.0,34.3,18.0,42.3,36.4,26.0,,18.0,24.2,29.9,36.0,40.2,42.3,32.9
04-03,40.4,33.6,43.6,31.4,34.6,35.7,29.1,31.7,32.4,20.3,33.7,27.7,34.8,22.0,40.2,41.9,40.6,34.2,26.6,27.0,21.9,23.2,36.3,39.7,26.5,27.9,40.8,28.8,23.1,36.2,20.4,45.4,34.8,23.7,,20.3,22.3,27.6,35.8,40.7,45.4,33.0
04-04,39.9,40.0,43.2,33.3,25.5,40.2,28.4,26.7,31.3,21.8,45.7,31.5,38.3,22.1,44.5,32.0,43.7,43.4,31.9,27.6,25.2,27.4,40.1,42.8,28.7,34.8,40.2,25.9,34.2,39.1,30.0,46.5,33.8,21.2,,21.2,25.3,28.7,40.0,43.6,46.5,33.6
04-05,35.9,44.9,35.2,27.2,25.7,40.6,31.5,17.2,28.3,25.8,41.7,32.2,43.7,26.6,44.4,30.3,36.7,43.1,26.0,26.0,29.9,33.6,35.8,36.6,30.5,39.4,32.8,32.1,38.2,39.9,36.5,40.0,24.1,19.7,,17.2,25.8,29.7,36.8,42.7,44.9,33.2
04-06,35.2,47.8,32.4,26.0,30.4,42.3,37.6,19.0,27.3,31.6,37.4,31.1,42.8,24.4,43.7,38.4,31.7,44.2,25.4,31.1,22.8,31.0,24.5,34.5,31.9,32.8,37.8,42.1,36.6,34.7,36.7,28.4,25.2,19.5,,19.0,24.4,30.2,36.8,42.6,47.8,32.1
04-07,34.1,27.7,32.4,27.6,25.7,37.3,42.6,27.4,28.3,33.8,31.1,30.3,37.0,28.5,41.5,47.0,38.8,41.5,25.8,39.4,24.4,30.8,29.0,33.3,35.3,32.9,43.3,42.4,38.1,35.8,38.1,34.1,34.2,26.8,,24.4,26.9,30.2,37.4,42.2,47.0,34.0
04-08,34.1,21.9,40.6,32.0,26.7,27.0,45.9,28.1,27.9,32.8,38.3,21.8,36.1,34.9,39.2,34.1,40.9,38.6,25.9,35.8,31.4,29.1,40.3,30.0,41.2,32.7,45.3,32.8,32.7,43.1,39.9,35.1,42.6,34.8,,21.8,26.8,32.0,38.6,42.2,45.9,34.4
04-09,35.1,28.4,43.2,33.2,33.7,24.2,50.0,26.3,28.0,22.5,37.1,20.3,40.2,42.2,33.2,31.0,41.5,33.8,28.1,32.4,28.4,28.0,44.2,19.9,44.6,34.0,43.9,24.9,34.0,35.9,42.5,30.2,34.4,37.0,,19.9,24.4,28.4,37.0,43.7,50.0,33.8
04-10,36.7,23.5,36.6,29.1,33.7,24.9,45.2,17.5,36.7,20.5,37.2,24.7,36.1,45.6,32.1,30.7,35.8,25.6,25.6,36.3,32.5,29.1,47.3,28.2,41.5,36.7,41.0,29.8,40.2,30.1,41.0,39.0,24.3,41.3,,17.5,24.5,29.1,36.8,41.5,47.3,34.8
04-11,37.5,22.5,41.4,26.4,34.9,30.1,33.6,14.1,40.1,28.7,40.8,25.5,34.5,46.7,35.7,33.4,37.2,26.7,26.2,38.1,42.5,35.3,46.1,35.9,43.2,40.2,41.0,36.5,42.2,28.6,37.6,30.3,25.8,45.2,,14.1,26.0,30.2,40.1,43.0,46.7,35.8
04-12,37.1,25.1,46.2,24.7,38.7,40.0,29.7,15.9,28.3,37.2,43.8,24.8,40.0,48.0,41.6,41.5,42.5,32.0,33.0,36.6,40.3,35.0,32.7,35.2,41.6,33.0,42.1,43.0,29.1,29.8,24.5,28.9,17.9,43.3,,15.9,24.7,29.8,40.4,43.2,48.0,35.9
04-13,37.0,23.6,45.7,27.4,39.4,46.9,25.3,25.9,26.2,36.8,43.9,27.7,43.7,48.5,45.7,45.8,44.8,35.3,39.9,38.6,29.7,34.1,32.5,32.1,30.2,40.2,38.5,45.1,26.1,32.0,20.6,28.3,20.0,26.5,,20.0,25.5,28.3,39.9,45.7,48.5,34.7
04-14,42.9,31.1,45.6,27.8,,25.6,29.4,34.2,28.3,29.9,33.8,28.1,44.9,43.5,41.2,29.5,42.1,40.5,46.5,35.3,33.7,27.6,34.3,22.8,29.8,38.4,31.9,31.8,31.8,34.9,26.3,24.9,27.8,24.6,,22.8,25.8,29.0,35.1,43.4,46.5,31.8
04-15,44.3,34.6,41.0,32.1,38.3,24.8,36.4,35.6,27.0,24.5,34.8,33.4,35.5,32.9,38.1,34.7,39.9,43.2,30.1,32.0,40.7,32.0,34.3,25.6,36.9,26.0,30.4,30.0,39.6,36.9,31.0,28.1,30.3,27.9,,24.5,26.3,30.3,36.4,40.4,44.3,33.9
04-16,45.8,36.3,40.5,33.5,45.9,29.7,39.0,41.0,27.7,30.2,36.9,41.0,26.2,34.8,36.6,42.0,43.2,42.4,23.2,30.1,44.6,37.9,35.1,22.8,32.9,34.0,32.7,40.0,40.0,34.9,23.4,28.0,35.1,37.0,,22.8,26.6,32.9,40.0,43.0,45.9,35.7
04-17,38.5,31.8,35.1,38.5,49.0,32.9,27.3,44.7,25.4,39.7,42.5,45.9,27.8,38.2,37.6,46.2,29.8,44.5,30.6,35.9,43.7,38.0,39.5,20.3,39.1,39.4,33.8,41.5,25.4,35.0,26.6,31.1,31.6,40.8,,20.3,26.8,31.8,39.5,44.7,49.0,37.8
04-18,38.7,29.6,30.2,29.7,49.8,31.5,24.6,43.4,28.2,45.0,36.2,49.0,28.3,34.3,33.6,34.1,27.5,34.4,39.2,38.3,44.4,34.7,36.7,25.4,39.8,42.0,35.1,38.3,31.5,40.2,34.6,38.1,39.6,27.7,,24.6,27.8,31.5,38.8,44.1,49.8,34.9
04-19,39.2,32.7,31.0,28.0,49.3,28.1,25.3,38.8,33.5,44.8,32.8,40.0,27.5,37.0,33.1,35.2,30.0,27.9,44.9,40.7,46.8,28.7,37.1,32.0,41.3,39.8,42.4,36.3,41.0,44.5,35.8,34.2,36.5,21.5,,21.5,27.9,32.6,39.8,44.7,49.3,36.1
04-20,41.8,36.5,37.1,31.5,49.8,26.8,24.1,37.5,36.4,35.5,38.8,32.4,26.6,40.3,32.8,33.8,36.8,34.5,25.3,44.7,48.5,32.1,44.4,34.6,42.7,41.5,45.1,34.5,43.2,46.1,38.4,28.9,35.1,23.6,,23.6,26.7,33.7,40.4,45.0,49.8,36.4
04-21,41.3,33.7,41.1,40.2,52.9,31.0,25.8,33.5,39.4,29.8,44.6,30.5,31.3,42.7,33.1,35.1,43.8,36.1,23.8,46.8,44.0,32.0,48.5,36.1,43.6,43.8,47.9,32.0,43.1,38.8,41.5,31.2,43.3,27.0,,23.8,30.0,33.0,43.1,46.2,52.9,39.1
04-22,36.6,36.4,33.6,39.5,49.2,29.3,30.9,33.7,45.6,28.9,42.0,33.4,38.8,38.4,35.6,39.8,50.0,36.6,36.9,46.9,34.0,25.3,51.7,30.0,43.0,46.4,50.8,36.8,45.0,37.7,41.7,36.5,34.5,27.4,,25.3,29.5,34.4,41.7,48.5,51.7,36.9
04-23,35.4,36.1,29.1,31.6,44.6,31.6,40.6,30.4,50.3,30.6,37.2,33.9,37.8,35.4,37.8,44.7,44.7,38.8,37.6,45.8,35.7,28.6,53.9,26.7,29.2,40.5,38.8,40.3,38.1,42.9,37.2,36.9,30.7,29.9,,26.7,29.4,33.7,38.9,44.7,53.9,37.2
04-24,35.2,35.3,36.1,30.5,37.0,35.2,39.6,31.4,34.6,34.4,32.1,40.0,30.5,42.0,38.2,41.3,34.9,41.9,28.6,35.0,38.9,32.7,52.6,32.2,35.2,38.2,35.6,33.8,35.7,44.2,37.9,38.9,32.0,33.7,,28.6,31.6,34.4,38.2,41.8,52.6,35.3
04-25,35.4,29.8,43.4,34.4,32.2,34.8,35.2,34.8,31.1,33.3,41.4,45.3,38.9,43.9,40.3,41.4,36.9,44.6,29.0,33.9,35.1,31.8,49.8,37.3,39.2,36.6,34.9,33.6,41.6,43.2,41.4,37.0,36.1,31.8,,29.0,31.8,34.7,40.4,43.8,49.8,36.4
04-26,30.1,23.4,50.1,36.1,29.0,33.0,40.1,39.4,34.2,38.2,44.1,48.2,36.5,30.6,46.3,43.1,42.3,42.8,29.3,29.4,37.1,26.5,45.7,42.0,32.9,33.3,36.6,33.9,44.9,43.2,43.9,33.8,42.2,38.1,,23.4,29.4,33.8,42.4,45.5,50.1,37.6
04-27,31.0,24.0,52.7,32.9,27.4,40.3,26.7,40.4,37.5,36.6,51.0,51.8,33.2,36.1,49.3,39.9,44.0,45.0,37.5,34.6,45.7,28.2,27.8,46.0,29.7,38.8,37.2,29.1,50.4,41.6,44.9,35.4,42.6,40.5,,24.0,27.9,34.4,42.7,50.1,52.7,38.2
04-28,29.6,28.1,50.0,35.6,28.0,33.7,27.0,36.7,42.4,38.2,48.8,51.0,34.0,44.2,34.6,34.7,43.1,51.4,45.4,38.3,28.1,36.0,30.1,46.6,27.4,44.4,34.4,28.0,51.6,34.5,44.7,40.6,39.9,38.2,,27.0,28.0,34.4,43.2,49.6,51.6,37.4
04-29,26.7,30.0,54.2,35.6,30.7,33.8,35.0,30.7,45.5,38.5,35.1,40.6,42.5,38.4,31.1,33.5,45.9,55.3,48.1,34.1,25.6,25.9,36.3,44.2,31.3,48.6,34.2,31.0,40.0,32.4,48.9,45.9,31.1,45.7,,25.6,30.2,32.3,42.7,48.4,55.3,35.4
04-30,28.8,30.0,49.9,33.2,35.2,31.3,41.2,31.1,46.8,37.0,40.2,48.6,44.4,35.4,39.1,35.9,45.2,52.9,30.8,36.8,29.6,27.2,42.3,34.9,37.2,45.5,34.8,36.0,32.7,30.3,47.2,50.9,37.6,49.2,,27.2,30.1,34.7,42.5,49.0,52.9,36.9
05-01,33.0,38.4,38.7,35.8,34.8,34.3,40.9,26.5,47.9,36.4,47.9,37.0,33.8,35.0,44.2,37.3,42.4,54.2,26.2,37.9,30.1,28.6,40.6,28.3,43.1,46.3,36.3,40.0,35.1,28.6,41.9,49.6,39.7,50.5,,26.2,28.6,35.0,41.0,47.9,54.2,37.6
05-02,37.5,35.4,44.0,37.6,36.1,33.9,39.6,29.4,48.6,34.2,49.4,28.6,37.4,39.7,49.2,39.6,40.5,53.8,33.3,37.0,32.4,35.1,42.0,34.7,47.2,47.4,40.2,39.6,38.0,35.2,43.7,38.2,41.3,47.2,,28.6,33.4,36.1,41.4,48.3,53.8,38.9
05-03,39.3,29.3,48.7,43.3,39.7,34.7,36.1,39.3,47.9,30.7,52.2,31.2,39.6,37.5,52.4,40.3,41.0,35.7,37.8,36.7,39.3,35.2,43.6,42.4,49.6,47.3,46.4,42.6,40.7,39.7,42.1,36.4,32.2,48.1,,29.3,32.9,37.5,42.7,48.5,52.4,39.7
05-04,41.0,30.2,52.1,31.6,46.0,39.9,33.8,43.8,40.7,26.3,51.7,37.6,39.5,34.7,55.1,41.6,39.0,32.7,42.9,37.2,29.3,32.4,41.0,42.2,47.6,45.7,49.8,48.6,45.2,42.9,38.8,39.1,37.2,40.9,,26.3,31.8,37.5,43.0,49.5,55.1,40.8
05-05,43.5,34.2,54.0,31.1,47.5,38.5,41.1,46.0,39.9,26.2,40.7,40.6,42.4,31.3,55.9,44.0,40.9,32.6,47.0,41.2,30.0,41.2,34.1,43.1,46.2,45.0,52.7,52.6,49.2,45.4,43.2,41.5,44.6,37.6,,26.2,31.7,40.6,45.0,51.6,55.9,42.0
05-06,46.2,38.9,55.4,33.2,51.4,32.6,40.7,46.0,38.8,35.0,40.3,36.9,45.8,33.7,54.0,41.3,42.9,38.4,47.1,42.2,24.0,45.0,35.8,44.8,41.6,42.0,44.2,51.1,53.0,45.9,45.6,49.5,47.3,36.3,,24.0,34.1,38.9,45.9,51.3,55.4,42.5
05-07,36.4,39.7,52.0,32.1,46.9,34.9,43.0,41.4,41.6,43.1,36.6,42.1,35.9,37.1,52.3,37.3,43.9,43.9,40.3,40.1,29.5,44.8,41.7,39.9,35.1,39.0,39.4,49.1,50.6,39.9,36.2,49.2,40.7,36.6,,29.5,35.3,37.2,43.0,49.1,52.3,40.2
05-08,28.1,45.0,49.6,29.7,46.0,37.0,42.0,43.0,42.8,38.5,36.3,49.7,25.3,38.7,51.8,43.5,39.7,49.3,37.9,34.2,36.9,37.6,45.7,41.4,36.7,39.8,42.2,45.1,49.2,37.0,41.5,34.4,33.6,38.4,,25.3,33.8,37.0,43.1,49.3,51.8,39.7
05-09,32.8,33.3,35.1,33.8,50.7,41.5,42.1,46.7,40.4,28.0,40.0,52.2,32.5,33.7,48.5,42.5,35.8,51.6,34.9,36.8,41.5,33.6,49.8,45.6,36.6,35.1,41.5,45.7,53.7,32.9,42.8,34.6,26.2,41.6,,26.2,32.8,34.9,42.6,50.5,53.7,40.2
05-10,40.6,33.2,39.0,45.0,53.6,40.6,42.9,49.3,35.7,22.9,33.3,47.8,34.2,36.1,51.3,37.1,38.8,55.4,36.7,41.2,39.4,35.0,44.1,48.3,34.9,36.3,32.7,46.8,48.3,37.8,46.8,33.9,34.1,42.4,,22.9,33.5,36.1,44.2,49.0,55.4,39.2
05-11,40.0,35.3,45.9,52.4,55.0,36.0,48.2,48.9,35.2,30.7,25.2,50.0,34.1,37.6,34.7,36.3,45.1,57.0,44.0,46.3,34.9,37.8,41.8,49.8,34.2,42.2,35.4,49.9,38.1,44.4,48.8,36.2,41.6,42.8,,25.2,34.3,36.2,45.9,50.0,57.0,41.7
05-12,35.0,33.6,48.2,52.5,53.3,30.0,50.8,48.5,40.6,38.5,29.1,56.8,40.5,44.8,33.3,36.5,51.1,58.5,33.4,41.2,34.4,43.4,44.4,53.4,31.4,49.1,44.1,52.5,37.6,48.1,46.7,42.6,36.6,44.8,,29.1,33.4,37.5,48.2,53.1,58.5,43.8
05-13,34.5,42.6,47.2,52.1,45.9,33.3,55.0,50.7,34.3,33.8,37.5,53.3,46.7,44.6,34.1,41.5,51.8,55.2,39.7,35.5,35.2,48.4,47.6,56.8,36.5,47.7,51.1,35.7,38.4,49.7,37.2,49.6,39.2,43.5,,33.3,34.4,37.5,48.5,52.9,56.8,44.0
05-14,35.3,39.6,47.9,48.1,46.4,36.6,48.4,52.6,33.8,33.9,47.3,53.7,47.2,51.1,39.1,46.0,53.2,47.7,42.1,41.4,38.5,45.2,53.0,55.5,42.9,45.7,51.7,40.1,43.1,51.3,39.1,51.0,45.1,43.3,,33.8,37.2,42.0,48.1,52.9,55.5,45.8
05-15,33.2,38.5,46.3,47.7,51.1,44.4,48.3,53.0,35.5,29.5,51.5,49.6,42.1,48.5,45.0,47.7,55.0,50.0,45.9,42.3,42.9,44.4,56.2,54.1,48.7,36.6,42.0,44.0,44.7,50.8,39.7,48.2,50.3,47.2,,29.5,37.2,43.9,48.8,52.6,56.2,46.7
05-16,34.9,45.6,47.2,47.8,45.0,42.4,46.7,52.2,44.0,30.5,42.5,46.3,43.7,47.0,44.7,46.5,57.1,54.2,50.6,45.8,45.8,34.9,53.9,49.5,48.4,34.5,40.6,39.8,49.5,48.1,41.9,47.5,54.3,48.9,,30.5,36.4,43.9,48.1,53.4,57.1,46.4
05-17,41.9,43.5,52.8,45.7,39.2,44.3,41.1,48.7,35.8,38.5,39.1,46.2,48.1,46.8,48.8,36.9,57.6,56.4,54.6,53.0,50.2,34.8,53.2,44.0,49.4,39.1,40.7,28.5,47.7,35.5,53.2,48.6,49.2,46.5,,28.5,36.1,41.1,48.9,53.2,57.6,46.4
05-18,41.2,38.1,55.1,49.1,46.8,42.2,34.5,46.6,39.6,48.3,42.7,47.5,55.6,35.9,46.7,47.3,58.8,57.6,57.2,56.9,41.4,36.4,40.4,38.8,47.4,41.4,46.3,29.8,43.1,36.7,55.6,51.2,49.9,45.9,,29.8,36.5,41.4,48.4,56.5,58.8,46.4
05-19,36.9,44.4,54.4,50.8,39.9,43.3,35.0,45.4,49.3,45.3,46.8,49.2,57.9,35.7,47.1,54.0,57.7,57.8,56.0,54.6,40.7,37.8,43.7,38.9,43.7,38.9,46.3,34.1,45.8,36.2,50.5,53.7,39.0,48.9,,34.1,36.4,40.6,49.4,55.6,57.9,45.6
05-20,36.3,47.4,48.5,53.9,37.5,44.1,35.7,48.5,52.8,47.1,48.1,42.0,56.7,43.6,48.7,56.6,57.3,55.7,54.7,48.2,38.2,37.8,49.0,42.0,47.2,40.3,44.2,39.7,47.2,36.3,37.7,48.9,31.0,52.2,,31.0,36.7,41.8,48.8,55.4,57.3,47.2
05-21,42.4,50.8,42.8,49.7,43.8,44.6,42.9,45.9,37.7,50.1,52.4,40.4,34.6,50.1,42.4,49.5,56.2,39.7,36.4,48.9,39.2,42.6,57.2,46.6,48.3,42.7,38.4,42.6,48.4,36.0,38.8,39.5,35.5,53.5,,34.6,36.8,40.3,48.5,51.9,57.2,42.9
05-22,47.9,45.6,47.4,44.2,50.9,40.9,40.1,48.3,34.2,52.2,56.3,49.4,32.8,54.3,38.4,54.0,51.9,32.4,36.6,53.5,32.3,42.6,50.7,48.9,51.4,42.0,36.4,47.0,45.6,35.0,40.5,43.6,37.2,52.2,,32.3,34.4,40.5,49.5,53.1,56.3,45.6
05-23,49.6,44.2,52.0,44.5,53.2,34.7,34.8,50.9,37.0,54.9,57.1,55.9,35.0,58.5,36.4,52.9,46.9,38.3,37.4,50.0,35.4,42.5,39.4,43.6,50.0,40.7,39.6,49.8,46.9,33.9,32.5,35.8,38.6,49.4,,32.5,34.8,38.2,49.8,54.4,58.5,43.9
05-24,37.1,48.0,56.2,49.6,53.4,36.9,37.4,37.3,42.7,53.2,53.4,58.5,37.7,59.5,37.4,48.5,51.4,43.7,38.8,45.2,32.9,37.5,36.7,43.1,47.1,43.2,40.3,50.6,51.0,37.3,37.9,38.5,40.1,47.6,,32.9,37.2,37.9,48.6,53.4,59.5,43.1
05-25,34.6,43.4,54.5,52.4,54.6,38.0,39.8,34.3,50.0,48.7,47.2,60.1,45.3,60.1,40.1,45.9,56.4,49.5,43.6,45.0,38.9,44.1,42.8,50.9,50.7,44.3,39.7,41.8,55.9,42.1,43.7,45.2,47.5,48.3,,34.3,39.2,43.4,49.6,55.5,60.1,45.3
05-26,39.6,37.3,50.5,54.7,53.6,36.0,35.7,37.0,43.4,49.6,47.5,57.1,52.2,59.8,40.7,48.2,54.4,51.8,38.9,45.6,45.9,36.8,39.1,50.9,54.0,43.2,42.4,40.7,54.6,45.2,49.0,43.6,57.4,45.5,,35.7,37.1,42.2,51.0,54.7,59.8,45.7
05-27,44.6,36.1,45.6,54.5,48.1,35.8,41.9,43.4,39.5,50.4,52.8,54.6,52.2,59.8,47.4,50.4,39.0,58.5,43.0,50.1,48.4,36.8,33.9,46.2,56.5,43.6,43.6,42.4,49.9,40.2,52.2,47.4,55.4,46.0,,33.9,37.5,43.3,50.4,55.2,59.8,46.8
05-28,46.2,39.8,48.4,52.4,46.8,39.7,38.5,46.0,48.1,54.2,57.6,52.7,55.7,64.5,40.7,54.0,34.7,49.0,47.5,54.0,43.9,37.1,39.4,40.4,59.3,42.1,44.3,47.5,47.4,41.9,55.6,49.9,41.9,45.7,,34.7,39.5,42.1,50.2,55.7,64.5,47.1
05-29,41.9,45.5,47.4,50.0,50.9,43.1,40.7,46.9,51.9,46.7,55.6,49.9,57.2,66.3,36.0,49.8,38.7,43.1,42.5,54.1,35.4,36.1,47.3,40.3,51.1,46.6,48.1,49.9,48.8,43.7,61.3,48.3,35.8,48.7,,35.4,36.9,43.1,49.9,55.1,66.3,47.3
05-30,41.4,36.6,48.4,52.5,56.3,44.6,38.3,51.4,41.1,42.2,52.1,47.2,61.7,66.2,37.7,43.7,42.8,46.4,43.5,53.5,39.9,34.2,48.7,41.0,55.5,53.2,47.5,53.3,52.5,46.5,61.3,50.3,35.4,50.4,,34.2,37.9,42.8,52.1,56.1,66.2,47.4
05-31,38.4,40.8,49.2,55.8,50.2,48.0,40.0,57.2,48.0,37.2,42.6,51.7,63.0,58.0,44.6,48.4,47.8,51.6,48.7,51.3,46.7,44.4,52.4,41.7,54.7,58.2,48.0,56.7,53.3,46.0,58.5,52.6,38.3,51.1,,37.2,40.2,46.6,52.4,57.8,63.0,49.0
06-01,32.4,45.5,49.6,46.0,47.3,50.3,44.6,51.6,48.2,48.5,46.2,59.0,55.0,53.8,50.4,41.6,55.4,54.4,53.1,50.0,43.2,51.9,56.2,47.3,48.3,56.4,51.3,54.5,43.1,49.3,58.3,56.4,44.1,48.4,,32.4,43.5,47.3,53.2,56.3,59.0,49.8
06-02,40.2,43.7,55.4,43.5,50.9,46.9,50.4,49.3,53.9,43.0,57.0,51.8,45.1,52.1,55.0,40.6,59.3,57.4,48.7,47.6,47.4,39.7,56.7,56.0,54.2,52.6,54.9,50.5,48.0,48.2,56.2,59.3,50.9,46.1,,39.7,43.1,47.5,54.2,56.9,59.3,50.7
06-03,51.3,48.0,53.5,35.6,58.4,44.5,56.3,57.7,45.3,42.8,57.6,38.0,45.4,51.0,60.9,42.5,57.4,59.1,42.8,51.4,47.7,39.4,58.7,47.2,55.1,50.7,55.5,55.1,55.2,50.4,55.1,62.1,53.9,47.4,,35.6,42.6,47.4,55.2,58.6,62.1,51.4
06-04,53.7,51.5,53.8,40.1,56.1,46.8,59.8,60.8,37.5,41.6,58.4,32.9,48.2,50.0,62.3,45.9,58.1,60.1,41.5,54.6,49.2,48.9,63.5,48.2,52.4,51.8,57.9,61.1,59.2,50.5,56.7,65.3,53.7,49.1,,32.9,41.6,49.1,57.9,61.0,65.3,53.0
06-05,50.0,50.7,46.4,43.2,56.3,47.4,56.2,51.2,40.6,37.3,62.0,43.1,52.8,49.2,59.8,51.8,57.4,59.5,43.0,50.9,49.6,54.3,47.0,51.1,52.2,52.0,60.1,57.1,59.4,53.1,63.1,63.3,48.4,52.6,,37.3,43.1,49.6,56.2,60.0,63.3,51.9
06-06,50.2,50.8,48.7,39.6,54.3,30.5,53.0,55.0,41.6,41.5,60.7,47.6,57.3,52.2,58.3,38.1,64.6,37.3,40.1,43.1,56.0,49.2,39.3,56.0,54.3,47.4,58.7,58.2,59.6,53.8,49.0,57.4,47.8,54.2,,30.5,39.4,47.6,55.1,58.6,64.6,51.5
06-07,49.2,51.6,51.0,35.2,40.9,37.6,59.3,54.1,41.7,45.7,63.1,54.1,55.4,49.6,58.4,34.2,65.0,37.2,37.0,40.6,48.1,41.5,46.4,59.6,52.6,51.6,57.8,60.0,58.8,47.8,36.1,60.0,47.7,52.3,,34.2,37.1,45.3,54.3,59.9,65.0,50.3
06-08,51.8,51.2,50.9,40.0,40.2,37.1,63.1,51.5,40.9,39.7,60.2,61.1,44.0,55.7,59.6,36.4,56.6,42.9,38.9,41.8,50.1,43.4,54.8,58.4,49.4,55.7,60.6,60.4,58.0,34.3,34.1,58.8,53.4,51.1,,34.1,37.7,42.8,55.8,60.3,63.1,51.2
06-09,56.4,52.5,55.5,42.9,46.0,36.3,62.5,49.9,40.2,41.9,43.2,60.0,32.0,56.2,53.9,40.7,49.1,50.6,48.1,44.1,51.4,36.6,41.7,61.3,52.3,57.4,61.4,52.0,61.5,40.4,40.4,58.5,57.6,48.6,,32.0,40.3,43.1,55.6,60.9,62.5,50.2
06-10,51.4,56.6,56.4,49.0,52.0,42.0,61.0,47.1,43.1,43.4,48.3,59.9,36.1,54.6,39.2,44.2,50.7,55.5,39.9,43.5,44.8,45.2,38.8,63.0,56.7,56.3,60.3,47.0,43.9,48.5,48.6,46.9,60.6,49.7,,36.1,40.5,44.8,54.7,60.2,63.0,48.5
06-11,43.6,59.3,56.4,48.6,58.3,52.5,57.6,48.1,45.1,47.8,53.0,55.8,42.0,54.0,42.6,46.8,57.1,54.3,33.8,43.5,38.4,48.8,46.7,57.6,52.6,54.9,51.2,52.7,47.0,52.4,55.9,46.0,61.3,49.5,,33.8,42.9,47.0,54.3,57.6,61.3,51.8
06-12,38.9,59.0,55.8,38.4,58.9,59.7,58.8,44.5,48.6,52.4,50.9,35.2,48.3,53.6,47.4,42.1,62.0,53.6,39.5,47.0,39.4,44.9,52.9,60.4,58.2,57.5,51.6,41.7,50.3,55.4,62.4,57.0,60.5,48.8,,35.2,39.5,47.4,57.1,60.2,62.4,52.0
06-13,42.6,55.2,43.7,45.1,60.3,60.7,60.3,45.4,45.1,54.6,47.7,30.6,53.8,51.4,51.2,44.6,60.3,55.6,47.3,45.5,41.8,44.5,55.0,56.6,53.7,56.4,49.1,36.9,59.9,55.5,56.4,63.7,41.7,48.3,,30.6,42.0,45.4,55.5,60.3,63.7,51.3
06-14,48.3,44.1,43.1,56.5,42.4,62.2,61.5,47.0,43.4,58.1,54.6,42.0,59.1,57.6,53.2,54.1,45.7,57.8,55.6,46.1,48.5,47.6,53.7,45.5,41.2,57.1,50.8,46.1,59.9,53.4,45.9,66.0,37.5,49.7,,37.5,42.6,46.1,55.7,59.7,66.0,50.3
06-15,45.8,46.4,36.4,57.4,43.8,58.7,59.9,50.2,43.2,59.5,55.5,50.4,60.0,63.5,52.7,59.7,46.0,61.0,58.2,45.4,53.3,51.1,53.8,51.1,46.8,57.0,57.2,53.0,55.0,54.6,51.7,67.7,43.6,46.2,,36.4,44.3,49.9,57.2,59.9,67.7,53.1
06-16,42.4,56.8,37.4,48.3,48.0,52.3,61.4,53.4,39.9,58.3,42.8,56.6,61.2,62.4,50.5,61.0,47.2,64.8,59.5,50.5,46.0,40.3,55.0,57.6,46.4,58.4,50.4,55.9,52.7,55.4,43.4,63.9,56.0,44.7,,37.4,42.6,47.9,56.8,61.3,64.8,53.0
06-17,51.6,52.7,47.3,44.1,53.6,43.6,61.7,56.5,38.0,53.6,47.7,59.3,59.6,60.4,50.4,56.7,54.2,53.3,61.8,48.2,38.1,42.9,60.9,58.6,36.0,60.2,55.5,51.5,52.9,52.1,36.0,62.4,64.4,49.7,,36.0,39.5,49.5,56.9,61.5,64.4,53.1
06-18,55.8,57.4,55.5,47.8,61.2,47.7,50.0,55.0,47.6,58.4,53.9,51.6,55.4,60.5,48.7,51.4,58.4,49.1,59.4,45.9,49.7,48.2,57.8,61.2,35.2,62.8,59.2,53.6,48.0,52.9,43.2,63.9,59.5,51.6,,35.2,47.6,49.6,57.9,61.0,63.9,53.7
06-19,51.4,59.4,57.1,54.0,62.6,47.6,47.2,55.8,48.1,60.5,49.8,53.0,50.6,60.5,51.5,58.0,60.7,59.4,54.8,51.2,57.0,42.8,47.2,52.7,45.7,61.2,56.6,59.1,48.3,54.2,48.2,67.3,49.0,48.9,,42.8,47.3,49.7,57.2,60.7,67.3,53.5
06-20,53.6,54.8,56.6,58.7,65.7,48.6,54.8,52.2,46.1,62.8,46.8,57.5,57.6,54.1,51.1,63.1,53.1,65.3,57.2,49.0,55.2,46.5,46.2,45.4,55.0,57.6,63.1,63.6,51.8,45.6,52.2,61.0,40.0,42.7,,40.0,45.8,50.9,57.5,63.1,65.7,54.5
06-21,55.8,55.7,60.0,55.6,59.8,43.0,55.5,56.9,50.5,60.5,54.5,61.2,64.0,44.8,50.7,64.5,53.8,64.3,62.7,46.3,51.9,50.8,57.5,48.5,56.9,59.6,62.6,63.2,57.5,39.0,55.3,58.4,48.9,46.4,,39.0,46.3,51.7,59.6,63.0,64.5,55.7
06-22,60.4,55.0,62.4,46.8,57.2,43.8,49.4,57.6,55.2,52.7,60.7,64.6,54.8,44.8,53.9,59.8,54.6,65.3,61.1,47.2,49.7,56.4,62.6,47.8,54.7,58.5,61.4,55.3,53.9,41.9,55.6,64.5,55.9,52.1,,41.9,46.9,53.8,58.6,62.6,65.3,55.2
06-23,65.1,57.2,63.8,40.4,61.8,49.0,52.7,52.6,49.1,52.3,61.3,65.5,58.1,40.8,59.1,59.1,58.1,64.0,60.2,53.2,54.2,58.3,63.6,54.4,56.2,60.8,63.5,53.3,52.1,48.2,58.3,61.8,58.9,49.8,,40.4,49.0,53.2,60.3,63.7,65.5,58.1
06-24,66.0,57.2,63.5,42.3,61.8,52.2,59.4,45.0,49.1,60.9,61.2,64.2,64.0,41.1,59.7,59.9,60.3,62.9,61.3,58.9,59.9,55.9,65.4,57.0,58.5,63.0,57.7,55.5,51.0,51.6,60.3,55.0,54.5,51.8,,41.1,49.7,55.5,61.0,63.8,66.0,59.1
06-25,66.6,47.1,54.9,50.4,65.3,55.3,57.5,51.2,51.5,54.0,57.2,60.4,67.9,45.3,57.7,58.8,61.4,56.5,62.4,61.3,61.2,55.1,65.8,54.2,60.1,63.1,50.0,58.5,57.2,55.8,55.7,51.6,53.6,55.5,,45.3,50.6,54.8,60.1,64.7,67.9,56.8
06-26,67.3,45.2,50.4,58.3,57.6,58.3,56.6,59.9,46.4,50.2,56.8,60.4,67.3,52.1,58.0,55.2,59.7,59.6,60.4,52.6,55.6,52.1,59.8,60.2,53.3,63.5,56.2,62.5,60.7,58.3,57.4,56.6,56.2,56.5,,45.2,50.9,56.1,59.7,62.0,67.3,57.5
06-27,64.3,48.2,54.8,61.3,53.7,53.8,53.3,59.4,44.2,50.4,56.8,60.8,67.9,56.0,55.6,56.0,62.4,64.1,58.2,52.6,55.5,55.6,55.2,65.8,46.4,66.4,62.6,58.1,62.3,58.4,60.0,59.4,60.4,53.7,,44.2,51.1,55.2,60.4,64.3,67.9,57.5
06-28,62.6,50.2,61.4,58.7,61.4,51.7,44.9,57.8,54.5,52.0,58.4,62.3,66.6,58.2,57.9,53.2,64.6,66.0,60.0,56.3,60.0,63.0,62.1,67.7,49.7,68.4,66.9,52.9,62.7,59.6,48.6,60.0,63.5,53.4,,44.9,50.6,56.1,62.4,66.4,68.4,59.8
06-29,65.3,53.1,56.7,47.0,64.0,49.0,50.2,57.6,60.1,55.3,59.4,64.4,64.9,61.0,54.1,49.8,64.8,65.0,63.4,59.8,64.8,58.4,62.9,67.0,55.5,68.6,64.7,51.6,51.0,58.6,38.4,61.1,60.7,52.3,,38.4,49.9,55.2,63.5,65.0,68.6,59.6
06-30,67.3,46.6,43.3,48.3,64.0,51.4,58.9,55.6,62.7,56.2,61.7,66.6,65.7,65.5,57.1,54.6,62.8,65.1,64.4,63.6,62.4,54.5,63.5,66.9,52.8,68.7,57.7,52.0,49.7,58.8,40.2,59.9,58.6,56.1,,40.2,48.7,55.5,63.5,66.3,68.7,58.8
07-01,67.8,51.4,41.8,53.1,63.5,50.4,62.7,41.9,63.0,57.2,59.2,68.9,64.5,63.2,57.2,59.3,62.2,65.1,65.5,60.4,62.1,54.5,65.2,68.0,54.8,66.6,59.6,57.7,54.3,59.5,50.8,58.5,57.7,59.8,,41.8,51.0,57.2,63.0,66.3,68.9,59.5
07-02,65.3,57.2,45.9,55.4,60.2,50.3,66.6,46.3,64.1,59.8,61.8,68.8,64.6,61.9,57.9,60.4,63.9,67.6,62.3,58.6,60.5,60.1,63.6,68.5,60.1,65.5,60.8,62.2,58.2,61.8,56.5,61.5,62.9,60.5,,45.9,55.8,60.1,62.9,66.3,68.8,61.1
07-03,57.7,60.7,53.3,39.2,56.2,45.3,68.8,48.4,63.8,62.7,59.8,70.9,64.5,62.0,56.3,54.4,64.2,64.7,65.2,55.7,51.5,65.2,64.3,67.1,63.2,66.3,60.9,63.6,53.8,58.9,60.6,64.0,63.5,60.3,,39.2,52.0,57.6,64.0,65.9,70.9,61.5
07-04,62.8,63.7,58.9,40.2,54.5,47.3,63.2,54.3,62.7,58.3,53.5,73.2,65.3,60.4,52.9,57.2,64.4,68.6,67.2,55.6,50.0,61.0,63.3,62.8,63.2,67.6,61.0,65.2,59.8,51.6,61.8,66.4,59.9,56.9,,40.2,52.0,57.2,63.2,66.9,73.2,61.0
07-05,65.8,64.6,61.4,44.4,56.0,54.0,62.2,59.0,61.2,55.1,59.5,69.4,67.2,61.8,53.8,61.6,60.8,70.2,63.6,58.6,53.9,58.8,54.7,60.4,64.8,57.6,59.4,66.7,64.6,53.1,60.5,61.1,60.7,55.5,,44.4,53.9,58.5,61.8,66.5,70.2,60.6
07-06,62.8,64.0,59.3,46.2,39.2,62.7,58.9,59.6,60.0,64.7,57.2,64.3,65.6,63.6,57.5,64.0,60.2,69.1,59.5,60.4,51.4,60.3,58.1,60.7,64.9,56.9,56.7,65.9,67.0,57.8,61.7,63.6,62.8,58.3,,39.2,56.7,58.8,63.6,65.4,69.1,60.3
07-07,61.0,63.3,54.8,50.0,50.6,63.8,60.8,57.2,58.1,65.6,60.6,59.1,68.0,65.0,58.9,64.8,61.2,65.3,59.7,57.7,53.1,57.4,61.5,60.1,64.8,54.5,55.8,67.5,66.6,61.5,60.7,67.2,63.5,57.8,,50.0,54.6,58.1,63.6,66.3,68.0,60.8
07-08,59.3,59.7,54.5,48.5,57.7,66.6,63.2,60.0,60.0,56.2,61.9,60.5,68.5,59.4,56.5,65.9,62.1,64.2,60.7,55.0,58.5,54.9,63.3,61.2,64.2,52.6,62.2,64.0,67.4,52.6,55.1,67.9,64.4,58.5,,48.5,54.6,58.4,63.2,66.4,68.5,60.3
07-09,55.1,56.8,54.2,53.7,64.1,65.6,60.8,64.9,62.9,56.6,61.9,58.7,64.9,61.2,60.8,65.3,57.5,65.6,62.1,54.3,59.1,55.3,65.9,63.7,65.4,55.4,63.3,65.8,66.1,54.3,59.1,65.2,65.9,62.2,,53.7,54.6,58.6,64.9,65.7,66.1,62.0
07-10,59.4,55.3,55.9,56.1,65.3,61.0,63.8,60.4,61.4,60.3,53.8,59.8,68.7,67.0,63.4,60.4,59.3,66.4,63.4,59.1,59.4,57.0,66.9,66.4,62.1,54.0,52.0,62.7,67.0,61.7,60.4,62.8,63.6,63.6,,52.0,55.5,59.4,63.4,66.7,68.7,61.2
07-11,64.4,57.9,55.6,54.0,60.3,57.6,61.6,49.6,61.3,62.5,58.6,60.4,71.1,69.3,63.4,60.6,62.1,67.6,59.4,61.2,58.7,59.1,66.3,61.1,58.4,56.5,46.4,62.6,64.9,64.9,62.0,65.9,61.9,61.7,,46.4,55.9,59.1,62.5,66.2,71.1,61.3
07-12,66.4,61.2,47.8,53.4,58.6,56.3,61.5,41.2,59.3,63.8,65.1,61.5,73.3,69.4,64.6,66.8,58.3,66.4,58.6,63.5,62.2,56.6,68.0,58.1,62.4,57.8,53.1,62.6,63.2,64.0,63.4,68.2,65.5,61.8,,41.2,54.2,58.6,64.1,67.7,73.3,62.3
07-13,65.3,64.5,50.9,52.2,58.9,53.9,61.8,49.3,64.1,64.5,67.2,64.1,73.8,67.8,65.2,70.7,57.8,67.4,60.7,58.5,59.6,59.4,63.5,57.3,64.6,58.0,55.0,64.5,64.8,61.1,58.8,68.1,66.4,62.1,,49.3,54.2,58.9,64.6,67.7,73.8,62.8
07-14,62.5,66.4,58.6,56.0,59.7,53.4,63.2,57.7,64.2,56.8,67.7,62.2,73.1,66.2,66.2,68.2,66.2,69.5,59.9,51.3,55.2,57.9,57.0,59.7,65.4,60.2,58.6,64.5,62.3,64.2,55.4,63.7,66.7,59.3,,51.3,55.6,58.6,64.6,67.4,73.1,62.3
07-15,64.1,65.1,57.2,54.6,62.3,57.1,59.9,64.0,67.4,54.0,67.0,56.5,70.6,69.9,63.3,69.0,68.7,70.3,63.8,57.4,58.2,58.2,58.1,64.7,64.2,55.6,62.4,66.3,64.6,62.6,57.1,64.6,61.7,60.6,,54.0,56.7,58.2,64.6,68.9,70.6,62.9
07-16,63.4,65.9,57.2,48.8,64.1,58.0,53.4,65.8,66.9,52.4,64.3,59.4,64.6,69.4,64.6,70.7,69.7,69.0,63.6,62.4,65.0,59.8,57.6,62.9,59.4,57.7,60.4,65.1,62.8,62.0,60.7,64.5,64.9,66.0,,48.8,57.3,60.4,64.9,68.4,70.7,63.5
07-17,65.1,64.4,60.1,52.5,64.7,60.7,57.8,64.4,68.6,55.0,62.1,59.7,64.3,70.6,64.9,60.4,70.6,63.8,62.4,65.0,64.6,64.2,57.8,62.3,61.2,53.9,61.3,61.5,62.5,59.8,64.0,65.4,69.4,66.6,,52.5,57.8,61.2,64.6,68.0,70.6,63.1
07-18,59.6,60.5,61.9,51.6,66.2,57.5,61.4,59.9,70.5,59.3,58.0,59.3,60.0,69.9,62.7,59.6,69.8,68.7,62.5,66.1,64.3,64.5,61.8,63.6,62.9,49.8,65.1,64.3,63.3,62.2,62.4,68.6,65.8,64.8,,49.8,58.4,60.5,64.5,68.7,70.5,62.6
07-19,60.3,53.8,61.7,57.8,61.0,55.4,59.7,58.9,69.6,60.8,61.4,61.2,60.9,69.7,63.0,66.7,68.2,69.1,62.4,65.6,61.6,61.6,64.6,64.7,62.4,53.3,65.8,65.8,64.9,61.9,60.6,66.2,63.2,64.6,,53.3,58.1,61.0,64.7,67.7,69.7,62.2
07-20,56.5,59.1,56.9,59.2,61.7,57.3,57.2,58.3,67.4,61.5,63.5,63.2,58.9,68.4,60.1,69.2,68.0,68.4,67.5,60.8,61.2,55.8,65.4,65.4,62.2,49.9,65.9,64.9,66.4,61.7,60.0,64.1,63.7,60.6,,49.9,57.0,59.9,65.0,67.8,69.2,61.7
07-21,55.2,57.6,54.5,50.3,66.2,55.9,59.1,61.3,66.3,62.0,64.8,62.6,61.7,70.8,60.9,70.0,70.1,68.1,60.8,60.7,63.2,59.2,66.0,64.4,62.0,56.5,67.0,63.2,66.6,64.2,61.4,66.1,64.1,61.9,,50.3,56.1,60.9,65.0,67.8,70.8,62.3
07-22,57.6,58.8,61.9,45.6,66.9,54.2,60.6,62.2,63.0,62.6,67.7,61.0,64.3,71.9,61.3,70.1,71.4,71.2,63.0,64.5,61.4,60.4,63.2,65.1,63.3,56.4,68.1,63.4,60.5,66.8,57.8,62.1,67.6,67.0,,45.6,57.7,61.3,65.2,69.5,71.9,63.0
07-23,59.9,59.3,59.0,43.4,63.1,54.3,61.6,58.0,62.2,64.9,68.2,63.4,65.4,72.5,59.8,63.5,70.6,71.5,63.2,66.5,59.6,58.6,63.7,63.8,68.5,57.1,59.8,62.2,61.2,67.3,58.0,62.8,65.4,70.4,,43.4,58.0,59.8,65.0,69.8,72.5,63.0
07-24,56.3,56.1,58.8,44.0,64.3,56.9,63.7,58.4,58.9,64.8,64.4,64.5,68.2,71.5,58.1,63.6,65.8,63.0,64.8,62.7,61.0,63.4,57.9,65.2,63.3,58.5,61.2,64.5,64.9,61.9,57.9,64.5,65.0,64.0,,44.0,57.2,58.9,64.5,65.1,71.5,63.3
07-25,59.0,55.0,57.6,50.6,64.2,59.6,60.8,58.7,61.3,57.5,66.6,64.5,57.0,65.1,61.3,60.8,66.1,60.7,66.7,61.6,63.3,64.0,60.2,62.4,60.6,59.0,65.4,58.9,64.4,62.1,60.1,64.9,62.4,61.7,,50.6,57.5,60.1,63.3,65.3,66.7,61.3
07-26,50.0,57.4,59.2,45.6,67.1,62.0,64.0,60.5,59.3,62.3,67.4,62.7,57.0,61.6,58.1,55.9,62.9,62.6,67.5,62.3,63.2,61.8,65.1,64.9,61.5,61.9,65.9,58.3,64.3,61.2,61.5,67.0,64.0,62.8,,45.6,57.1,61.1,63.3,66.7,67.5,62.2
07-27,54.4,59.2,62.7,49.2,65.3,61.5,64.8,62.8,61.6,64.8,66.7,62.5,58.0,63.2,58.2,58.9,66.4,62.2,67.1,60.9,62.4,58.7,64.3,57.0,64.6,50.4,65.1,58.5,63.4,58.3,63.2,66.2,66.0,63.6,,49.2,57.3,59.1,64.3,66.1,67.1,62.6
07-28,58.2,62.5,62.5,59.2,67.4,65.9,62.7,57.9,57.4,65.0,68.2,65.8,56.4,65.8,60.2,63.6,69.5,64.4,63.7,57.9,64.9,59.8,65.4,54.9,62.2,46.6,65.3,60.0,64.6,60.6,54.8,60.0,63.4,64.6,,46.6,56.7,60.0,64.7,65.9,69.5,62.6
07-29,61.2,63.9,62.0,63.4,68.6,68.9,56.0,57.3,60.0,59.3,69.6,62.6,61.3,67.1,60.2,65.6,70.1,66.9,64.9,56.4,60.8,61.8,65.1,57.5,53.8,53.1,65.1,61.2,62.4,62.2,58.5,62.0,62.2,67.2,,53.1,56.7,60.7,64.9,68.2,70.1,62.1
07-30,63.0,63.7,61.5,61.8,68.1,52.1,58.2,55.8,61.6,57.3,71.6,62.5,64.8,68.3,62.5,63.4,66.2,69.5,63.4,56.2,63.3,61.3,65.9,60.8,51.9,58.3,64.5,62.6,61.6,64.3,62.9,60.2,64.3,67.1,,51.9,56.5,61.5,64.3,67.8,71.6,62.8
07-31,64.2,64.0,64.7,58.9,63.8,51.8,59.9,58.5,60.0,56.9,72.6,54.0,63.2,71.2,64.8,63.4,56.9,68.8,63.3,57.9,64.8,60.3,63.0,63.7,55.4,61.2,63.3,63.6,66.2,62.1,65.8,59.4,66.0,63.4,,51.8,56.9,60.0,64.0,66.1,72.6,63.3
08-01,59.2,57.8,66.2,57.7,63.0,57.7,60.4,60.6,52.3,59.9,73.3,62.0,61.3,69.1,63.0,62.5,52.2,65.7,67.2,60.0,60.9,55.4,64.0,65.4,60.1,63.0,63.9,65.1,66.7,59.2,67.5,57.9,65.3,59.5,,52.2,57.7,59.8,64.1,67.1,73.3,61.7
08-02,56.6,59.1,66.5,57.7,64.0,61.2,61.8,63.7,54.8,65.0,69.7,67.2,62.1,66.2,60.8,59.9,55.8,60.2,65.9,62.8,62.4,58.8,62.5,59.5,61.5,65.8,64.2,64.8,62.3,62.8,67.5,56.3,57.4,55.6,,54.8,56.4,59.8,64.0,66.4,69.7,62.2
08-03,58.2,56.9,65.4,56.3,66.7,63.2,53.4,66.3,59.3,64.5,67.9,63.7,62.0,57.3,60.2,60.2,57.6,62.2,64.3,63.8,61.0,58.8,59.3,60.8,62.2,53.8,61.3,63.3,61.7,64.8,66.9,58.1,60.5,52.0,,52.0,56.5,59.2,63.4,66.1,67.9,61.2
08-04,60.6,56.9,64.5,54.0,68.9,59.0,50.0,56.8,60.0,59.9,62.1,65.2,63.0,57.5,64.0,60.6,60.5,60.8,64.4,62.4,60.8,59.3,59.5,62.5,56.9,57.3,58.6,63.0,58.9,65.1,62.4,61.1,64.3,54.4,,50.0,56.8,59.0,62.4,64.5,68.9,60.6
08-05,62.5,57.4,64.8,53.3,69.2,61.7,56.8,55.0,63.1,57.9,60.8,66.2,60.4,63.9,64.6,63.8,60.5,63.3,62.2,64.2,60.5,56.5,65.8,62.3,54.5,57.0,60.9,61.5,58.9,63.6,63.6,65.2,60.8,56.1,,53.3,56.2,60.3,63.6,65.1,69.2,61.6
08-06,65.6,58.0,60.9,57.0,65.8,66.3,49.2,57.6,65.0,59.8,62.5,70.5,62.1,63.6,62.7,65.2,63.1,63.1,64.0,60.9,60.7,59.0,65.1,62.9,55.3,55.5,61.7,58.7,58.6,65.5,63.4,55.9,54.4,55.6,,49.2,55.5,58.7,63.4,65.6,70.5,61.9
08-07,67.9,59.2,63.3,53.9,66.6,65.9,54.9,60.4,66.6,60.2,64.9,70.0,61.5,64.4,58.4,65.6,63.7,62.3,62.7,49.7,60.4,58.2,64.7,62.7,55.1,55.1,59.8,55.7,60.6,60.8,60.5,55.7,55.9,55.1,,49.7,55.1,58.4,63.3,66.4,70.0,60.5
08-08,68.9,62.4,64.7,55.6,64.9,49.0,61.7,62.1,60.8,61.2,68.0,69.7,52.7,65.5,58.1,65.1,62.9,59.8,60.4,42.9,58.4,58.9,69.1,59.6,53.6,51.2,60.5,53.9,63.4,55.7,60.7,61.5,58.5,50.3,,42.9,51.6,58.3,62.5,67.3,69.7,60.6
08-09,69.0,64.8,65.2,60.1,59.0,57.9,61.7,57.0,62.1,63.2,68.5,63.0,51.8,67.5,60.9,63.4,61.4,63.0,62.7,47.3,54.7,58.3,68.5,60.6,55.3,54.2,61.8,56.3,66.3,57.2,60.9,57.2,63.7,54.6,,47.3,54.6,57.8,63.0,67.1,69.0,61.2
08-10,67.0,65.4,66.6,57.9,60.8,63.5,63.6,51.9,59.6,57.8,70.0,62.6,57.1,69.6,63.2,60.5,63.0,63.5,58.6,53.2,58.7,58.1,62.5,60.7,59.1,58.1,57.5,55.4,68.0,61.3,61.6,57.7,64.8,59.4,,51.9,57.2,58.5,63.3,66.9,70.0,60.7
08-11,60.3,62.8,66.1,55.1,60.6,58.7,65.9,51.2,60.3,49.0,64.4,62.5,63.7,71.3,62.0,60.7,63.1,64.0,55.4,58.2,58.8,58.4,59.1,60.8,61.2,62.5,55.6,59.3,69.2,58.0,61.4,61.4,61.7,59.7,,49.0,55.4,59.0,62.5,65.5,71.3,60.7
08-12,59.0,59.4,66.1,55.0,62.9,59.8,68.0,51.0,62.9,51.5,64.3,65.1,57.7,67.7,62.9,59.2,60.7,67.3,58.1,62.3,50.5,56.8,62.9,58.7,60.0,60.8,56.2,60.4,67.7,53.8,59.0,65.8,61.9,60.2,,50.5,54.1,58.9,62.9,66.9,68.0,60.3
08-13,60.5,61.7,68.0,54.1,63.3,55.3,67.6,52.3,63.6,59.1,65.8,62.4,57.8,68.9,64.2,55.1,58.4,68.3,60.4,62.4,53.3,61.7,63.7,57.7,56.3,63.0,58.8,58.5,63.9,58.6,60.0,66.6,58.1,59.6,,52.3,55.2,58.5,63.3,67.3,68.9,60.4
08-14,63.3,63.1,68.3,56.2,66.7,56.7,63.2,56.8,64.5,60.8,65.2,62.6,62.7,68.0,65.9,56.4,61.3,68.3,60.7,59.4,55.3,62.6,62.1,61.3,58.1,65.2,62.2,53.5,62.6,61.3,58.7,66.9,59.4,59.3,,53.5,56.5,59.4,63.2,66.9,68.3,62.2
08-15,63.0,57.3,65.1,56.4,65.4,61.8,60.6,59.7,61.1,55.0,67.1,59.7,63.8,63.5,63.1,61.1,61.0,64.1,52.4,46.0,58.8,58.0,63.4,64.0,59.3,61.9,62.7,52.0,63.4,61.9,60.9,64.1,60.8,64.4,,46.0,55.4,59.7,63.4,64.3,67.1,61.5
08-16,54.5,55.3,59.5,49.0,65.8,64.1,63.3,54.3,60.9,57.1,64.7,61.7,62.4,60.8,63.7,53.6,62.6,67.6,52.4,44.8,61.9,55.5,63.7,64.5,58.7,59.0,63.1,55.1,62.5,57.9,63.1,65.8,62.2,65.4,,44.8,53.8,57.8,63.2,65.2,67.6,61.8
08-17,54.8,58.9,55.8,50.0,63.0,58.6,62.8,57.8,63.9,61.1,62.9,65.4,60.5,57.5,54.5,56.9,59.8,63.8,58.5,49.5,61.7,60.0,62.8,65.7,60.6,56.6,62.5,57.3,63.1,56.3,67.5,65.8,63.5,65.6,,49.5,55.1,57.8,62.9,65.6,67.5,60.5
08-18,56.7,59.5,60.3,55.5,66.5,50.1,55.8,57.7,56.3,63.0,60.0,66.8,59.7,57.9,53.1,51.8,57.2,60.8,62.5,52.8,64.5,60.7,62.6,64.8,60.9,52.8,58.1,57.9,57.3,58.9,67.9,48.4,63.7,63.2,,48.4,52.8,57.1,61.1,64.7,67.9,59.2
08-19,54.4,55.2,64.8,60.1,60.9,54.9,55.4,58.1,58.1,61.9,61.5,65.4,62.4,63.5,55.0,56.0,60.4,59.9,63.5,56.0,55.5,60.2,61.4,65.4,55.8,54.4,57.3,59.7,57.4,62.8,67.5,42.5,60.9,59.0,,42.5,54.9,56.0,61.4,64.4,67.5,59.8
08-20,51.2,58.4,64.7,55.4,62.7,62.1,60.5,62.6,56.0,60.3,57.7,60.3,59.6,69.2,55.6,60.0,61.7,57.0,59.9,61.1,58.8,61.0,60.5,63.6,53.3,56.1,56.0,60.7,58.9,63.6,64.5,48.0,55.1,58.5,,48.0,55.2,57.7,61.0,63.6,69.2,60.0
08-21,54.7,62.1,66.0,49.8,62.4,59.4,56.6,62.1,58.1,58.2,58.3,54.4,56.1,66.0,54.8,62.1,64.4,59.1,60.2,65.2,66.2,62.0,61.0,59.8,51.7,59.6,60.4,59.2,58.2,63.4,62.5,49.9,56.6,59.0,,49.8,54.5,58.2,62.1,64.9,66.2,59.5
08-22,53.0,63.8,55.8,49.7,56.0,61.6,56.5,62.8,60.9,59.9,61.4,56.3,57.2,57.7,54.4,57.7,66.5,55.9,55.5,67.3,55.9,62.7,61.5,61.5,46.5,54.0,59.8,61.4,51.1,59.8,66.1,51.4,58.8,53.9,,46.5,51.9,55.9,61.4,63.5,67.3,57.7
08-23,53.6,64.2,45.2,55.1,56.5,59.4,60.1,62.9,60.0,62.5,61.4,60.6,57.9,58.9,47.1,58.5,64.9,54.3,62.2,56.6,46.6,62.8,60.6,57.9,43.5,56.6,55.4,54.8,54.2,54.9,64.6,57.9,61.6,56.7,,43.5,49.0,55.4,60.6,62.9,64.9,57.9
08-24,54.8,63.8,42.4,58.6,62.5,58.4,64.0,61.6,55.2,60.0,61.1,61.5,56.8,60.5,47.6,58.4,59.1,54.9,65.3,52.4,52.7,64.9,58.8,55.1,47.7,63.0,51.7,57.1,57.8,59.1,65.1,58.1,61.1,57.7,,42.4,51.9,56.6,61.1,64.0,65.3,58.5
08-25,55.3,62.8,42.5,52.8,62.5,60.5,64.9,62.6,59.4,61.1,61.1,62.2,60.3,62.5,50.0,58.6,58.9,61.7,66.0,52.3,59.1,66.5,57.7,57.6,49.1,66.1,50.3,57.9,57.8,61.5,65.3,58.9,61.5,60.1,,42.5,50.9,57.9,61.7,65.2,66.5,60.2
08-26,57.5,55.0,43.6,47.8,63.5,61.0,64.7,64.6,50.9,62.0,55.7,65.2,61.3,64.5,42.9,57.8,49.1,65.2,55.6,56.9,63.7,66.2,62.3,58.0,51.0,56.3,52.5,62.2,57.1,53.1,63.0,55.6,59.9,58.7,,42.9,49.7,55.6,62.2,64.7,66.2,57.9
08-27,57.3,56.0,49.1,49.9,55.9,61.4,63.0,63.6,52.7,62.2,56.9,66.7,57.7,58.3,44.6,59.7,53.8,62.0,54.4,60.9,60.0,65.4,63.1,56.9,51.4,55.5,54.0,61.8,47.2,55.0,63.1,53.8,59.5,58.6,,44.6,50.4,54.9,60.9,63.1,66.7,57.5
08-28,59.8,52.7,57.7,53.0,58.4,60.9,56.7,62.5,57.9,58.7,59.7,64.7,59.3,59.8,49.9,60.3,57.6,60.1,56.4,61.9,56.5,61.2,65.1,59.4,54.4,59.5,58.2,63.5,46.6,60.5,60.2,52.7,56.6,60.0,,46.6,52.8,57.5,60.1,62.3,65.1,59.3
08-29,62.6,55.6,54.9,46.6,57.7,59.4,56.0,58.6,61.2,60.0,61.4,63.9,60.1,52.4,53.6,64.3,61.2,63.1,58.4,61.2,51.0,59.1,64.0,63.0,56.6,63.5,60.7,64.6,53.4,62.0,60.2,55.4,59.2,63.0,,46.6,53.5,57.6,61.5,63.8,64.6,60.0
08-30,61.9,60.5,56.6,44.8,53.6,58.1,59.1,59.2,63.5,56.4,52.1,58.7,59.0,50.5,56.9,49.2,60.4,65.7,63.7,63.3,38.8,60.0,60.3,62.1,54.5,60.4,62.9,60.7,58.8,61.0,54.7,57.1,63.0,54.7,,38.8,51.0,56.6,60.5,63.2,65.7,59.1
08-31,57.6,63.5,50.0,51.4,57.0,61.6,61.9,58.0,60.9,48.3,49.0,59.1,58.2,55.0,59.2,49.6,49.3,63.1,54.4,57.5,43.6,61.3,58.9,62.4,47.0,55.0,63.9,56.6,55.7,61.4,42.5,59.0,64.7,57.6,,42.5,48.5,54.9,59.4,62.9,64.7,57.6
09-01,63.3,57.5,47.9,53.2,58.9,65.8,54.9,59.9,60.0,53.3,47.5,58.9,60.1,58.3,61.8,54.6,52.2,63.6,39.6,59.6,49.2,53.9,52.4,64.4,48.2,59.6,62.3,58.6,53.4,63.5,46.8,56.6,65.0,57.6,,39.6,48.0,53.4,59.9,63.6,65.8,57.9
09-02,59.8,58.0,51.6,50.5,60.1,64.1,54.8,57.4,61.4,48.8,45.5,61.6,59.7,56.6,53.0,60.2,55.3,64.4,43.2,60.4,49.8,51.0,53.2,58.7,53.4,61.1,59.3,61.8,54.7,63.9,56.4,54.6,62.3,56.9,,43.2,50.1,54.5,60.1,62.2,64.4,57.2
09-03,61.9,57.7,57.9,52.9,55.5,61.7,59.6,54.6,63.0,39.7,50.1,64.3,62.3,59.0,41.0,62.3,59.4,64.7,47.2,60.2,54.9,52.4,55.7,59.7,54.9,59.7,55.7,64.1,56.4,61.8,60.2,51.7,65.3,55.3,,39.7,50.6,55.3,60.4,63.7,65.3,58.5
09-04,57.3,57.6,45.5,53.6,50.1,56.3,62.6,52.7,64.8,42.1,56.3,65.4,62.5,61.7,42.8,60.3,62.0,59.4,47.9,60.1,59.7,54.0,56.2,60.9,47.9,58.4,50.4,64.8,57.0,63.6,62.5,52.0,67.2,45.9,,42.1,46.5,53.5,61.0,64.4,67.2,57.5
09-05,54.8,58.7,43.1,53.2,53.7,56.8,47.0,55.0,62.1,48.4,54.5,59.4,59.0,57.7,46.7,56.2,61.5,51.9,47.7,58.5,49.3,55.8,55.7,63.9,52.1,48.7,44.6,58.6,58.4,64.4,65.0,56.6,66.6,49.0,,43.1,47.2,52.1,58.5,63.3,66.6,55.7
09-06,57.3,56.6,43.7,52.8,55.3,57.0,43.4,57.1,60.7,55.0,41.4,36.6,52.7,54.5,49.6,58.2,58.9,48.9,49.4,59.0,40.6,52.1,55.0,61.5,53.7,44.1,49.2,59.6,58.2,55.7,63.8,58.8,66.4,52.0,,36.6,43.5,51.7,57.4,60.3,66.4,55.0
09-07,60.9,51.9,40.1,54.3,58.4,57.9,50.5,55.8,60.2,47.0,47.2,38.6,50.7,55.6,54.0,61.0,54.9,53.4,51.8,55.2,52.3,52.0,52.9,57.1,55.1,48.2,50.9,60.4,59.3,54.4,56.0,59.2,68.6,54.4,,38.6,47.5,52.0,56.1,60.4,68.6,54.4
09-08,61.2,47.6,49.1,52.9,62.9,50.2,54.0,58.1,57.4,48.9,52.4,37.8,47.9,48.8,57.1,61.8,51.2,53.8,52.2,49.4,56.2,53.9,55.2,51.8,53.2,50.1,51.6,60.3,58.3,47.8,33.4,60.4,63.2,55.7,,33.4,47.8,50.2,56.2,61.0,63.2,53.1
09-09,61.7,47.4,48.7,54.8,62.0,50.6,57.9,59.9,56.4,55.8,46.8,46.4,48.2,44.6,57.3,56.9,52.9,49.6,55.4,55.1,41.8,56.5,58.0,52.7,50.7,54.4,47.4,58.2,56.0,47.2,34.7,63.4,50.4,56.6,,34.7,46.5,49.6,56.5,59.4,63.4,54.6
09-10,60.0,44.8,51.5,55.5,55.3,51.8,60.0,58.3,53.2,53.5,52.4,53.4,52.5,39.2,56.4,41.0,53.7,47.3,49.7,58.6,38.2,56.2,58.0,54.9,48.1,56.6,49.6,55.3,57.9,46.8,41.5,62.7,47.8,53.9,,38.2,42.5,49.7,55.6,58.5,62.7,53.5
09-11,62.2,43.0,55.5,57.3,54.8,49.5,53.9,47.7,54.2,48.4,52.2,59.2,54.4,48.1,58.5,44.0,55.9,53.1,45.3,58.0,43.5,53.7,51.7,53.2,42.6,58.2,55.9,58.5,56.1,41.8,48.5,53.2,54.6,52.6,,41.8,43.7,49.4,55.5,58.4,62.2,53.4
09-12,64.5,43.4,53.4,44.5,53.1,52.3,55.1,47.1,48.6,46.7,54.9,61.5,52.6,47.4,56.1,38.7,58.3,55.5,47.7,54.3,50.9,50.7,47.2,51.3,39.4,58.7,52.3,59.0,53.3,43.9,53.8,55.4,57.2,54.5,,38.7,44.1,48.5,54.9,58.6,64.5,52.9
09-13,62.1,45.5,41.5,34.6,51.6,56.2,54.0,57.0,48.3,50.2,58.7,54.9,53.8,40.4,46.6,41.5,59.0,57.7,51.2,54.2,55.0,51.4,51.8,51.7,51.0,58.4,47.3,57.2,50.7,48.2,55.3,52.7,52.5,51.2,,34.6,42.7,50.6,54.9,58.2,62.1,51.8
09-14,63.2,39.1,49.0,39.2,38.0,57.4,46.0,57.1,53.6,51.7,61.2,50.9,55.7,44.6,39.6,43.8,53.2,58.5,52.2,52.1,52.4,50.7,55.3,51.4,54.5,53.2,41.8,51.2,54.0,53.1,57.1,51.2,50.3,49.5,,38.0,40.3,50.2,53.7,57.3,63.2,51.9
09-15,62.1,36.7,53.1,46.6,43.5,57.9,48.3,46.5,57.0,51.9,62.8,53.0,57.4,53.2,43.0,47.5,40.1,55.5,54.5,50.7,49.6,49.3,55.9,52.0,57.0,47.2,41.1,40.6,59.9,57.1,57.5,53.6,49.3,49.9,,36.7,41.7,48.2,55.5,57.8,62.8,52.0
09-16,58.6,43.4,53.5,46.2,48.2,60.9,35.3,40.5,58.0,52.9,63.1,53.5,54.7,51.5,50.7,51.2,34.1,53.3,56.3,54.8,53.1,47.9,55.7,54.9,58.0,40.4,44.3,38.2,55.0,58.6,57.5,52.0,45.3,51.9,,34.1,40.4,48.2,54.9,58.4,63.1,53.0
09-17,53.2,47.7,52.7,40.6,51.8,54.2,32.1,50.3,59.2,53.2,57.2,46.4,44.6,34.1,57.3,45.3,36.9,49.8,56.9,56.4,56.0,43.7,50.1,54.3,59.8,39.4,47.9,43.5,55.2,42.3,57.5,53.1,45.9,52.9,,32.1,39.7,45.8,54.2,57.2,59.8,51.1
09-18,52.7,45.7,50.8,39.3,54.6,50.4,32.9,43.5,56.8,54.1,54.2,48.1,42.0,36.3,58.3,44.1,40.6,45.9,55.1,56.9,56.1,45.8,51.5,43.2,59.2,40.1,54.7,48.1,55.3,46.8,59.1,53.8,50.8,53.6,,32.9,40.2,45.8,54.3,56.8,59.2,50.8
09-19,41.7,50.4,50.3,41.9,54.2,51.8,35.5,42.1,43.4,44.1,51.8,52.9,43.9,43.4,44.6,47.5,50.0,53.3,55.4,56.9,58.4,50.5,53.5,40.6,53.3,43.8,55.8,34.9,53.2,49.0,45.9,44.4,52.4,50.8,,34.9,41.8,44.1,52.4,55.0,58.4,50.1
09-20,43.6,51.5,49.5,46.4,51.5,40.9,41.4,42.2,40.4,44.5,44.6,52.1,50.0,46.8,35.2,56.6,40.4,53.6,51.6,49.6,48.0,48.2,54.0,48.2,54.2,48.9,56.2,39.9,45.8,38.6,44.5,38.4,55.0,47.6,,35.2,40.0,44.4,50.2,54.2,56.6,47.8
09-21,45.8,46.1,51.0,43.8,47.8,32.4,49.0,41.2,40.0,48.6,46.5,56.2,44.8,48.0,34.4,49.0,37.7,53.2,47.2,40.9,50.0,48.8,54.9,54.4,50.4,53.4,55.1,37.9,48.8,38.7,51.3,42.0,51.3,40.3,,32.4,38.2,43.6,50.1,54.1,56.2,47.9
09-22,50.1,41.1,55.5,46.3,47.8,39.4,42.2,44.3,42.8,51.9,33.7,55.0,46.7,51.0,36.1,48.4,35.7,53.2,40.5,46.4,50.2,50.3,55.5,49.8,50.1,55.7,47.4,35.0,54.3,42.4,55.8,48.9,45.1,37.0,,33.7,36.4,42.7,50.2,55.3,55.8,47.6
09-23,53.8,44.1,56.6,45.2,54.4,41.3,40.1,45.1,46.4,53.2,25.9,57.6,50.1,53.7,44.6,49.5,37.8,43.2,42.8,52.5,45.3,52.7,55.9,44.1,52.1,55.6,37.4,35.4,52.1,48.6,54.3,50.0,44.6,40.0,,25.9,38.4,44.1,52.5,55.3,57.6,47.5
09-24,51.5,47.6,46.0,42.9,56.0,38.5,46.2,46.7,47.6,50.9,30.6,60.6,53.5,53.9,49.0,41.6,40.1,36.1,50.1,53.6,49.5,54.0,48.3,48.9,56.1,56.8,37.1,34.2,41.9,48.7,55.6,49.9,48.1,45.5,,30.6,37.5,45.9,51.0,55.9,60.6,48.5
09-25,52.5,51.2,35.9,45.4,56.5,44.6,39.8,51.6,41.9,51.0,36.1,60.9,50.4,54.2,50.4,38.2,43.8,37.7,54.4,56.6,54.1,54.1,46.3,37.4,59.0,59.0,42.4,35.0,41.2,47.9,52.4,52.3,51.3,50.8,,35.0,37.5,43.7,52.4,56.6,60.9,50.6
09-26,50.5,53.2,39.9,44.3,55.1,46.9,32.7,50.1,44.2,34.6,42.0,56.3,45.9,54.9,51.8,45.5,46.0,41.9,53.9,57.2,57.3,53.2,46.6,34.2,59.0,58.3,48.8,36.3,44.4,49.8,48.4,54.9,54.0,52.7,,32.7,37.4,45.4,53.3,56.9,59.0,49.3
09-27,50.4,55.0,46.5,48.7,55.0,47.4,35.3,43.3,48.3,29.2,46.7,58.4,47.0,55.5,51.6,46.9,48.3,46.5,55.7,54.6,58.1,52.8,48.9,32.2,47.2,56.9,51.6,41.4,50.1,47.6,39.9,55.2,53.6,51.7,,29.2,40.4,47.0,52.9,55.7,58.4,48.8
09-28,48.8,48.6,48.6,50.7,58.3,48.5,45.7,41.5,49.6,30.0,51.9,58.1,47.0,54.6,52.4,46.0,49.7,51.8,54.8,53.6,58.4,54.9,50.8,39.0,42.5,53.9,54.1,42.9,54.1,39.6,41.7,46.8,55.0,46.8,,30.0,41.6,46.8,53.6,55.0,58.4,49.7
09-29,47.9,44.1,53.0,50.4,48.0,36.5,50.7,46.2,54.4,40.1,52.0,56.0,45.4,56.4,45.8,47.2,50.4,37.2,55.5,57.5,56.4,52.8,51.5,46.8,41.2,54.1,50.4,44.1,57.0,33.5,48.8,37.6,53.2,49.5,,33.5,38.4,46.1,52.8,56.3,57.5,50.0
09-30,50.8,47.0,55.7,52.6,42.6,38.8,52.8,50.5,52.9,46.3,49.6,54.6,38.3,54.2,44.4,51.3,51.2,39.6,55.6,31.7,55.3,55.9,51.3,49.5,39.1,57.6,50.3,39.7,53.9,31.8,50.7,41.1,43.3,52.6,,31.7,38.9,44.3,52.7,55.5,57.6,50.6
