date,2003,2004,2005,2006,2007,2008,2009,2010,2011,2012,2013,2014,2015,2016,2017,2018,2019,2020,2021,2022,2023,2024,Min,10%,30%,70%,90%,Max,Median (POR)
10-01,32.5,55.0,43.8,55.0,52.6,42.4,54.4,27.7,58.3,55.9,51.8,46.3,33.6,58.3,49.8,32.4,49.6,35.0,52.0,46.2,41.1,42.9,27.7,32.5,42.4,52.6,55.9,58.3,49.6
10-02,33.6,49.9,45.8,44.7,46.8,37.2,53.4,32.3,58.7,53.1,52.7,42.4,37.5,45.1,48.8,28.7,52.7,32.7,51.0,47.8,45.4,38.1,28.7,32.7,42.4,49.9,53.1,58.7,45.8
10-03,33.3,48.3,46.8,36.3,45.4,45.9,48.9,38.8,56.8,51.9,44.6,31.0,41.4,43.9,35.5,34.3,48.9,42.4,51.2,48.5,46.2,37.4,31.0,34.3,41.4,48.3,51.2,56.8,45.4
10-04,34.9,48.9,46.7,32.1,46.9,48.5,41.0,34.8,48.3,46.8,40.3,29.1,44.2,45.2,34.5,38.2,42.5,37.1,51.1,50.7,46.7,39.8,29.1,34.5,38.2,46.8,48.9,51.1,44.2
10-05,38.4,50.1,45.2,32.0,48.2,42.0,37.5,27.6,48.1,41.5,35.9,33.2,46.4,48.4,32.8,38.6,35.6,33.6,50.9,51.9,48.4,42.8,27.6,32.8,35.9,48.1,50.1,51.9,41.5
10-06,40.7,51.2,45.5,37.3,43.5,30.3,38.7,29.0,48.0,30.0,33.5,42.5,47.8,46.9,32.0,36.7,35.7,35.4,50.8,46.8,49.6,45.9,29.0,30.3,35.7,46.8,49.6,51.2,40.7
10-07,43.2,49.6,47.9,45.5,37.4,30.6,44.2,34.2,42.4,30.9,35.5,48.3,49.0,47.7,37.7,45.3,36.6,42.3,52.0,45.0,49.6,48.4,30.6,34.2,37.7,47.7,49.6,52.0,44.2
10-08,42.4,51.2,50.5,42.0,38.7,40.1,43.8,32.6,36.9,34.1,42.1,42.5,48.5,48.9,44.6,33.1,35.1,46.4,53.6,40.0,49.0,48.8,32.6,34.1,40.0,46.4,50.5,53.6,42.4
10-09,42.5,55.0,51.3,35.4,36.7,48.3,38.9,34.2,40.4,35.2,44.4,41.9,48.5,49.9,47.2,30.7,32.2,31.0,52.4,36.1,49.3,50.0,30.7,32.2,36.1,48.3,51.3,55.0,41.9
10-10,46.8,36.9,42.0,36.9,35.6,48.1,28.0,31.7,43.4,37.9,47.7,37.0,46.7,54.4,48.8,37.9,30.9,18.8,51.6,37.0,47.7,49.5,18.8,30.9,36.9,46.8,48.8,54.4,37.9
10-11,37.8,36.7,44.3,38.5,38.4,40.6,26.8,33.6,43.1,39.3,50.6,32.9,44.4,50.0,44.5,43.0,32.3,27.0,34.0,36.9,46.3,36.7,26.8,32.3,36.7,43.1,46.3,50.6,38.5
10-12,33.4,44.1,43.8,40.0,40.1,44.8,23.0,40.5,39.8,39.1,45.7,37.0,35.1,47.9,39.5,34.5,34.3,35.5,41.3,29.2,45.9,33.5,23.0,33.4,35.5,41.3,45.7,47.9,39.8
10-13,39.9,33.0,41.7,42.5,42.6,39.4,24.8,40.9,42.2,43.7,39.1,36.9,37.1,51.1,46.3,35.3,33.1,40.2,48.2,26.9,46.3,36.9,24.8,33.0,37.1,42.5,46.3,51.1,40.2
10-14,40.1,38.5,44.7,49.2,43.6,40.1,33.2,39.9,46.7,46.8,41.5,31.6,47.2,51.3,49.3,26.6,23.0,40.8,41.2,26.1,46.5,39.8,23.0,26.6,39.9,46.5,49.2,51.3,41.2
10-15,41.2,41.3,46.5,49.0,43.3,41.4,39.3,40.1,46.9,50.6,44.5,28.5,47.9,51.4,47.4,36.6,28.1,42.2,33.0,29.3,45.7,,28.1,29.3,40.1,46.5,49.0,51.4,42.2
10-16,41.3,45.1,48.7,44.5,34.5,40.4,41.1,41.1,47.2,46.1,41.3,30.6,40.3,50.9,39.3,42.8,36.5,47.5,39.6,39.1,43.3,,30.6,36.5,40.3,44.5,47.5,50.9,41.3
10-17,41.3,50.2,41.9,44.9,29.9,29.9,45.0,46.0,46.5,36.6,32.3,33.3,45.8,50.1,33.0,45.5,39.0,44.7,46.4,44.2,46.7,,29.9,32.3,39.0,45.8,46.7,50.2,44.7
10-18,40.6,52.8,31.2,47.1,28.6,29.5,46.7,50.6,43.9,37.7,37.0,32.6,47.0,48.2,31.6,44.6,38.9,30.8,46.1,40.1,49.2,,28.6,30.8,37.0,46.7,49.2,52.8,40.6
10-19,40.4,51.2,34.0,45.5,34.0,42.4,44.7,43.0,41.8,42.5,43.9,36.8,46.6,41.9,30.7,47.2,41.2,30.0,45.1,34.2,49.4,,30.0,34.0,40.4,44.7,47.2,51.2,42.4
10-20,40.4,51.9,35.3,41.8,32.9,31.1,45.1,35.5,44.8,40.7,48.1,38.5,49.0,39.3,33.8,36.9,44.5,25.8,45.0,36.3,47.3,,25.8,32.9,36.3,44.8,48.1,51.9,40.4
10-21,41.1,54.0,33.8,41.0,28.8,25.0,32.3,34.5,45.6,43.2,43.3,37.8,40.7,40.0,42.1,30.1,45.3,30.3,45.4,42.2,47.5,,25.0,30.1,34.5,43.2,45.6,54.0,41.0
10-22,35.8,54.6,30.9,44.2,31.5,30.8,29.0,36.7,41.8,41.2,40.2,41.7,36.6,40.0,45.3,41.3,44.9,36.1,29.6,44.2,36.5,,29.0,30.8,36.1,41.7,44.9,54.6,40.0
10-23,32.6,46.5,33.2,46.0,39.4,40.9,37.5,36.6,38.1,42.6,29.6,43.3,45.5,38.5,46.4,39.8,39.7,30.7,28.7,34.5,25.4,,25.4,29.6,34.5,40.9,46.0,46.5,38.5
10-24,30.7,35.4,27.8,48.2,42.1,47.9,38.4,35.6,38.0,45.1,25.5,44.1,49.1,41.5,43.8,40.4,40.3,27.1,36.5,37.5,26.2,,25.5,27.1,35.6,42.1,47.9,49.1,38.4
10-25,31.8,32.4,30.1,47.1,29.8,47.9,42.5,27.2,26.8,31.9,23.3,42.9,51.2,43.7,42.9,44.0,37.0,37.2,14.8,41.5,29.2,,14.8,26.8,30.1,42.9,47.1,51.2,37.0
10-26,34.3,38.5,35.0,43.7,27.3,43.5,41.9,34.0,24.6,25.4,23.8,41.6,36.8,41.6,45.2,39.5,40.0,34.8,15.3,30.0,25.1,,15.3,24.6,30.0,40.0,43.5,45.2,35.0
10-27,33.7,42.5,39.2,43.4,33.7,40.8,46.4,24.1,23.2,28.5,32.6,42.3,29.7,33.0,49.6,37.6,44.7,17.3,27.9,33.7,24.4,,17.3,24.1,29.7,40.8,44.7,49.6,33.7
10-28,28.3,44.5,31.2,36.9,39.7,44.1,47.9,21.9,31.9,31.7,38.8,37.1,32.6,35.7,47.0,40.3,47.2,13.9,35.5,38.1,30.0,,13.9,28.3,31.9,39.7,47.0,47.9,36.9
10-29,22.2,36.7,29.0,32.4,40.2,47.0,45.8,20.4,40.0,36.7,41.8,29.9,39.3,33.8,45.0,42.1,38.4,7.5,38.3,40.6,34.1,,7.5,22.2,33.8,40.2,45.0,47.0,38.3
10-30,18.4,20.0,30.3,29.8,29.8,39.5,46.1,29.6,38.3,37.5,42.2,28.1,44.6,32.7,48.0,32.2,28.0,7.8,40.9,42.7,33.6,,7.8,20.0,29.8,39.5,44.6,48.0,32.7
10-31,16.3,17.1,22.4,32.1,24.0,33.5,46.6,36.6,35.0,39.2,45.5,30.8,47.3,40.0,34.3,32.8,27.0,22.8,39.7,40.9,36.6,,16.3,22.4,30.8,39.2,45.5,47.3,34.3
11-01,11.9,22.3,17.6,41.8,25.7,33.7,46.3,38.8,34.4,26.3,42.5,33.2,42.0,42.9,33.0,41.2,34.5,24.5,41.6,38.4,41.4,,11.9,22.3,33.0,41.4,42.5,46.3,34.5
11-02,11.3,22.8,26.1,45.4,35.1,32.5,38.0,37.2,40.4,22.0,35.9,37.6,30.2,41.9,32.8,42.1,38.2,29.9,45.4,36.2,28.2,,11.3,22.8,30.2,38.0,42.1,45.4,35.9
11-03,17.3,23.3,33.6,31.6,36.0,35.3,34.8,39.7,41.5,31.1,36.7,24.2,26.4,35.5,38.5,38.0,31.6,34.6,46.6,36.0,20.5,,17.3,23.3,31.6,36.0,39.7,46.6,34.8
11-04,22.0,18.1,35.5,29.3,34.0,39.4,28.9,44.0,43.3,34.6,39.6,18.8,30.6,27.1,41.9,33.0,31.0,34.0,44.9,42.0,21.4,,18.1,21.4,29.3,39.4,43.3,44.9,34.0
11-05,27.0,17.0,37.2,26.3,35.0,40.1,19.8,46.4,44.8,19.9,40.0,19.5,36.2,24.5,42.2,29.6,29.6,34.8,44.7,40.6,29.4,,17.0,19.8,27.0,40.0,44.7,46.4,34.8
11-06,33.6,18.3,38.6,37.2,40.2,40.5,20.0,42.1,44.6,21.3,41.6,29.2,41.9,23.5,40.8,26.6,25.4,36.5,47.3,43.9,28.0,,18.3,21.3,28.0,40.8,43.9,47.3,37.2
11-07,35.4,22.8,42.1,38.6,45.6,41.1,30.4,36.1,40.8,21.2,43.1,36.9,40.2,26.2,40.5,19.6,23.0,35.4,39.2,34.9,36.6,,19.6,22.8,34.9,40.2,42.1,45.6,36.6
11-08,31.6,28.6,42.6,37.4,43.0,42.1,34.2,30.1,31.8,18.4,42.9,36.8,37.7,31.7,42.9,25.9,19.8,38.6,24.1,32.9,34.4,,18.4,24.1,31.6,37.7,42.9,43.0,34.2
11-09,27.4,30.6,37.2,39.2,28.9,43.3,35.1,33.6,21.2,23.0,28.5,36.7,42.8,33.0,44.1,35.1,23.6,40.7,18.9,34.0,26.5,,18.9,23.0,28.5,36.7,42.8,44.1,33.6
11-10,25.5,29.2,36.5,44.4,24.8,41.8,31.7,38.1,21.9,29.5,17.5,37.9,27.7,25.1,44.5,34.3,26.9,38.8,18.1,29.8,16.5,,16.5,18.1,25.5,36.5,41.8,44.5,29.5
11-11,24.0,28.2,32.3,39.8,28.8,33.6,29.4,43.1,21.1,32.2,13.5,39.8,18.6,23.2,42.6,30.1,19.0,30.9,20.2,32.7,14.4,,13.5,18.6,23.2,32.3,39.8,43.1,29.4
11-12,26.0,28.6,32.5,28.7,21.7,31.1,33.9,32.7,24.7,26.0,20.3,41.3,6.1,25.4,41.6,33.6,17.2,34.7,17.1,37.4,21.3,,6.1,17.2,24.7,32.7,37.4,41.6,28.6
11-13,29.3,30.0,31.3,27.0,28.0,34.1,35.1,18.3,24.4,27.0,27.9,38.7,17.7,28.6,38.8,38.8,26.3,36.1,26.3,39.2,18.7,,17.7,18.7,27.0,34.1,38.8,39.2,28.6
11-14,25.7,28.1,28.9,24.4,23.6,26.3,25.3,18.8,27.5,28.9,30.5,33.1,29.4,34.4,42.2,33.5,32.9,37.1,20.0,41.6,15.7,,15.7,20.0,25.7,32.9,37.1,42.2,28.9
11-15,22.2,27.9,30.1,15.4,22.8,36.3,31.1,15.7,31.1,25.1,30.3,27.1,12.6,33.5,45.9,36.4,32.7,40.8,28.9,44.8,13.9,,12.6,15.4,25.1,32.7,40.8,45.9,30.1
11-16,27.5,28.5,33.5,25.5,32.1,38.7,37.1,24.9,29.4,20.7,34.3,24.9,6.4,25.6,35.9,38.7,33.6,33.5,37.0,33.3,18.8,,6.4,20.7,25.6,33.6,37.1,38.7,32.1
11-17,28.4,24.3,33.3,26.7,33.6,38.6,41.2,33.7,25.7,32.6,35.5,26.2,13.0,21.2,21.2,26.3,26.8,35.1,41.6,20.5,19.9,,13.0,20.5,25.7,33.6,38.6,41.6,26.8
11-18,24.4,28.0,32.3,28.2,31.3,42.3,42.8,33.6,35.9,27.8,34.3,33.0,21.1,26.8,21.9,18.6,20.9,38.8,39.4,31.4,13.2,,13.2,20.9,26.8,33.6,39.4,42.8,31.3
11-19,28.5,33.6,24.1,29.6,34.0,41.6,39.6,27.2,37.1,17.2,34.0,33.4,28.3,30.3,35.8,25.8,26.2,40.1,28.8,34.1,16.6,,16.6,24.1,28.3,34.0,39.6,41.6,30.3
11-20,32.8,30.5,18.6,33.0,39.1,22.5,32.4,34.2,29.2,25.1,36.1,33.1,29.9,22.9,40.7,33.4,31.4,32.0,23.8,28.4,22.4,,18.6,22.5,28.4,33.0,36.1,40.7,31.4
11-21,37.2,17.9,20.5,35.4,40.1,14.3,27.1,24.3,21.4,28.4,37.0,22.3,29.7,18.9,34.1,38.3,34.9,25.6,22.6,25.9,24.9,,14.3,18.9,22.6,34.1,37.2,40.1,25.9
11-22,37.5,6.3,26.9,34.5,39.2,20.2,31.9,20.8,18.7,29.0,26.8,19.5,29.8,27.2,27.8,41.3,31.4,26.2,25.7,34.3,27.5,,6.3,19.5,26.2,31.4,37.5,41.3,27.5
11-23,33.5,8.4,24.2,33.2,27.7,21.3,27.6,18.0,16.7,33.9,32.3,25.5,21.8,33.2,27.1,42.9,29.3,26.5,26.8,32.1,24.8,,8.4,18.0,24.8,32.1,33.5,42.9,27.1
11-24,24.3,16.2,25.5,30.5,21.9,23.9,30.4,21.0,-2.8,35.1,36.6,27.1,20.3,32.5,22.4,38.6,23.9,29.2,19.6,20.9,23.1,,-2.8,19.6,21.9,29.2,35.1,38.6,23.9
11-25,16.9,15.3,31.4,32.1,25.2,29.5,34.7,28.3,2.4,24.9,31.8,28.1,28.6,28.5,28.7,37.8,18.0,22.4,23.9,25.7,31.6,,2.4,16.9,24.9,29.5,32.1,37.8,28.3
11-26,21.6,17.0,21.3,22.4,26.2,26.7,36.6,34.3,18.6,19.0,25.8,30.9,35.0,11.8,31.9,45.5,21.5,11.8,17.0,34.2,27.0,,11.8,17.0,21.3,30.9,35.0,45.5,25.8
11-27,24.7,15.2,19.5,13.2,23.9,23.8,33.1,34.5,24.5,30.7,32.2,34.1,38.4,9.4,26.0,36.3,31.2,19.3,19.6,34.3,24.3,,9.4,15.2,23.8,32.2,34.5,38.4,24.7
11-28,30.0,24.5,13.9,11.4,9.7,15.5,28.6,29.3,18.7,34.9,37.3,33.7,40.6,11.8,21.6,27.9,30.4,24.6,25.0,36.9,20.8,,9.7,11.8,20.8,30.0,36.9,40.6,25.0
11-29,32.3,32.6,7.9,20.3,1.5,21.4,31.0,25.1,11.1,31.5,36.6,30.6,37.9,9.8,17.7,28.5,28.1,25.4,23.8,38.5,11.7,,1.5,9.8,20.3,31.0,36.6,38.5,25.4
11-30,33.6,34.2,11.4,16.2,11.5,26.3,33.8,28.2,13.9,27.7,36.4,29.8,27.4,11.3,17.3,29.9,26.8,14.9,27.8,33.3,24.0,,11.3,11.5,17.3,29.8,33.8,36.4,27.4
12-01,31.2,33.6,13.3,27.4,14.8,20.8,35.1,25.4,27.9,18.0,36.4,32.3,30.4,14.5,18.9,30.4,20.0,19.9,18.9,37.1,30.0,,13.3,14.8,19.9,30.4,35.1,37.1,27.4
12-02,27.8,28.8,14.0,24.4,8.0,19.8,32.8,12.4,33.9,17.9,34.7,33.4,33.5,23.0,13.6,33.9,17.4,30.1,15.5,39.5,13.3,,8.0,13.3,17.4,32.8,33.9,39.5,24.4
12-03,27.9,28.6,18.1,15.1,13.5,34.4,26.7,5.3,31.1,13.7,22.3,12.9,32.7,30.9,18.3,30.7,14.2,29.8,22.5,36.6,21.1,,5.3,13.5,18.1,29.8,32.7,36.6,22.5
12-04,29.2,28.2,23.0,8.5,23.8,37.7,20.2,15.5,31.8,12.0,31.2,-2.3,34.5,29.9,26.2,15.5,9.6,30.7,28.6,37.0,30.6,,-2.3,9.6,20.2,30.6,34.5,37.7,28.2
12-05,28.6,30.5,20.2,11.8,27.5,31.4,21.4,13.7,31.8,2.6,35.0,-4.1,33.7,23.1,11.1,14.5,19.5,30.5,31.7,33.5,22.4,,-4.1,11.1,19.5,30.5,33.5,35.0,23.1
12-06,26.6,33.3,19.8,9.3,26.6,28.6,32.3,3.0,29.2,11.0,31.6,-0.4,34.2,30.0,8.6,13.9,22.9,29.5,30.5,28.0,18.8,,-0.4,8.6,18.8,29.5,32.3,34.2,26.6
12-07,25.4,29.1,24.0,-2.3,30.5,27.0,32.9,5.3,27.7,20.4,24.6,6.9,33.5,34.6,4.2,18.6,25.9,32.1,30.5,30.1,17.4,,-2.3,5.3,20.4,30.1,32.9,34.6,25.9
12-08,25.9,20.5,27.6,6.6,34.0,19.7,23.1,2.5,30.0,21.3,17.5,0.2,33.0,36.2,12.4,24.7,25.3,30.3,32.7,30.6,17.0,,0.2,6.6,19.7,30.0,33.0,36.2,24.7
12-09,28.2,16.8,31.2,14.3,30.9,17.6,17.3,0.9,32.2,20.3,9.3,-1.5,34.5,37.4,29.9,27.3,20.6,23.7,33.5,23.2,18.9,,-1.5,9.3,17.6,29.9,33.5,37.4,23.2
12-10,26.2,20.1,35.5,19.3,28.4,16.8,26.0,5.4,28.2,23.0,18.9,12.3,35.7,31.4,30.8,29.1,27.0,22.2,25.9,13.2,25.8,,5.4,13.2,20.1,28.2,31.4,35.7,25.9
12-11,23.4,21.9,37.7,23.8,24.1,10.5,26.6,16.3,25.3,25.5,24.2,15.2,37.7,21.5,22.8,33.5,21.5,25.4,17.9,18.3,28.9,,10.5,16.3,21.5,25.4,33.5,37.7,23.8
12-12,26.3,20.3,37.6,25.2,27.4,13.0,29.3,24.9,34.6,23.9,27.4,23.1,39.3,19.4,20.0,34.9,20.9,29.8,12.4,28.1,21.5,,12.4,19.4,21.5,28.1,34.9,39.3,25.2
12-13,27.7,27.3,31.0,17.5,31.7,14.5,17.6,25.9,36.3,22.4,27.6,20.2,29.7,26.3,19.3,29.3,15.7,25.7,15.5,31.5,18.6,,14.5,15.7,19.3,27.7,31.5,36.3,25.9
12-14,32.6,25.7,31.8,8.3,35.0,9.7,10.0,21.0,33.4,19.5,27.4,22.0,22.3,21.6,27.3,23.6,25.8,21.3,18.9,31.6,17.1,,8.3,10.0,21.0,27.3,32.6,35.0,22.3
12-15,26.9,12.8,27.2,11.8,30.5,13.7,10.4,24.0,17.1,17.5,22.1,27.6,19.8,16.1,36.2,29.6,29.7,10.8,15.9,13.7,13.4,,10.4,11.8,13.7,26.9,29.7,36.2,17.5
12-16,25.4,15.3,22.9,13.1,13.2,23.4,12.4,30.6,8.8,18.1,20.9,29.8,26.0,15.2,26.0,25.0,32.1,9.4,22.4,18.5,8.2,,8.2,9.4,15.2,25.0,29.8,32.1,20.9
12-17,23.2,23.2,25.0,12.8,12.5,23.9,10.0,28.8,13.1,26.5,25.1,31.6,24.5,14.1,3.2,18.6,31.9,12.1,26.3,16.5,11.5,,3.2,11.5,13.1,25.0,28.8,31.9,23.2
12-18,16.6,27.1,26.2,16.2,10.4,26.0,13.7,22.5,27.0,28.3,13.9,35.1,23.4,27.7,0.9,25.8,31.0,22.6,21.7,16.8,16.2,,0.9,13.7,16.6,26.2,28.3,35.1,22.6
12-19,14.4,32.5,29.6,27.9,14.8,27.3,12.6,23.9,32.5,21.8,4.4,26.2,26.8,30.5,15.9,30.6,26.7,22.0,22.1,25.5,18.0,,4.4,14.4,21.8,27.3,30.6,32.5,25.5
12-20,17.2,33.0,22.6,32.7,15.8,25.7,7.2,31.2,23.2,20.7,15.0,14.8,28.7,25.3,30.1,27.1,28.4,25.7,29.3,28.3,24.4,,7.2,15.0,22.6,28.4,31.2,33.0,25.7
12-21,19.1,27.0,12.6,35.7,20.8,12.0,18.5,28.7,24.9,17.7,24.2,18.8,31.3,25.2,22.2,13.8,29.5,31.6,35.0,27.6,22.7,,12.0,13.8,19.1,27.6,31.6,35.7,24.2
12-22,17.6,19.7,10.2,36.1,21.6,9.9,21.3,25.7,28.2,11.1,26.6,22.7,25.0,22.8,20.0,18.0,14.8,35.2,23.7,30.2,5.8,,5.8,10.2,18.0,25.0,30.2,36.1,21.6
12-23,11.5,24.2,4.8,30.9,19.6,19.7,11.8,17.0,28.3,16.2,24.9,28.9,15.9,15.9,24.0,19.2,22.4,32.0,10.4,31.6,22.0,,4.8,11.5,16.2,24.2,30.9,32.0,19.7
12-24,9.6,28.2,16.3,30.4,19.1,23.7,14.0,9.4,22.8,22.0,21.4,21.8,25.6,14.4,28.6,15.6,25.3,29.6,17.8,27.4,28.9,,9.4,14.0,17.8,25.6,28.9,30.4,22.0
12-25,10.6,27.5,24.9,34.8,28.8,9.6,22.0,12.4,26.0,28.2,14.2,18.2,19.6,11.6,14.8,26.1,26.1,22.5,26.1,25.0,32.6,,9.6,11.6,18.2,26.1,28.8,34.8,24.9
12-26,16.6,20.2,31.1,31.2,34.0,9.1,7.2,12.6,24.7,25.9,17.3,24.5,11.2,4.9,9.2,23.6,16.1,17.5,27.4,17.5,35.1,,4.9,9.1,16.1,24.7,31.2,35.1,17.5
12-27,27.8,9.0,31.2,27.2,29.7,4.7,10.0,15.7,20.2,25.8,14.8,29.0,10.3,8.6,18.6,28.7,12.1,14.5,19.2,16.1,33.3,,4.7,9.0,14.5,27.2,29.7,33.3,18.6
12-28,31.9,11.5,30.8,34.6,23.0,8.8,25.8,16.9,20.3,32.1,12.3,24.5,15.3,12.0,18.7,31.3,7.4,7.8,15.1,7.6,22.4,,7.4,7.8,12.3,24.5,31.9,34.6,18.7
12-29,23.4,18.1,29.7,23.2,19.8,15.8,32.3,18.5,22.1,33.1,12.8,16.8,7.2,8.2,21.6,37.7,13.4,11.4,12.5,13.5,17.7,,7.2,11.4,13.5,22.1,32.3,37.7,18.1
12-30,21.0,22.2,26.2,25.9,20.7,16.6,26.0,18.2,7.1,36.8,13.1,24.3,-4.5,7.5,27.5,34.4,19.2,14.1,17.0,20.6,25.0,,-4.5,7.5,17.0,25.0,27.5,36.8,20.7
12-31,24.2,23.1,26.6,32.6,23.0,7.4,26.8,18.3,-3.1,16.6,6.0,29.4,4.4,2.0,18.3,20.6,6.1,16.5,21.9,12.8,29.3,,-3.1,4.4,12.8,23.1,29.3,32.6,18.3
01-01,20.7,23.2,20.5,24.5,19.7,11.3,29.0,27.6,0.7,24.6,9.5,24.0,14.6,7.7,19.9,24.4,1.7,24.6,16.6,2.0,25.7,,0.7,2.0,14.6,24.4,25.7,29.0,20.5
01-02,25.0,13.8,23.0,29.7,24.9,25.3,29.9,25.3,14.4,34.3,8.5,25.6,18.4,16.9,14.9,21.6,11.4,22.0,20.6,13.8,21.9,,8.5,13.8,16.9,25.0,29.7,34.3,21.9
01-03,31.7,10.1,24.9,26.7,31.5,28.4,5.1,21.6,13.4,33.9,14.4,28.1,19.1,26.8,17.3,28.3,21.0,25.5,25.0,23.4,18.7,,5.1,13.4,19.1,26.8,31.5,33.9,24.9
01-04,32.6,7.5,23.3,23.3,23.1,30.7,0.8,23.9,11.7,32.9,18.3,14.4,25.5,28.9,22.1,31.0,27.9,26.2,27.8,23.9,19.8,,0.8,11.7,22.1,27.8,31.0,32.9,23.9
01-05,27.4,3.2,17.5,23.8,11.9,22.4,13.4,29.2,17.7,35.0,20.2,8.6,32.3,28.4,1.9,33.4,30.1,20.2,21.5,27.3,26.4,,1.9,8.6,17.7,27.4,32.3,35.0,22.4
01-06,26.4,13.2,14.4,33.1,11.6,17.7,22.1,24.9,22.6,27.8,25.0,16.4,34.4,28.4,1.2,30.9,24.7,22.5,22.2,31.9,27.2,,1.2,13.2,22.1,27.2,31.9,34.4,24.7
01-07,30.1,21.9,16.0,31.6,14.7,11.7,30.5,10.7,27.0,20.5,22.7,24.2,35.6,25.3,16.5,26.4,22.8,29.3,23.5,32.6,24.9,,10.7,14.7,21.9,27.0,31.6,35.6,24.2
01-08,30.4,27.3,26.0,19.4,26.6,17.3,31.7,18.7,23.9,18.9,25.6,25.1,33.7,20.9,31.9,32.6,27.4,24.7,21.7,19.6,25.7,,17.3,18.9,21.7,27.3,31.9,33.7,25.6
01-09,24.0,28.9,29.2,15.8,29.7,18.4,20.1,26.6,6.7,25.2,30.1,21.8,29.0,17.8,30.3,34.7,31.4,19.3,17.0,16.6,27.5,,6.7,16.6,19.3,29.0,30.3,34.7,25.2
01-10,25.7,28.4,30.0,26.2,30.2,17.7,19.0,27.6,4.5,26.2,25.9,24.3,31.4,13.8,26.6,26.9,29.7,12.0,14.1,24.3,30.8,,4.5,13.8,24.3,27.6,30.2,31.4,26.2
01-11,26.3,27.3,25.6,28.6,14.8,23.2,25.5,28.9,8.5,12.9,8.2,32.0,30.9,12.3,26.1,25.4,24.4,20.0,19.6,23.5,23.3,,8.2,12.3,20.0,26.1,28.9,32.0,24.4
01-12,27.7,26.6,14.9,17.9,2.4,21.4,27.8,32.0,22.9,14.2,-1.5,21.0,29.8,19.1,19.6,28.6,19.6,17.6,27.9,29.0,25.2,,-1.5,14.2,19.1,27.7,29.0,32.0,21.4
01-13,31.2,26.8,16.6,26.7,-2.0,20.2,27.1,29.8,29.5,22.0,-6.8,26.1,23.4,26.1,22.4,27.5,20.1,19.3,29.8,33.4,32.6,,-6.8,16.6,22.0,27.5,31.2,33.4,26.1
01-14,32.9,28.2,19.1,32.3,-2.7,20.2,25.3,25.3,30.2,31.6,-4.7,24.2,19.7,20.3,22.4,27.2,19.9,20.2,19.8,24.6,30.6,,-4.7,19.1,20.2,27.2,31.6,32.9,24.2
01-15,22.4,26.5,22.9,20.3,3.5,12.7,25.8,24.5,30.8,32.5,9.0,24.0,26.5,19.6,17.5,26.6,24.5,17.7,26.7,25.6,26.9,,3.5,12.7,20.3,26.5,26.9,32.5,24.5
01-16,22.4,20.5,29.6,11.6,13.8,0.0,27.9,31.1,33.1,10.6,15.6,23.8,29.5,23.0,14.4,24.5,27.9,26.0,26.1,28.0,23.5,,0.0,11.6,20.5,27.9,29.6,33.1,23.8
01-17,21.6,21.7,28.8,22.4,12.7,6.6,28.2,29.8,32.5,8.7,22.9,25.6,25.8,26.5,19.8,29.5,29.8,18.7,29.0,29.5,21.8,,6.6,12.7,21.7,28.8,29.8,32.5,25.6
01-18,23.7,21.3,32.3,24.6,8.7,12.4,31.1,28.2,27.6,24.0,23.8,26.9,35.5,28.5,25.6,35.6,23.1,17.9,20.5,26.3,15.4,,8.7,15.4,23.1,27.6,32.3,35.6,24.6
01-19,28.6,20.5,36.5,17.1,19.2,17.9,34.4,25.5,21.0,31.6,24.0,28.8,29.4,23.1,25.9,31.4,26.1,23.1,17.7,21.6,16.4,,16.4,17.7,21.0,28.6,31.6,36.5,24.0
01-20,31.0,16.4,37.2,17.0,17.7,21.6,34.7,23.2,15.0,30.7,23.2,27.6,18.5,22.7,22.6,19.5,32.2,29.2,23.0,20.9,15.5,,15.0,16.4,19.5,27.6,32.2,37.2,22.7
01-21,31.4,14.7,33.1,16.8,12.4,12.4,34.1,25.3,25.2,29.6,25.7,27.1,11.7,21.0,22.5,14.1,23.7,29.8,26.7,22.9,11.9,,11.7,12.4,16.8,26.7,31.4,34.1,23.7
01-22,30.1,17.7,32.6,11.5,14.5,9.0,34.1,24.9,22.5,18.9,29.5,25.3,18.3,29.5,21.5,16.2,12.9,26.7,29.4,18.6,11.7,,9.0,11.7,17.7,26.7,30.1,34.1,21.5
01-23,30.9,23.8,34.1,18.0,22.9,11.2,32.0,20.4,18.8,23.5,34.5,20.7,21.3,29.2,23.5,20.2,18.3,28.3,25.0,23.2,16.1,,11.2,18.0,20.4,25.0,32.0,34.5,23.2
01-24,29.1,24.9,33.5,26.8,29.0,17.7,31.5,17.8,21.0,18.7,32.5,25.0,26.3,24.0,16.7,27.0,23.2,28.6,18.6,23.2,14.4,,14.4,17.7,21.0,27.0,31.5,33.5,24.9
01-25,30.0,12.5,30.1,29.7,30.5,19.6,27.0,19.9,25.2,28.1,32.1,28.0,33.7,17.4,11.8,25.3,22.8,29.5,15.6,17.9,14.7,,11.8,14.7,19.6,29.5,30.5,33.7,25.3
01-26,32.2,11.9,31.2,26.0,27.3,24.7,10.3,24.8,22.2,28.4,33.5,26.2,39.0,17.2,10.3,18.5,23.4,32.5,15.9,15.7,18.7,,10.3,11.9,18.5,27.3,32.5,39.0,24.7
01-27,34.7,18.6,30.7,22.1,18.3,27.3,4.9,25.5,25.8,14.9,26.1,23.8,37.3,24.2,8.8,22.2,26.9,25.5,19.9,14.0,23.4,,4.9,14.0,19.9,25.8,30.7,37.3,23.8
01-28,27.5,24.9,29.9,19.5,20.0,16.6,16.9,21.7,30.1,14.8,13.7,18.7,32.2,29.0,16.6,30.0,20.9,26.4,29.0,20.8,20.3,,13.7,16.6,19.5,27.5,30.0,32.2,20.9
01-29,26.4,27.0,29.2,21.6,21.0,10.6,18.5,22.1,29.9,24.6,14.6,28.9,28.7,30.9,25.4,32.6,19.4,23.5,29.4,26.7,14.1,,10.6,14.6,21.6,28.7,29.9,32.6,25.4
01-30,32.8,25.6,24.6,29.5,21.5,11.1,23.3,23.9,29.0,25.9,23.1,24.3,30.5,22.7,28.5,37.6,20.2,21.2,21.8,26.1,-2.3,,-2.3,20.2,22.7,26.1,30.5,37.6,24.3
01-31,37.6,12.7,21.4,24.9,12.7,14.2,24.2,24.0,17.3,21.4,26.3,15.9,27.1,15.2,30.6,30.8,25.3,23.8,21.8,21.2,5.3,,5.3,12.7,17.3,24.9,30.6,37.6,21.8
02-01,37.9,11.6,21.9,25.4,8.7,15.6,18.9,21.0,-6.5,25.8,25.9,14.5,25.6,13.0,32.0,30.1,29.1,32.0,29.8,8.0,17.4,,-6.5,8.7,15.6,25.9,32.0,37.9,21.9
02-02,22.2,17.5,24.2,24.4,10.0,13.2,22.8,23.4,-1.7,24.3,23.8,13.7,32.5,9.0,28.3,33.8,33.2,35.3,34.5,4.2,21.9,,-1.7,9.0,17.5,24.4,33.8,35.3,23.4
02-03,16.0,21.0,31.2,25.1,23.4,20.4,27.8,25.1,16.3,19.5,24.3,15.8,34.7,11.2,31.5,35.0,29.5,11.8,25.2,8.1,28.6,,8.1,11.8,19.5,27.8,31.5,35.0,24.3
02-04,14.5,20.3,30.6,26.9,28.6,14.1,30.7,23.0,26.5,17.2,24.9,8.3,33.3,16.2,31.5,34.7,28.7,3.3,18.3,16.5,27.3,,3.3,14.1,17.2,28.6,31.5,34.7,24.9
02-05,7.7,18.4,23.9,17.3,35.1,10.1,33.8,27.2,24.9,18.0,31.3,8.0,37.6,20.8,33.2,31.7,22.1,12.9,22.4,21.9,26.3,,7.7,10.1,18.4,27.2,33.8,37.6,22.4
02-06,4.8,15.2,20.8,17.5,38.3,14.2,27.5,27.7,18.9,17.0,23.9,15.8,41.3,24.7,31.8,25.6,12.4,26.8,25.6,20.4,22.8,,4.8,14.2,17.5,25.6,31.8,41.3,22.8
02-07,5.4,18.9,20.4,24.3,36.2,19.6,25.5,21.6,24.9,17.4,22.2,22.8,41.0,26.7,32.3,29.5,5.7,30.8,27.4,26.1,22.2,,5.4,17.4,21.6,26.7,32.3,41.0,24.3
02-08,9.2,16.2,15.7,29.0,32.7,19.4,28.6,16.1,10.2,26.0,24.8,29.2,37.2,28.7,33.9,35.2,11.5,25.2,27.5,27.8,18.8,,9.2,11.5,18.8,28.7,33.9,37.2,26.0
02-09,12.8,14.4,19.8,26.3,32.2,27.0,24.7,16.1,8.3,27.1,19.9,30.2,35.1,32.3,40.7,34.4,16.3,15.4,28.5,28.1,13.3,,8.3,13.3,16.3,28.5,34.4,40.7,26.3
02-10,20.1,12.5,26.4,9.9,34.1,29.7,16.3,20.7,15.1,29.0,14.9,25.8,29.1,32.9,35.0,20.2,19.0,14.2,28.2,30.9,24.2,,9.9,14.2,19.0,29.0,32.9,35.0,24.2
02-11,21.9,9.5,28.5,15.2,32.5,26.5,15.7,23.5,19.9,30.5,9.6,25.2,29.0,34.3,25.0,20.9,10.5,15.0,28.6,28.7,29.3,,9.5,10.5,19.9,28.6,30.5,34.3,25.0
02-12,28.7,8.8,29.1,23.3,24.4,27.3,14.4,27.1,29.1,28.1,15.9,29.9,34.2,37.0,21.1,24.2,20.4,22.1,28.8,25.4,26.8,,8.8,15.9,23.3,28.7,29.9,37.0,26.8
02-13,31.5,18.0,29.2,23.3,21.9,24.1,15.0,25.1,33.6,24.6,22.4,32.8,36.7,32.5,25.7,22.8,26.7,22.4,26.2,30.0,27.0,,15.0,21.9,23.3,29.2,32.8,36.7,25.7
02-14,30.8,21.1,26.3,23.5,20.5,15.9,17.4,21.5,32.9,21.8,22.9,32.1,39.9,30.0,28.2,26.6,32.5,26.3,13.1,33.2,13.7,,13.1,15.9,21.5,30.0,32.9,39.9,26.3
02-15,29.2,20.3,13.8,14.4,25.5,18.2,18.0,27.5,34.0,21.6,22.8,38.7,32.0,34.4,31.6,17.6,26.1,22.1,21.2,29.8,7.7,,7.7,14.4,20.3,29.2,34.0,38.7,22.8
02-16,25.8,25.3,14.1,5.8,29.3,20.4,25.5,24.6,30.4,17.2,26.5,29.6,22.7,35.2,35.0,17.5,16.4,27.2,22.5,19.9,11.0,,5.8,14.1,19.9,26.5,30.4,35.2,24.6
02-17,23.1,34.7,19.6,7.6,26.1,19.2,24.1,26.3,17.5,20.0,21.9,30.0,22.0,38.4,31.7,29.8,14.3,15.8,16.4,18.1,20.8,,7.6,15.8,19.2,26.1,31.7,38.4,21.9
02-18,21.3,35.8,27.5,8.7,31.2,21.1,22.2,22.9,24.3,23.7,18.5,29.8,30.2,30.9,34.1,26.7,9.8,10.3,13.7,24.1,22.4,,8.7,10.3,21.3,27.5,31.2,35.8,23.7
02-19,19.8,25.3,28.7,10.7,21.2,28.2,21.7,18.2,27.5,17.4,25.3,23.3,36.1,30.2,31.7,12.7,6.8,8.0,23.7,28.1,22.7,,6.8,10.7,19.8,27.5,30.2,36.1,23.3
02-20,23.5,19.7,28.1,8.6,23.0,27.3,23.7,14.2,21.4,16.1,24.2,17.8,29.2,27.2,33.1,2.9,11.1,16.2,23.3,32.3,28.5,,2.9,11.1,17.8,27.2,29.2,33.1,23.3
02-21,26.3,22.7,29.2,13.2,32.0,24.9,27.0,11.6,17.6,27.4,17.9,25.1,22.3,26.6,34.3,6.7,10.3,25.5,19.5,18.6,26.6,,6.7,11.6,18.6,26.6,29.2,34.3,24.9
02-22,20.8,26.4,27.4,20.5,35.8,25.8,33.7,10.7,19.9,33.0,17.4,24.8,11.3,23.9,24.9,11.2,10.0,29.2,26.6,7.9,10.8,,7.9,10.7,17.4,26.4,33.0,35.8,23.9
02-23,15.4,28.7,25.7,25.9,21.3,25.5,34.7,18.3,18.0,18.5,18.3,31.1,13.1,19.9,18.0,11.0,12.8,29.5,24.5,4.5,10.6,,4.5,11.0,18.0,25.5,29.5,34.7,18.5
02-24,10.5,27.2,27.2,27.5,16.1,27.9,33.4,25.3,19.2,20.4,13.7,35.2,26.4,24.6,11.9,10.3,22.8,17.4,15.5,5.8,16.4,,5.8,10.5,16.1,26.4,27.9,35.2,20.4
02-25,18.6,28.0,27.7,28.6,21.1,27.6,31.8,24.2,22.4,19.8,16.3,35.0,27.7,29.8,10.2,14.6,30.3,14.2,14.8,5.8,27.7,,5.8,14.2,18.6,27.7,30.3,35.0,24.2
02-26,19.4,27.7,26.6,34.4,20.2,25.2,25.8,23.8,20.4,14.7,14.8,33.1,21.3,33.9,14.7,22.0,33.2,21.4,17.9,10.2,27.0,,10.2,14.7,20.2,26.6,33.2,34.4,22.0
02-27,18.6,24.6,25.9,39.6,17.5,29.4,12.7,30.7,15.1,24.1,12.4,32.9,19.3,34.5,17.3,22.7,31.3,26.2,13.5,22.9,23.5,,12.4,13.5,18.6,26.2,32.9,39.6,23.5
02-28,18.1,24.6,28.0,34.1,13.1,29.5,23.0,28.8,23.3,20.9,21.1,32.0,21.4,31.3,13.4,17.2,31.5,30.5,13.5,30.1,17.3,,13.1,13.5,20.9,29.5,31.5,34.1,23.3
02-29,,22.1,,,,32.5,,,,20.1,,,,30.2,,,,33.4,,,,,13.1,13.5,20.9,29.5,31.5,34.1,23.3
03-01,18.2,19.6,26.7,26.0,13.6,30.2,37.8,27.8,27.9,14.8,30.1,30.9,22.8,33.9,19.3,24.7,25.0,23.7,22.5,37.2,19.4,,13.6,18.2,22.5,27.9,33.9,37.8,25.0
03-02,17.9,21.5,29.3,30.6,9.7,16.7,41.4,31.6,30.5,14.3,34.3,31.5,25.7,33.9,23.1,28.1,22.9,19.2,29.0,39.9,17.5,,9.7,16.7,21.5,30.6,34.3,41.4,28.1
03-03,23.0,21.6,30.6,35.1,14.7,19.2,40.1,31.5,28.7,23.0,31.4,34.6,19.7,38.1,30.4,29.5,17.1,26.8,32.6,41.3,16.8,,14.7,17.1,23.0,31.5,38.1,41.3,29.5
03-04,18.9,20.1,29.5,23.0,27.8,19.1,33.3,31.0,23.9,30.8,17.4,31.8,16.6,39.2,35.9,18.9,15.1,31.3,31.9,35.5,19.9,,15.1,17.4,19.9,31.3,35.5,39.2,27.8
03-05,20.2,21.4,30.0,29.1,34.5,15.7,19.8,28.3,28.8,35.6,25.6,33.0,22.8,39.9,30.7,16.7,26.4,35.4,33.0,29.4,21.0,,15.7,19.8,22.8,30.7,35.4,39.9,28.8
03-06,27.4,25.2,30.9,34.1,34.7,18.6,18.6,29.1,29.9,31.3,33.2,34.6,30.2,34.4,15.4,18.8,33.3,39.1,35.9,19.1,17.2,,15.4,18.6,25.2,33.3,34.7,39.1,30.2
03-07,28.7,29.7,34.0,27.7,36.5,25.6,16.6,29.8,26.5,20.3,29.1,29.5,34.5,26.6,23.4,25.8,31.0,38.6,34.5,15.4,15.1,,15.1,16.6,25.8,29.8,34.5,38.6,28.7
03-08,31.5,35.6,36.6,22.8,31.2,26.1,24.3,29.2,22.5,25.4,31.4,31.0,33.5,27.1,33.4,31.9,25.8,31.6,39.5,21.3,18.3,,18.3,22.5,25.8,31.6,35.6,39.5,31.0
03-09,33.9,37.6,38.7,16.1,34.6,24.6,18.7,27.8,29.8,33.0,27.0,36.3,33.2,28.5,37.4,33.8,18.6,31.3,27.1,16.0,22.8,,16.0,18.6,27.0,33.8,37.4,38.7,29.8
03-10,34.4,32.6,36.9,11.4,30.7,27.2,12.9,19.1,36.9,34.7,26.9,36.3,36.1,37.7,38.4,30.9,22.3,30.8,23.4,5.9,29.2,,5.9,12.9,26.9,34.7,36.9,38.4,30.8
03-11,35.9,33.0,37.2,15.5,34.1,33.1,21.4,18.8,31.6,35.9,31.3,24.4,39.2,41.7,36.0,33.2,24.7,34.6,22.3,17.0,22.3,,15.5,18.8,24.4,34.6,37.2,41.7,33.0
03-12,37.4,34.4,36.1,17.2,42.3,30.3,21.4,28.5,31.6,37.3,33.7,26.0,36.0,37.4,35.8,34.5,28.8,32.0,24.7,30.2,26.5,,17.2,24.7,28.8,35.8,37.4,42.3,32.0
03-13,41.8,33.6,21.8,14.8,43.5,28.4,24.9,29.6,32.7,39.6,38.3,29.7,38.4,34.0,37.8,37.1,22.2,28.1,29.5,28.4,30.1,,14.8,22.2,28.4,37.1,39.6,43.5,30.1
03-14,36.2,33.4,19.4,24.1,39.7,23.2,29.3,30.1,32.5,37.8,43.0,31.2,40.5,27.0,43.1,37.0,19.7,34.3,34.0,26.8,34.8,,19.4,23.2,29.3,36.2,40.5,43.1,33.4
03-15,34.6,33.0,23.6,21.5,34.2,22.2,33.2,32.0,34.5,40.7,42.0,29.4,46.3,21.5,44.2,28.6,21.6,35.6,34.1,33.0,28.4,,21.5,21.6,28.6,34.5,42.0,46.3,33.0
03-16,31.0,35.0,30.5,26.3,40.7,21.1,39.8,34.6,34.3,41.0,35.6,35.2,46.0,25.3,42.2,28.3,27.9,36.2,30.8,28.9,16.7,,16.7,25.3,28.9,35.6,41.0,46.0,34.3
03-17,26.9,36.8,26.6,30.1,45.0,22.1,37.2,39.7,22.3,39.2,24.2,28.5,43.9,26.3,42.3,25.6,30.0,36.5,31.2,25.2,15.8,,15.8,22.3,26.3,36.8,42.3,45.0,30.0
03-18,25.7,40.5,26.3,29.2,43.7,28.1,35.1,32.3,26.6,28.7,24.3,20.5,37.4,22.3,46.3,21.0,30.0,31.1,36.2,29.0,19.8,,19.8,21.0,26.3,32.3,40.5,46.3,29.0
03-19,30.1,44.3,34.2,26.0,43.4,35.8,38.7,22.6,28.5,20.5,26.9,24.3,35.0,27.5,43.6,23.4,28.4,29.8,40.6,34.6,26.9,,20.5,23.4,26.9,35.0,43.4,44.3,29.8
03-20,31.2,44.8,29.9,24.5,40.7,29.2,42.8,24.0,28.0,22.5,32.9,33.4,39.6,38.3,43.6,28.4,30.6,28.1,31.3,28.2,27.2,,22.5,24.5,28.2,33.4,42.8,44.8,30.6
03-21,30.8,47.0,28.7,26.8,34.2,25.3,44.0,34.2,30.6,34.6,22.8,28.5,41.8,41.7,45.0,34.8,33.5,29.0,22.7,22.5,26.3,,22.5,22.8,28.5,34.6,44.0,47.0,30.8
03-22,38.2,47.3,29.7,25.9,34.3,20.2,32.2,31.1,23.6,41.6,15.2,27.7,39.3,28.9,37.8,38.2,32.0,29.8,21.9,26.9,27.3,,15.2,21.9,27.3,34.3,39.3,47.3,29.8
03-23,32.2,46.3,31.9,28.8,36.1,27.7,24.6,25.8,26.0,44.3,13.2,30.3,32.4,26.9,32.6,33.3,33.1,31.6,24.6,33.4,26.3,,13.2,24.6,26.9,32.6,36.1,46.3,31.6
03-24,27.0,42.2,28.7,35.1,39.7,36.2,24.4,28.5,29.2,44.4,12.5,33.1,28.4,29.8,34.8,30.8,30.7,32.3,24.4,39.8,19.7,,12.5,24.4,28.5,34.8,39.8,44.4,30.7
03-25,32.7,41.5,24.9,38.5,42.1,34.3,24.2,29.4,25.6,45.9,20.9,38.7,28.0,23.6,32.9,26.4,31.9,27.6,26.3,43.8,13.8,,13.8,23.6,26.3,34.3,42.1,45.9,29.4
03-26,28.5,30.4,24.5,23.1,43.5,31.1,17.3,24.6,26.4,32.2,31.9,32.4,35.3,24.7,31.1,22.1,37.7,22.2,27.2,47.1,11.0,,11.0,22.1,24.6,31.9,37.7,47.1,28.5
03-27,20.4,25.9,33.3,29.9,35.6,18.7,19.3,26.2,26.5,34.7,34.4,27.2,42.6,32.4,32.6,26.5,40.5,19.4,29.2,48.0,15.0,,15.0,19.3,26.2,33.3,40.5,48.0,29.2
03-28,21.2,28.2,31.9,34.9,27.6,24.8,29.9,31.5,23.7,38.1,39.2,29.5,43.5,31.1,31.4,31.8,35.6,25.1,38.3,43.2,24.9,,21.2,24.8,28.2,34.9,39.2,43.5,31.4
03-29,25.5,36.1,26.1,32.8,24.8,24.7,22.8,40.9,25.0,34.4,38.6,36.8,39.3,30.3,34.4,31.1,27.8,28.4,26.9,34.7,32.1,,22.8,24.8,26.9,34.4,38.6,40.9,31.1
03-30,35.1,44.3,21.9,29.0,26.3,22.7,18.6,35.6,32.7,41.5,38.3,31.4,43.3,29.2,35.7,37.4,27.2,31.5,18.1,34.4,26.0,,18.1,21.9,27.2,35.6,41.5,44.3,31.5
03-31,42.1,47.7,23.2,32.6,35.3,15.0,23.6,24.9,40.4,48.8,39.4,28.2,46.3,31.3,35.2,40.0,28.6,36.1,27.0,31.2,25.3,,15.0,23.6,28.2,39.4,46.3,48.8,32.6
04-01,43.3,40.6,32.0,29.8,37.4,19.5,21.0,22.3,41.7,30.5,37.5,27.7,30.5,31.4,36.1,39.2,32.7,30.4,38.2,30.8,31.2,,19.5,22.3,30.5,37.4,40.6,43.3,31.4
04-02,33.0,41.3,40.2,30.3,32.4,26.9,27.9,23.7,40.5,28.8,38.5,23.2,25.0,36.5,33.0,29.6,34.6,17.8,43.9,37.1,27.4,,17.8,23.7,27.9,36.5,40.5,43.9,32.4
04-03,20.1,39.7,40.7,41.1,33.8,25.4,25.6,22.0,22.4,36.2,39.4,25.8,27.3,40.7,28.4,22.9,35.6,21.2,47.1,35.2,23.3,,20.1,22.0,25.4,36.2,40.7,47.1,28.4
04-04,20.5,43.7,30.9,42.6,42.3,31.1,25.4,25.3,26.5,41.4,43.4,29.3,35.9,40.7,24.8,34.5,39.3,31.7,48.3,34.9,19.3,,19.3,24.8,29.3,40.7,43.4,48.3,34.5
04-05,24.6,43.8,28.9,35.0,42.1,25.1,25.2,29.2,34.4,36.9,36.7,30.4,40.3,32.4,32.0,37.8,39.6,37.0,40.8,23.6,18.3,,18.3,24.6,29.2,37.0,40.8,43.8,34.4
04-06,22.0,42.8,39.1,29.5,43.3,25.5,32.5,22.0,31.3,23.7,34.6,31.1,33.9,37.6,43.1,36.6,34.8,36.7,27.1,24.2,21.0,,21.0,22.0,27.1,36.6,42.8,43.3,32.5
04-07,26.4,40.2,46.3,37.0,41.9,25.0,40.2,24.1,31.2,30.3,34.1,35.3,33.5,44.2,43.0,38.3,36.9,38.5,34.4,34.1,31.1,,24.1,26.4,33.5,38.5,43.0,46.3,35.3
04-08,34.8,37.9,32.2,40.8,37.1,25.2,35.3,32.0,28.7,41.8,30.0,41.4,31.7,46.4,32.9,31.9,43.7,40.6,36.0,43.7,36.0,,25.2,30.0,32.2,40.6,43.7,46.4,36.0
04-09,42.2,31.2,29.6,41.2,32.7,26.4,30.8,29.0,26.9,45.8,20.4,45.3,33.6,43.5,24.0,33.7,36.3,42.7,30.6,34.6,38.3,,20.4,26.4,30.6,38.3,43.5,45.8,33.6
04-10,45.5,30.0,29.4,35.6,22.5,24.3,36.0,34.4,27.4,48.6,28.0,41.7,37.5,40.9,29.9,41.5,28.6,39.8,39.1,23.8,43.9,,22.5,24.3,29.4,39.8,43.9,48.6,35.6
04-11,46.3,34.7,32.2,36.5,24.7,24.4,36.7,43.1,35.0,45.8,35.1,44.3,40.7,41.2,37.4,43.7,27.5,37.0,31.0,26.7,47.8,,24.4,26.7,34.7,41.2,45.8,47.8,36.7
04-12,46.6,41.0,40.6,42.5,29.8,32.0,35.5,40.0,34.4,31.5,35.1,41.7,33.6,43.0,44.2,29.1,28.2,24.3,29.4,16.6,45.4,,16.6,28.2,31.5,41.0,44.2,46.6,35.1
04-13,46.5,44.6,43.9,44.9,33.1,40.0,38.6,29.1,34.1,31.3,32.2,29.4,41.4,39.3,45.3,24.7,30.4,19.8,28.5,18.7,27.4,,18.7,24.7,29.4,40.0,44.9,46.5,33.1
04-14,41.0,39.9,28.0,41.7,39.8,46.6,35.3,33.6,26.4,33.1,22.5,29.0,38.4,32.1,32.1,31.5,35.3,25.5,26.3,27.9,24.3,,22.5,25.5,28.0,35.3,41.0,46.6,32.1
04-15,31.2,37.2,34.2,38.6,41.7,29.5,31.1,41.3,31.8,33.1,25.7,36.8,23.9,29.0,30.7,40.1,36.7,30.4,27.8,30.7,28.8,,23.9,27.8,30.4,36.7,40.1,41.7,31.2
04-16,33.2,36.1,42.3,41.7,40.3,20.8,28.5,45.2,38.0,34.9,22.6,32.9,32.0,32.2,40.8,40.2,34.7,23.7,27.8,35.5,39.0,,20.8,23.7,32.2,39.0,41.7,45.2,34.9
04-17,36.2,36.3,46.3,28.4,42.8,28.5,34.3,43.6,38.1,38.6,19.7,39.9,38.0,32.7,42.5,24.5,34.2,27.9,30.5,32.2,41.9,,19.7,27.9,32.2,38.6,42.8,46.3,36.2
04-18,32.0,31.8,34.1,24.9,31.6,39.6,38.0,45.1,34.7,36.5,24.2,41.9,41.4,34.2,38.9,31.7,40.2,35.5,37.6,41.6,27.8,,24.2,27.8,32.0,38.9,41.6,45.1,35.5
04-19,34.6,31.6,33.2,28.7,25.9,44.1,40.3,47.7,28.8,36.8,30.7,42.5,39.7,40.7,35.8,41.2,45.6,35.7,33.6,38.5,21.0,,21.0,28.7,33.2,40.3,44.1,47.7,35.8
04-20,38.8,31.0,31.3,36.3,32.5,24.8,44.4,48.7,32.1,43.3,33.5,43.0,41.5,45.1,34.0,41.3,46.9,38.5,28.7,36.0,22.1,,22.1,28.7,32.5,41.5,45.1,48.7,36.3
04-21,41.4,31.5,33.2,44.1,33.9,23.8,46.7,43.0,31.8,49.0,35.9,44.8,44.1,48.6,30.8,42.6,38.9,41.6,31.1,44.1,27.2,,23.8,30.8,33.2,44.1,46.7,49.0,41.4
04-22,35.8,33.8,39.2,49.8,34.5,36.7,47.4,33.5,25.0,52.9,30.0,43.4,45.9,50.9,36.9,45.8,38.0,40.9,36.1,34.3,27.7,,25.0,30.0,34.5,43.4,49.8,52.9,36.9
04-23,32.9,37.3,43.3,43.8,35.6,37.1,46.5,33.8,28.5,54.9,26.2,28.3,40.4,37.8,41.2,38.7,42.7,37.2,37.0,29.8,31.3,,26.2,28.5,33.8,40.4,43.8,54.9,37.2
04-24,40.6,37.2,39.5,33.4,39.4,26.7,35.5,38.2,32.3,53.6,32.2,35.7,38.6,35.4,33.4,35.9,44.1,37.7,39.6,31.1,33.8,,26.7,32.2,33.8,38.6,40.6,53.6,35.9
04-25,42.4,39.7,39.9,36.8,42.5,28.1,33.1,34.9,31.4,49.8,37.8,39.3,35.8,34.9,32.3,41.9,44.4,41.9,38.6,36.1,30.9,,28.1,31.4,34.9,39.9,42.5,49.8,37.8
04-26,30.2,45.8,42.1,42.0,41.0,28.0,27.4,37.1,25.3,45.5,42.0,32.7,32.6,35.2,33.4,46.1,43.4,45.4,33.5,42.7,38.2,,25.3,28.0,33.4,42.1,45.5,46.1,38.2
04-27,35.0,48.2,39.2,43.6,44.1,36.7,33.6,46.0,27.4,27.4,45.6,28.8,38.8,36.4,28.2,51.2,41.6,45.9,34.4,43.3,40.2,,27.4,28.2,35.0,43.6,46.0,51.2,39.2
04-28,42.0,33.1,33.7,42.0,51.4,45.4,38.0,28.0,36.6,29.2,46.7,26.4,44.9,34.1,26.3,51.3,35.7,45.2,40.1,40.9,39.5,,26.3,28.0,34.1,42.0,46.7,51.4,39.5
04-29,36.2,29.3,31.5,44.9,54.9,47.4,34.6,24.5,25.0,36.0,44.2,30.1,49.4,33.8,30.0,40.3,33.5,50.6,46.4,30.9,46.8,,24.5,29.3,31.5,44.9,49.4,54.9,36.0
04-30,33.0,37.6,34.0,43.5,51.9,29.1,37.4,28.1,25.9,43.1,34.9,36.0,46.2,34.1,35.2,31.8,30.7,49.0,52.2,37.7,50.9,,25.9,29.1,34.0,43.1,50.9,52.2,36.0
05-01,33.2,43.4,36.6,42.3,52.7,24.2,37.9,29.3,27.4,41.0,27.0,42.5,47.5,35.6,39.2,34.5,28.4,42.2,51.2,39.5,52.5,,24.2,27.4,34.5,42.3,51.2,52.7,39.2
05-02,38.2,48.3,39.1,39.8,51.1,31.6,37.0,30.7,33.9,43.4,34.9,47.4,49.3,40.0,38.7,36.8,35.0,44.5,38.8,41.6,49.0,,30.7,33.9,37.0,43.4,49.0,51.1,39.1
05-03,35.7,51.8,39.6,40.4,33.0,36.7,36.8,38.8,35.4,45.4,42.2,51.1,47.9,46.6,42.6,40.4,39.7,41.8,37.0,31.3,49.5,,31.3,35.4,37.0,42.6,49.5,51.8,40.4
05-04,32.7,54.5,42.2,38.1,30.7,42.1,36.7,29.7,32.5,42.1,42.0,49.5,45.5,50.3,49.4,45.4,43.4,38.3,39.2,36.0,42.0,,29.7,32.5,38.1,43.4,49.5,54.5,42.0
05-05,29.2,54.7,43.9,39.1,29.4,46.5,41.7,32.2,41.8,34.1,43.9,47.1,44.5,53.3,54.2,49.6,46.2,43.8,42.4,44.9,37.3,,29.2,32.2,41.7,46.2,53.3,54.7,43.9
05-06,32.5,52.9,40.0,41.8,35.9,46.4,43.2,23.8,45.5,35.7,44.2,41.0,41.6,44.0,51.6,53.9,46.0,46.2,51.2,47.9,35.7,,23.8,35.7,41.0,46.2,51.6,53.9,44.0
05-07,35.2,51.4,36.3,42.7,42.1,38.8,40.1,29.5,46.5,41.4,40.2,34.3,39.4,38.6,49.3,51.7,39.4,36.1,50.0,41.6,36.4,,29.5,35.2,38.6,42.1,50.0,51.7,40.1
05-08,36.2,50.8,41.9,38.3,47.6,36.8,34.0,38.0,39.3,46.0,41.2,35.9,39.8,40.2,45.4,50.0,37.2,41.7,34.8,34.0,39.5,,34.0,34.8,37.2,41.7,47.6,50.8,39.5
05-09,31.4,47.5,41.1,35.3,50.1,34.5,37.2,41.4,33.2,50.4,45.6,36.0,34.9,40.8,46.0,54.1,33.1,43.7,34.8,26.4,42.4,,26.4,33.1,34.9,43.7,50.1,54.1,40.8
05-10,34.0,49.6,35.6,38.2,54.5,35.5,41.1,37.9,34.1,45.3,48.6,34.2,35.9,32.2,46.9,47.9,38.1,48.8,33.6,34.4,43.1,,32.2,34.0,35.5,45.3,48.8,54.5,38.1
05-11,36.3,32.8,34.3,45.7,56.7,44.2,46.8,34.0,37.6,42.2,50.3,32.7,42.5,35.5,51.0,37.7,44.2,49.9,36.1,41.3,42.5,,32.7,34.0,36.3,44.2,50.3,56.7,42.2
05-12,43.5,31.9,34.9,51.6,57.6,31.3,42.0,33.5,43.2,44.4,53.8,30.8,48.6,44.4,52.8,37.1,48.4,47.6,43.1,35.6,44.8,,30.8,31.9,37.1,47.6,52.8,57.6,43.5
05-13,43.8,32.7,40.8,52.5,54.1,37.2,35.1,34.5,49.2,47.6,57.5,35.6,46.9,51.9,37.6,38.8,50.6,37.8,50.1,39.6,44.1,,32.7,35.1,37.8,49.2,52.5,57.5,43.8
05-14,50.2,38.6,45.5,53.7,46.7,40.3,41.3,37.9,45.5,53.4,56.0,42.4,44.9,53.0,40.8,42.9,52.0,40.2,51.5,46.1,44.6,,37.9,40.2,42.4,50.2,53.4,56.0,45.5
05-15,47.1,44.3,47.0,55.2,49.0,44.3,42.3,42.6,44.8,57.0,54.1,48.1,35.7,41.6,44.2,45.4,51.5,40.2,49.1,51.6,48.5,,35.7,41.6,44.3,49.0,54.1,57.0,47.0
05-16,46.7,43.5,45.4,57.5,53.6,50.0,46.3,46.5,34.9,53.3,49.8,49.9,34.2,39.4,39.3,50.0,47.8,43.2,48.3,54.9,49.6,,34.2,39.3,45.4,49.9,53.6,57.5,47.8
05-17,45.6,47.8,35.2,57.4,55.3,53.8,53.6,50.9,34.4,52.8,43.6,50.6,39.1,40.5,27.9,48.1,34.8,54.0,47.4,49.7,47.8,,27.9,34.8,43.6,50.9,54.0,57.4,47.8
05-18,35.1,45.7,46.5,58.0,55.8,56.2,57.5,41.0,35.8,40.5,38.3,48.4,41.8,45.8,28.6,42.7,36.2,55.6,50.9,50.2,46.6,,28.6,35.8,41.0,50.2,56.2,58.0,45.8
05-19,34.5,45.8,53.3,56.3,56.5,55.4,54.6,40.2,37.0,43.7,38.2,43.6,38.6,46.6,33.7,45.0,36.6,50.0,53.3,40.0,49.1,,33.7,36.6,40.0,50.0,55.4,56.5,45.0
05-20,42.5,46.9,55.8,56.6,54.7,55.2,48.3,39.5,37.1,49.4,41.3,47.4,40.0,45.4,40.0,47.1,36.1,37.4,49.1,30.8,52.9,,30.8,37.1,40.0,49.1,55.2,56.6,46.9
05-21,49.2,41.3,48.7,55.3,37.8,34.7,49.6,40.0,42.3,57.6,46.7,48.2,42.1,38.6,42.2,49.0,35.4,39.8,40.3,34.9,54.2,,34.7,35.4,40.0,48.7,54.2,57.6,42.2
05-22,53.5,37.1,53.6,51.5,29.8,34.5,53.2,31.6,43.0,51.7,49.5,51.7,41.1,35.7,46.2,46.2,35.1,41.6,42.5,37.3,52.2,,29.8,34.5,37.3,51.5,53.2,53.6,43.0
05-23,57.7,35.8,52.6,45.2,36.3,36.1,49.3,35.0,41.6,39.0,44.6,48.8,39.8,40.2,50.0,46.3,34.0,32.6,35.5,38.2,49.4,,32.6,35.0,36.3,46.3,50.0,57.7,40.2
05-24,57.7,36.3,47.9,51.1,42.2,38.2,44.0,32.0,37.2,37.0,44.2,46.3,41.4,40.7,51.2,51.7,37.1,37.6,38.2,40.3,48.1,,32.0,37.0,38.2,46.3,51.2,57.7,41.4
05-25,58.3,38.4,45.5,55.8,47.8,42.6,44.2,39.7,43.9,43.9,51.1,50.4,43.1,39.9,41.9,56.6,42.0,43.8,45.2,47.6,48.6,,38.4,39.9,43.1,47.8,55.8,58.3,44.2
05-26,57.9,39.6,48.0,53.9,50.7,38.0,44.4,47.2,37.6,39.3,51.2,54.1,42.4,41.6,40.6,54.1,45.6,49.5,44.0,57.0,45.0,,37.6,39.3,42.4,50.7,54.1,57.9,45.6
05-27,58.6,45.6,50.4,39.1,57.4,42.6,49.6,48.9,36.9,33.9,46.3,57.6,43.4,42.7,42.2,48.5,39.7,52.8,48.1,55.4,45.6,,33.9,39.1,42.7,49.6,57.4,58.6,46.3
05-28,63.6,39.5,52.9,33.0,48.3,46.3,53.2,44.8,36.8,39.9,40.1,59.1,41.7,44.6,47.8,46.2,41.1,56.3,50.9,42.7,46.4,,33.0,39.5,41.7,48.3,56.3,63.6,46.2
05-29,64.7,33.7,49.0,37.5,41.9,41.1,53.6,35.4,35.4,48.5,39.2,51.8,47.2,48.0,50.6,48.0,43.3,61.4,49.2,35.5,49.8,,33.7,35.4,41.1,49.2,53.6,64.7,48.0
05-30,63.7,36.0,41.9,41.8,45.2,42.9,52.2,40.2,33.7,49.2,40.1,55.1,53.7,47.6,54.0,52.7,46.2,60.7,50.4,34.6,50.8,,33.7,36.0,41.9,52.2,55.1,63.7,47.6
05-31,56.5,43.9,46.3,47.3,50.3,48.6,50.4,47.1,44.6,52.0,41.2,54.8,58.7,48.3,57.0,53.7,46.6,58.6,52.9,37.1,51.6,,37.1,43.9,47.1,52.9,57.0,58.7,50.3
06-01,52.6,49.6,40.3,55.3,53.3,52.1,49.6,42.9,52.3,55.7,47.8,48.6,56.7,51.1,53.5,43.2,48.8,58.4,56.3,44.0,48.0,,40.3,43.2,48.6,53.3,56.3,58.4,51.1
06-02,51.4,54.5,39.6,59.2,56.5,47.9,46.8,47.7,39.8,57.3,56.4,55.1,53.1,55.0,50.2,48.8,48.7,56.3,59.3,51.1,45.4,,39.6,45.4,48.7,55.1,57.3,59.3,51.4
06-03,50.1,60.2,41.0,55.8,57.4,42.3,51.2,48.6,39.5,59.4,48.0,55.3,51.0,54.8,55.6,56.0,50.0,56.6,62.7,54.4,47.2,,39.5,42.3,50.0,55.8,59.4,62.7,54.4
06-04,49.0,60.4,44.6,57.4,58.5,39.0,54.2,50.0,50.2,63.6,48.9,52.6,52.5,58.0,60.9,59.9,51.2,57.4,65.0,53.8,49.0,,39.0,48.9,50.2,58.0,60.9,65.0,53.8
06-05,48.1,59.2,50.1,57.3,58.1,40.8,50.5,50.3,55.8,46.5,51.3,52.6,51.8,60.6,56.7,59.9,53.2,62.8,62.8,49.0,52.9,,40.8,48.1,50.5,57.3,60.6,62.8,52.9
06-06,50.9,58.1,37.5,63.7,35.4,39.6,42.6,56.9,49.9,39.0,55.6,54.1,48.1,59.5,58.7,59.7,53.0,47.7,58.7,48.4,54.3,,35.4,39.0,48.1,56.9,59.5,63.7,53.0
06-07,48.9,57.3,33.2,63.6,34.5,36.2,39.7,49.5,42.6,47.2,58.5,52.9,50.2,58.1,61.0,58.9,48.7,35.8,60.8,48.6,52.1,,33.2,35.8,47.2,57.3,60.8,63.6,49.5
06-08,54.6,58.6,35.6,54.3,41.8,38.2,42.2,50.4,44.6,55.8,57.5,48.7,55.2,59.9,60.6,58.2,34.6,33.0,58.7,54.4,50.4,,33.0,35.6,44.6,55.8,58.7,60.6,54.3
06-09,54.4,52.9,39.9,47.1,50.3,47.6,43.9,52.5,37.8,42.3,61.2,52.4,56.9,62.1,53.2,61.3,40.9,39.7,59.0,58.3,49.2,,37.8,39.9,47.1,54.4,61.2,62.1,52.4
06-10,53.3,37.2,43.3,49.8,55.4,40.2,42.5,45.0,45.7,38.5,63.7,57.1,55.2,60.9,48.5,45.0,49.0,48.5,47.3,61.5,49.6,,37.2,40.2,45.0,53.3,60.9,63.7,48.5
06-11,53.6,40.9,44.8,56.5,52.9,32.5,42.3,38.4,49.4,47.0,57.2,52.9,52.7,51.7,53.2,47.9,52.2,56.1,47.3,62.3,49.5,,32.5,40.9,47.3,52.9,56.5,62.3,51.7
06-12,52.1,46.5,40.2,61.9,52.2,38.4,45.9,39.0,46.5,53.5,59.9,57.6,56.5,50.7,42.5,51.9,55.3,62.3,58.3,61.4,47.7,,38.4,40.2,46.5,56.5,61.4,62.3,52.1
06-13,50.7,50.5,43.3,59.0,54.9,46.9,44.6,41.0,46.0,56.3,57.0,53.9,56.3,48.5,37.4,60.9,55.1,56.2,64.6,42.0,47.9,,37.4,42.0,46.9,56.2,59.0,64.6,50.7
06-14,56.7,53.3,53.5,45.4,57.3,55.5,45.0,47.5,48.1,54.7,46.3,41.2,57.5,51.6,47.1,60.9,52.2,46.8,66.5,37.7,48.9,,37.7,45.0,47.1,54.7,57.5,66.5,51.6
06-15,62.2,51.6,58.2,45.0,60.7,57.5,44.6,53.5,52.3,54.4,52.4,46.8,56.9,57.2,53.9,56.7,54.3,53.0,68.4,44.2,45.8,,44.2,45.0,52.3,56.9,60.7,68.4,53.9
06-16,60.1,49.9,59.1,46.3,64.7,58.9,48.9,45.9,42.0,55.5,57.9,45.9,58.7,51.6,56.4,54.1,55.1,45.1,65.1,59.4,45.6,,42.0,45.6,48.9,58.7,60.1,65.1,55.1
06-17,58.2,48.4,55.2,53.4,52.1,61.2,46.5,38.8,43.6,61.3,59.1,35.8,60.6,56.5,51.7,54.1,51.7,36.7,64.0,64.3,49.8,,35.8,38.8,49.8,58.2,61.3,64.3,53.4
06-18,58.9,47.6,51.3,58.5,48.7,58.3,44.6,51.0,48.5,58.5,60.9,35.8,63.1,59.9,53.9,48.2,52.5,43.6,65.3,58.3,52.9,,35.8,44.6,48.7,58.5,60.9,65.3,52.9
06-19,58.6,51.0,57.4,60.4,59.5,54.2,50.8,56.8,41.6,47.7,52.2,46.6,62.2,57.6,59.6,48.3,54.0,48.4,66.1,48.6,51.5,,41.6,47.7,50.8,57.6,60.4,66.1,54.0
06-20,51.6,49.9,62.7,53.6,64.8,56.6,47.6,55.5,46.0,46.7,46.1,56.1,58.7,64.0,63.5,52.2,46.2,52.5,60.7,40.2,45.0,,40.2,46.0,47.6,56.6,63.5,64.8,52.5
06-21,43.0,48.7,62.6,53.9,63.3,61.9,45.4,52.1,50.7,58.9,49.6,57.3,61.3,63.5,63.2,58.1,39.3,55.8,59.4,49.5,47.8,,39.3,45.4,49.6,59.4,63.2,63.5,55.8
06-22,43.9,53.0,59.0,54.5,64.5,59.8,47.3,50.2,56.7,63.2,48.3,55.1,59.2,62.6,56.3,53.7,41.1,55.8,65.1,56.8,52.6,,41.1,47.3,53.0,59.0,63.2,65.1,55.8
06-23,39.2,57.9,57.7,58.1,64.2,59.4,53.8,55.2,59.2,63.9,54.3,56.7,61.8,64.1,54.0,53.1,47.7,58.5,62.4,58.3,50.2,,39.2,50.2,54.3,59.2,63.9,64.2,57.9
06-24,38.6,58.7,58.8,60.4,63.0,60.9,59.3,60.9,56.3,65.7,56.1,59.1,63.7,58.5,56.1,51.1,51.8,60.6,53.8,54.5,52.1,,38.6,51.8,56.1,60.4,63.0,65.7,58.7
06-25,43.5,56.5,56.8,60.8,56.6,61.9,61.1,61.6,55.3,65.0,54.3,60.6,63.6,51.0,59.2,57.6,56.4,56.8,52.0,54.9,56.3,,43.5,52.0,56.3,60.6,61.9,65.0,56.8
06-26,50.5,56.6,53.6,58.2,59.9,60.0,51.5,55.9,52.5,60.0,60.8,53.5,64.0,56.9,62.9,61.9,58.2,57.6,56.1,57.1,56.8,,50.5,52.5,56.1,59.9,61.9,64.0,57.1
06-27,55.2,54.3,55.1,60.7,63.4,57.5,52.4,55.9,56.3,56.8,66.2,46.5,66.6,63.4,58.4,63.6,59.2,60.5,58.7,61.0,53.6,,46.5,53.6,55.9,60.7,63.6,66.6,58.4
06-28,57.6,56.1,51.6,62.9,65.1,60.0,56.5,61.1,62.8,62.9,68.2,50.9,68.4,67.3,54.4,62.7,60.5,50.8,59.3,63.3,52.3,,50.8,51.6,56.5,62.9,67.3,68.4,60.5
06-29,60.8,53.5,48.1,62.9,65.2,62.8,59.6,64.0,58.3,63.5,67.4,56.1,68.1,63.3,52.0,51.4,59.5,38.1,60.1,60.7,51.6,,38.1,51.4,56.1,62.9,65.2,68.1,60.1
06-30,64.7,55.7,53.7,61.2,64.5,63.9,62.7,61.7,53.8,64.2,67.1,53.3,68.1,57.4,52.8,49.7,58.0,40.6,58.4,59.0,55.9,,40.6,52.8,55.7,62.7,64.7,68.1,58.4
07-01,62.4,57.0,58.7,61.2,64.8,64.7,59.7,62.0,54.9,65.2,67.9,55.9,66.1,58.7,58.3,54.8,59.4,52.3,58.7,59.2,59.5,,52.3,54.9,58.7,62.0,65.2,67.9,59.4
07-02,61.1,57.0,59.9,62.5,66.7,62.1,56.5,61.0,61.1,63.8,67.8,60.7,65.8,59.9,62.8,59.2,61.8,57.5,61.4,63.2,60.9,,56.5,57.5,60.7,62.5,65.8,67.8,61.1
07-03,61.0,55.6,54.0,62.3,63.9,64.8,54.5,52.1,66.1,64.1,66.6,62.8,66.1,60.3,63.9,55.3,58.4,60.9,64.1,63.3,60.7,,52.1,54.5,60.3,63.9,66.1,66.6,62.3
07-04,60.0,52.6,56.7,61.5,67.1,66.5,55.2,49.5,60.7,63.7,62.1,63.9,66.5,61.8,65.4,60.7,51.4,62.3,66.0,60.6,56.4,,49.5,52.6,60.0,63.7,66.5,67.1,61.5
07-05,61.5,53.6,61.1,59.0,67.5,63.1,58.3,53.9,58.0,54.9,59.6,65.2,57.2,59.9,66.1,64.8,54.0,61.2,61.5,61.5,56.5,,53.6,54.0,58.0,61.5,65.2,67.5,59.9
07-06,62.9,57.1,62.9,58.1,67.5,59.0,60.6,52.6,60.0,57.4,59.9,65.6,57.0,57.2,66.8,67.8,59.3,62.8,64.4,62.7,58.5,,52.6,57.1,58.5,62.9,66.8,67.8,60.0
07-07,64.2,58.5,64.3,60.1,65.3,58.7,58.3,54.1,57.3,60.1,59.8,65.2,54.5,56.6,67.3,67.6,61.0,61.0,67.8,63.4,58.7,,54.1,56.6,58.7,64.2,67.3,67.8,60.1
07-08,59.1,55.9,65.6,61.5,63.3,60.1,55.6,57.7,55.4,63.2,61.5,64.5,51.9,62.5,64.8,66.6,53.7,56.1,68.7,65.1,58.8,,51.9,55.4,57.7,63.3,65.6,68.7,61.5
07-09,60.6,60.2,64.3,57.6,65.1,61.5,55.2,59.0,56.3,65.8,64.7,64.4,54.0,63.7,65.8,65.4,55.4,59.9,66.6,66.5,63.0,,54.0,55.4,59.9,64.7,65.8,66.6,63.0
07-10,66.9,62.4,59.2,59.5,66.1,62.8,59.4,59.3,56.5,66.0,66.6,61.2,52.4,53.4,62.6,66.7,62.3,61.6,63.8,64.1,63.5,,52.4,56.5,59.5,63.8,66.6,66.9,62.4
07-11,68.7,62.9,59.9,60.6,66.0,59.1,60.9,58.4,58.9,66.1,61.2,57.2,55.9,45.9,62.6,64.4,65.1,63.6,66.6,62.9,62.3,,45.9,57.2,59.9,63.6,66.1,68.7,62.3
07-12,69.1,64.9,66.6,60.2,63.0,58.5,62.9,62.0,57.2,67.5,57.7,62.0,57.9,54.1,62.3,63.3,64.7,64.9,68.5,65.7,62.6,,54.1,57.7,62.0,64.9,67.5,69.1,62.9
07-13,67.0,64.6,70.2,60.2,65.3,60.5,58.0,60.2,58.4,62.9,57.7,64.6,58.4,55.8,63.6,65.1,60.9,60.4,68.2,66.1,62.4,,55.8,58.0,60.2,64.6,67.0,70.2,62.4
07-14,65.9,65.5,67.6,66.5,67.7,60.2,51.5,56.4,57.7,56.8,60.7,65.5,59.8,59.5,63.3,62.0,64.2,56.8,63.9,66.0,59.3,,51.5,56.8,59.5,65.5,66.5,67.7,62.0
07-15,69.4,62.1,68.4,69.2,67.9,63.1,57.6,59.4,58.5,56.6,64.8,64.4,56.5,62.6,65.4,64.8,63.2,58.5,64.4,60.7,60.6,,56.5,57.6,60.6,64.8,68.4,69.4,63.1
07-16,69.0,62.0,69.6,70.0,65.8,62.2,62.4,65.8,60.3,56.5,62.3,59.2,58.5,60.9,65.0,63.3,62.3,62.2,64.2,64.8,66.4,,56.5,59.2,62.2,65.0,69.0,70.0,62.4
07-17,68.6,63.1,59.3,70.1,61.8,61.7,65.1,65.0,63.8,58.3,62.3,60.8,55.1,62.2,62.0,62.7,60.4,65.3,65.3,68.8,67.8,,55.1,59.3,61.8,65.1,68.6,70.1,62.7
07-18,68.3,60.5,59.6,68.8,67.1,62.4,66.4,65.1,63.3,61.8,64.3,62.9,50.9,64.5,65.0,64.0,63.1,63.6,68.8,65.4,64.8,,50.9,60.5,63.1,65.1,68.3,68.8,64.3
07-19,68.3,61.4,66.3,66.3,68.3,62.7,65.0,62.6,61.0,64.2,65.4,63.0,53.9,65.4,65.1,65.8,62.9,61.9,65.3,63.1,63.3,,53.9,61.4,62.9,65.4,66.3,68.3,64.2
07-20,66.8,59.0,68.6,66.3,67.6,66.0,61.1,62.3,56.8,63.8,65.9,61.6,50.3,65.7,64.8,66.2,62.1,61.0,63.9,64.0,61.0,,50.3,59.0,61.6,65.9,66.8,68.6,63.9
07-21,70.2,59.6,69.2,69.6,67.7,59.9,61.0,63.4,60.0,64.1,65.3,62.0,55.7,67.2,63.8,66.6,64.4,62.3,65.8,64.8,63.2,,55.7,59.9,62.3,65.8,69.2,70.2,64.1
07-22,71.1,59.7,67.9,70.6,69.9,62.3,64.4,61.8,60.6,62.2,65.7,64.2,55.8,67.2,64.0,60.3,66.6,57.5,63.8,67.1,67.6,,55.8,59.7,62.2,67.1,69.9,71.1,64.2
07-23,70.9,58.2,62.2,69.5,69.0,62.7,66.4,60.4,59.2,62.2,65.2,68.5,56.8,60.9,62.7,61.9,66.4,58.2,62.8,66.2,70.1,,56.8,58.2,61.9,66.4,69.5,70.9,62.7
07-24,69.4,57.4,63.1,65.0,61.8,64.8,63.2,61.8,63.6,58.3,64.1,64.2,58.4,61.9,64.4,65.8,61.8,58.8,64.9,64.1,64.6,,57.4,58.4,61.8,64.4,65.0,69.4,63.6
07-25,63.5,60.6,59.4,65.4,58.5,66.8,60.6,64.1,63.3,60.1,62.6,62.1,59.1,65.7,57.6,64.4,62.1,61.1,65.4,62.8,62.8,,57.6,59.1,60.6,63.5,65.4,66.8,62.6
07-26,60.5,57.5,55.1,62.9,59.7,67.3,62.0,62.8,61.0,64.5,65.0,62.6,62.4,66.3,58.2,64.5,60.4,62.1,67.2,64.3,64.4,,55.1,58.2,61.0,64.4,66.3,67.3,62.6
07-27,62.6,56.5,58.4,66.1,60.9,65.8,60.7,61.7,58.7,63.4,56.6,65.4,51.8,65.4,58.7,64.4,57.4,63.0,65.7,65.8,64.7,,51.8,56.6,58.7,64.7,65.8,66.1,62.6
07-28,65.1,59.1,63.1,69.4,63.5,62.7,57.6,63.1,59.8,64.9,55.2,61.2,47.9,66.1,59.7,65.1,60.6,55.8,60.8,63.4,65.8,,47.9,55.8,59.8,63.5,65.8,69.4,62.7
07-29,66.5,59.4,64.0,68.9,65.6,64.1,56.5,61.0,62.1,64.5,57.0,53.7,53.9,65.6,61.3,62.6,63.1,59.5,62.0,62.1,67.7,,53.7,56.5,61.0,64.1,66.5,68.9,62.1
07-30,67.6,61.7,61.3,64.8,67.6,62.7,55.6,63.4,61.6,65.3,60.5,52.3,59.0,64.4,62.2,62.1,65.3,64.3,59.2,63.7,67.5,,52.3,59.0,61.6,64.4,67.5,67.6,62.7
07-31,68.8,64.0,61.7,56.1,66.0,63.7,57.8,64.5,59.9,63.0,64.0,56.1,61.8,64.1,63.5,66.3,60.8,67.0,59.0,65.8,62.7,,56.1,57.8,61.7,64.1,66.3,68.8,63.5
08-01,66.9,60.7,60.3,50.5,62.9,67.3,59.9,61.2,55.5,63.9,64.5,60.0,63.2,64.5,65.4,66.2,58.8,68.0,57.4,63.8,58.5,,50.5,57.4,60.0,64.5,66.9,68.0,62.9
08-02,63.7,59.1,58.3,55.4,58.4,65.8,62.6,62.7,58.5,62.7,60.1,61.5,64.9,64.9,64.8,62.4,62.8,68.0,56.0,56.9,46.8,,46.8,56.0,58.5,62.8,64.9,68.0,62.4
08-03,55.7,59.2,58.9,56.3,60.1,63.9,64.2,61.8,58.2,59.5,61.8,61.3,52.3,62.2,63.6,62.0,63.7,66.7,58.1,60.6,52.3,,52.3,55.7,58.9,62.0,63.9,66.7,60.6
08-04,56.8,62.7,59.4,59.7,60.6,64.3,62.6,60.5,59.3,60.6,63.3,56.3,57.3,60.1,63.5,60.1,64.5,63.2,61.5,64.8,54.5,,54.5,56.8,59.7,62.7,64.3,64.8,60.6
08-05,63.1,63.0,62.4,59.8,61.8,61.8,63.6,60.7,57.7,65.2,63.1,53.9,57.9,60.9,61.7,59.2,63.5,63.8,65.8,61.1,56.8,,53.9,57.7,60.7,63.1,63.8,65.8,61.8
08-06,63.2,61.6,63.9,60.6,61.7,62.2,59.5,60.7,59.3,64.8,63.2,55.5,56.2,61.6,59.3,59.0,66.2,63.3,56.8,54.9,55.8,,54.9,55.8,59.3,62.2,63.9,66.2,60.7
08-07,63.7,57.8,64.8,61.8,60.8,60.5,49.5,59.6,58.5,65.0,61.9,54.7,54.6,59.6,55.8,60.9,60.3,61.2,55.5,56.4,55.8,,49.5,54.7,56.4,60.9,63.7,65.0,59.6
08-08,63.9,57.9,63.8,62.7,59.2,59.8,42.8,58.0,59.5,68.4,58.4,54.1,51.1,61.4,53.9,63.8,55.6,61.2,62.0,59.3,51.1,,42.8,51.1,57.9,61.4,63.8,68.4,59.3
08-09,66.1,60.8,62.3,60.9,62.4,60.7,47.5,54.6,59.1,67.0,59.7,55.9,54.4,62.1,56.0,66.7,57.4,61.5,57.9,63.9,55.0,,47.5,54.6,57.4,62.1,66.1,67.0,60.7
08-10,67.7,62.8,60.5,62.5,62.3,57.8,53.2,58.9,58.5,61.9,60.2,58.9,59.4,57.3,56.2,68.8,60.7,62.1,58.4,64.7,60.0,,53.2,57.3,58.9,62.1,64.7,68.8,60.2
08-11,68.9,61.4,60.0,62.4,63.4,55.3,58.5,59.2,59.2,59.7,60.2,60.8,61.9,55.0,59.7,69.4,57.9,61.7,61.4,61.3,60.1,,55.0,57.9,59.7,61.4,63.4,69.4,60.2
08-12,66.4,62.0,58.8,59.8,65.8,58.0,62.9,51.4,57.9,63.1,58.5,59.5,59.8,56.2,60.1,67.1,54.4,60.0,65.7,61.3,60.2,,51.4,56.2,58.8,62.0,65.8,67.1,60.0
08-13,68.1,63.4,54.8,58.1,67.7,60.1,62.0,53.9,62.4,62.8,58.3,56.7,63.1,58.8,59.1,64.3,59.0,61.0,67.1,58.7,59.9,,53.9,56.7,58.8,62.8,67.1,68.1,60.1
08-14,66.3,64.3,56.1,61.1,66.8,60.2,58.6,55.9,61.6,61.6,61.6,58.2,65.0,62.0,54.7,63.3,61.7,59.4,67.3,59.0,60.4,,54.7,56.1,59.4,62.0,66.3,67.3,61.6
08-15,63.5,61.7,59.8,59.7,62.8,51.9,45.0,60.3,57.6,63.1,64.3,59.6,62.5,62.6,52.0,63.0,62.0,61.6,64.1,60.9,64.6,,45.0,52.0,59.8,62.8,64.1,64.6,61.7
08-16,58.6,61.2,52.2,61.7,65.8,51.4,45.4,61.6,56.4,63.9,64.9,59.4,60.2,62.3,55.1,61.5,58.7,64.0,65.6,62.8,64.7,,45.4,52.2,58.7,62.8,64.9,65.8,61.5
08-17,56.4,53.2,54.1,59.1,61.9,57.9,49.7,62.5,60.6,63.0,64.7,61.0,57.6,62.2,57.7,62.4,57.5,68.1,64.4,64.0,64.9,,49.7,54.1,57.7,62.5,64.7,68.1,61.0
08-18,58.2,50.8,51.3,57.1,58.1,62.0,52.5,64.2,61.6,63.0,64.3,62.1,53.3,58.4,58.8,56.8,60.2,68.6,48.0,64.4,63.3,,48.0,51.3,57.1,62.1,64.3,68.6,58.8
08-19,63.0,53.0,55.1,60.1,59.7,62.9,55.7,53.9,61.0,61.7,64.4,54.7,54.5,57.8,60.4,57.8,63.3,67.2,42.2,59.3,59.3,,42.2,53.9,55.7,61.0,63.3,67.2,59.3
08-20,67.2,54.0,59.4,61.2,56.9,59.7,61.1,59.1,61.6,60.1,62.1,52.9,56.8,56.7,60.9,59.2,63.8,64.4,48.1,54.3,58.9,,48.1,54.0,56.9,61.1,63.8,67.2,59.4
08-21,63.6,53.6,60.6,64.1,58.8,60.6,65.4,65.4,62.7,61.1,60.1,51.4,60.4,60.9,59.8,58.1,64.0,63.4,50.2,56.7,59.5,,50.2,53.6,59.5,62.7,64.1,65.4,60.6
08-22,56.3,53.3,56.5,65.8,56.7,56.2,67.7,56.9,63.3,60.2,60.6,47.7,54.8,60.4,60.5,52.0,60.4,66.9,52.7,59.1,53.9,,47.7,52.7,56.2,60.4,65.8,67.7,56.9
08-23,57.9,45.0,57.5,64.1,54.1,62.5,55.7,47.6,63.6,60.6,57.0,43.4,58.3,56.1,56.1,55.0,55.6,64.8,58.8,61.9,56.9,,43.4,47.6,55.7,58.8,63.6,64.8,57.0
08-24,59.9,45.9,57.4,58.8,54.9,65.1,51.7,54.4,65.2,59.0,55.1,48.0,63.9,52.2,57.7,58.5,60.0,64.6,59.1,61.2,57.6,,45.9,51.7,55.1,59.9,64.6,65.2,58.5
08-25,61.9,49.2,57.5,56.9,61.7,65.4,52.4,60.4,66.1,58.3,58.0,49.7,65.5,51.1,59.0,59.4,61.8,63.9,59.4,61.5,59.3,,49.2,51.1,58.0,61.7,65.4,66.1,59.4
08-26,63.6,42.1,58.1,47.9,64.1,56.0,57.1,64.6,65.5,61.7,57.2,51.0,55.7,52.9,62.6,57.9,53.4,63.3,56.9,59.9,59.2,,42.1,51.0,56.0,61.7,64.1,65.5,57.9
08-27,56.6,43.7,59.0,52.9,59.9,54.7,60.9,59.1,64.5,63.0,57.0,50.4,55.7,54.8,62.7,48.5,55.7,63.3,55.2,60.4,59.2,,43.7,50.4,55.2,59.9,63.0,64.5,57.0
08-28,58.7,49.2,60.1,56.9,59.9,55.6,61.8,56.3,60.9,65.2,60.1,53.8,60.0,58.4,64.1,47.9,61.6,60.9,54.0,57.5,60.2,,47.9,53.8,56.9,60.2,61.8,65.2,59.9
08-29,51.5,53.3,63.9,61.3,61.8,58.4,61.4,51.3,59.1,64.2,62.9,56.8,64.0,61.0,64.5,54.9,62.1,60.7,56.9,60.1,63.7,,51.3,53.3,58.4,62.1,64.0,64.5,61.0
08-30,48.7,56.5,48.6,59.9,64.4,63.8,63.0,40.1,60.9,59.4,63.2,55.4,60.1,63.4,61.0,60.0,61.7,55.8,59.0,63.7,56.5,,40.1,48.7,56.5,61.7,63.7,64.4,60.0
08-31,54.2,58.9,49.0,50.2,61.3,52.7,58.1,45.1,61.5,57.0,62.8,48.0,56.3,64.2,55.9,56.5,62.4,44.3,60.7,65.4,59.7,,44.3,48.0,54.2,60.7,62.8,65.4,57.0
09-01,57.5,61.4,54.6,53.2,62.4,38.0,59.8,49.6,55.0,52.0,63.8,49.3,60.1,61.3,58.6,54.1,64.3,47.1,56.9,65.4,57.4,,38.0,49.3,54.1,60.1,63.8,65.4,57.4
09-02,56.0,51.8,60.0,55.7,62.9,43.0,60.5,50.8,52.2,54.0,58.6,55.1,60.8,59.4,62.5,55.6,64.9,56.3,55.0,63.6,56.3,,43.0,51.8,55.1,60.0,62.9,64.9,56.3
09-03,57.5,40.0,60.7,59.9,63.6,47.1,60.3,56.4,53.1,56.3,59.2,56.3,59.3,56.1,64.8,57.1,61.8,60.2,53.0,66.6,54.5,,40.0,53.0,56.3,60.2,63.6,66.6,57.5
09-04,60.7,41.4,58.7,61.6,58.4,47.9,60.2,60.6,55.1,56.8,60.6,49.8,58.0,50.8,65.2,57.7,63.8,63.5,53.2,67.7,44.8,,41.4,47.9,55.1,60.6,63.8,67.7,58.4
09-05,56.0,45.7,55.4,60.8,49.7,47.0,57.9,50.8,56.0,56.5,62.7,53.0,49.5,45.7,60.4,58.5,63.4,65.6,57.3,67.1,48.9,,45.7,47.0,50.8,58.5,63.4,67.1,56.0
09-06,52.9,49.7,58.0,58.4,47.9,49.1,58.6,41.5,52.0,55.8,61.6,54.7,45.8,50.4,60.6,58.2,55.7,63.9,59.4,67.8,53.3,,41.5,47.9,52.0,58.4,61.6,67.8,55.7
09-07,54.5,53.9,60.4,53.6,52.6,52.0,55.6,53.7,52.4,53.1,57.0,56.3,49.7,51.5,60.6,58.8,55.2,56.2,59.8,68.9,55.3,,49.7,52.0,53.6,56.3,60.4,68.9,55.2
09-08,47.7,57.0,60.5,48.7,53.8,53.1,50.7,54.9,53.4,55.4,51.3,53.9,51.0,52.1,60.4,58.5,48.4,32.2,61.5,63.2,56.6,,32.2,48.4,51.3,56.6,60.5,63.2,53.8
09-09,43.4,57.3,55.2,51.3,49.6,54.5,56.0,41.6,55.2,58.5,53.0,49.4,55.0,48.1,57.2,56.9,48.1,35.3,64.2,51.6,57.0,,35.3,43.4,49.6,56.0,57.3,64.2,54.5
09-10,37.0,56.3,40.5,52.2,47.5,47.9,58.8,38.5,54.5,57.9,54.3,48.4,57.1,51.1,55.7,59.0,47.1,41.9,61.6,49.4,53.9,,37.0,40.5,47.9,55.7,58.8,61.6,52.2
09-11,45.7,58.7,42.8,55.1,53.2,43.5,58.3,44.9,52.9,52.0,52.9,43.8,58.7,57.2,59.2,58.2,40.8,48.5,53.5,55.9,53.0,,40.8,43.5,48.5,55.9,58.7,59.2,53.0
09-12,46.1,54.9,37.8,57.9,55.7,46.1,54.3,52.5,50.4,47.9,51.6,41.6,59.1,53.0,59.6,55.6,44.2,54.4,56.3,58.5,54.4,,37.8,44.2,50.4,55.6,58.5,59.6,54.3
09-13,39.9,45.5,41.6,58.8,57.8,50.4,54.2,56.0,51.2,52.7,50.6,52.4,58.6,47.4,56.7,52.4,49.0,56.6,54.0,52.7,50.3,,39.9,45.5,50.4,54.2,57.8,58.8,52.4
09-14,44.7,38.7,43.7,52.3,57.6,51.8,51.1,52.9,50.1,56.0,50.4,56.0,53.2,42.0,51.0,55.9,54.6,57.9,52.7,49.1,49.8,,38.7,43.7,50.1,53.2,56.0,57.9,51.8
09-15,52.9,42.7,47.9,38.7,55.9,54.6,49.1,50.6,49.8,56.3,51.5,57.8,46.9,40.8,40.4,60.7,58.4,58.3,55.1,48.8,50.4,,38.7,40.8,48.8,55.1,58.3,60.7,50.6
09-16,50.4,50.4,51.5,31.2,53.8,56.7,53.7,54.3,47.8,55.8,55.7,58.9,40.5,44.4,38.5,57.2,58.0,58.4,54.1,45.8,52.6,,31.2,40.5,50.4,55.7,58.0,58.9,53.7
09-17,32.9,56.6,44.5,34.0,48.0,55.5,55.4,57.3,43.5,50.3,54.9,60.6,40.4,48.1,45.1,56.7,43.2,58.5,54.9,46.5,53.6,,32.9,40.4,45.1,55.4,57.3,60.6,50.3
09-18,35.8,56.4,44.2,39.7,45.4,54.2,55.6,57.6,46.5,51.6,44.2,59.2,41.0,54.7,49.6,56.6,48.8,59.3,53.5,52.1,53.7,,35.8,41.0,46.5,54.7,57.6,59.3,52.1
09-19,43.6,43.2,48.7,49.5,52.3,54.7,55.4,60.0,50.4,53.4,41.7,54.1,44.6,57.3,35.7,54.0,49.7,46.7,45.0,54.8,50.5,,35.7,43.2,46.7,54.0,55.4,60.0,50.4
09-20,46.7,33.1,56.5,38.0,53.6,50.8,48.8,49.4,48.6,54.0,50.0,55.9,49.9,57.9,41.5,46.1,37.9,46.2,38.0,56.2,49.1,,33.1,38.0,46.2,50.8,56.2,57.9,49.1
09-21,47.8,32.8,47.5,35.5,53.1,46.9,40.3,52.0,49.1,55.3,55.2,50.2,54.6,54.9,40.2,50.2,38.2,53.5,43.1,52.0,40.9,,32.8,38.2,43.1,52.0,54.9,55.3,49.1
09-22,51.1,34.6,48.1,33.0,51.8,39.6,46.3,50.6,50.7,56.2,48.6,50.0,57.1,46.8,34.7,55.5,43.6,55.9,50.4,46.1,37.2,,33.0,34.7,46.1,50.7,55.9,57.1,48.6
09-23,53.7,43.4,49.8,36.3,40.4,42.9,52.0,45.8,53.1,55.9,43.2,53.0,56.6,36.6,34.4,53.0,49.3,54.7,49.6,45.2,40.8,,34.4,36.6,43.2,53.0,54.7,56.6,49.3
09-24,53.4,48.3,41.3,39.2,33.0,51.2,52.9,50.4,54.4,47.6,49.7,57.2,57.9,36.8,33.6,43.3,48.4,56.7,50.9,48.9,46.9,,33.0,36.8,46.9,51.2,56.7,57.9,48.9
09-25,54.2,50.0,38.4,43.2,36.0,55.1,56.1,55.1,55.0,45.2,37.6,59.4,60.1,42.6,34.7,42.1,48.4,53.8,53.5,52.4,52.4,,34.7,37.6,43.2,54.2,56.1,60.1,52.4
09-26,54.9,51.5,46.9,45.5,41.4,54.2,56.6,58.2,53.1,46.5,33.5,58.3,59.2,49.1,36.7,44.6,50.6,48.7,55.7,54.9,53.8,,33.5,41.4,46.9,54.9,58.2,59.2,51.5
09-27,55.6,51.8,47.2,47.8,47.3,55.7,54.4,58.8,53.4,48.8,31.3,46.5,58.1,52.4,41.6,49.9,47.7,40.4,56.5,54.7,53.3,,31.3,41.6,47.7,54.4,56.5,58.8,51.8
09-28,55.1,51.2,46.1,49.4,51.0,54.8,55.2,59.4,55.2,50.7,37.9,42.3,55.4,54.5,42.9,54.4,42.0,42.5,47.6,55.1,48.4,,37.9,42.3,47.6,54.8,55.2,59.4,51.0
09-29,56.4,44.4,48.0,50.2,35.6,55.7,57.6,57.1,54.0,51.2,46.8,40.5,55.5,51.1,44.0,57.8,34.2,50.0,37.8,53.0,51.5,,34.2,37.8,46.8,54.0,57.1,57.8,51.1
09-30,55.1,42.1,51.9,51.2,38.7,56.2,30.9,56.5,57.3,51.3,49.3,38.8,57.4,50.7,40.4,53.8,32.9,51.7,41.7,43.6,52.5,,30.9,38.7,42.1,52.5,56.5,57.4,51.2
