date,2014,2015,2016,2017,2018,2019,2020,2021,2022,2023,2024,Min,10%,30%,70%,90%,Max,Median (POR)
10-01,48.2,33.6,55.0,50.7,35.8,51.6,31.8,52.9,42.1,42.1,34.5,31.8,33.4,40.2,51.0,53.1,55.0,45.1
10-02,44.2,40.8,40.5,47.3,28.4,50.9,34.5,53.8,45.3,47.7,35.1,28.4,33.9,40.7,47.4,51.2,53.8,44.8
10-03,30.2,44.2,41.7,30.4,34.3,44.8,43.0,51.4,48.6,46.9,37.2,30.2,30.4,39.5,45.4,48.8,51.4,43.6
10-04,25.3,46.2,43.2,32.9,37.2,41.5,37.4,53.2,50.9,45.9,40.5,25.3,32.1,37.3,46.0,51.1,53.2,42.3
10-05,33.8,47.5,44.1,32.0,37.9,35.8,37.8,53.2,46.0,45.7,42.8,32.0,33.6,37.2,45.8,48.1,53.2,41.0
10-06,46.0,49.6,40.8,32.4,37.9,33.1,36.9,52.5,43.9,47.1,45.7,32.4,33.0,37.6,46.4,49.9,52.5,42.4
10-07,49.1,49.3,44.4,39.2,48.4,30.7,45.5,53.6,42.6,47.8,46.8,30.7,38.4,43.9,48.6,49.7,53.6,46.7
10-08,42.1,49.1,49.3,43.5,34.7,31.5,49.6,54.0,38.8,48.2,48.6,31.5,34.4,41.1,49.2,50.1,54.0,45.9
10-09,35.6,47.7,50.0,47.3,29.1,33.1,33.4,51.8,32.4,48.2,50.4,29.1,32.0,33.3,47.8,50.2,51.8,41.4
10-10,32.4,46.0,54.3,47.8,41.0,31.5,20.8,50.4,36.1,46.9,48.0,20.8,30.4,35.0,47.2,50.8,54.3,43.5
10-11,33.4,45.7,51.1,45.9,44.4,32.4,31.5,40.3,29.1,48.2,34.2,29.1,31.2,33.1,45.7,48.5,51.1,42.4
10-12,37.9,36.1,50.9,43.9,35.4,32.7,36.9,46.6,22.8,47.7,31.5,22.8,31.7,35.9,44.7,48.0,50.9,37.4
10-13,32.2,40.8,52.7,48.6,38.7,35.6,40.5,51.3,25.5,46.2,35.6,25.5,31.5,37.7,46.9,51.4,52.7,40.6
10-14,30.9,49.5,51.6,51.3,29.3,21.0,40.8,48.9,26.1,45.7,41.9,21.0,25.6,30.4,49.1,51.3,51.6,43.2
10-15,27.3,48.7,51.3,50.7,43.5,25.5,43.5,40.3,30.0,45.1,,25.5,27.1,37.2,46.2,50.8,51.3,43.5
10-16,30.9,44.4,51.3,46.4,46.6,32.9,50.4,44.2,40.8,43.3,,30.9,32.7,42.6,46.5,50.4,51.3,44.3
10-17,34.9,47.1,43.9,35.6,49.1,34.0,43.0,48.4,43.0,44.1,,34.0,34.8,40.8,45.0,48.5,49.1,43.4
10-18,34.5,44.8,40.8,34.0,46.0,34.9,32.4,47.8,32.4,45.3,,32.4,32.4,34.4,44.9,46.2,47.8,37.8
10-19,38.3,46.0,37.0,31.1,47.3,38.5,33.1,46.2,32.7,46.0,,31.1,32.6,35.9,46.0,46.3,47.3,38.4
10-20,39.0,48.7,35.4,41.0,35.4,41.9,27.3,46.9,36.7,45.7,,27.3,34.6,36.3,43.0,47.1,48.7,40.0
10-21,37.6,41.5,35.4,48.4,32.2,39.4,35.8,48.4,41.7,46.6,,32.2,35.1,37.0,43.2,48.4,48.4,40.5
10-22,38.8,41.5,37.2,48.0,43.3,36.9,39.6,36.5,43.3,35.4,,35.4,36.4,37.1,42.1,43.8,48.0,39.2
10-23,39.4,49.5,36.9,48.4,41.7,38.5,35.6,36.5,36.0,21.4,,21.4,34.2,36.3,40.1,48.5,49.5,37.7
10-24,41.0,50.4,41.2,42.1,42.6,40.6,31.5,44.1,39.7,24.3,,24.3,30.7,40.4,42.2,44.7,50.4,41.1
10-25,41.2,48.6,42.8,41.0,46.6,38.5,41.5,19.4,36.0,32.4,,19.4,31.1,37.7,41.9,46.8,48.6,41.1
10-26,40.1,37.0,41.4,47.5,41.9,42.1,39.6,16.9,27.1,27.0,,16.9,26.0,34.1,41.5,42.6,47.5,39.8
10-27,42.1,30.6,38.5,60.1,41.7,45.7,15.6,29.7,34.0,23.7,,15.6,22.9,30.3,41.8,47.1,60.1,36.2
10-28,30.9,37.6,38.1,45.0,42.1,46.8,21.7,39.0,37.8,33.8,,21.7,30.0,36.4,39.9,45.1,46.8,37.9
10-29,25.5,42.3,31.1,,46.2,38.8,9.9,38.8,41.0,34.3,,9.9,22.4,32.4,40.1,43.1,46.2,38.8
10-30,26.2,45.5,32.9,,43.0,26.2,12.4,42.1,43.0,33.8,,12.4,23.5,28.9,42.6,43.5,45.5,33.8
10-31,30.4,45.9,40.6,,37.8,29.7,28.6,41.9,41.7,38.1,,28.6,29.4,33.3,41.3,42.7,45.9,38.1
11-01,34.7,33.8,45.1,,45.1,36.0,30.6,44.2,41.5,39.9,,30.6,33.2,35.2,43.2,45.1,45.1,39.9
11-02,42.3,25.2,42.3,,42.3,39.7,35.1,48.7,37.6,23.7,,23.7,24.9,36.1,42.3,43.6,48.7,39.7
11-03,25.7,21.9,28.0,39.4,36.7,32.9,39.0,46.4,38.5,17.6,,17.6,21.5,27.3,38.6,40.1,46.4,34.8
11-04,20.3,31.6,20.7,41.0,36.0,36.5,36.5,44.2,45.0,26.1,,20.3,20.6,30.0,37.8,44.3,45.0,36.2
11-05,22.1,36.7,21.9,40.6,34.5,32.4,36.1,46.2,43.2,35.1,,21.9,22.1,33.9,37.9,43.5,46.2,35.6
11-06,32.0,43.2,23.0,41.0,30.2,27.9,37.9,46.4,43.2,32.7,,23.0,27.4,31.5,41.6,43.5,46.4,35.3
11-07,40.1,41.2,31.5,40.6,24.8,25.7,37.2,32.0,35.6,34.9,,24.8,25.6,31.8,38.1,40.7,41.2,35.2
11-08,38.8,41.2,35.8,41.9,38.1,19.6,38.8,19.8,34.5,30.9,,19.6,19.7,33.4,38.8,41.3,41.9,37.0
11-09,38.5,45.7,30.0,42.3,39.7,27.5,41.4,15.1,36.5,20.7,,15.1,20.1,29.3,40.2,42.6,45.7,37.5
11-10,38.7,31.6,21.7,41.4,37.4,29.3,39.2,18.0,31.8,12.9,,12.9,17.5,27.0,37.8,39.4,41.4,31.7
11-11,40.3,30.9,19.9,41.7,32.4,18.5,32.0,21.2,34.7,16.2,,16.2,18.3,20.8,33.1,40.4,41.7,31.5
11-12,42.3,27.5,23.2,39.7,39.6,19.4,39.4,20.7,37.6,25.0,,19.4,20.5,24.4,39.4,40.0,42.3,32.5
11-13,39.0,33.1,28.6,39.4,41.0,29.5,39.0,30.7,39.6,17.6,,17.6,27.5,30.4,39.1,39.7,41.0,36.0
11-14,35.6,31.1,35.6,44.4,36.7,34.2,41.9,22.6,42.4,16.7,,16.7,22.0,33.2,38.2,42.6,44.4,35.6
11-15,25.9,20.8,32.7,47.1,41.4,35.1,40.6,36.1,45.7,13.3,,13.3,20.1,30.7,40.9,45.8,47.1,35.6
11-16,28.4,12.9,16.9,32.7,41.2,35.8,35.2,41.2,37.8,20.8,,12.9,16.5,26.1,36.4,41.2,41.2,34.0
11-17,31.5,23.5,22.1,15.1,27.5,30.6,39.6,43.2,27.1,25.7,,15.1,21.4,25.1,30.8,39.9,43.2,27.3
11-18,37.6,28.2,30.2,24.3,23.4,26.4,42.3,40.5,36.9,12.9,,12.9,22.3,25.8,37.1,40.6,42.3,29.2
11-19,34.0,32.9,32.5,39.4,35.8,30.6,41.5,31.3,36.9,21.9,,21.9,29.7,32.2,36.1,39.6,41.5,33.4
11-20,32.2,32.5,28.0,38.3,39.0,32.2,28.4,28.9,28.9,28.0,,28.0,28.0,28.8,32.3,38.4,39.0,30.6
11-21,20.1,31.5,26.8,31.3,40.1,35.8,26.2,28.8,28.8,27.9,,20.1,25.6,27.5,31.3,36.2,40.1,28.8
11-22,23.2,32.0,32.2,24.8,42.3,31.1,22.8,32.7,38.1,29.3,,22.8,23.1,28.0,32.3,38.5,42.3,31.6
11-23,25.3,17.8,36.0,24.4,46.6,33.1,25.3,27.0,32.7,25.5,,17.8,23.8,25.3,32.8,37.0,46.6,26.2
11-24,26.1,19.8,33.1,22.1,43.0,23.5,30.0,21.4,18.0,23.2,,18.0,19.6,21.9,27.2,34.1,43.0,23.4
11-25,28.8,30.6,18.1,32.0,44.4,18.3,20.7,27.0,30.0,35.1,,18.1,18.3,25.1,31.0,36.0,44.4,29.4
11-26,33.1,34.5,11.1,34.0,47.5,28.8,12.6,14.4,36.5,28.0,,11.1,12.4,23.9,34.1,37.6,47.5,30.9
11-27,35.4,41.4,7.7,22.6,32.9,38.1,18.0,19.9,35.2,26.4,,7.7,16.9,21.8,35.3,38.4,41.4,29.7
11-28,32.0,41.2,9.9,18.7,26.6,30.7,19.4,28.0,38.1,24.6,,9.9,17.8,23.1,31.1,38.4,41.2,27.3
11-29,28.2,38.3,9.0,15.4,30.2,26.4,18.3,27.0,39.6,11.8,,9.0,11.6,17.5,28.8,38.4,39.6,26.7
11-30,28.0,32.9,15.1,18.9,34.0,23.7,14.7,31.6,36.9,28.6,,14.7,15.0,22.3,32.0,34.3,36.9,28.3
12-01,32.0,33.1,18.5,17.8,34.5,17.4,27.5,19.8,38.1,29.8,,17.4,17.7,19.4,32.3,34.9,38.1,28.7
12-02,37.2,33.1,27.5,12.2,35.8,14.0,30.0,16.3,38.3,16.5,,12.2,13.8,16.5,33.9,37.3,38.3,28.8
12-03,16.2,33.1,35.1,19.6,26.2,7.9,30.9,25.9,35.6,29.5,,7.9,15.3,24.0,31.6,35.1,35.6,27.9
12-04,-0.4,32.0,28.8,30.6,12.4,13.6,32.4,30.6,36.1,32.5,,-0.4,11.1,24.2,32.1,32.9,36.1,30.6
12-05,-3.6,32.9,24.3,21.4,18.9,24.8,28.6,32.4,34.3,23.9,,-3.6,16.6,23.1,29.7,33.0,34.3,24.5
12-06,5.5,31.8,35.2,16.9,20.3,25.2,30.0,32.0,32.9,17.1,,5.5,15.7,19.3,31.9,33.1,35.2,27.6
12-07,10.6,32.0,37.4,8.4,26.4,28.9,33.4,32.5,29.1,18.9,,8.4,10.4,24.2,32.2,33.8,37.4,29.0
12-08,0.7,34.5,36.9,27.1,29.7,24.6,28.6,33.4,31.5,17.8,,0.7,16.1,26.4,32.1,34.8,36.9,29.1
12-09,5.0,34.7,41.0,35.6,31.3,25.5,22.5,35.6,24.6,22.5,,5.0,20.7,24.0,35.0,36.1,41.0,28.4
12-10,19.2,37.8,35.2,36.9,29.8,32.7,25.0,26.4,8.8,29.1,,8.8,18.2,26.0,33.5,37.0,37.8,29.5
12-11,19.4,36.5,20.8,27.5,34.5,26.6,28.9,19.6,21.6,21.9,,19.4,19.6,21.3,27.9,34.7,36.5,24.3
12-12,26.2,31.5,18.1,26.4,35.6,22.1,32.4,13.3,30.7,14.2,,13.3,14.1,20.9,31.0,32.7,35.6,26.3
12-13,22.1,23.7,28.8,29.8,34.7,22.6,29.8,22.6,30.0,14.7,,14.7,21.4,22.6,29.8,30.5,34.7,26.2
12-14,23.7,16.7,14.9,37.6,25.5,33.6,21.7,18.3,24.4,16.7,,14.9,16.5,17.8,24.8,34.0,37.6,22.7
12-15,33.1,21.9,13.5,40.5,37.4,33.4,13.6,18.0,13.8,14.2,,13.5,13.6,14.1,33.2,37.7,40.5,19.9
12-16,33.1,24.6,14.0,25.0,22.1,37.2,8.8,25.2,20.1,10.6,,8.8,10.4,18.3,25.0,33.5,37.2,23.4
12-17,36.7,23.0,20.8,4.3,15.8,31.1,20.5,26.6,13.1,18.3,,4.3,12.2,17.6,24.1,31.7,36.7,20.7
12-18,37.2,21.6,28.8,6.8,29.5,29.7,26.8,18.3,20.1,18.7,,6.8,17.2,19.7,29.0,30.4,37.2,24.2
12-19,23.2,28.6,28.2,25.2,34.0,30.4,21.4,24.6,28.0,21.0,,21.0,21.3,24.2,28.3,30.7,34.0,26.6
12-20,17.2,28.6,23.4,33.4,24.1,36.0,31.1,32.2,29.1,26.1,,17.2,22.7,25.5,31.4,33.7,36.0,28.8
12-21,23.0,34.7,27.3,26.2,10.4,33.6,37.8,35.8,28.9,24.8,,10.4,21.7,25.8,33.9,36.0,37.8,28.1
12-22,23.7,29.7,26.4,26.2,21.7,22.5,33.4,25.0,34.3,23.9,,21.7,22.4,23.8,27.4,33.5,34.3,25.6
12-23,28.9,21.6,15.1,27.0,27.1,29.3,28.2,14.2,30.7,28.6,,14.2,15.0,25.3,28.7,29.4,30.7,27.7
12-24,25.9,31.5,13.5,23.2,28.2,28.4,25.0,25.9,26.4,30.4,,13.5,22.2,25.6,28.3,30.5,31.5,26.2
12-25,25.2,13.5,10.6,9.0,29.3,24.8,20.5,32.2,23.9,33.1,,9.0,10.4,18.4,26.4,32.3,33.1,24.4
12-26,30.2,10.8,3.9,6.6,28.6,14.4,16.0,29.5,14.9,39.0,,3.9,6.4,13.3,28.8,31.1,39.0,15.4
12-27,32.7,11.8,14.5,24.6,33.4,12.2,14.4,19.8,16.0,36.0,,11.8,12.2,14.5,27.0,33.7,36.0,17.9
12-28,26.6,20.1,15.4,24.6,34.2,8.8,10.4,18.3,12.9,20.1,,8.8,10.2,14.7,21.5,27.4,34.2,19.2
12-29,21.4,12.4,10.8,25.7,39.2,18.0,19.4,16.7,15.4,18.3,,10.8,12.2,16.3,20.0,27.0,39.2,18.1
12-30,30.7,-1.1,8.1,28.4,40.5,22.3,21.6,22.6,21.2,30.2,,-1.1,7.1,21.5,28.9,31.7,40.5,22.5
12-31,32.7,0.9,5.4,23.2,33.4,6.6,20.1,22.8,14.9,31.6,,0.9,4.9,12.4,25.7,32.8,33.4,21.5
01-01,28.0,10.6,12.2,24.8,33.3,2.3,27.5,18.3,5.9,20.5,,2.3,5.5,11.7,25.6,28.6,33.3,19.4
01-02,31.5,20.7,23.9,19.8,30.7,16.3,20.8,25.3,21.6,17.1,,16.3,17.0,20.4,24.3,30.8,31.5,21.2
01-03,33.1,22.8,30.6,21.2,33.3,26.1,27.1,28.0,29.1,16.0,,16.0,20.7,25.1,29.6,33.1,33.3,27.6
01-04,16.3,26.2,28.6,28.6,36.0,30.2,30.2,31.1,29.1,24.8,,16.3,24.0,27.9,30.2,31.6,36.0,28.8
01-05,16.7,34.0,26.6,10.4,35.2,29.5,24.3,22.6,32.5,27.7,,10.4,16.1,23.8,30.4,34.1,35.2,27.1
01-06,28.2,36.0,26.6,8.2,32.5,23.5,21.6,29.3,33.8,23.9,,8.2,20.2,23.8,30.3,34.0,36.0,27.4
01-07,31.5,38.8,23.0,27.0,30.0,27.3,30.2,23.9,35.2,23.2,,23.0,23.2,26.0,30.6,35.6,38.8,28.7
01-08,26.4,36.3,18.5,34.9,35.1,31.3,22.6,25.5,21.6,28.2,,18.5,21.3,24.7,32.4,35.2,36.3,27.3
01-09,25.2,34.0,15.1,30.0,32.4,34.3,19.4,18.3,21.9,30.4,,15.1,18.0,21.2,31.0,34.0,34.3,27.6
01-10,28.6,33.4,14.4,28.8,28.6,28.0,14.9,18.3,31.5,27.1,,14.4,14.8,24.5,28.6,31.7,33.4,28.3
01-11,34.5,31.1,17.1,25.7,27.9,22.6,21.7,20.8,29.7,20.5,,17.1,20.1,21.5,28.4,31.4,34.5,24.2
01-12,20.3,28.4,22.3,23.4,28.8,24.1,17.1,30.6,34.5,30.0,,17.1,20.0,23.0,29.1,31.0,34.5,26.2
01-13,27.0,21.7,27.0,24.3,29.3,21.4,23.0,34.9,38.7,34.2,,21.4,21.7,23.9,30.8,35.3,38.7,27.0
01-14,29.5,20.8,21.0,22.1,32.0,22.6,21.4,29.8,24.4,28.4,,20.8,21.0,21.9,28.7,30.1,32.0,23.5
01-15,32.0,26.2,20.7,19.0,33.1,26.4,21.9,35.8,30.9,23.7,,19.0,20.5,23.2,31.2,33.3,35.8,26.3
01-16,29.8,32.4,26.1,15.8,33.4,28.4,29.3,30.0,32.0,21.7,,15.8,21.1,27.7,30.6,32.5,33.4,29.6
01-17,32.9,28.9,29.3,25.2,32.5,30.2,16.3,32.2,33.4,18.3,,16.3,18.1,27.8,32.3,33.0,33.4,29.8
01-18,32.9,37.2,28.6,33.8,39.2,20.8,24.1,20.7,29.1,14.5,,14.5,20.0,23.1,33.2,37.4,39.2,28.8
01-19,33.4,32.2,25.5,26.1,29.8,31.6,29.5,16.3,24.4,17.8,,16.3,17.6,25.2,30.4,32.3,33.4,27.8
01-20,31.3,22.8,20.7,19.2,15.1,32.7,34.2,25.0,25.7,12.6,,12.6,14.8,20.2,27.4,32.9,34.2,23.9
01-21,31.8,17.4,27.3,19.0,12.9,19.0,30.4,27.5,21.0,15.1,,12.9,14.9,18.6,27.4,30.5,31.8,20.0
01-22,27.7,24.1,35.1,22.8,20.8,9.9,29.1,28.0,16.0,11.5,,9.9,11.3,19.4,27.8,29.7,35.1,23.4
01-23,23.0,26.1,30.9,19.4,21.0,24.4,29.3,22.1,25.7,14.2,,14.2,18.9,21.8,25.8,29.5,30.9,23.7
01-24,27.5,30.0,21.2,11.5,29.5,23.2,30.0,18.9,29.3,17.2,,11.5,16.7,20.5,29.4,30.0,30.0,25.3
01-25,29.3,36.5,15.3,10.6,23.2,24.1,27.1,17.4,15.4,18.5,,10.6,14.8,16.8,25.0,30.0,36.5,20.8
01-26,29.8,41.9,21.7,10.0,16.2,25.5,33.3,15.8,16.5,19.2,,10.0,15.2,16.4,26.8,34.1,41.9,20.5
01-27,30.4,33.8,30.9,14.4,24.4,32.0,23.5,19.8,18.7,25.3,,14.4,18.2,22.4,30.5,32.2,33.8,24.9
01-28,29.5,30.4,34.2,22.6,30.0,25.9,25.7,25.9,27.0,20.8,,20.8,22.5,25.8,29.6,30.8,34.2,26.4
01-29,35.4,28.9,35.4,29.7,36.5,25.7,19.9,23.5,29.1,15.8,,15.8,19.5,25.1,31.4,35.5,36.5,29.0
01-30,23.4,28.6,22.5,32.9,39.9,26.2,22.6,17.8,30.0,8.8,,8.8,16.9,22.6,29.0,33.6,39.9,24.8
01-31,17.8,26.6,14.2,35.6,35.8,28.0,28.4,28.8,27.7,12.9,,12.9,14.1,24.0,28.5,35.6,35.8,27.9
02-01,11.5,29.8,7.9,36.0,34.0,31.5,38.1,34.5,10.0,21.2,,7.9,9.8,18.3,34.1,36.2,38.1,30.6
02-02,13.3,35.1,6.8,32.2,34.9,31.1,36.1,35.4,5.5,27.3,,5.5,6.7,23.1,34.9,35.5,36.1,31.6
02-03,16.2,35.6,12.6,31.3,35.8,25.5,5.7,25.5,13.1,30.6,,5.7,11.9,15.2,30.8,35.6,35.8,25.5
02-04,11.8,37.0,20.7,32.4,35.6,24.8,3.7,18.1,18.5,29.8,,3.7,11.0,18.4,30.6,35.7,37.0,22.7
02-05,13.5,41.0,21.7,33.8,32.9,17.1,17.8,25.3,26.1,24.6,,13.5,16.7,20.6,28.1,34.5,41.0,25.0
02-06,20.7,42.3,26.4,32.0,25.3,7.3,29.7,27.7,22.6,18.5,,7.3,17.4,22.0,28.3,33.0,42.3,25.9
02-07,24.8,40.1,27.5,34.0,31.8,8.8,29.8,29.7,29.5,21.6,,8.8,20.3,26.7,30.4,34.6,40.1,29.6
02-08,32.4,37.6,32.9,36.5,36.3,16.0,27.1,32.2,32.4,23.2,,16.0,22.5,30.7,33.9,36.6,37.6,32.4
02-09,32.9,37.0,34.9,42.3,36.7,18.0,14.0,28.9,32.4,18.3,,14.0,17.6,25.8,35.4,37.6,42.3,32.6
02-10,27.7,28.0,37.9,36.7,21.9,15.4,15.4,28.8,34.3,29.5,,15.4,15.4,26.0,30.9,36.8,37.9,28.4
02-11,24.6,30.2,39.0,24.6,23.5,11.7,18.1,30.4,34.7,30.4,,11.7,17.5,24.3,30.4,35.1,39.0,27.4
02-12,34.7,38.5,39.4,24.1,20.8,22.8,23.0,30.4,31.8,27.0,,20.8,22.6,23.8,32.7,38.6,39.4,28.7
02-13,36.9,41.9,35.2,25.0,21.7,31.1,28.0,23.2,34.7,27.7,,21.7,23.0,26.9,34.9,37.4,41.9,29.6
02-14,39.6,43.0,33.6,28.4,25.7,31.1,30.4,16.2,36.1,9.7,,9.7,15.5,27.6,34.4,39.9,43.0,30.7
02-15,42.3,33.1,34.2,33.4,16.3,22.3,30.6,23.9,27.0,7.7,,7.7,15.5,23.4,33.2,35.0,42.3,28.8
02-16,34.3,25.5,37.0,37.4,22.8,13.8,31.3,18.7,18.0,13.3,,13.3,13.8,18.5,32.2,37.1,37.4,24.2
02-17,35.1,28.8,38.8,28.9,32.2,11.8,20.8,13.5,19.2,24.4,,11.8,13.3,20.4,29.9,35.4,38.8,26.6
02-18,33.6,37.2,26.8,29.7,30.4,11.5,14.7,16.9,26.1,25.0,,11.5,14.4,22.5,29.9,34.0,37.2,26.4
02-19,25.3,38.3,32.0,30.6,10.2,7.2,16.7,29.1,30.2,25.2,,7.2,9.9,22.6,30.3,32.6,38.3,27.2
02-20,21.0,30.2,31.6,32.9,4.1,12.7,24.6,21.6,32.4,29.5,,4.1,11.9,21.4,30.6,32.4,32.9,27.0
02-21,26.6,23.4,32.2,33.6,9.7,10.4,30.0,19.0,18.3,25.9,,9.7,10.3,18.8,27.6,32.3,33.6,24.6
02-22,27.3,14.7,24.3,21.6,12.2,7.2,31.1,28.9,12.2,8.2,,7.2,8.1,12.2,25.2,29.2,31.1,18.1
02-23,32.7,12.6,19.2,13.3,8.8,14.4,30.7,28.8,7.2,7.7,,7.2,7.6,11.4,22.1,30.9,32.7,13.8
02-24,35.6,24.4,31.5,8.8,11.3,25.5,23.5,16.5,8.6,15.1,,8.6,8.8,13.9,24.8,31.9,35.6,20.0
02-25,35.6,31.5,34.3,11.1,14.7,30.7,18.1,15.3,8.6,26.4,,8.6,10.9,15.1,31.0,34.5,35.6,22.3
02-26,36.5,23.7,39.2,17.2,22.3,33.1,29.7,20.3,16.9,25.9,,16.9,17.2,21.7,30.7,36.8,39.2,24.8
02-27,30.0,23.7,38.8,18.3,20.8,34.3,30.7,10.4,25.7,19.6,,10.4,17.5,20.5,30.2,34.8,38.8,24.7
02-28,29.8,22.3,35.4,12.4,21.7,32.4,33.1,13.5,32.4,15.1,,12.4,13.4,19.7,32.4,33.3,35.4,26.1
02-29,,,35.1,,,,35.8,,,,,12.4,13.4,19.7,32.4,33.3,35.4,26.1
03-01,27.9,20.5,39.4,17.6,24.3,31.5,20.7,27.1,37.9,18.1,,17.6,18.1,20.6,28.9,38.1,39.4,25.7
03-02,29.5,23.0,37.0,25.9,27.0,28.4,19.6,30.6,41.9,18.0,,18.0,19.4,25.0,29.8,37.5,41.9,27.7
03-03,32.9,17.1,41.5,33.6,23.5,28.9,28.0,33.1,40.6,21.0,,17.1,20.6,26.7,33.2,40.7,41.5,30.9
03-04,30.0,18.1,39.4,35.4,14.9,26.2,32.5,31.6,33.6,22.8,,14.9,17.8,25.2,32.9,35.8,39.4,30.8
03-05,32.9,25.5,40.8,25.7,13.6,31.3,37.8,34.3,24.6,19.0,,13.6,18.5,25.2,33.3,38.1,40.8,28.5
03-06,36.1,30.7,29.8,13.6,20.3,31.8,40.1,37.2,18.1,16.0,,13.6,15.7,19.7,33.1,37.5,40.1,30.3
03-07,26.6,36.0,23.9,25.9,28.0,29.8,35.2,37.2,16.9,17.4,,16.9,17.4,25.3,31.5,36.1,37.2,27.3
03-08,30.4,34.0,27.9,35.1,33.8,23.5,30.6,37.8,22.5,20.1,,20.1,22.2,26.6,33.9,35.3,37.8,30.5
03-09,39.7,33.1,31.3,38.8,33.8,20.3,31.1,21.4,21.0,24.4,,20.3,20.9,23.5,33.3,38.9,39.7,31.2
03-10,37.2,37.2,40.8,39.6,31.8,22.8,31.1,18.5,10.0,32.2,,10.0,17.7,28.6,37.2,39.7,40.8,32.0
03-11,21.0,39.2,38.8,37.6,33.8,23.2,36.1,18.5,19.9,29.5,,18.5,19.8,22.5,36.6,38.9,39.2,31.6
03-12,24.4,34.0,35.2,38.5,35.2,29.5,34.5,20.1,31.6,30.0,,20.1,24.0,29.9,34.7,35.6,38.5,32.8
03-13,30.6,34.9,35.6,41.5,38.5,14.5,32.5,23.0,30.4,31.3,,14.5,22.2,30.5,35.1,38.8,41.5,31.9
03-14,33.6,41.5,30.4,45.0,32.7,17.4,32.5,30.0,28.8,32.2,,17.4,27.6,30.3,33.0,41.9,45.0,32.4
03-15,31.6,46.0,25.9,46.4,23.0,21.4,32.4,30.4,36.0,26.4,,21.4,22.8,26.3,33.4,46.1,46.4,31.0
03-16,40.5,45.1,29.7,43.5,25.5,27.7,32.0,28.2,28.8,15.8,,15.8,24.5,28.1,34.5,43.7,45.1,29.2
03-17,30.4,43.5,33.6,45.3,21.6,30.7,29.3,31.5,27.5,16.2,,16.2,21.0,28.8,32.1,43.7,45.3,30.6
03-18,18.7,36.3,33.3,47.3,17.4,32.4,24.8,36.0,31.1,21.4,,17.4,18.6,23.8,34.1,37.4,47.3,31.7
03-19,28.2,33.4,37.0,44.6,22.6,32.2,25.2,39.2,35.1,26.2,,22.6,24.9,27.6,35.7,39.7,44.6,32.8
03-20,35.8,40.3,43.3,45.7,32.0,34.5,24.1,28.0,24.3,25.2,,24.1,24.2,27.2,37.1,43.6,45.7,33.3
03-21,33.3,41.9,40.5,44.2,38.5,30.7,24.4,20.5,25.2,22.3,,20.5,22.1,24.9,39.1,42.1,44.2,32.0
03-22,29.3,39.7,23.0,37.9,36.7,30.2,28.8,23.4,29.7,24.8,,23.0,23.3,27.6,32.1,38.1,39.7,29.5
03-23,32.5,34.9,25.0,27.3,34.2,29.8,30.2,21.2,36.3,24.1,,21.2,23.8,26.6,33.0,35.0,36.3,30.0
03-24,35.2,33.8,31.5,34.2,32.4,27.3,32.2,22.8,41.5,17.1,,17.1,22.2,30.2,33.9,35.9,41.5,32.3
03-25,40.8,31.5,29.7,29.8,21.0,30.9,26.6,23.4,45.9,11.5,,11.5,20.1,25.6,31.1,41.3,45.9,29.8
03-26,29.7,38.3,22.8,30.9,18.9,37.9,18.7,24.3,47.8,9.1,,9.1,17.7,21.6,33.0,39.3,47.8,27.0
03-27,28.0,45.0,36.7,28.4,26.1,40.1,17.4,28.9,46.8,14.0,,14.0,17.1,27.4,37.7,45.1,46.8,28.7
03-28,31.5,45.9,26.1,26.8,34.3,30.2,23.7,37.9,40.3,30.6,,23.7,25.8,29.2,35.4,40.8,45.9,31.0
03-29,38.1,41.9,23.0,35.2,34.2,23.9,26.6,31.5,33.6,27.7,,23.0,23.8,27.4,34.5,38.5,41.9,32.5
03-30,27.1,45.9,24.1,30.7,37.4,23.5,30.9,19.9,35.8,21.0,,19.9,20.9,23.9,32.4,38.2,45.9,28.9
03-31,25.5,45.1,29.1,27.5,42.4,27.7,38.5,28.8,32.2,25.3,,25.3,25.5,27.6,34.1,42.7,45.1,28.9
04-01,25.3,29.3,32.2,32.5,41.9,34.7,32.7,39.0,32.7,33.3,,25.3,28.9,32.4,33.7,39.3,41.9,32.7
04-02,22.1,24.1,35.8,31.6,34.9,34.0,19.6,44.1,39.0,35.4,,19.6,21.8,29.4,35.5,39.5,44.1,34.4
04-03,24.4,27.5,40.8,26.1,28.4,34.0,25.5,46.6,35.6,18.5,,18.5,23.8,25.9,34.5,41.4,46.6,28.0
04-04,28.6,37.6,40.1,24.3,36.5,37.8,34.0,47.8,39.0,11.7,,11.7,23.0,32.4,38.1,40.9,47.8,37.0
04-05,28.0,40.1,36.1,36.0,40.5,36.9,36.3,39.2,31.3,12.4,,12.4,26.5,34.6,37.6,40.1,40.5,36.2
04-06,32.5,32.0,39.7,43.3,38.5,33.6,33.3,29.8,29.5,22.8,,22.8,28.8,31.4,35.1,40.1,43.3,32.9
04-07,37.4,34.0,42.8,43.7,40.3,41.4,34.2,39.2,37.8,33.6,,33.6,33.9,36.4,40.6,42.9,43.7,38.5
04-08,45.1,24.8,45.0,30.2,33.8,44.1,39.4,38.1,45.9,37.0,,24.8,29.7,36.1,44.3,45.2,45.9,38.8
04-09,45.9,30.0,38.1,23.0,35.1,33.6,31.6,35.6,37.2,39.2,,23.0,29.3,33.0,37.5,39.9,45.9,35.3
04-10,44.4,36.9,36.5,31.5,45.9,22.3,35.1,40.8,27.1,45.1,,22.3,26.7,34.0,41.9,45.2,45.9,36.7
04-11,46.0,40.6,39.7,35.2,46.2,26.6,38.1,36.9,30.0,49.6,,26.6,29.7,36.4,42.3,46.6,49.6,38.9
04-12,41.7,36.3,41.0,42.6,26.4,27.3,28.2,30.4,13.5,45.1,,13.5,25.1,27.9,41.2,42.9,45.1,33.4
04-13,28.6,44.2,39.4,40.1,24.4,32.0,22.8,31.5,20.7,27.0,,20.7,22.6,26.2,34.2,40.5,44.2,30.0
04-14,32.9,32.5,35.1,32.0,34.5,39.6,27.0,27.3,33.6,25.7,,25.7,26.8,30.6,33.9,35.5,39.6,32.7
04-15,41.5,18.9,25.7,31.6,41.9,37.0,35.2,25.7,36.3,32.9,,18.9,25.0,29.9,36.5,41.6,41.9,34.1
04-16,33.8,27.1,30.4,43.5,36.3,32.2,26.1,26.6,37.9,41.5,,26.1,26.5,29.4,36.8,41.7,43.5,33.0
04-17,43.9,35.6,34.0,44.8,23.0,34.7,28.6,26.2,38.7,41.4,,23.0,25.9,32.4,39.5,44.0,44.8,35.2
04-18,44.1,40.5,35.2,37.6,29.7,40.6,35.2,33.1,46.6,29.5,,29.5,29.6,34.6,40.5,44.3,46.6,36.4
04-19,42.6,41.0,40.1,33.4,33.3,46.0,32.9,38.8,40.3,22.3,,22.3,31.8,33.4,40.5,43.0,46.0,39.5
04-20,42.8,41.0,45.5,34.3,35.8,43.7,33.8,34.0,39.9,26.8,,26.8,33.1,34.2,41.5,43.9,45.5,37.8
04-21,46.9,43.7,48.4,30.2,40.6,32.9,38.5,33.3,43.3,35.2,,30.2,32.6,34.6,43.4,47.1,48.4,39.6
04-22,39.9,42.3,46.6,37.6,46.0,34.9,41.2,35.2,27.5,32.9,,27.5,32.4,35.1,41.5,46.1,46.6,38.8
04-23,30.0,41.0,30.6,39.6,41.7,40.1,40.6,38.5,27.9,35.2,,27.9,29.8,33.8,40.3,41.1,41.7,39.0
04-24,39.9,36.0,34.3,34.5,36.9,44.8,37.9,42.4,28.4,37.2,,28.4,33.7,35.5,38.5,42.7,44.8,37.0
04-25,36.9,30.9,30.4,30.4,45.9,45.1,44.2,37.9,35.2,31.6,,30.4,30.4,31.4,39.8,45.2,45.9,36.0
04-26,28.9,28.9,30.4,34.5,46.6,46.8,47.5,28.0,44.1,38.3,,28.0,28.8,29.9,44.8,46.8,47.5,36.4
04-27,28.6,33.3,31.1,28.0,52.5,44.8,48.6,28.9,44.2,44.4,,28.0,28.5,30.5,44.5,49.0,52.5,38.8
04-28,27.1,43.7,31.5,23.4,48.7,39.4,45.3,37.0,41.2,43.2,,23.4,26.8,35.4,43.3,45.7,48.7,40.3
04-29,29.8,49.6,32.5,30.0,34.9,37.9,52.5,45.3,32.7,48.9,,29.8,30.0,32.7,46.4,49.9,52.5,36.4
04-30,34.2,45.1,31.8,38.3,30.0,29.1,49.8,53.2,39.7,52.0,,29.1,29.9,33.5,46.5,52.1,53.2,39.0
05-01,41.9,47.3,30.2,39.7,30.4,27.5,42.1,50.4,32.7,50.4,,27.5,29.9,32.0,43.6,50.4,50.4,40.8
05-02,48.2,50.2,36.0,41.5,33.6,35.8,43.2,36.3,37.8,43.9,,33.6,35.6,36.2,43.4,48.4,50.2,39.6
05-03,51.4,48.7,41.5,42.6,38.5,39.9,41.0,35.4,27.7,41.9,,27.7,34.6,39.5,42.1,49.0,51.4,41.3
05-04,51.1,44.2,47.7,47.7,45.7,43.3,37.9,41.2,36.0,34.3,,34.3,35.8,40.2,46.3,48.0,51.1,43.8
05-05,44.8,41.9,49.8,53.6,50.4,43.2,45.5,42.8,47.7,31.6,,31.6,40.9,43.1,48.3,50.7,53.6,45.1
05-06,33.1,37.0,42.4,51.4,53.4,45.0,49.1,52.3,50.4,31.3,,31.3,32.9,40.8,50.7,52.4,53.4,47.0
05-07,29.8,36.9,34.9,45.5,52.9,39.4,40.5,47.8,45.0,35.1,,29.8,34.4,36.3,45.1,48.3,52.9,39.9
05-08,35.1,32.7,37.8,41.4,53.1,36.5,44.2,35.8,33.3,40.1,,32.7,33.2,35.6,40.5,45.1,53.1,37.1
05-09,40.1,33.1,43.0,44.1,55.6,33.4,46.0,34.2,25.7,39.7,,25.7,32.3,33.9,43.3,47.0,55.6,39.9
05-10,32.7,38.1,34.5,45.0,49.6,35.6,50.7,33.8,30.6,38.1,,30.6,32.5,34.3,40.2,49.7,50.7,36.9
05-11,27.3,43.5,36.3,49.8,34.0,41.5,51.1,35.6,30.9,38.8,,27.3,30.6,35.1,42.1,49.9,51.1,37.6
05-12,32.5,45.9,46.6,50.4,32.4,46.6,47.3,44.4,32.2,42.4,,32.2,32.3,39.5,46.6,47.6,50.4,45.1
05-13,34.9,42.8,52.0,33.4,34.0,48.9,41.2,51.1,41.7,40.5,,33.4,33.9,38.8,44.6,51.2,52.0,41.4
05-14,43.0,39.9,52.9,38.1,36.0,49.6,40.3,50.0,49.1,40.3,,36.0,37.9,40.2,49.3,50.3,52.9,41.6
05-15,48.9,32.4,41.7,37.0,40.8,48.4,40.6,48.6,52.0,48.2,,32.4,36.6,40.8,48.4,49.2,52.0,45.0
05-16,50.4,34.3,36.3,36.9,46.8,38.1,44.6,43.0,52.0,48.2,,34.3,36.1,37.7,47.2,50.5,52.0,43.8
05-17,51.3,38.7,38.1,26.1,42.3,31.1,53.8,43.0,46.6,47.3,,26.1,30.6,38.5,46.8,51.5,53.8,42.6
05-18,48.0,36.0,43.0,28.6,41.2,36.3,50.0,49.3,51.1,48.0,,28.6,35.2,39.7,48.4,50.1,51.1,45.5
05-19,41.2,35.4,46.4,35.6,41.7,32.2,39.6,52.7,46.9,47.5,,32.2,35.1,38.4,46.6,48.0,52.7,41.4
05-20,43.2,39.7,42.8,41.5,46.4,32.2,35.6,40.6,27.5,49.1,,27.5,31.7,38.5,42.9,46.7,49.1,41.1
05-21,40.3,40.3,36.0,42.4,46.0,30.6,42.6,32.7,34.2,49.3,,30.6,32.5,35.4,42.5,46.4,49.3,40.3
05-22,45.1,38.5,35.1,45.3,40.8,31.8,39.4,32.9,40.6,48.0,,31.8,32.8,37.5,42.1,45.6,48.0,40.0
05-23,46.4,36.1,39.7,50.5,43.9,32.9,31.3,31.8,37.6,47.7,,31.3,31.8,35.2,44.6,47.9,50.5,38.7
05-24,44.8,37.8,36.7,52.9,51.3,36.9,37.8,38.7,44.8,45.0,,36.7,36.8,37.8,44.8,51.4,52.9,41.7
05-25,48.9,41.7,36.7,44.8,51.6,38.3,44.6,46.8,50.2,43.2,,36.7,38.1,42.7,47.4,50.3,51.6,44.7
05-26,54.9,42.3,38.5,43.0,46.0,39.6,53.6,44.6,58.6,45.1,,38.5,39.5,42.8,48.3,55.2,58.6,44.9
05-27,58.8,40.1,42.1,40.6,39.2,35.1,54.3,50.7,54.7,42.6,,35.1,38.8,40.5,51.8,55.1,58.8,42.3
05-28,57.6,44.2,44.1,45.3,41.5,35.6,56.3,51.3,45.5,43.9,,35.6,40.9,44.0,47.2,56.4,57.6,44.8
05-29,49.5,47.3,47.5,48.7,48.2,39.2,63.0,49.6,33.6,48.9,,33.6,38.6,47.4,49.1,51.0,63.0,48.5
05-30,54.5,56.3,48.0,54.5,52.7,43.2,60.8,50.7,33.1,48.6,,33.1,42.2,48.4,54.5,56.7,60.8,51.7
05-31,53.8,59.0,47.8,55.4,49.8,43.0,58.1,51.8,33.3,47.7,,33.3,42.0,47.8,54.3,58.2,59.0,50.8
06-01,49.5,57.0,51.1,53.1,43.9,43.3,56.8,55.2,42.4,46.2,,42.4,43.3,45.5,53.7,56.9,57.0,50.3
06-02,56.3,51.4,56.3,50.9,47.1,44.4,56.5,59.0,52.2,45.7,,44.4,45.6,49.8,56.3,56.7,59.0,51.8
06-03,53.4,50.2,54.9,57.9,55.2,45.7,59.2,61.5,53.1,41.9,,41.9,45.3,52.2,56.0,59.4,61.5,54.1
06-04,50.5,50.4,57.4,59.7,61.2,49.5,59.9,61.5,53.1,45.5,,45.5,49.1,50.5,59.8,61.2,61.5,55.2
06-05,52.5,49.1,61.2,55.6,59.9,49.8,60.3,61.9,49.8,49.8,,49.1,49.7,49.8,60.0,61.2,61.9,54.0
06-06,54.0,43.3,59.0,59.0,57.9,54.1,48.6,61.3,49.6,51.6,,43.3,48.0,51.0,58.2,59.2,61.3,54.0
06-07,53.6,47.1,57.7,60.1,56.5,47.7,34.9,59.0,51.4,49.3,,34.9,45.9,48.8,56.9,59.1,60.1,52.5
06-08,50.7,51.1,61.7,58.8,56.8,35.8,30.7,55.4,57.2,45.3,,30.7,35.3,49.1,56.9,59.1,61.7,53.2
06-09,55.6,55.2,63.0,56.5,59.0,39.4,42.1,54.1,60.1,44.2,,39.4,41.8,51.2,57.2,60.4,63.0,55.4
06-10,59.2,53.4,59.0,51.6,46.2,49.8,50.2,43.7,64.6,46.9,,43.7,46.0,49.0,55.1,59.7,64.6,50.9
06-11,54.9,51.4,48.6,50.9,52.5,52.2,57.9,48.0,64.8,46.2,,46.2,47.8,50.2,53.2,58.6,64.8,51.8
06-12,59.9,55.2,45.0,36.7,55.2,53.8,60.1,58.3,63.0,44.1,,36.7,43.3,51.1,58.8,60.4,63.0,55.2
06-13,53.8,56.1,46.2,43.2,64.0,51.1,49.8,63.9,43.0,45.1,,43.0,43.1,45.9,54.5,63.9,64.0,50.4
06-14,42.8,57.6,52.2,50.0,63.3,48.2,47.8,69.4,41.4,48.4,,41.4,42.7,48.1,53.8,63.9,69.4,49.2
06-15,48.6,61.3,54.7,57.2,60.1,52.2,55.0,69.1,49.3,46.2,,46.2,48.3,51.3,58.1,62.1,69.1,54.9
06-16,46.8,59.5,50.9,60.4,56.5,48.2,48.7,66.2,61.9,44.1,,44.1,46.5,48.6,59.8,62.3,66.2,53.7
06-17,34.9,61.3,54.9,58.3,50.2,47.5,40.3,66.2,60.8,50.7,,34.9,39.7,49.4,59.0,61.8,66.2,52.8
06-18,38.7,63.7,59.0,56.7,47.5,52.5,42.4,64.8,51.8,55.8,,38.7,42.1,50.5,57.4,63.8,64.8,54.1
06-19,49.3,64.0,58.1,58.8,48.9,55.9,48.7,64.0,42.1,53.1,,42.1,48.1,49.2,58.3,64.0,64.0,54.5
06-20,57.9,62.4,65.3,61.3,55.4,52.3,54.7,64.6,42.4,43.9,,42.4,43.7,54.0,61.7,64.7,65.3,56.7
06-21,56.7,64.9,63.3,64.2,62.6,36.3,60.6,64.8,54.0,45.3,,36.3,44.4,55.8,63.6,64.8,64.9,61.6
06-22,57.6,60.4,65.3,58.8,55.0,38.5,58.3,63.9,56.7,50.9,,38.5,49.7,56.2,59.3,64.0,65.3,57.9
06-23,58.1,62.6,63.5,56.7,58.3,48.2,60.1,59.0,54.3,50.0,,48.2,49.8,56.0,59.3,62.7,63.5,58.2
06-24,60.8,63.7,59.5,57.6,52.2,54.0,61.3,49.8,54.0,51.3,,49.8,51.1,53.4,59.9,61.6,63.7,55.8
06-25,60.8,64.0,52.7,60.3,62.2,55.8,54.1,55.4,56.3,54.7,,52.7,54.0,55.2,60.4,62.4,64.0,56.0
06-26,48.9,64.6,60.4,65.5,65.7,56.3,57.4,56.8,58.5,53.6,,48.9,53.1,56.7,61.7,65.5,65.7,57.9
06-27,48.4,67.5,65.8,60.4,65.8,56.8,63.0,57.9,62.1,50.7,,48.4,50.5,57.6,63.8,66.0,67.5,61.2
06-28,55.8,69.1,63.3,58.6,61.9,58.8,52.9,60.1,64.2,48.9,,48.9,52.5,57.8,62.3,64.7,69.1,59.4
06-29,61.2,67.1,59.2,56.8,52.3,57.7,38.3,60.3,61.5,50.0,,38.3,48.8,55.5,60.5,62.1,67.1,58.5
06-30,57.0,63.5,53.8,53.8,51.4,56.1,45.7,54.9,60.1,54.1,,45.7,50.9,53.8,56.4,60.4,63.5,54.5
07-01,58.5,63.3,54.7,61.0,57.2,59.0,54.9,54.9,61.7,58.6,,54.7,54.8,56.5,59.6,61.9,63.3,58.6
07-02,64.2,59.9,54.9,63.7,61.3,60.1,57.9,57.6,62.6,61.7,,54.9,57.3,59.3,62.0,63.7,64.2,60.7
07-03,59.9,62.1,58.8,62.6,58.3,56.1,59.9,64.0,61.0,64.4,,56.1,58.1,59.6,62.2,64.1,64.4,60.4
07-04,63.5,59.2,61.9,66.0,60.4,49.8,61.3,60.8,59.7,58.5,,49.8,57.6,59.6,61.5,63.8,66.0,60.6
07-05,63.3,58.8,61.3,66.9,63.3,54.0,61.9,60.1,60.1,58.8,,54.0,58.3,59.7,62.3,63.7,66.9,60.7
07-06,64.4,56.3,58.6,64.0,67.1,59.0,64.6,64.0,60.8,60.1,,56.3,58.4,59.8,64.1,64.8,67.1,62.4
07-07,64.0,52.9,58.8,63.9,67.5,57.7,61.7,68.5,61.3,59.5,,52.9,57.3,59.3,63.9,67.6,68.5,61.5
07-08,63.9,51.1,62.2,65.5,63.0,55.0,58.8,68.9,62.8,60.3,,51.1,54.6,59.8,63.2,65.8,68.9,62.5
07-09,60.3,51.1,61.9,58.6,62.4,57.7,62.2,68.2,64.8,62.2,,51.1,57.1,59.8,62.3,65.1,68.2,62.1
07-10,56.8,50.4,55.9,60.4,63.3,61.9,64.4,67.8,64.2,61.3,,50.4,55.4,59.4,63.6,64.7,67.8,61.6
07-11,57.0,53.1,46.6,59.5,61.3,62.8,65.7,68.0,63.5,62.6,,46.6,52.4,58.8,63.0,65.9,68.0,62.0
07-12,61.0,56.7,57.0,61.3,60.8,64.2,67.5,68.5,64.8,63.1,,56.7,57.0,60.9,64.4,67.6,68.5,62.2
07-13,64.9,56.5,57.4,62.2,62.8,61.3,65.8,65.7,64.0,63.3,,56.5,57.3,62.0,64.3,65.7,65.8,63.0
07-14,67.1,58.1,61.5,59.9,60.8,63.1,60.8,62.1,62.8,59.5,,58.1,59.4,60.5,62.3,63.5,67.1,61.2
07-15,60.8,58.3,63.3,59.7,64.0,62.4,61.3,61.2,57.9,63.1,,57.9,58.2,60.5,62.6,63.4,64.0,61.2
07-16,60.6,59.5,61.7,62.2,62.2,61.9,63.5,59.5,63.9,69.8,,59.5,59.5,61.4,62.6,64.5,69.8,62.1
07-17,62.2,59.2,62.1,61.3,62.6,61.5,66.2,64.4,62.8,69.8,,59.2,61.1,61.9,63.3,66.6,69.8,62.4
07-18,60.4,51.8,63.1,64.0,65.5,64.2,66.4,65.8,63.1,61.0,,51.8,59.6,62.5,64.6,65.9,66.4,63.6
07-19,59.0,49.8,63.0,63.9,65.8,63.7,62.8,59.7,60.8,57.4,,49.8,56.6,59.5,63.2,64.1,65.8,61.8
07-20,59.4,52.3,64.0,64.0,62.4,61.7,63.1,60.4,62.1,59.7,,52.3,58.7,60.2,62.6,64.0,64.0,61.9
07-21,60.6,54.5,64.9,63.7,62.1,63.1,62.8,60.4,62.4,64.6,,54.5,59.8,61.6,63.3,64.6,64.9,62.6
07-22,63.3,54.0,65.7,63.7,57.6,65.5,57.7,61.2,65.8,67.3,,54.0,57.2,60.1,65.5,66.0,67.3,63.5
07-23,67.6,56.3,61.0,62.1,61.2,62.8,59.9,61.0,65.8,68.0,,56.3,59.5,61.0,63.7,67.7,68.0,61.6
07-24,64.4,56.5,63.0,59.5,64.0,57.7,59.9,64.0,60.6,64.6,,56.5,57.6,59.8,64.0,64.4,64.6,61.8
07-25,64.2,58.1,66.6,54.1,61.5,56.7,61.9,64.9,58.5,61.2,,54.1,56.4,58.4,62.6,65.1,66.6,61.3
07-26,63.0,61.3,66.9,53.4,62.1,54.3,63.0,64.2,62.4,62.2,,53.4,54.2,61.8,63.0,64.5,66.9,62.3
07-27,63.0,54.1,66.7,56.8,63.7,55.0,59.4,61.9,63.1,64.4,,54.1,55.0,58.6,63.3,64.6,66.7,62.4
07-28,57.4,48.7,67.5,55.8,65.1,59.7,60.4,57.6,61.7,64.8,,48.7,55.1,57.5,62.6,65.4,67.5,60.1
07-29,52.9,55.8,62.8,54.7,64.2,64.2,63.3,54.9,59.0,65.3,,52.9,54.5,55.5,63.6,64.3,65.3,60.9
07-30,55.0,61.0,61.9,59.0,65.1,64.0,67.5,55.9,60.4,64.4,,55.0,55.8,60.0,64.1,65.4,67.5,61.4
07-31,51.4,62.1,61.9,62.1,63.9,57.6,67.5,57.2,62.8,59.5,,51.4,56.6,58.9,62.3,64.2,67.5,62.0
08-01,55.4,62.6,60.4,62.4,63.9,59.5,68.7,55.4,59.9,56.7,,55.4,55.4,58.7,62.5,64.3,68.7,60.2
08-02,59.9,59.7,62.1,63.1,61.0,61.0,69.1,55.9,57.9,52.3,,52.3,55.6,59.2,61.3,63.7,69.1,60.4
08-03,55.4,52.2,60.8,62.1,61.3,62.6,66.7,59.2,57.7,54.3,,52.2,54.1,57.0,61.6,63.0,66.7,60.0
08-04,49.6,61.0,59.4,61.9,62.2,63.0,63.9,62.4,62.4,56.3,,49.6,55.6,60.5,62.4,63.0,63.9,62.1
08-05,53.4,59.7,56.3,61.2,59.4,63.5,62.8,66.4,58.3,57.6,,53.4,56.0,58.1,61.6,63.8,66.4,59.5
08-06,53.6,58.8,60.3,56.7,58.6,65.3,61.9,55.6,51.6,56.5,,51.6,53.4,56.2,59.3,62.2,65.3,57.6
08-07,51.4,51.6,61.5,55.8,61.5,59.4,60.6,56.5,55.2,58.5,,51.4,51.6,55.6,59.7,61.5,61.5,57.5
08-08,53.6,49.3,60.6,52.9,63.9,52.3,61.2,62.2,59.5,56.1,,49.3,52.0,53.4,60.8,62.4,63.9,57.8
08-09,55.9,56.1,59.9,53.6,65.3,55.9,62.4,59.2,63.1,58.5,,53.6,55.7,56.1,60.7,63.4,65.3,58.8
08-10,57.2,59.9,56.7,55.6,65.8,58.3,62.8,60.4,57.2,59.0,,55.6,56.6,57.2,60.1,63.1,65.8,58.6
08-11,56.8,55.6,56.1,59.4,66.7,55.4,61.3,61.7,57.6,57.2,,55.4,55.6,56.6,60.0,62.2,66.7,57.4
08-12,54.9,57.9,57.6,60.3,63.5,55.0,60.8,62.6,59.5,53.8,,53.8,54.8,56.8,60.4,62.7,63.5,58.7
08-13,55.6,61.3,59.2,60.3,60.3,59.4,63.3,64.2,58.6,57.6,,55.6,57.4,59.0,60.6,63.4,64.2,59.8
08-14,56.5,62.8,63.7,54.5,59.0,61.3,62.6,63.9,58.6,59.7,,54.5,56.3,58.9,62.7,63.7,63.9,60.5
08-15,58.6,63.0,59.2,50.0,56.3,63.3,64.2,64.4,59.4,61.0,,50.0,55.7,59.0,63.1,64.2,64.4,60.2
08-16,59.0,60.4,61.2,50.4,58.5,60.4,68.4,64.2,61.2,61.7,,50.4,57.6,60.0,61.3,64.6,68.4,60.8
08-17,60.4,62.1,62.8,55.2,59.5,60.6,69.4,64.9,63.0,60.1,,55.2,59.1,60.3,62.8,65.4,69.4,61.3
08-18,60.1,57.7,60.6,58.8,59.7,61.5,68.5,46.4,61.2,59.4,,46.4,56.6,59.2,60.8,62.2,68.5,59.9
08-19,50.5,57.7,60.3,55.8,59.4,60.3,66.2,42.1,55.4,55.4,,42.1,49.7,55.4,59.6,60.9,66.2,56.8
08-20,52.2,59.5,58.3,59.7,64.2,60.8,65.8,49.3,54.5,50.7,,49.3,50.6,53.8,60.0,64.4,65.8,58.9
08-21,54.5,62.4,60.6,59.0,59.4,62.8,66.0,52.5,58.8,51.8,,51.8,52.4,57.5,61.2,63.1,66.0,59.2
08-22,50.4,59.0,58.3,55.6,58.3,61.5,67.5,55.0,59.5,50.2,,50.2,50.3,55.4,59.2,62.1,67.5,58.3
08-23,46.9,61.9,57.7,56.1,59.7,58.3,65.7,58.8,60.6,53.2,,46.9,52.6,57.3,60.0,62.3,65.7,58.6
08-24,48.6,63.3,54.5,56.8,61.7,63.3,64.8,59.0,56.5,53.6,,48.6,53.1,55.9,62.2,63.5,64.8,57.9
08-25,50.0,62.6,52.7,60.3,59.9,64.6,62.6,60.8,57.4,58.3,,50.0,52.4,58.0,61.3,62.8,64.6,60.1
08-26,45.7,54.7,54.3,61.9,60.4,57.6,63.5,58.8,59.0,59.0,,45.7,53.5,56.7,59.4,62.0,63.5,58.9
08-27,47.7,54.9,54.9,62.6,54.3,57.7,62.1,58.1,59.4,58.3,,47.7,53.7,54.9,58.6,62.1,62.6,57.9
08-28,52.9,60.1,57.0,63.5,50.0,62.4,61.2,57.4,59.5,59.7,,50.0,52.6,57.3,60.4,62.5,63.5,59.6
08-29,57.6,63.3,59.4,61.2,57.7,62.6,62.1,62.1,61.7,62.2,,57.6,57.7,60.6,62.1,62.7,63.3,61.9
08-30,57.6,59.7,62.6,56.1,59.7,63.3,60.8,63.0,64.4,58.8,,56.1,57.4,59.4,62.7,63.4,64.4,60.3
08-31,52.2,57.4,61.0,52.2,56.5,62.4,54.0,60.3,65.3,60.8,,52.2,52.2,55.7,60.9,62.7,65.3,58.8
09-01,52.9,60.4,57.4,56.8,53.8,63.7,49.6,55.8,64.2,50.9,,49.6,50.8,53.5,58.3,63.7,64.2,56.3
09-02,59.7,59.2,57.9,60.1,57.4,62.6,58.8,57.6,65.1,51.6,,51.6,56.8,57.8,59.8,62.9,65.1,59.0
09-03,58.3,57.0,57.6,62.6,57.2,59.4,61.9,54.1,67.3,48.9,,48.9,53.6,57.1,60.1,63.1,67.3,57.9
09-04,51.1,54.9,47.5,63.5,57.0,61.0,62.6,56.7,66.6,43.3,,43.3,47.1,53.7,61.5,63.8,66.6,56.8
09-05,54.7,49.3,44.1,63.1,57.0,59.9,68.0,59.9,66.4,47.8,,44.1,47.5,53.1,60.9,66.5,68.0,58.5
09-06,56.3,47.8,50.2,62.2,57.9,56.3,66.2,62.4,68.2,51.3,,47.8,49.9,54.8,62.3,66.4,68.2,57.1
09-07,57.7,51.6,52.9,57.6,58.5,57.0,60.3,62.2,66.9,53.8,,51.6,52.8,56.0,59.0,62.7,66.9,57.6
09-08,53.6,52.5,55.8,54.3,61.2,51.6,30.7,63.3,64.6,55.2,,30.7,49.5,53.3,57.4,63.4,64.6,54.8
09-09,47.8,56.5,50.5,49.6,58.6,50.2,35.4,64.6,56.8,51.4,,35.4,46.6,50.0,56.6,59.2,64.6,51.0
09-10,50.7,57.4,54.5,51.8,61.2,50.0,42.6,60.8,54.7,51.3,,42.6,49.3,51.1,55.5,60.8,61.2,53.2
09-11,49.1,58.6,57.9,55.9,59.5,40.5,52.5,51.8,58.5,51.3,,40.5,48.2,51.6,58.1,58.7,59.5,54.2
09-12,50.7,60.1,50.9,55.0,56.7,43.9,55.0,55.9,56.7,49.8,,43.9,49.2,50.8,56.2,57.0,60.1,55.0
09-13,55.6,59.2,45.1,53.4,54.7,51.6,56.8,55.9,47.7,48.9,,45.1,47.4,50.8,55.7,57.1,59.2,54.0
09-14,56.8,55.0,40.5,50.0,56.7,56.5,58.3,54.3,46.6,47.1,,40.5,46.0,49.1,56.5,57.0,58.3,54.7
09-15,56.8,48.2,42.4,41.9,58.5,57.7,59.0,57.7,46.8,47.5,,41.9,42.4,47.3,57.7,58.5,59.0,52.5
09-16,59.4,40.3,43.9,40.8,58.1,54.3,59.0,55.9,45.9,49.8,,40.3,40.8,45.3,56.6,59.0,59.4,52.1
09-17,60.1,43.7,49.6,48.7,57.2,44.2,59.2,55.8,48.9,52.5,,43.7,44.2,48.9,56.2,59.3,60.1,51.1
09-18,58.1,41.2,56.7,51.8,56.5,50.2,58.5,52.2,50.7,51.6,,41.2,49.3,51.4,56.5,58.1,58.5,52.0
09-19,54.1,47.7,58.5,45.3,52.7,40.3,50.0,49.3,52.7,51.4,,40.3,44.8,48.8,52.7,54.6,58.5,50.7
09-20,55.8,52.7,57.6,48.2,46.4,34.2,50.5,38.7,54.5,51.3,,34.2,38.2,47.7,53.2,55.9,57.6,50.9
09-21,47.7,56.1,52.2,34.0,52.3,35.4,56.8,46.0,50.0,39.6,,34.0,35.3,44.1,52.2,56.2,56.8,48.8
09-22,49.6,57.2,39.6,27.5,55.0,45.9,55.8,53.4,45.7,35.4,,27.5,34.6,43.8,53.9,55.9,57.2,47.8
09-23,52.9,56.8,32.0,27.3,53.4,45.9,56.1,49.6,46.0,42.4,,27.3,31.5,44.8,53.0,56.2,56.8,47.8
09-24,56.7,58.3,38.5,30.0,48.6,48.6,58.6,48.6,49.3,47.7,,30.0,37.6,48.3,51.5,58.3,58.6,48.6
09-25,57.6,60.3,42.6,31.1,44.4,50.4,56.5,54.3,49.6,51.4,,31.1,41.5,48.1,55.0,57.8,60.3,50.9
09-26,53.8,57.9,47.8,32.5,47.5,54.1,53.8,55.9,51.4,51.8,,32.5,46.0,50.4,53.9,56.1,57.9,52.8
09-27,42.8,57.4,49.1,36.9,52.2,51.1,43.0,56.8,54.9,52.7,,36.9,42.2,47.3,53.3,56.9,57.4,51.6
09-28,37.6,57.0,49.8,40.6,56.5,43.0,42.4,44.6,53.4,49.3,,37.6,40.3,42.8,50.9,56.5,57.0,46.9
09-29,37.8,56.7,48.9,43.9,56.5,29.3,50.7,34.0,54.3,50.9,,29.3,33.5,42.0,51.9,56.5,56.7,49.8
09-30,41.2,57.4,50.7,44.1,51.4,31.5,52.7,36.9,46.0,44.4,,31.5,36.3,43.2,50.9,53.2,57.4,45.2
