date,2013,2014,2015,2016,2017,2018,2019,2020,2021,2022,2023,2024,Min,10%,30%,70%,90%,Max,Median (POR)
10-01,50.8,48.3,32.2,54.4,46.3,36.6,51.1,37.6,50.8,42.4,45.9,38.7,32.2,36.6,42.4,50.8,51.1,54.4,46.3
10-02,52.0,48.2,37.6,44.7,46.0,26.4,48.7,37.0,52.5,43.5,44.8,33.9,26.4,37.0,43.5,48.2,52.0,52.5,44.8
10-03,52.1,33.3,43.1,40.1,32.7,31.2,47.4,43.0,50.0,45.0,43.9,36.1,31.2,32.7,40.1,45.0,50.0,52.1,43.1
10-04,49.6,24.6,45.7,44.0,32.8,41.5,39.7,41.8,51.6,47.1,43.2,39.2,24.6,32.8,41.5,45.7,49.6,51.6,43.2
10-05,43.8,33.1,45.8,41.2,34.8,41.5,34.5,39.6,52.2,43.2,43.5,43.3,33.1,34.5,39.6,43.5,45.8,52.2,41.5
10-06,39.3,44.1,47.7,39.8,31.7,36.1,33.4,37.5,51.4,42.3,43.8,44.7,31.7,33.4,37.5,43.8,47.7,51.4,39.8
10-07,37.7,45.3,47.7,43.6,36.5,47.1,33.1,43.2,50.9,42.7,45.2,46.2,33.1,36.5,42.7,45.3,47.7,50.9,43.6
10-08,44.2,42.6,47.1,47.4,41.8,37.7,32.7,47.7,51.9,38.4,45.6,47.7,32.7,37.7,41.8,47.1,47.7,51.9,44.2
10-09,44.4,39.9,45.0,47.8,44.8,27.9,32.4,38.7,51.5,33.0,45.0,47.1,27.9,32.4,38.7,45.0,47.8,51.5,44.4
10-10,46.3,32.2,44.1,50.5,45.6,32.4,30.5,19.7,49.9,33.8,45.3,48.7,19.7,30.5,32.4,45.6,49.9,50.5,44.1
10-11,44.0,32.2,44.5,51.1,45.1,40.3,33.6,30.1,39.9,34.2,46.6,35.1,30.1,32.2,34.2,44.5,46.6,51.1,40.3
10-12,35.7,34.5,34.7,52.3,44.4,40.0,33.0,34.6,46.0,27.1,46.9,28.1,27.1,33.0,34.6,44.4,46.9,52.3,35.7
10-13,37.2,34.3,38.1,51.7,46.2,40.4,36.3,37.6,50.2,25.7,45.6,31.5,25.7,34.3,37.2,45.6,50.2,51.7,38.1
10-14,39.4,29.2,43.2,51.6,51.0,29.5,22.2,40.0,49.9,23.4,44.5,36.8,22.2,23.4,29.5,44.5,51.0,51.6,40.0
10-15,44.0,25.3,46.2,48.7,50.7,40.8,22.8,41.8,40.2,29.5,44.2,,22.8,25.3,40.2,44.2,48.7,50.7,41.8
10-16,46.0,29.3,45.5,47.9,49.2,44.5,29.4,46.0,44.2,37.8,40.9,,29.3,29.4,40.9,46.0,47.9,49.2,44.5
10-17,36.3,33.5,44.0,43.1,38.0,45.8,30.4,45.3,47.1,39.1,40.8,,30.4,33.5,38.0,44.0,45.8,47.1,40.8
10-18,40.9,32.6,43.9,41.9,37.7,46.5,30.4,31.2,47.3,32.8,42.4,,30.4,31.2,32.8,42.4,46.5,47.3,40.9
10-19,45.9,36.6,42.4,38.6,31.2,46.4,35.1,34.3,46.8,27.6,43.3,,27.6,31.2,35.1,43.3,46.4,46.8,38.6
10-20,48.4,37.3,44.5,36.9,37.9,37.3,37.9,23.8,46.0,32.3,44.4,,23.8,32.3,37.3,44.4,46.0,48.4,37.9
10-21,44.0,35.8,43.3,37.1,43.7,28.9,39.3,32.0,48.9,38.7,44.6,,28.9,32.0,37.1,43.7,44.6,48.9,39.3
10-22,42.4,38.6,41.5,37.0,47.1,42.3,37.9,37.4,42.7,39.3,36.7,,36.7,37.0,37.9,42.3,42.7,47.1,39.3
10-23,38.1,38.5,45.9,36.2,46.5,43.5,37.0,34.3,39.4,36.3,22.1,,22.1,34.3,36.3,39.4,45.9,46.5,38.1
10-24,26.5,40.0,47.7,37.8,43.7,42.2,37.0,30.2,43.6,38.4,22.6,,22.6,26.5,37.0,42.2,43.7,47.7,38.4
10-25,21.0,39.3,46.5,39.1,40.7,44.9,36.6,42.4,24.7,42.4,30.4,,21.0,24.7,36.6,42.4,44.9,46.5,39.3
10-26,24.4,38.7,40.8,39.6,41.0,40.5,40.6,44.4,12.3,26.1,28.0,,12.3,24.4,28.0,40.6,41.0,44.4,39.6
10-27,34.4,39.6,30.6,37.3,44.5,41.0,43.6,20.4,27.7,31.0,21.3,,20.4,21.3,30.6,39.6,43.6,44.5,34.4
10-28,39.5,34.8,35.8,38.4,47.9,38.8,44.4,19.3,39.7,37.9,27.3,,19.3,27.3,35.8,39.5,44.4,47.9,38.4
10-29,41.5,26.1,41.1,32.2,45.8,43.6,42.6,12.1,37.2,39.8,32.5,,12.1,26.1,32.5,41.5,43.6,45.8,39.8
10-30,40.1,25.6,41.5,32.0,46.1,42.4,28.2,12.5,38.7,41.2,32.9,,12.5,25.6,32.0,41.2,42.4,46.1,38.7
10-31,41.2,28.4,42.7,38.5,40.0,37.9,26.7,32.6,40.5,40.2,35.1,,26.7,28.4,35.1,40.2,41.2,42.7,38.5
11-01,41.0,31.9,39.1,43.9,34.8,41.7,30.8,30.8,40.8,39.8,35.1,,30.8,30.8,34.8,40.8,41.7,43.9,39.1
11-02,36.8,35.2,29.1,41.8,31.8,40.0,37.2,34.0,43.5,37.2,31.0,,29.1,31.0,34.0,37.2,41.8,43.5,36.8
11-03,36.2,26.5,22.0,35.2,37.6,38.4,30.4,39.0,43.0,36.0,21.9,,21.9,22.0,30.4,37.6,39.0,43.0,36.0
11-04,40.1,18.3,29.4,24.7,40.2,36.7,33.6,37.3,42.3,40.9,21.9,,18.3,21.9,29.4,40.1,40.9,42.3,36.7
11-05,41.4,17.5,37.2,21.0,38.5,33.9,31.3,36.3,42.6,41.8,33.3,,17.5,21.0,33.3,38.5,41.8,42.6,36.3
11-06,41.4,28.2,41.1,20.7,38.9,33.3,26.7,35.0,43.1,43.3,33.6,,20.7,26.7,33.3,41.1,43.1,43.3,35.0
11-07,41.2,34.6,40.6,24.3,38.7,24.2,26.2,35.6,35.6,42.4,38.7,,24.2,24.3,34.6,38.7,41.2,42.4,35.6
11-08,40.9,37.9,39.2,27.4,38.6,31.9,20.4,37.5,20.4,37.2,35.7,,20.4,20.4,31.9,37.9,39.2,40.9,37.2
11-09,32.2,38.1,43.3,31.9,39.4,34.3,25.9,40.8,16.9,34.1,22.8,,16.9,22.8,31.9,38.1,40.8,43.3,34.1
11-10,14.9,36.5,30.2,24.7,40.2,38.2,29.4,40.6,16.2,30.4,15.4,,14.9,15.4,24.7,36.5,40.2,40.6,30.2
11-11,10.8,39.0,32.5,19.0,38.2,32.7,16.7,32.4,20.5,32.7,17.4,,10.8,16.7,19.0,32.7,38.2,39.0,32.4
11-12,22.0,38.5,25.9,23.0,38.8,35.0,16.5,35.2,21.8,37.1,19.6,,16.5,19.6,22.0,35.2,38.5,38.8,25.9
11-13,28.3,38.0,31.5,26.4,38.3,40.0,26.7,37.6,30.7,39.0,19.4,,19.4,26.4,28.3,38.0,39.0,40.0,31.5
11-14,32.0,34.3,30.0,28.8,44.5,37.5,32.4,39.6,20.5,42.1,17.5,,17.5,20.5,30.0,37.5,42.1,44.5,32.4
11-15,32.4,28.5,22.3,27.9,48.1,37.0,34.5,40.3,34.6,44.7,12.7,,12.7,22.3,28.5,37.0,44.7,48.1,34.5
11-16,33.6,25.6,14.7,22.2,39.3,40.8,35.7,35.4,39.0,38.1,20.1,,14.7,20.1,25.6,38.1,39.3,40.8,35.4
11-17,34.2,29.5,21.6,20.5,15.9,30.1,31.8,39.0,40.2,26.3,24.1,,15.9,20.5,24.1,31.8,39.0,40.2,29.5
11-18,32.8,30.6,26.6,28.5,16.3,22.0,24.4,40.5,43.3,31.9,17.3,,16.3,17.3,24.4,31.9,40.5,43.3,28.5
11-19,31.0,32.0,30.6,33.6,30.7,33.0,29.8,40.6,35.2,36.1,18.9,,18.9,29.8,30.7,33.6,36.1,40.6,32.0
11-20,32.5,29.8,30.1,28.2,37.5,38.5,29.5,32.2,31.9,28.5,26.4,,26.4,28.2,29.5,32.2,37.5,38.5,30.1
11-21,36.4,29.0,28.6,25.2,30.5,38.9,30.9,27.1,30.0,27.4,28.3,,25.2,27.1,28.3,30.5,36.4,38.9,29.0
11-22,32.2,24.5,30.7,31.1,25.2,41.2,28.5,24.1,28.5,35.4,27.7,,24.1,24.5,27.7,31.1,35.4,41.2,28.5
11-23,34.5,26.7,17.1,33.1,25.2,43.9,30.6,23.3,28.6,34.7,24.4,,17.1,23.3,25.2,33.1,34.7,43.9,28.6
11-24,37.6,26.5,17.2,31.2,19.6,43.5,22.0,30.0,19.5,18.1,22.9,,17.2,18.1,19.6,30.0,37.6,43.5,22.9
11-25,34.6,28.3,28.8,24.6,25.1,43.3,14.9,22.9,27.0,27.5,32.5,,14.9,22.9,25.1,28.8,34.6,43.3,27.5
11-26,31.9,29.5,34.0,15.1,26.1,44.7,26.3,10.8,14.9,34.9,28.2,,10.8,14.9,26.1,31.9,34.9,44.7,28.2
11-27,32.9,29.4,39.8,14.0,21.4,37.6,35.4,17.6,18.9,34.9,26.4,,14.0,17.6,21.4,34.9,37.6,39.8,29.4
11-28,34.2,26.5,40.2,10.3,17.4,28.5,31.5,27.3,30.1,37.1,25.7,,10.3,17.4,26.5,31.5,37.1,40.2,28.5
11-29,34.3,25.0,37.2,7.9,14.2,32.7,28.2,21.7,25.0,39.3,9.3,,7.9,9.3,21.7,32.7,37.2,39.3,25.0
11-30,34.0,27.0,33.9,12.2,13.6,35.7,24.4,12.7,27.3,38.4,20.4,,12.2,12.7,20.4,33.9,35.7,38.4,27.0
12-01,34.3,30.7,30.3,20.1,16.7,34.9,18.7,19.7,19.8,39.6,28.5,,16.7,18.7,19.8,30.7,34.9,39.6,28.5
12-02,32.8,35.4,33.0,27.7,10.5,35.8,14.8,32.2,11.5,38.8,20.7,,10.5,11.5,20.7,33.0,35.8,38.8,32.2
12-03,26.7,24.6,32.1,30.6,17.8,30.3,7.1,31.3,23.8,36.1,26.8,,7.1,17.8,24.6,30.6,32.1,36.1,26.8
12-04,35.2,0.2,33.6,31.0,30.5,12.8,9.4,31.2,31.1,35.8,32.4,,0.2,9.4,30.5,32.4,35.2,35.8,31.1
12-05,37.9,-4.8,30.6,22.3,21.6,18.6,20.3,27.4,29.2,34.5,28.3,,-4.8,18.6,21.6,29.2,34.5,37.9,27.4
12-06,32.3,2.4,31.6,30.0,17.5,21.1,24.7,25.6,28.1,31.6,17.8,,2.4,17.5,21.1,30.0,31.6,32.3,25.6
12-07,26.7,8.7,29.6,35.7,6.0,24.5,25.6,30.5,29.0,28.0,20.5,,6.0,8.7,24.5,29.0,30.5,35.7,26.7
12-08,24.4,-0.0,30.1,35.6,21.4,32.7,26.7,27.8,32.7,27.9,17.2,,-0.0,17.2,24.4,30.1,32.7,35.6,27.8
12-09,10.2,4.1,31.0,40.6,33.3,30.7,24.1,21.3,32.1,26.5,19.4,,4.1,10.2,21.3,31.0,33.3,40.6,26.5
12-10,20.0,19.0,31.6,37.6,35.5,31.2,26.7,24.1,28.1,7.3,22.6,,7.3,19.0,22.6,31.2,35.5,37.6,26.7
12-11,23.3,19.4,31.3,22.9,28.3,35.1,28.2,25.0,17.3,14.5,23.5,,14.5,17.3,22.9,28.2,31.3,35.1,23.5
12-12,26.4,27.1,32.1,16.6,27.2,35.2,21.6,30.5,13.8,23.8,15.1,,13.8,15.1,21.6,27.2,32.1,35.2,26.4
12-13,25.3,22.1,25.3,27.6,28.2,34.8,20.5,28.8,14.5,26.2,13.4,,13.4,14.5,22.1,27.6,28.8,34.8,25.3
12-14,25.7,24.9,15.6,16.0,35.9,26.8,28.5,22.4,16.0,28.8,14.5,,14.5,15.6,16.0,26.8,28.8,35.9,24.9
12-15,19.9,32.8,17.6,12.8,37.6,35.5,32.6,11.3,16.1,13.5,12.3,,11.3,12.3,13.5,32.6,35.5,37.6,17.6
12-16,18.5,32.7,21.7,11.8,27.7,27.3,30.6,8.5,22.2,19.3,9.6,,8.5,9.6,18.5,27.3,30.6,32.7,21.7
12-17,26.1,35.7,21.7,16.9,4.5,20.8,30.3,18.0,22.6,13.8,18.7,,4.5,13.8,18.0,22.6,30.3,35.7,20.8
12-18,20.9,35.5,19.8,27.3,6.2,29.7,28.8,21.4,18.7,20.2,19.1,,6.2,18.7,19.8,27.3,29.7,35.5,20.9
12-19,5.1,27.1,23.7,26.7,22.3,32.5,29.1,20.1,23.2,28.3,20.7,,5.1,20.1,22.3,27.1,29.1,32.5,23.7
12-20,15.9,17.8,27.6,21.9,31.9,29.8,33.1,27.0,30.0,30.4,25.8,,15.9,17.8,25.8,30.0,31.9,33.1,27.6
12-21,22.7,18.8,31.3,24.9,28.3,12.8,32.5,32.7,33.4,29.9,24.9,,12.8,18.8,24.9,31.3,32.7,33.4,28.3
12-22,27.7,19.6,25.2,21.9,26.1,24.0,19.4,31.9,25.1,34.7,22.2,,19.4,19.6,22.2,26.1,31.9,34.7,25.1
12-23,25.3,27.0,17.2,12.8,23.4,25.3,27.4,27.9,12.9,33.0,26.2,,12.8,12.9,23.4,27.0,27.9,33.0,25.3
12-24,17.8,24.5,26.7,10.0,25.8,27.5,25.9,23.7,24.6,27.5,30.1,,10.0,17.8,24.5,26.7,27.5,30.1,25.8
12-25,11.2,28.2,14.9,8.3,12.8,29.4,23.2,20.4,28.0,24.3,32.2,,8.3,11.2,14.9,28.0,29.4,32.2,23.2
12-26,14.8,31.9,9.5,7.2,7.4,30.1,17.8,12.9,29.7,17.7,37.9,,7.2,7.4,12.9,29.7,31.9,37.9,17.7
12-27,12.9,32.5,9.3,10.0,24.9,33.6,11.1,18.0,19.5,17.5,32.9,,9.3,10.0,12.9,24.9,32.9,33.6,18.0
12-28,8.6,27.5,18.3,11.5,26.8,34.6,5.1,7.0,18.6,13.9,22.2,,5.1,7.0,11.5,22.2,27.5,34.6,18.3
12-29,10.5,21.3,9.2,10.6,27.0,40.2,19.3,12.7,16.3,14.8,17.1,,9.2,10.5,12.7,19.3,27.0,40.2,16.3
12-30,13.0,28.0,5.2,10.6,29.0,40.8,23.7,17.2,22.0,21.7,26.9,,5.2,10.6,17.2,26.9,29.0,40.8,22.0
12-31,7.0,31.9,9.9,2.6,23.4,32.2,6.4,20.0,21.7,16.2,32.2,,2.6,6.4,9.9,23.4,32.2,32.2,20.0
01-01,12.6,27.5,15.4,8.1,23.5,31.4,2.9,26.8,17.5,4.9,29.7,,2.9,4.9,12.6,26.8,29.7,31.4,17.5
01-02,16.9,32.0,19.9,21.0,22.5,28.6,21.4,18.4,24.3,20.2,19.3,,16.9,18.4,19.9,22.5,28.6,32.0,21.0
01-03,13.5,33.3,22.6,27.6,21.7,31.6,30.9,25.6,24.7,25.9,16.7,,13.5,16.7,22.6,27.6,31.6,33.3,25.6
01-04,25.3,15.0,27.0,24.8,27.6,33.9,32.9,30.2,28.1,26.8,19.6,,15.0,19.6,25.3,28.1,32.9,33.9,27.0
01-05,26.5,11.2,33.7,23.5,16.2,34.0,28.3,24.1,21.9,29.4,21.6,,11.2,16.2,21.9,28.3,33.7,34.0,24.1
01-06,20.2,27.6,36.7,24.3,5.2,31.5,23.0,21.0,26.9,33.1,23.9,,5.2,20.2,23.0,27.6,33.1,36.7,24.3
01-07,24.3,30.6,36.7,18.6,18.6,27.4,24.7,26.1,24.1,34.7,19.9,,18.6,18.6,24.1,27.4,34.7,36.7,24.7
01-08,25.1,24.9,36.0,16.9,34.4,30.1,25.9,23.7,22.0,21.3,24.4,,16.9,21.3,23.7,25.9,34.4,36.0,24.9
01-09,26.7,22.1,31.0,14.2,32.0,32.4,28.6,17.7,17.8,17.7,26.7,,14.2,17.7,17.8,28.6,32.0,32.4,26.7
01-10,22.5,24.7,31.7,12.7,27.7,27.5,28.2,13.2,15.4,25.4,29.2,,12.7,13.2,22.5,27.7,29.2,31.7,25.4
01-11,2.4,33.0,29.2,21.0,26.7,24.3,20.5,20.7,19.5,29.6,19.2,,2.4,19.2,20.5,26.7,29.6,33.0,21.0
01-12,-1.7,18.7,25.4,25.4,23.5,28.0,16.2,16.2,29.2,33.2,24.3,,-1.7,16.2,18.7,25.4,29.2,33.2,24.3
01-13,-8.7,22.8,23.1,28.3,24.2,29.4,15.3,19.9,35.0,37.2,30.1,,-8.7,15.3,22.8,29.4,35.0,37.2,24.2
01-14,-5.9,27.7,22.0,19.1,23.4,31.4,18.6,23.5,25.6,26.1,26.8,,-5.9,18.6,22.0,26.1,27.7,31.4,23.5
01-15,16.6,31.5,28.5,19.2,26.1,31.6,24.8,21.6,34.4,30.4,23.7,,16.6,19.2,23.7,30.4,31.6,34.4,26.1
01-16,29.1,30.7,33.6,22.4,19.0,27.8,26.9,27.0,28.9,31.8,21.5,,19.0,21.5,26.9,29.1,31.8,33.6,27.8
01-17,25.2,32.8,29.4,26.0,19.6,30.0,29.2,16.0,31.1,31.0,17.8,,16.0,17.8,25.2,30.0,31.1,32.8,29.2
01-18,25.2,30.0,34.7,27.6,26.4,36.3,19.5,20.4,21.8,28.3,13.9,,13.9,19.5,21.8,28.3,34.7,36.3,26.4
01-19,28.0,32.7,33.1,24.0,22.6,36.8,26.4,24.0,16.8,22.6,13.1,,13.1,16.8,22.6,28.0,33.1,36.8,24.0
01-20,28.1,29.5,24.5,20.4,21.1,22.4,32.4,27.1,25.3,24.6,13.0,,13.0,20.4,22.4,27.1,29.5,32.4,24.6
01-21,30.8,29.6,17.1,25.2,19.3,11.2,21.4,27.4,27.5,22.0,18.1,,11.2,17.1,19.3,27.4,29.6,30.8,22.0
01-22,36.4,26.6,19.4,31.5,17.9,18.1,12.5,27.0,26.5,19.5,13.8,,12.5,13.8,18.1,26.6,31.5,36.4,19.5
01-23,36.1,17.8,24.3,32.4,21.0,20.5,20.7,25.9,19.0,28.1,16.6,,16.6,17.8,20.5,25.9,32.4,36.1,21.0
01-24,33.1,26.8,29.5,20.7,12.4,26.1,20.2,27.9,15.6,27.9,15.3,,12.4,15.3,20.2,27.9,29.5,33.1,26.1
01-25,31.8,31.5,39.4,14.8,8.4,26.0,21.4,27.9,15.2,18.4,13.2,,8.4,13.2,15.2,27.9,31.8,39.4,21.4
01-26,28.6,30.4,37.5,22.3,7.0,15.0,26.3,32.8,12.7,18.9,16.2,,7.0,12.7,16.2,28.6,32.8,37.5,22.3
01-27,26.9,27.7,33.0,30.6,13.2,21.7,31.3,23.0,12.7,15.8,24.9,,12.7,13.2,21.7,27.7,31.3,33.0,24.9
01-28,11.3,25.4,30.7,33.7,26.8,28.9,23.5,24.3,22.2,22.3,19.5,,11.3,19.5,22.3,26.8,30.7,33.7,24.3
01-29,10.2,33.2,28.6,33.7,31.1,35.2,23.7,21.4,21.9,27.8,20.5,,10.2,20.5,21.9,31.1,33.7,35.2,27.8
01-30,20.7,25.6,28.9,26.9,33.1,39.7,25.4,22.6,18.1,28.8,12.3,,12.3,18.1,22.6,28.8,33.1,39.7,25.6
01-31,22.5,16.6,28.0,14.1,35.4,36.3,28.0,30.9,21.1,28.4,11.1,,11.1,14.1,21.1,28.4,35.4,36.3,28.0
02-01,25.1,9.4,28.0,11.2,36.6,34.2,27.9,38.1,29.0,10.9,20.2,,9.4,10.9,20.2,29.0,36.6,38.1,27.9
02-02,28.1,9.4,33.8,4.8,29.7,34.3,29.2,38.8,34.9,4.1,24.8,,4.1,4.8,24.8,33.8,34.9,38.8,29.2
02-03,29.1,15.9,34.7,8.3,29.8,33.7,26.9,9.0,27.4,7.6,28.8,,7.6,8.3,15.9,29.1,33.7,34.7,27.4
02-04,27.6,10.8,36.2,15.3,31.2,33.2,25.7,2.3,15.6,19.2,29.2,,2.3,10.8,15.6,29.2,33.2,36.2,25.7
02-05,33.4,11.5,37.5,20.0,31.9,32.1,21.1,12.0,20.9,24.8,25.9,,11.5,12.0,20.9,31.9,33.4,37.5,24.8
02-06,25.3,19.5,39.3,26.8,30.8,22.7,8.5,26.2,25.8,22.6,17.6,,8.5,17.6,22.6,26.2,30.8,39.3,25.3
02-07,21.2,22.2,39.6,30.0,32.9,28.8,5.1,29.8,30.3,29.2,21.2,,5.1,21.2,22.2,30.0,32.9,39.6,29.2
02-08,20.1,29.2,36.9,37.6,36.1,36.0,13.2,30.1,32.0,31.9,23.7,,13.2,20.1,29.2,36.0,36.9,37.6,31.9
02-09,12.6,31.7,37.5,37.4,42.3,36.2,16.6,16.9,29.6,29.2,15.2,,12.6,15.2,16.9,36.2,37.5,42.3,29.6
02-10,10.9,27.1,29.2,37.1,39.1,21.6,17.5,14.8,27.3,34.0,26.4,,10.9,14.8,21.6,29.2,37.1,39.1,27.1
02-11,7.6,22.3,26.7,38.5,29.7,18.0,11.1,17.1,29.6,32.0,25.7,,7.6,11.1,18.0,29.6,32.0,38.5,25.7
02-12,15.4,30.4,35.8,40.0,28.6,21.7,22.0,19.8,28.6,29.1,25.8,,15.4,19.8,22.0,29.1,35.8,40.0,28.6
02-13,22.1,34.8,38.0,35.4,29.3,24.5,29.8,25.2,25.4,33.1,27.2,,22.1,24.5,25.4,33.1,35.4,38.0,29.3
02-14,21.4,36.7,41.2,31.1,28.2,29.2,29.7,30.7,16.6,34.4,12.6,,12.6,16.6,28.2,31.1,36.7,41.2,29.7
02-15,24.5,40.6,32.7,31.9,30.0,16.3,26.3,28.5,19.6,29.6,7.8,,7.8,16.3,24.5,30.0,32.7,40.6,28.5
02-16,31.6,35.1,22.2,35.8,33.3,19.9,13.1,30.7,18.3,23.2,12.4,,12.4,13.1,19.9,31.6,35.1,35.8,23.2
02-17,25.9,33.4,23.8,37.3,30.3,30.8,9.0,21.1,12.7,18.1,22.5,,9.0,12.7,21.1,30.3,33.4,37.3,23.8
02-18,17.6,33.8,34.0,30.0,30.0,33.7,7.6,16.6,13.3,23.2,25.3,,7.6,13.3,17.6,30.0,33.8,34.0,25.3
02-19,21.6,23.7,36.9,30.7,31.0,14.2,4.5,19.2,26.2,27.8,25.8,,4.5,14.2,21.6,27.8,31.0,36.9,25.8
02-20,21.4,16.9,29.5,32.2,31.9,3.6,7.0,17.7,21.4,32.4,28.6,,3.6,7.0,17.7,29.5,32.2,32.4,21.4
02-21,15.2,26.2,20.9,30.0,36.7,7.0,10.2,27.0,17.3,25.3,28.9,,7.0,10.2,17.3,27.0,30.0,36.7,25.3
02-22,12.4,27.8,17.2,22.9,27.9,10.9,9.9,29.1,28.3,16.9,12.6,,9.9,10.9,12.6,27.8,28.3,29.1,17.2
02-23,15.0,32.1,18.7,17.7,11.6,10.5,12.5,28.5,28.4,14.0,9.6,,9.6,10.5,12.5,18.7,28.5,32.1,15.0
02-24,10.8,33.9,24.9,27.6,7.9,9.5,18.0,19.1,19.9,10.5,16.5,,7.9,9.5,10.8,19.9,27.6,33.9,18.0
02-25,20.4,35.4,28.1,34.7,10.3,13.9,26.4,13.5,15.7,7.8,26.3,,7.8,10.3,13.9,26.4,34.7,35.4,20.4
02-26,10.6,34.0,21.5,34.9,15.0,21.3,29.4,25.6,21.8,12.0,22.3,,10.6,12.0,21.3,25.6,34.0,34.9,21.8
02-27,12.4,29.7,19.2,38.7,19.8,21.4,29.6,28.9,8.5,21.8,21.1,,8.5,12.4,19.8,28.9,29.7,38.7,21.4
02-28,22.5,28.8,21.2,34.1,13.8,20.7,31.1,31.1,11.0,31.4,15.3,,11.0,13.8,20.7,31.1,31.4,34.1,22.5
02-29,,,,34.6,,,,32.7,,,,,11.0,13.8,20.7,31.1,31.4,34.1,22.5
03-01,30.0,28.2,22.6,37.0,17.6,22.5,31.4,28.5,23.4,33.6,17.2,,17.2,17.6,22.6,30.0,33.6,37.0,28.2
03-02,37.2,28.6,24.8,36.4,25.2,27.7,30.0,22.6,26.1,37.5,17.4,,17.4,22.6,25.2,30.0,37.2,37.5,27.7
03-03,32.1,32.4,18.5,38.3,29.5,30.4,28.6,27.4,28.6,37.8,19.1,,18.5,19.1,28.6,32.1,37.8,38.3,29.5
03-04,21.6,28.6,16.2,36.3,34.0,15.7,22.5,31.5,27.6,33.5,20.8,,15.7,16.2,21.6,31.5,34.0,36.3,27.6
03-05,26.3,31.0,24.7,38.5,29.9,14.2,28.3,33.7,31.0,26.1,22.9,,14.2,22.9,26.1,31.0,33.7,38.5,28.3
03-06,33.0,36.2,30.3,32.8,11.8,19.9,31.5,33.8,34.8,17.8,21.2,,11.8,17.8,21.2,33.0,34.8,36.2,31.5
03-07,32.5,25.3,31.7,24.6,25.1,29.4,29.5,35.8,36.6,12.1,21.1,,12.1,21.1,25.1,31.7,35.8,36.6,29.4
03-08,28.2,25.3,33.0,25.1,35.2,34.5,24.0,30.2,39.3,16.9,23.8,,16.9,23.8,25.1,33.0,35.2,39.3,28.2
03-09,24.8,35.7,31.1,29.5,38.4,34.9,20.8,30.1,29.1,19.1,24.9,,19.1,20.8,24.9,31.1,35.7,38.4,29.5
03-10,25.5,37.6,34.3,36.0,40.0,32.7,24.0,31.9,21.1,12.9,32.5,,12.9,21.1,25.5,34.3,37.6,40.0,32.5
03-11,28.8,20.0,36.9,35.9,37.8,33.2,26.1,35.2,19.5,16.2,28.8,,16.2,19.5,26.1,35.2,36.9,37.8,28.8
03-12,32.9,20.1,34.1,34.0,37.8,34.3,30.8,36.4,20.5,23.6,27.8,,20.1,20.5,27.8,34.1,36.4,37.8,32.9
03-13,37.6,28.9,34.0,34.2,38.5,36.8,17.7,29.9,18.8,28.8,28.7,,17.7,18.8,28.8,34.2,37.6,38.5,29.9
03-14,44.2,31.4,37.3,28.6,43.0,34.5,16.5,29.7,25.6,27.9,30.2,,16.5,25.6,28.6,34.5,43.0,44.2,30.2
03-15,43.1,27.7,41.6,23.4,44.1,24.6,19.6,30.7,29.1,32.4,30.0,,19.6,23.4,27.7,32.4,43.1,44.1,30.0
03-16,37.4,37.0,42.1,27.0,42.6,25.3,25.9,32.1,27.0,31.6,19.7,,19.7,25.3,27.0,37.0,42.1,42.6,31.6
03-17,29.7,29.7,42.6,33.1,43.4,25.4,29.4,32.5,29.5,26.6,15.3,,15.3,25.4,29.4,32.5,42.6,43.4,29.7
03-18,28.1,16.6,38.8,31.0,46.1,17.5,31.5,28.2,31.8,27.3,15.4,,15.4,16.6,27.3,31.5,38.8,46.1,28.2
03-19,30.2,24.3,34.2,34.1,45.4,20.8,29.4,26.9,37.5,30.9,23.4,,20.8,23.4,26.9,34.1,37.5,45.4,30.2
03-20,34.3,33.0,36.3,38.9,43.8,28.7,28.3,24.1,32.2,29.8,25.3,,24.1,25.3,28.7,34.3,38.9,43.8,32.2
03-21,25.6,33.8,39.9,42.1,43.2,34.5,28.3,25.3,19.4,24.7,25.3,,19.4,24.7,25.3,34.5,42.1,43.2,28.3
03-22,17.2,27.4,39.3,27.2,39.0,37.8,26.5,29.8,21.0,23.2,23.9,,17.2,21.0,23.9,29.8,39.0,39.3,27.2
03-23,10.5,30.0,34.9,21.6,28.8,32.2,31.6,28.8,21.7,30.8,21.7,,10.5,21.6,21.7,30.8,32.2,34.9,28.8
03-24,16.2,34.2,33.6,29.7,33.8,32.8,30.0,32.7,22.7,37.7,16.3,,16.2,16.3,29.7,33.6,34.2,37.7,32.7
03-25,24.5,37.2,29.0,26.0,33.0,27.5,31.6,32.2,23.5,42.0,10.2,,10.2,23.5,26.0,32.2,37.2,42.0,29.0
03-26,33.0,29.9,38.0,22.5,31.2,18.0,36.5,23.2,24.0,45.6,8.3,,8.3,18.0,23.2,33.0,38.0,45.6,29.9
03-27,36.7,25.9,42.8,31.0,31.1,23.6,38.5,18.1,28.0,46.3,13.6,,13.6,18.1,25.9,36.7,42.8,46.3,31.0
03-28,37.5,28.5,45.6,33.3,28.5,30.7,35.3,22.0,36.4,40.8,22.6,,22.0,22.6,28.5,36.4,40.8,45.6,33.3
03-29,38.2,36.2,43.2,23.4,35.4,31.6,23.2,25.3,33.3,33.4,32.0,,23.2,23.4,31.6,35.4,38.2,43.2,33.3
03-30,36.4,29.4,44.5,21.2,35.5,35.8,22.6,29.3,18.2,32.1,21.1,,18.2,21.1,22.6,35.5,36.4,44.5,29.4
03-31,37.6,25.2,44.8,27.6,31.8,42.7,26.1,37.3,27.9,31.6,23.0,,23.0,25.2,27.6,37.3,42.7,44.8,31.6
04-01,33.0,25.6,34.1,29.8,34.2,42.1,33.1,38.8,35.7,32.4,31.9,,25.6,29.8,32.4,34.2,38.8,42.1,33.1
04-02,32.1,22.1,24.7,35.0,31.8,36.7,34.2,18.6,44.1,36.7,35.6,,18.6,22.1,31.8,35.6,36.7,44.1,34.2
04-03,37.0,23.0,25.5,40.2,28.5,28.1,33.1,23.0,45.5,36.8,25.2,,23.0,23.0,25.5,36.8,40.2,45.5,28.5
04-04,40.6,26.8,33.9,41.0,21.7,36.4,36.1,33.7,47.1,37.9,11.9,,11.9,21.7,33.7,37.9,41.0,47.1,36.1
04-05,37.8,27.9,39.8,34.6,31.7,38.2,37.2,37.3,44.3,33.6,13.2,,13.2,27.9,33.6,37.8,39.8,44.3,37.2
04-06,36.6,29.0,36.1,39.8,38.7,40.0,35.5,35.8,25.8,27.8,17.8,,17.8,25.8,29.0,36.6,39.8,40.0,35.8
04-07,37.9,35.0,33.8,43.3,43.8,41.0,39.3,37.0,37.4,32.4,30.8,,30.8,32.4,35.0,39.3,43.3,43.8,37.4
04-08,32.1,42.0,25.3,42.2,36.9,32.4,44.5,39.0,39.1,39.9,36.1,,25.3,32.1,36.1,39.9,42.2,44.5,39.0
04-09,20.0,44.9,31.5,36.5,21.6,34.2,39.4,34.3,33.9,42.0,39.0,,20.0,21.6,33.9,39.0,42.0,44.9,34.3
04-10,25.8,43.9,37.1,37.8,30.9,42.5,23.4,34.9,40.2,29.9,41.8,,23.4,25.8,30.9,40.2,42.5,43.9,37.1
04-11,31.4,45.5,39.7,37.8,36.3,48.5,23.2,37.0,37.1,31.0,46.9,,23.2,31.0,36.3,39.7,46.9,48.5,37.1
04-12,33.6,42.9,36.6,39.6,41.2,29.5,25.3,27.3,34.5,19.5,44.6,,19.5,25.3,29.5,39.6,42.9,44.6,34.5
04-13,36.5,27.5,41.8,42.1,44.5,19.6,28.2,20.6,34.6,15.8,35.8,,15.8,19.6,27.5,36.5,42.1,44.5,34.6
04-14,29.2,28.8,36.1,36.2,36.2,31.0,39.1,21.7,30.4,26.7,25.9,,21.7,25.9,28.8,36.1,36.2,39.1,30.4
04-15,29.9,39.6,16.4,27.1,35.4,39.1,41.4,32.2,26.2,34.8,31.0,,16.4,26.2,29.9,35.4,39.6,41.4,32.2
04-16,23.7,33.7,21.2,29.7,40.8,43.1,33.3,26.3,24.7,36.4,36.6,,21.2,23.7,26.3,36.4,40.8,43.1,33.3
04-17,18.6,40.3,31.4,27.7,44.1,20.7,33.0,29.2,24.4,37.5,41.5,,18.6,20.7,27.7,37.5,41.5,44.1,31.4
04-18,20.8,44.4,38.5,30.0,42.2,27.5,40.6,33.6,31.9,42.3,33.5,,20.8,27.5,31.9,40.6,42.3,44.4,33.6
04-19,30.6,42.1,38.3,35.3,34.6,34.9,45.2,33.3,36.7,44.4,19.9,,19.9,30.6,34.6,38.3,44.4,45.2,35.3
04-20,31.0,43.2,40.0,43.0,33.5,32.0,44.2,34.3,31.9,40.8,23.1,,23.1,31.0,32.0,40.8,43.2,44.2,34.3
04-21,36.7,44.8,42.9,45.5,28.9,40.2,37.2,37.5,33.6,43.5,32.6,,28.9,32.6,36.7,42.9,44.8,45.5,37.5
04-22,35.3,43.6,40.0,47.3,34.3,43.3,36.8,39.3,33.6,36.9,29.8,,29.8,33.6,35.3,40.0,43.6,47.3,36.9
04-23,26.2,28.2,36.8,32.9,41.4,43.6,40.0,38.8,35.8,27.7,34.5,,26.2,27.7,32.9,38.8,41.4,43.6,35.8
04-24,32.8,36.7,37.2,35.0,33.9,38.3,43.6,37.3,41.1,27.1,35.4,,27.1,32.8,35.0,37.3,41.1,43.6,36.7
04-25,36.7,41.6,32.7,30.2,28.5,41.9,46.0,42.4,43.7,31.7,26.9,,26.9,28.5,31.7,41.9,43.7,46.0,36.7
04-26,40.0,31.5,28.7,30.1,32.7,45.3,44.8,45.4,33.4,39.1,38.1,,28.7,30.1,32.7,40.0,45.3,45.4,38.1
04-27,42.9,26.5,35.2,32.6,27.1,48.1,44.7,48.3,30.0,44.5,41.2,,26.5,27.1,32.6,44.5,48.1,48.3,41.2
04-28,46.5,24.7,41.2,30.0,22.7,48.7,43.2,45.3,37.2,44.2,41.2,,22.7,24.7,37.2,44.2,46.5,48.7,41.2
04-29,47.5,26.5,46.8,30.4,28.2,41.2,37.9,49.6,45.1,35.3,46.2,,26.5,28.2,35.3,46.2,47.5,49.6,41.2
04-30,42.1,28.0,47.7,31.2,34.1,31.5,33.1,51.0,50.5,35.2,48.8,,28.0,31.2,33.1,47.7,50.5,51.0,35.2
05-01,25.6,37.3,47.6,32.2,38.4,31.3,25.9,47.8,51.9,37.3,48.9,,25.6,25.9,32.2,47.6,48.9,51.9,37.3
05-02,30.4,46.1,48.6,36.0,39.8,31.8,33.7,44.8,40.6,40.0,43.2,,30.4,31.8,36.0,43.2,46.1,48.6,40.0
05-03,39.3,50.7,45.1,40.4,42.3,36.1,39.2,44.8,35.2,32.7,44.7,,32.7,35.2,39.2,44.7,45.1,50.7,40.4
05-04,40.6,50.4,41.2,45.6,46.7,40.9,41.7,38.1,39.3,29.7,39.0,,29.7,38.1,39.3,41.7,46.7,50.4,40.9
05-05,43.8,47.4,39.9,47.5,51.2,46.3,42.7,43.2,42.7,39.0,31.5,,31.5,39.0,42.7,46.3,47.5,51.2,43.2
05-06,35.8,39.3,38.0,39.1,46.8,50.5,42.1,47.7,49.9,48.7,33.7,,33.7,35.8,39.1,47.7,49.9,50.5,42.1
05-07,34.4,29.7,39.7,34.7,44.6,50.8,39.2,39.4,50.6,48.1,35.7,,29.7,34.4,35.7,44.6,50.6,50.8,39.4
05-08,35.1,32.9,35.2,34.6,42.9,51.6,33.9,42.3,37.0,41.6,41.4,,32.9,33.9,35.1,41.6,42.9,51.6,37.0
05-09,39.2,38.7,31.2,41.8,42.6,55.4,33.2,45.0,34.2,32.9,43.1,,31.2,32.9,34.2,42.6,45.0,55.4,39.2
05-10,41.6,38.1,33.7,34.2,40.0,52.9,33.4,47.9,33.7,36.0,39.1,,33.4,33.7,34.2,40.0,47.9,52.9,38.1
05-11,45.1,28.3,39.3,35.7,46.2,44.8,39.3,47.4,36.1,39.3,39.6,,28.3,35.7,39.3,44.8,46.2,47.4,39.3
05-12,49.4,27.1,44.6,43.5,48.9,38.4,43.9,47.5,42.5,34.6,41.6,,27.1,34.6,41.6,44.6,48.9,49.4,43.5
05-13,52.2,29.7,44.1,50.0,42.9,36.7,48.3,42.7,49.5,37.8,39.8,,29.7,36.7,39.8,48.3,50.0,52.2,42.9
05-14,54.3,38.0,36.9,52.2,42.6,40.6,48.6,43.3,51.6,45.5,40.5,,36.9,38.0,40.6,48.6,52.2,54.3,43.3
05-15,50.6,45.4,31.7,42.5,40.3,44.4,48.7,42.7,51.0,50.7,44.7,,31.7,40.3,42.7,48.7,50.7,51.0,44.7
05-16,50.2,49.2,33.4,37.5,38.1,48.3,44.2,45.0,47.4,53.2,48.0,,33.4,37.5,44.2,48.3,50.2,53.2,47.4
05-17,43.8,50.8,39.2,36.3,26.6,47.1,30.7,51.4,43.6,52.5,47.0,,26.6,30.7,39.2,47.1,51.4,52.5,43.8
05-18,38.1,51.7,38.4,40.0,26.2,44.5,32.8,52.0,48.0,49.3,46.9,,26.2,32.8,38.4,48.0,51.7,52.0,44.5
05-19,35.4,46.5,36.0,45.7,32.1,46.2,32.5,46.4,49.4,50.6,45.3,,32.1,32.5,36.0,46.4,49.4,50.6,45.7
05-20,35.7,45.3,39.3,46.7,38.2,44.3,29.9,34.2,49.9,35.4,46.0,,29.9,34.2,35.7,45.3,46.7,49.9,39.3
05-21,43.3,42.3,40.2,41.2,39.1,47.4,31.2,40.6,41.9,30.7,46.6,,30.7,31.2,40.2,42.3,46.6,47.4,41.2
05-22,49.7,45.0,36.3,36.2,44.0,43.2,29.2,45.3,36.3,38.6,46.7,,29.2,36.2,36.3,45.0,46.7,49.7,43.2
05-23,49.7,40.2,34.4,40.2,47.9,44.2,31.6,33.0,32.7,38.7,44.7,,31.6,32.7,34.4,44.2,47.9,49.7,40.2
05-24,46.5,41.1,37.1,39.7,52.8,50.9,35.4,36.0,37.9,40.2,47.7,,35.4,36.0,37.9,46.5,50.9,52.8,40.2
05-25,49.6,45.8,39.9,39.6,46.6,53.2,38.5,42.3,46.0,45.2,47.1,,38.5,39.6,42.3,46.6,49.6,53.2,45.8
05-26,50.2,50.5,41.1,38.7,46.3,49.5,41.5,50.2,48.4,52.0,45.1,,38.7,41.1,45.1,50.2,50.5,52.0,48.4
05-27,48.7,56.2,42.7,40.2,40.8,42.0,34.0,54.1,50.3,56.7,46.0,,34.0,40.2,42.0,50.3,56.2,56.7,46.0
05-28,40.5,55.9,43.8,43.5,44.6,42.0,35.9,56.4,53.3,50.8,48.1,,35.9,40.5,43.5,50.8,55.9,56.4,44.6
05-29,37.6,52.5,46.2,45.5,48.4,46.7,38.6,59.4,52.0,39.5,50.4,,37.6,38.6,45.5,50.4,52.5,59.4,46.7
05-30,41.2,48.8,51.3,48.4,50.9,49.8,41.3,57.2,50.1,33.0,48.7,,33.0,41.2,48.4,50.1,51.3,57.2,48.8
05-31,42.1,53.4,55.8,48.6,52.1,53.4,43.2,55.8,49.3,34.4,49.2,,34.4,42.1,48.6,53.4,55.8,55.8,49.3
06-01,47.4,50.0,55.6,50.7,46.3,48.2,46.6,57.1,53.1,40.0,46.3,,40.0,46.3,46.6,50.7,55.6,57.1,48.2
06-02,55.3,54.3,53.5,54.4,50.3,50.5,47.2,57.3,56.6,47.7,44.0,,44.0,47.2,50.3,54.4,56.6,57.3,53.5
06-03,54.1,53.2,51.9,55.0,54.7,55.3,44.2,58.8,58.7,52.5,45.6,,44.2,45.6,52.5,55.0,58.7,58.8,54.1
06-04,55.0,53.6,51.1,56.8,57.1,59.6,48.9,58.5,62.9,54.1,46.8,,46.8,48.9,53.6,57.1,59.6,62.9,55.0
06-05,53.4,52.8,43.4,60.5,57.1,59.8,50.5,58.3,61.3,51.6,48.9,,43.4,48.9,51.6,58.3,60.5,61.3,53.4
06-06,55.4,53.0,42.1,59.2,57.6,57.2,51.1,43.8,60.7,52.0,51.0,,42.1,43.8,51.1,57.2,59.2,60.7,53.0
06-07,57.9,53.7,44.5,57.1,59.5,56.8,52.6,37.0,60.0,53.4,47.3,,37.0,44.5,52.6,57.1,59.5,60.0,53.7
06-08,59.2,48.5,49.5,57.5,58.7,57.5,39.3,28.9,54.9,56.4,46.3,,28.9,39.3,48.5,57.5,58.7,59.2,54.9
06-09,62.5,49.9,54.0,62.1,57.6,58.3,40.8,38.7,56.7,60.6,47.2,,38.7,40.8,49.9,58.3,62.1,62.5,56.7
06-10,62.2,55.9,48.8,61.2,56.6,51.3,48.9,46.2,51.0,63.1,48.4,,46.2,48.4,48.9,56.6,62.2,63.1,51.3
06-11,54.5,54.9,46.2,52.8,54.1,52.5,52.9,52.7,50.9,64.5,48.7,,46.2,48.7,52.5,54.1,54.9,64.5,52.8
06-12,59.0,54.3,51.1,53.5,43.1,58.1,54.5,57.9,58.0,64.3,43.0,,43.0,43.1,53.5,58.0,59.0,64.3,54.5
06-13,60.1,56.2,54.0,46.5,43.8,62.8,54.2,53.8,62.1,54.3,44.9,,43.8,44.9,53.8,56.2,62.1,62.8,54.2
06-14,52.3,43.3,54.1,52.2,51.7,62.2,51.5,50.3,65.5,44.8,47.0,,43.3,44.8,50.3,52.3,62.2,65.5,51.7
06-15,54.6,50.8,54.7,55.5,56.4,59.7,50.9,55.9,65.1,47.8,42.4,,42.4,47.8,50.9,55.9,59.7,65.1,54.7
06-16,56.1,49.4,60.0,53.5,59.0,54.5,49.2,56.0,66.0,54.9,43.0,,43.0,49.2,53.5,56.1,60.0,66.0,54.9
06-17,56.5,43.5,60.6,55.5,58.6,53.5,46.9,43.0,65.9,60.7,48.6,,43.0,43.5,48.6,58.6,60.7,65.9,55.5
06-18,57.4,40.7,62.0,59.7,57.6,50.6,50.6,46.2,63.4,57.4,54.8,,40.7,46.2,50.6,57.6,62.0,63.4,57.4
06-19,52.8,48.2,62.9,60.6,60.3,50.6,55.2,48.3,62.7,50.7,56.2,,48.2,48.3,50.7,60.3,62.7,62.9,55.2
06-20,49.9,55.6,61.3,64.3,63.1,53.7,52.3,54.8,62.0,44.7,52.2,,44.7,49.9,52.3,61.3,63.1,64.3,54.8
06-21,53.4,57.1,64.3,65.1,64.9,61.3,40.8,58.3,62.5,47.7,51.1,,40.8,47.7,53.4,62.5,64.9,65.1,58.3
06-22,52.0,55.9,61.8,63.5,61.3,55.8,37.0,57.7,63.4,54.1,53.4,,37.0,52.0,54.1,61.3,63.4,63.5,55.9
06-23,53.9,56.9,61.2,64.0,56.6,57.8,44.9,58.5,56.6,53.4,49.4,,44.9,49.4,53.9,57.8,61.2,64.0,56.6
06-24,51.9,58.7,61.3,62.4,56.4,53.1,53.1,60.6,51.1,51.0,51.0,,51.0,51.0,51.9,58.7,61.3,62.4,53.1
06-25,54.8,60.9,61.5,56.4,57.9,58.5,56.2,60.4,50.8,52.0,54.2,,50.8,52.0,54.8,58.5,60.9,61.5,56.4
06-26,60.0,53.4,61.6,59.8,60.4,65.4,56.1,57.9,53.8,52.9,55.3,,52.9,53.4,55.3,60.0,61.6,65.4,57.9
06-27,62.9,49.0,63.3,61.9,59.6,66.1,56.2,60.6,54.2,57.8,53.7,,49.0,53.7,56.2,61.9,63.3,66.1,59.6
06-28,64.3,53.7,63.4,62.6,58.2,61.6,57.9,59.7,53.7,58.9,52.6,,52.6,53.7,57.9,61.6,63.4,64.3,58.9
06-29,66.3,59.7,63.0,56.7,54.3,55.9,58.6,39.4,50.4,58.2,48.9,,39.4,48.9,54.3,58.6,63.0,66.3,56.7
06-30,65.5,58.7,65.2,54.7,53.5,52.9,53.2,43.9,51.0,55.2,51.9,,43.9,51.0,52.9,55.2,65.2,65.5,53.5
07-01,64.3,57.0,63.4,49.9,58.2,55.2,56.7,53.4,55.0,56.5,56.1,,49.9,53.4,55.2,57.0,63.4,64.3,56.5
07-02,62.8,60.5,62.5,53.8,57.8,60.6,59.3,57.2,59.0,56.5,58.8,,53.8,56.5,57.8,60.5,62.5,62.8,59.0
07-03,63.7,56.1,63.4,54.7,60.7,61.5,57.9,55.9,62.7,57.9,62.4,,54.7,55.9,57.9,62.4,63.4,63.7,60.7
07-04,61.4,60.2,58.1,57.9,61.6,60.4,56.2,59.2,62.2,57.5,60.9,,56.2,57.5,58.1,60.9,61.6,62.2,60.2
07-05,58.6,58.9,57.0,61.0,63.0,60.0,56.2,62.2,60.9,57.8,59.6,,56.2,57.0,58.6,60.9,62.2,63.0,59.6
07-06,55.0,60.9,52.0,59.5,62.4,63.1,57.0,64.1,62.1,56.1,60.1,,52.0,55.0,57.0,62.1,63.1,64.1,60.1
07-07,54.7,61.2,50.3,58.8,63.0,60.5,54.9,60.8,64.8,57.3,58.6,,50.3,54.7,57.3,60.8,63.0,64.8,58.8
07-08,58.8,61.0,50.7,59.4,61.5,62.5,54.6,59.5,68.4,60.4,58.9,,50.7,54.6,58.9,61.0,62.5,68.4,59.5
07-09,60.3,59.7,48.5,61.1,60.7,62.2,56.6,59.3,68.9,63.6,60.5,,48.5,56.6,59.7,61.1,63.6,68.9,60.5
07-10,63.4,55.3,46.5,58.7,57.6,63.4,59.6,61.4,65.9,61.8,59.5,,46.5,55.3,58.7,61.8,63.4,65.9,59.6
07-11,59.2,56.1,49.6,49.5,56.4,57.2,58.6,62.4,65.1,61.3,61.3,,49.5,49.6,56.4,61.3,62.4,65.1,58.6
07-12,54.8,60.6,53.8,57.4,54.0,55.8,61.0,65.0,64.0,61.3,62.7,,53.8,54.0,55.8,61.3,64.0,65.0,60.6
07-13,58.3,62.7,55.0,58.3,55.5,58.2,56.2,65.1,60.3,58.6,61.6,,55.0,55.5,58.2,60.3,62.7,65.1,58.3
07-14,57.9,63.1,53.0,60.4,57.6,54.9,60.3,62.3,58.8,58.8,60.4,,53.0,54.9,57.9,60.4,62.3,63.1,58.8
07-15,57.9,60.6,54.0,63.3,60.2,56.5,61.9,61.9,58.5,56.5,61.2,,54.0,56.5,57.9,61.2,61.9,63.3,60.2
07-16,56.1,60.1,56.8,60.5,61.3,58.4,63.1,59.5,59.3,61.3,64.8,,56.1,56.8,59.3,61.3,63.1,64.8,60.1
07-17,53.6,57.9,59.4,62.4,61.1,61.3,61.0,60.9,61.8,63.1,68.2,,53.6,57.9,60.9,61.8,63.1,68.2,61.1
07-18,56.5,58.0,53.1,55.2,63.6,62.8,61.4,63.0,63.3,61.9,59.3,,53.1,55.2,58.0,62.8,63.3,63.6,61.4
07-19,59.1,61.6,52.0,58.2,58.4,63.7,62.4,62.6,59.3,62.4,59.5,,52.0,58.2,59.1,62.4,62.6,63.7,59.5
07-20,61.7,57.7,49.3,60.3,55.7,61.8,61.4,61.5,56.9,59.5,59.3,,49.3,55.7,57.7,61.4,61.7,61.8,59.5
07-21,62.8,59.1,50.5,59.0,56.7,60.6,62.1,60.5,55.9,61.9,60.3,,50.5,55.9,59.0,60.6,62.1,62.8,60.3
07-22,63.4,62.1,54.7,62.3,58.1,59.5,63.0,52.3,59.4,63.9,64.2,,52.3,54.7,59.4,63.0,63.9,64.2,62.1
07-23,64.0,59.3,56.4,62.6,60.6,60.9,60.3,52.2,60.5,65.2,65.7,,52.2,56.4,60.3,62.6,65.2,65.7,60.6
07-24,56.8,60.3,57.6,62.5,58.6,60.3,59.6,53.1,61.2,55.8,63.1,,53.1,55.8,57.6,60.3,62.5,63.1,59.6
07-25,59.9,61.0,57.5,62.4,52.0,62.8,54.4,54.6,59.5,41.1,61.2,,41.1,52.0,54.6,61.0,62.4,62.8,59.5
07-26,62.6,57.4,56.1,63.9,56.5,63.4,55.5,56.5,57.9,60.2,61.0,,55.5,56.1,56.5,61.0,63.4,63.9,57.9
07-27,55.9,59.3,55.7,64.6,58.3,62.8,56.7,56.5,56.2,60.1,63.2,,55.7,55.9,56.5,60.1,63.2,64.6,58.3
07-28,55.2,55.3,52.6,64.7,55.5,61.0,57.8,57.6,57.7,57.3,65.5,,52.6,55.2,55.5,57.8,64.7,65.5,57.6
07-29,53.0,51.7,57.0,64.8,58.0,62.7,61.2,61.1,57.5,54.4,64.8,,51.7,53.0,57.0,61.2,64.8,64.8,58.0
07-30,57.1,54.0,58.5,59.8,57.1,61.1,61.0,62.8,55.5,55.5,63.6,,54.0,55.5,57.1,61.0,62.8,63.6,58.5
07-31,60.2,55.0,59.4,60.0,57.7,63.4,54.2,64.8,56.5,57.4,57.9,,54.2,55.0,57.4,60.0,63.4,64.8,57.9
08-01,57.0,54.3,60.2,59.8,59.5,61.4,56.4,65.4,54.4,56.5,53.7,,53.7,54.3,56.4,59.8,61.4,65.4,57.0
08-02,57.1,56.3,53.5,61.4,61.1,60.0,59.6,66.3,54.1,57.4,52.8,,52.8,53.5,56.3,60.0,61.4,66.3,57.4
08-03,56.5,54.6,52.0,59.1,60.4,60.1,58.1,66.3,57.1,59.0,53.0,,52.0,53.0,56.5,59.1,60.4,66.3,58.1
08-04,57.7,53.1,58.5,52.9,58.8,58.2,59.2,64.1,57.7,60.7,57.3,,52.9,53.1,57.7,58.8,60.7,64.1,58.2
08-05,58.2,53.2,58.8,53.6,58.0,60.8,60.3,60.7,61.2,58.9,57.9,,53.2,53.6,58.0,60.3,60.8,61.2,58.8
08-06,58.6,54.9,56.2,54.5,52.9,59.4,62.2,59.5,60.6,57.1,58.2,,52.9,54.5,56.2,59.4,60.6,62.2,58.2
08-07,55.0,55.2,51.0,55.6,51.9,60.1,53.4,57.8,54.5,57.2,57.5,,51.0,51.9,54.5,57.2,57.8,60.1,55.2
08-08,52.4,54.6,51.5,59.7,53.4,61.2,54.6,59.5,60.2,58.9,56.1,,51.5,52.4,54.6,59.5,60.2,61.2,56.1
08-09,52.5,55.6,54.4,59.0,56.5,61.8,55.9,58.3,61.1,61.2,56.5,,52.5,54.4,55.9,59.0,61.2,61.8,56.5
08-10,52.4,54.7,55.9,54.7,55.8,62.2,55.3,60.8,60.5,61.5,57.6,,52.4,54.7,55.3,60.5,61.5,62.2,55.9
08-11,53.1,57.7,53.2,54.6,55.2,61.7,55.4,61.3,59.3,59.2,56.0,,53.1,53.2,55.2,59.2,61.3,61.7,56.0
08-12,48.9,55.8,53.5,54.4,55.0,61.3,56.1,60.8,60.4,56.4,57.6,,48.9,53.5,55.0,57.6,60.8,61.3,56.1
08-13,55.0,50.2,56.8,55.7,56.6,62.5,58.4,62.4,64.2,56.8,56.9,,50.2,55.0,56.6,58.4,62.5,64.2,56.8
08-14,56.4,54.1,61.3,57.7,56.5,58.5,59.2,62.5,63.1,56.9,58.6,,54.1,56.4,56.9,59.2,62.5,63.1,58.5
08-15,57.9,56.6,62.2,56.0,51.7,56.2,60.3,63.0,62.4,54.3,59.2,,51.7,54.3,56.2,60.3,62.4,63.0,57.9
08-16,59.8,58.9,62.0,57.9,53.7,58.8,60.1,64.0,59.5,56.1,57.6,,53.7,56.1,57.9,59.8,62.0,64.0,58.9
08-17,57.9,59.5,60.7,54.3,55.5,59.8,58.9,64.0,56.9,57.6,57.6,,54.3,55.5,57.6,59.5,60.7,64.0,57.9
08-18,57.1,60.2,55.5,56.2,56.8,58.6,61.1,65.8,51.3,58.2,53.7,,51.3,53.7,56.2,58.6,61.1,65.8,57.1
08-19,56.3,49.1,54.6,58.3,57.7,56.5,60.0,66.2,40.2,50.8,54.9,,40.2,49.1,54.6,57.7,60.0,66.2,56.3
08-20,56.9,50.5,56.1,57.3,56.2,59.5,59.6,64.6,47.2,49.8,59.4,,47.2,49.8,56.1,59.4,59.6,64.6,56.9
08-21,57.7,51.6,60.1,56.9,53.8,52.5,60.7,63.7,51.7,53.1,54.1,,51.6,51.7,53.1,57.7,60.7,63.7,54.1
08-22,55.3,49.5,59.0,54.0,54.8,52.2,59.5,64.5,54.2,55.2,52.9,,49.5,52.2,54.0,55.3,59.5,64.5,54.8
08-23,49.8,44.1,56.5,54.5,55.3,55.1,58.6,61.5,56.3,58.0,54.2,,44.1,49.8,54.5,56.5,58.6,61.5,55.3
08-24,51.4,49.1,60.0,52.8,53.7,56.0,61.2,63.6,55.8,57.8,51.7,,49.1,51.4,52.8,57.8,61.2,63.6,55.8
08-25,49.0,49.3,60.7,51.1,55.6,58.2,63.1,62.8,57.7,54.4,55.2,,49.0,49.3,54.4,58.2,62.8,63.1,55.6
08-26,49.7,48.2,51.0,48.0,58.5,58.0,58.6,63.6,58.7,54.1,55.0,,48.0,48.2,51.0,58.5,58.7,63.6,55.0
08-27,52.0,45.9,55.0,49.1,59.2,56.8,57.4,62.5,57.8,56.2,57.6,,45.9,49.1,55.0,57.6,59.2,62.5,56.8
08-28,52.5,49.6,55.4,51.3,60.3,53.2,60.6,61.8,58.1,57.0,56.7,,49.6,51.3,53.2,58.1,60.6,61.8,56.7
08-29,56.2,52.6,58.6,56.1,59.4,55.3,60.6,58.6,58.4,57.9,59.3,,52.6,55.3,56.2,58.6,59.4,60.6,58.4
08-30,56.9,57.0,57.0,56.2,57.7,56.5,60.6,58.2,59.8,59.2,-8.6,,-8.6,56.2,56.9,58.2,59.8,60.6,57.0
08-31,56.1,53.4,55.3,58.2,53.5,56.2,60.9,55.0,54.7,60.7,61.2,,53.4,53.5,55.0,58.2,60.9,61.2,56.1
09-01,52.4,52.3,53.3,54.1,54.8,50.6,60.9,49.4,48.5,61.5,48.7,,48.5,48.7,50.6,54.1,60.9,61.5,52.4
09-02,55.0,58.0,55.0,52.9,57.2,53.3,62.9,57.0,52.2,61.6,49.5,,49.5,52.2,53.3,57.2,61.6,62.9,55.0
09-03,54.7,57.9,55.4,53.1,60.7,54.0,58.2,60.5,52.6,62.4,52.1,,52.1,52.6,54.0,58.2,60.7,62.4,55.4
09-04,55.5,55.2,52.8,52.3,60.8,52.0,59.4,59.7,52.4,62.9,43.5,,43.5,52.0,52.4,59.4,60.8,62.9,55.2
09-05,56.6,49.3,51.9,48.7,57.7,51.1,58.2,62.8,54.6,63.6,47.2,,47.2,48.7,51.1,57.7,62.8,63.6,54.6
09-06,56.8,53.1,51.0,50.5,59.8,50.1,56.7,63.4,58.8,62.4,52.2,,50.1,50.5,52.2,58.8,62.4,63.4,56.7
09-07,55.3,55.0,52.1,52.6,54.9,53.1,56.7,59.9,58.3,63.9,52.5,,52.1,52.5,53.1,56.7,59.9,63.9,55.0
09-08,49.8,50.5,53.1,54.6,52.1,58.5,51.6,31.3,58.4,63.4,55.1,,31.3,49.8,51.6,55.1,58.5,63.4,53.1
09-09,48.6,46.3,55.0,51.1,48.5,57.9,48.6,32.3,61.9,58.0,53.8,,32.3,46.3,48.6,55.0,58.0,61.9,51.1
09-10,46.8,48.2,56.4,52.8,51.8,60.3,50.8,39.0,55.9,53.7,51.0,,39.0,46.8,50.8,53.7,56.4,60.3,51.8
09-11,48.2,49.5,56.0,56.2,54.6,58.7,40.1,47.7,54.9,55.2,49.6,,40.1,47.7,49.5,55.2,56.2,58.7,54.6
09-12,48.2,49.7,57.0,53.4,52.7,57.3,43.3,51.6,54.7,55.8,47.8,,43.3,47.8,49.7,54.7,57.0,57.3,52.7
09-13,47.6,52.3,57.9,47.1,53.4,55.3,48.7,52.0,55.8,47.9,46.3,,46.3,47.1,47.9,53.4,55.8,57.9,52.0
09-14,46.5,54.0,51.3,42.6,44.0,55.0,53.1,54.2,55.8,45.9,45.4,,42.6,44.0,45.9,54.0,55.0,55.8,51.3
09-15,46.6,54.7,47.5,41.7,38.4,58.2,54.7,54.6,56.3,46.5,45.1,,38.4,41.7,46.5,54.7,56.3,58.2,47.5
09-16,51.6,56.4,48.7,43.9,40.5,58.1,52.2,54.3,54.4,46.5,46.6,,40.5,43.9,46.6,54.3,56.4,58.1,51.6
09-17,53.5,56.2,47.1,47.8,44.6,56.5,48.5,55.6,53.7,46.0,50.6,,44.6,46.0,47.8,53.7,56.2,56.5,50.6
09-18,49.2,55.3,44.6,53.8,49.2,56.1,49.6,55.8,47.5,49.3,48.3,,44.6,47.5,49.2,53.8,55.8,56.1,49.3
09-19,44.5,54.7,48.4,56.8,47.0,54.7,50.1,52.7,48.4,52.7,49.0,,44.5,47.0,48.4,52.7,54.7,56.8,50.1
09-20,48.6,54.9,51.2,52.9,48.1,47.0,38.5,51.2,39.4,50.7,48.6,,38.5,39.4,48.1,51.2,52.9,54.9,48.6
09-21,50.8,46.8,54.3,46.2,48.1,49.3,39.7,54.1,43.5,47.7,45.6,,39.7,43.5,46.2,49.3,54.1,54.3,47.7
09-22,43.3,48.4,52.8,44.5,35.7,52.6,45.7,50.8,50.6,47.5,43.3,,35.7,43.3,44.5,50.6,52.6,52.8,47.5
09-23,41.2,50.6,55.0,33.0,32.5,53.6,47.9,53.8,49.3,46.3,43.2,,32.5,33.0,43.2,50.6,53.8,55.0,47.9
09-24,46.2,52.8,54.6,35.0,29.4,50.4,48.5,56.8,48.4,47.2,46.5,,29.4,35.0,46.5,50.4,54.6,56.8,48.4
09-25,43.4,54.4,56.3,39.9,32.4,46.5,51.7,56.8,52.2,48.0,48.6,,32.4,39.9,46.5,52.2,56.3,56.8,48.6
09-26,38.1,54.1,55.2,45.5,35.2,47.9,53.2,53.9,53.5,49.9,49.7,,35.2,38.1,47.9,53.5,54.1,55.2,49.9
09-27,28.0,45.5,55.8,47.2,39.9,52.5,50.5,44.1,53.3,52.4,52.5,,28.0,39.9,45.5,52.5,53.3,55.8,50.5
09-28,35.4,39.6,56.5,49.3,37.0,53.8,50.6,41.0,48.7,50.8,51.3,,35.4,37.0,41.0,50.8,53.8,56.5,49.3
09-29,46.3,37.6,56.1,45.5,41.3,55.2,40.7,48.4,35.7,50.7,51.0,,35.7,37.6,41.3,50.7,55.2,56.1,46.3
09-30,49.5,40.4,54.9,45.0,45.1,53.2,36.4,52.1,35.6,46.2,48.6,,35.6,36.4,45.0,49.5,53.2,54.9,46.2
