date,2006,2007,2008,2009,2010,2011,2012,2013,2014,2015,2016,2017,2018,2019,2020,2021,2022,2023,2024,Min,10%,30%,70%,90%,Max,Median (POR)
10-01,49.1,49.0,38.9,48.9,27.8,54.8,50.5,50.2,47.1,34.3,54.7,45.9,33.4,47.8,37.2,51.3,44.2,41.4,38.4,27.8,34.1,41.7,49.1,52.3,54.8,47.5
10-02,51.5,44.0,37.0,49.8,32.6,54.1,48.1,50.8,46.3,38.6,43.0,45.4,27.8,49.2,34.2,50.1,44.4,43.8,35.7,27.8,33.8,43.1,49.1,51.0,54.1,44.9
10-03,48.1,41.5,44.3,45.0,36.0,53.1,47.2,49.0,32.4,42.4,40.8,34.0,31.0,47.8,41.0,50.6,47.2,44.9,35.2,31.0,33.5,41.1,47.2,49.5,53.1,44.6
10-04,35.4,43.2,47.0,38.7,33.9,45.4,43.8,44.2,28.2,44.6,43.7,32.7,39.0,40.7,37.5,50.3,48.1,45.1,37.9,28.2,33.5,38.7,44.6,47.4,50.3,43.4
10-05,32.4,44.0,42.9,36.7,25.9,43.1,37.8,40.3,34.5,46.1,43.6,31.2,40.2,36.2,36.9,50.1,46.3,45.0,42.9,25.9,32.1,36.7,43.6,46.2,50.1,40.2
10-06,36.7,40.4,29.7,38.0,28.3,41.5,29.2,34.4,42.7,47.8,43.1,30.2,37.9,34.8,37.1,50.8,40.5,46.5,44.9,28.3,29.5,35.0,41.4,46.9,50.8,38.0
10-07,42.9,36.1,29.5,42.4,35.2,38.8,29.0,35.7,44.1,48.3,45.6,35.8,43.9,34.8,42.7,51.1,41.8,47.0,47.0,29.0,33.2,35.8,43.8,47.4,51.1,42.1
10-08,40.6,37.5,37.7,44.2,32.2,35.4,34.0,41.9,41.9,46.9,49.0,41.6,34.5,32.1,45.1,52.2,38.5,46.8,48.0,32.1,33.4,37.5,43.9,47.6,52.2,41.1
10-09,34.7,35.6,42.4,41.1,36.4,38.5,32.6,44.4,41.4,45.4,48.0,44.3,29.8,30.1,34.5,51.4,34.3,46.6,48.0,29.8,31.9,34.8,44.1,47.1,51.4,39.8
10-10,34.3,34.5,45.1,34.8,34.7,42.3,35.8,46.9,34.3,43.7,51.4,44.9,33.5,31.1,21.5,50.9,34.8,45.2,47.6,21.5,32.8,34.5,44.8,48.1,51.4,35.3
10-11,37.0,38.4,42.2,29.5,38.1,42.8,38.8,47.5,32.4,43.5,50.5,43.2,38.1,31.7,29.1,34.6,35.5,44.3,35.4,29.1,31.1,35.7,42.7,45.3,50.5,38.3
10-12,38.6,40.1,42.5,21.6,40.6,40.6,40.4,38.8,34.7,33.7,48.3,41.5,36.8,33.1,35.6,41.5,29.8,46.0,31.1,21.6,32.1,35.7,40.6,43.6,48.3,39.4
10-13,41.9,41.2,38.1,24.9,38.4,41.4,43.1,38.9,35.7,37.0,49.6,44.6,36.2,35.5,38.5,47.5,25.7,46.5,31.7,24.9,32.6,37.1,41.9,46.8,49.6,38.7
10-14,45.0,37.6,37.1,34.8,38.8,44.5,44.2,40.5,30.4,43.0,49.9,47.0,28.3,23.0,39.6,43.6,24.3,46.3,36.3,23.0,27.1,37.2,44.2,46.5,49.9,40.1
10-15,43.6,39.8,39.3,37.6,38.8,44.9,48.3,43.7,25.0,42.7,48.9,50.7,38.1,26.5,41.7,35.2,28.6,44.1,,25.0,28.0,38.2,43.7,48.5,50.7,40.8
10-16,42.8,34.3,36.3,41.5,39.9,44.2,46.4,42.1,29.6,42.2,47.4,47.8,42.6,33.8,45.5,40.6,39.0,40.3,,29.6,34.2,40.0,42.8,46.7,47.8,41.8
10-17,43.9,29.1,28.9,43.6,42.5,43.7,37.2,35.4,32.8,44.7,45.3,34.8,44.5,34.7,43.1,45.4,39.5,43.7,,28.9,31.7,35.6,43.7,44.9,45.4,42.8
10-18,41.0,26.6,31.3,43.6,46.5,40.1,38.5,40.8,33.3,44.5,44.8,31.6,44.2,34.5,31.3,45.6,34.0,46.4,,26.6,31.3,34.0,44.2,45.9,46.5,40.5
10-19,41.5,34.6,41.9,42.0,44.3,39.9,41.3,44.0,38.1,44.2,39.5,30.9,45.6,39.7,28.9,45.0,30.0,48.3,,28.9,30.6,39.5,43.8,45.2,48.3,41.4
10-20,40.2,32.9,30.5,40.1,36.6,42.2,41.4,45.3,39.3,43.9,37.9,34.3,35.9,39.9,23.7,44.7,32.0,46.6,,23.7,31.5,35.9,41.3,44.9,46.6,39.6
10-21,40.3,28.1,23.9,33.2,34.9,43.6,41.9,41.7,37.1,41.1,38.5,42.1,30.5,41.5,29.3,46.0,39.3,43.5,,23.9,28.9,35.1,41.7,43.5,46.0,39.8
10-22,43.1,30.7,31.9,31.1,36.4,41.0,42.3,36.7,40.4,37.8,39.7,43.2,42.7,40.6,37.0,35.3,39.0,34.3,,30.7,31.7,36.4,40.6,42.8,43.2,38.4
10-23,43.2,37.7,42.1,38.0,37.1,37.9,42.2,36.3,40.8,42.8,37.5,44.6,42.5,37.4,30.7,28.7,33.1,23.2,,23.2,30.1,37.2,42.0,42.9,44.6,37.8
10-24,44.2,39.6,43.6,42.3,36.2,36.0,43.3,28.6,40.8,45.2,38.9,40.4,42.5,37.8,27.5,39.9,34.7,24.6,,24.6,28.3,36.4,42.2,43.8,45.2,39.7
10-25,42.2,28.4,44.1,46.2,28.7,26.1,36.0,21.1,41.2,45.3,39.7,40.3,44.6,35.9,38.0,19.6,37.9,28.2,,19.6,24.6,29.4,41.1,44.8,46.2,38.0
10-26,40.2,30.6,42.8,42.8,31.8,23.0,25.5,23.1,40.1,40.6,40.0,40.8,40.2,39.3,39.2,11.7,28.0,24.9,,11.7,23.1,28.2,40.2,41.4,42.8,39.2
10-27,40.6,37.0,39.9,43.2,25.0,22.4,27.6,34.3,39.6,30.0,35.2,43.4,37.5,42.9,19.5,25.2,31.6,23.7,,19.5,23.3,27.8,39.4,43.0,43.4,34.7
10-28,35.2,39.5,41.7,44.5,21.8,26.9,30.8,38.0,34.9,33.7,35.6,44.3,38.5,42.8,16.0,37.6,36.2,30.1,,16.0,25.4,33.8,38.4,43.3,44.5,35.9
10-29,30.9,37.9,42.7,43.9,19.8,34.2,36.7,40.0,26.7,39.8,34.0,42.8,42.4,40.1,10.5,37.7,38.7,32.9,,10.5,24.6,34.0,40.0,42.7,43.9,37.8
10-30,29.6,35.3,37.9,43.9,31.9,34.8,37.0,40.8,26.3,40.7,35.1,44.0,34.9,29.1,10.6,38.9,40.9,33.7,,10.6,28.3,33.8,38.8,41.8,44.0,35.2
10-31,32.5,30.8,34.0,42.5,35.5,34.1,38.8,41.4,31.4,41.4,38.9,35.8,36.8,27.3,26.4,39.8,39.4,35.4,,26.4,29.8,34.0,38.9,41.4,42.5,35.6
11-01,36.8,26.8,34.6,43.2,37.2,35.3,28.5,39.4,32.5,38.5,41.4,35.4,42.1,34.7,27.8,42.1,38.2,35.1,,26.8,28.3,34.7,38.4,42.1,43.2,36.1
11-02,37.6,34.6,32.7,36.6,36.8,43.5,20.8,37.2,33.0,31.6,40.1,33.2,40.3,38.1,30.7,44.8,34.9,29.1,,20.8,30.2,33.0,37.5,41.3,44.8,35.7
11-03,36.4,35.3,36.7,33.4,40.0,41.1,25.2,36.1,24.4,27.0,35.2,36.6,36.8,31.0,37.3,44.9,34.6,20.4,,20.4,24.9,33.5,36.7,40.3,44.9,35.7
11-04,30.7,33.3,39.2,28.7,40.5,40.9,31.2,39.1,18.4,31.2,28.2,40.2,34.9,32.0,36.5,42.9,40.5,21.9,,18.4,26.3,31.2,39.2,40.6,42.9,34.1
11-05,25.6,34.2,39.1,19.0,40.6,42.1,19.8,42.4,19.9,36.4,23.9,40.6,32.3,30.0,35.2,43.5,39.7,29.8,,19.0,19.9,29.9,39.7,42.2,43.5,34.7
11-06,34.6,42.0,38.3,21.1,38.9,40.9,19.8,40.5,28.8,40.0,22.6,39.1,30.8,24.4,36.0,41.0,39.2,26.8,,19.8,22.2,29.0,39.2,40.9,42.0,37.1
11-07,35.5,44.0,39.7,33.0,35.0,37.1,20.9,40.2,32.4,40.7,26.1,38.9,21.8,23.9,35.0,34.0,37.5,35.1,,20.9,23.3,33.1,37.5,40.4,44.0,35.0
11-08,35.3,41.1,39.8,33.9,31.6,31.1,19.2,39.6,36.2,38.2,28.0,40.1,27.6,20.9,38.9,21.1,34.8,34.6,,19.2,21.1,31.1,38.0,39.9,41.1,34.7
11-09,39.6,29.7,39.8,31.2,31.6,19.0,23.8,31.2,36.9,42.5,29.7,41.6,32.4,25.2,40.3,17.8,32.2,23.6,,17.8,22.2,29.7,36.4,40.7,42.5,31.4
11-10,40.7,23.8,39.2,30.7,35.2,19.5,28.0,16.4,36.1,28.5,26.0,42.1,34.0,26.2,39.2,16.0,28.5,14.4,,14.4,16.3,26.0,35.1,39.7,42.1,28.5
11-11,35.4,26.0,33.6,29.6,37.8,18.6,29.1,12.4,38.1,23.9,21.6,40.3,30.1,18.8,30.8,18.4,31.6,15.7,,12.4,17.6,21.8,31.5,37.9,40.3,29.3
11-12,30.2,20.7,32.4,35.7,34.7,23.0,28.6,20.4,37.2,12.9,22.0,38.9,31.6,16.8,33.5,16.0,36.0,20.4,,12.9,16.5,20.8,33.4,36.3,38.9,29.4
11-13,28.0,26.5,38.5,36.9,22.3,23.7,28.6,26.0,37.9,20.3,26.7,37.8,36.0,28.0,37.0,24.6,36.7,20.4,,20.3,21.7,26.0,36.6,37.9,38.5,28.0
11-14,25.2,22.3,30.7,29.8,17.2,28.7,28.0,28.3,33.1,29.4,29.8,40.3,35.3,33.0,35.1,17.2,39.7,16.9,,16.9,17.2,28.0,32.8,36.7,40.3,29.6
11-15,15.8,21.5,33.8,35.8,18.2,29.3,25.4,28.0,27.8,17.4,28.0,40.5,32.5,33.1,37.4,29.4,41.6,13.0,,13.0,16.9,25.7,33.0,38.3,41.6,28.7
11-16,27.8,31.3,37.0,38.8,25.0,28.4,22.1,30.4,23.8,15.1,25.9,36.0,34.3,33.2,34.2,35.6,34.8,19.9,,15.1,21.4,26.1,34.3,36.3,38.8,30.8
11-17,27.1,31.7,40.1,40.3,30.3,23.4,28.6,32.4,26.4,22.1,25.2,21.6,26.9,28.7,37.7,35.7,22.4,20.2,,20.2,21.9,25.4,31.6,38.4,40.3,27.9
11-18,33.0,29.6,39.1,38.9,30.5,29.1,30.9,32.2,28.8,28.0,29.0,19.0,19.4,23.9,39.6,37.6,30.0,13.8,,13.8,19.3,28.8,32.1,39.0,39.6,29.8
11-19,30.5,29.7,39.9,36.8,27.6,30.8,22.3,30.1,31.2,29.6,32.4,28.7,26.2,28.3,36.1,30.0,33.1,20.2,,20.2,25.1,28.8,31.2,36.3,39.9,30.1
11-20,32.9,34.1,27.4,30.4,28.6,28.0,26.5,30.2,31.6,29.1,26.7,33.8,34.2,29.8,32.7,27.4,27.4,25.3,,25.3,26.6,27.5,31.4,33.9,34.2,29.4
11-21,34.6,34.1,16.2,30.7,22.9,21.6,27.6,32.2,25.1,27.0,21.6,32.2,38.5,30.7,29.3,24.9,26.7,27.3,,16.2,21.6,25.2,30.7,34.2,38.5,27.5
11-22,33.4,34.0,19.8,29.9,21.6,16.2,26.3,31.4,20.9,28.0,29.5,28.0,41.3,27.0,23.6,25.1,35.6,28.5,,16.2,20.6,25.2,29.9,34.5,41.3,28.0
11-23,32.6,27.7,22.8,28.8,17.2,16.1,28.2,31.7,24.9,19.6,30.9,25.2,41.4,29.3,27.4,26.9,30.4,22.8,,16.1,18.9,24.9,29.2,32.0,41.4,27.5
11-24,30.8,20.9,24.5,30.5,22.6,-2.6,28.8,33.4,28.4,17.4,29.0,19.5,40.4,22.2,30.9,19.8,19.2,23.5,,-2.6,18.6,21.1,29.0,31.7,40.4,24.0
11-25,31.5,22.8,29.0,31.8,30.7,5.7,25.2,30.6,29.9,29.3,25.5,21.2,38.5,14.7,23.2,22.9,27.4,34.0,,5.7,19.3,23.4,30.6,32.5,38.5,28.2
11-26,21.6,24.4,26.2,33.4,31.9,17.4,22.6,25.2,29.1,33.9,13.4,25.4,38.8,24.1,11.7,16.6,34.8,27.0,,11.7,15.6,22.8,28.9,34.2,38.8,25.3
11-27,11.5,22.5,23.9,31.9,30.3,18.4,31.5,29.3,29.9,35.2,12.6,23.7,34.9,31.5,17.5,20.9,33.3,22.4,,11.5,16.1,22.4,31.3,33.7,35.2,26.6
11-28,10.0,10.4,13.7,29.5,28.9,17.2,33.2,31.0,29.0,34.2,11.8,19.8,27.3,29.9,27.1,26.8,36.3,21.4,,10.0,11.4,20.0,29.4,33.5,36.3,27.2
11-29,19.6,0.7,24.0,31.7,25.2,11.3,29.9,32.0,27.0,35.4,10.6,15.9,28.7,25.4,24.8,23.5,38.3,8.5,,0.7,10.0,20.0,28.5,33.0,38.3,25.0
11-30,15.1,14.8,24.2,33.9,28.5,16.7,28.9,33.8,25.0,32.3,12.7,14.3,29.7,25.6,14.4,25.2,34.9,18.0,,12.7,14.3,16.8,28.9,33.8,34.9,25.1
12-01,25.8,16.4,22.4,36.5,27.1,29.6,20.8,32.6,32.3,28.5,20.5,16.2,31.9,18.0,16.9,17.4,38.6,22.5,,16.2,16.7,20.5,29.5,33.8,38.6,24.2
12-02,27.3,5.7,14.0,32.5,12.7,29.8,20.0,31.3,32.1,31.6,25.2,11.1,31.5,16.4,26.9,13.1,40.0,13.6,,5.7,12.3,14.2,31.1,32.2,40.0,26.0
12-03,13.4,13.3,26.1,25.4,4.3,32.3,13.7,20.9,20.8,31.0,27.4,17.2,27.9,9.0,29.2,23.8,36.8,22.0,,4.3,12.0,17.6,27.3,31.4,36.8,22.9
12-04,6.6,24.1,38.4,22.1,13.6,31.3,11.1,29.9,-0.8,31.5,26.4,25.5,14.5,6.0,29.6,30.4,35.8,30.0,,-0.8,6.4,15.3,30.0,32.8,38.4,26.0
12-05,12.6,29.8,32.9,25.7,10.8,29.5,3.4,33.1,-8.2,30.3,19.8,13.5,17.8,18.1,29.2,30.7,33.1,22.3,,-8.2,8.5,17.8,29.7,33.0,33.1,24.0
12-06,11.8,29.1,29.1,35.4,5.4,27.0,16.6,29.5,-5.1,31.4,24.7,10.9,17.6,22.4,27.0,29.5,28.4,14.6,,-5.1,9.3,16.7,29.0,30.1,35.4,25.9
12-07,-5.3,28.0,27.1,32.8,8.8,26.2,25.6,25.2,6.4,28.9,31.6,3.0,25.1,24.2,27.2,31.6,28.9,17.6,,-5.3,5.4,24.3,28.0,31.6,32.8,25.9
12-08,6.4,27.9,23.0,24.4,4.6,28.8,25.9,18.9,2.3,29.6,35.3,12.4,32.4,23.8,28.3,34.3,27.9,15.6,,2.3,5.9,19.3,28.3,33.0,35.3,25.2
12-09,22.5,24.0,17.3,19.3,1.2,33.2,23.9,8.7,2.6,32.0,36.2,28.8,32.2,19.7,23.2,32.8,25.2,17.3,,1.2,6.9,19.3,28.4,32.9,36.2,23.5
12-10,26.0,22.0,13.3,31.6,6.2,28.0,21.6,20.3,15.3,32.1,30.0,30.6,32.0,23.6,22.4,26.7,9.0,19.8,,6.2,12.0,20.4,27.9,31.7,32.1,23.0
12-11,24.4,22.6,11.1,28.3,13.5,26.3,21.6,22.1,15.8,30.6,21.6,24.3,38.8,22.9,24.3,16.3,12.7,22.8,,11.1,13.2,21.6,24.3,29.0,38.8,22.7
12-12,23.1,27.5,10.9,26.9,20.3,34.2,20.0,21.6,22.0,34.2,16.5,22.0,36.8,19.8,29.7,11.7,20.8,17.0,,10.9,15.1,20.1,26.5,34.2,36.8,21.8
12-13,20.2,32.3,10.8,18.1,22.3,33.4,22.6,24.7,22.5,28.3,22.1,23.7,32.5,17.4,25.5,14.0,23.9,15.8,,10.8,15.3,20.4,24.6,32.4,33.4,22.5
12-14,12.1,35.5,7.1,6.4,17.7,32.2,18.4,26.6,26.2,20.5,18.7,29.6,25.2,24.6,20.2,16.3,28.2,14.4,,6.4,10.6,17.8,26.1,30.4,35.5,20.3
12-15,14.0,31.4,10.5,7.3,17.6,18.5,16.2,22.6,35.3,15.7,15.2,35.0,30.5,26.9,10.2,15.3,10.6,11.3,,7.3,10.4,14.1,22.1,32.4,35.3,16.0
12-16,12.9,18.7,16.1,9.3,28.3,7.8,18.7,19.8,34.0,22.2,13.3,25.6,27.4,27.5,8.2,20.8,15.6,6.3,,6.3,8.0,13.5,22.1,27.7,34.0,18.7
12-17,14.6,13.1,18.5,7.4,26.8,12.2,25.8,24.4,31.8,22.7,14.1,6.0,20.7,28.5,14.9,21.6,13.3,12.3,,6.0,10.8,13.4,22.6,27.3,31.8,16.7
12-18,19.0,8.2,20.1,16.8,18.7,25.0,28.1,17.6,30.6,19.4,22.3,2.4,30.0,31.3,18.8,18.4,16.3,16.0,,2.4,13.7,17.7,22.1,30.2,31.3,18.9
12-19,28.5,17.0,24.4,12.0,22.3,30.3,23.1,6.3,27.1,21.0,22.2,16.7,29.0,27.9,19.8,21.6,22.9,16.8,,6.3,15.3,20.0,24.3,28.7,30.3,22.2
12-20,31.8,21.2,22.6,7.5,27.8,24.2,21.7,10.4,16.9,25.2,24.1,27.4,26.2,27.2,22.7,30.1,25.3,21.0,,7.5,14.9,21.8,26.1,28.5,31.8,24.1
12-21,32.6,21.6,11.0,16.0,22.7,24.8,18.0,14.0,20.2,30.9,22.5,26.2,17.8,30.3,27.4,32.3,25.9,21.9,,11.0,15.4,20.3,26.2,31.3,32.6,22.6
12-22,36.1,21.3,13.7,17.0,21.6,29.1,14.1,18.7,21.3,24.8,23.6,23.7,23.4,16.9,28.9,20.1,27.5,11.4,,11.4,14.0,18.8,23.7,29.0,36.1,21.4
12-23,31.2,18.6,22.5,8.2,18.7,26.1,24.3,23.8,28.6,15.7,14.2,21.7,21.5,22.6,28.1,11.1,28.3,20.4,,8.2,13.2,18.9,24.2,28.4,31.2,22.1
12-24,33.3,19.4,21.5,9.1,14.8,19.9,27.6,19.4,23.9,21.9,9.6,26.5,22.5,24.0,26.1,19.4,25.6,28.6,,9.1,13.2,19.5,25.5,27.9,33.3,22.2
12-25,32.1,24.4,8.3,17.0,13.3,22.5,28.8,11.0,23.9,17.0,11.1,15.6,27.6,24.3,22.1,24.9,23.5,31.7,,8.3,11.1,17.0,24.3,29.6,32.1,23.0
12-26,27.6,30.8,7.2,7.2,10.0,21.2,29.0,13.5,30.5,9.9,3.8,6.4,26.4,16.5,15.0,25.6,15.7,32.7,,3.8,6.9,10.3,26.3,30.6,32.7,16.1
12-27,27.3,26.1,2.3,12.0,15.4,18.2,26.2,13.1,30.1,6.9,7.6,17.8,29.5,10.5,16.4,18.2,13.9,28.6,,2.3,7.4,13.2,25.3,28.9,30.1,17.1
12-28,34.3,24.4,5.4,24.6,13.5,15.5,35.3,9.0,27.0,14.2,10.5,22.3,33.3,3.2,7.8,16.0,10.4,21.0,,3.2,7.1,10.8,24.2,33.6,35.3,15.8
12-29,20.8,20.2,14.0,28.3,16.1,18.9,33.3,9.6,19.8,8.2,9.6,20.9,37.9,12.9,9.0,14.6,11.5,14.8,,8.2,9.4,13.0,20.2,29.8,37.9,15.5
12-30,24.4,27.0,16.9,27.0,15.4,6.2,35.8,12.2,26.2,-1.0,6.9,24.0,37.1,19.7,11.7,16.2,20.3,22.2,,-1.0,6.7,15.5,24.3,29.7,37.1,20.0
12-31,29.5,24.8,4.8,25.1,15.6,-6.5,17.6,8.9,31.2,3.4,2.0,19.1,26.9,4.6,16.6,19.9,12.2,28.6,,-6.5,3.0,9.2,24.3,28.8,31.2,17.1
01-01,22.4,23.3,10.0,29.3,25.2,-0.3,25.9,12.0,26.2,15.1,6.4,18.6,28.4,2.0,26.4,16.6,2.3,28.8,,-0.3,2.2,12.3,25.8,28.5,29.3,20.5
01-02,25.9,27.5,22.3,27.4,23.7,11.3,30.2,11.7,26.8,20.1,16.0,19.4,26.6,15.5,20.6,21.1,14.2,21.4,,11.3,13.4,19.5,25.7,27.4,30.2,21.3
01-03,24.6,33.6,24.8,6.4,15.3,11.8,32.9,14.5,30.2,21.3,24.4,18.9,28.3,26.3,25.1,23.6,19.8,16.9,,6.4,13.7,19.0,25.0,31.0,33.6,24.0
01-04,22.1,26.0,24.8,-0.8,21.1,13.2,32.9,23.3,13.3,28.0,26.1,24.8,29.9,27.6,26.0,23.8,23.9,17.7,,-0.8,13.3,22.2,26.0,28.5,32.9,24.3
01-05,24.3,11.5,20.4,14.6,29.4,22.8,32.8,22.8,10.8,35.2,24.4,7.5,32.1,26.2,19.8,19.8,27.5,21.1,,7.5,11.3,19.9,26.1,32.3,35.2,22.8
01-06,31.6,12.8,14.7,22.3,28.7,23.9,29.7,21.0,23.4,35.3,25.3,2.2,30.1,21.4,23.0,22.3,31.8,24.8,,2.2,14.2,22.3,28.3,31.7,35.3,23.7
01-07,28.7,19.6,7.9,32.4,12.2,27.0,22.9,24.5,27.4,35.3,23.4,12.9,27.2,24.3,24.4,21.3,30.3,19.1,,7.9,12.7,21.4,27.2,30.9,35.3,24.3
01-08,17.9,28.5,13.4,33.0,18.6,27.4,21.4,24.6,25.0,35.2,18.9,26.2,30.2,26.2,20.2,18.6,19.6,21.4,,13.4,18.4,19.7,26.2,31.0,35.2,23.0
01-09,13.6,27.1,14.4,20.5,26.2,7.7,27.7,23.4,19.2,28.0,11.9,27.5,30.6,26.2,16.3,15.2,17.7,22.3,,7.7,13.1,16.5,26.2,27.8,30.6,21.4
01-10,22.6,26.4,19.7,23.4,24.4,-1.7,28.5,21.5,24.2,28.5,10.2,24.5,27.0,27.2,11.3,14.7,25.9,27.2,,-1.7,11.0,21.6,26.4,27.6,28.5,24.3
01-11,28.0,21.6,20.8,26.3,26.6,4.3,16.9,5.1,31.0,29.4,20.9,24.4,25.3,21.4,15.2,19.5,25.1,20.2,,4.3,12.1,20.3,25.3,28.4,31.0,21.5
01-12,16.4,9.3,17.8,27.6,26.5,19.9,18.8,-2.2,19.1,27.0,22.8,21.3,25.4,15.8,13.3,27.2,30.6,22.0,,-2.2,12.1,17.9,25.2,27.3,30.6,20.6
01-13,23.4,-1.2,19.6,29.7,25.6,27.7,27.2,-7.6,25.3,24.0,23.4,24.0,27.4,14.4,17.3,30.9,34.2,28.8,,-7.6,9.7,23.4,27.4,30.0,34.2,24.7
01-14,25.8,-2.5,19.1,30.9,25.9,29.8,29.6,-5.4,27.3,22.2,19.8,20.3,29.1,14.4,17.6,21.9,24.9,25.3,,-5.4,9.4,19.9,25.9,29.7,30.9,23.6
01-15,19.4,3.7,18.9,28.4,25.3,29.4,27.1,12.2,30.7,25.8,19.3,21.2,27.9,23.3,14.0,30.5,27.2,23.0,,3.7,13.5,19.6,27.2,29.7,30.7,24.3
01-16,12.3,11.4,2.3,30.3,29.7,34.4,13.2,23.5,30.4,28.9,23.7,18.2,22.6,26.5,21.7,28.2,29.6,20.1,,2.3,12.0,20.3,28.9,30.3,34.4,23.6
01-17,25.6,11.9,15.8,28.5,27.6,31.3,7.4,25.9,29.8,25.2,25.7,19.9,28.1,25.8,17.6,30.7,30.7,21.2,,7.4,14.6,21.6,28.1,30.7,31.3,25.7
01-18,23.6,12.2,15.6,32.0,23.4,27.3,24.8,26.2,29.0,33.3,26.6,24.4,31.8,20.7,16.0,19.8,26.0,13.8,,12.2,15.1,20.9,26.6,31.9,33.3,24.6
01-19,16.1,19.3,22.3,32.2,22.0,21.3,33.0,27.0,29.9,31.8,21.0,21.6,30.9,23.0,20.9,13.6,20.0,12.4,,12.4,15.3,20.9,26.6,31.9,33.0,21.8
01-20,12.2,19.7,17.2,31.3,22.3,19.2,29.7,26.7,27.7,20.9,19.6,18.7,23.6,24.8,25.5,22.5,21.1,13.5,,12.2,16.1,19.6,24.7,28.3,31.3,21.7
01-21,13.3,12.1,16.3,32.1,22.9,28.9,26.5,29.6,27.6,13.0,20.6,21.4,12.9,20.7,27.0,25.3,21.5,15.2,,12.1,13.0,16.8,26.4,29.1,32.1,21.4
01-22,9.3,17.2,13.3,35.8,22.3,22.6,17.7,32.0,26.1,20.5,26.4,17.1,16.4,14.2,27.5,24.9,20.1,11.7,,9.3,12.8,17.1,24.7,28.8,35.8,20.3
01-23,19.8,27.0,10.4,32.4,17.6,22.9,19.0,32.4,19.5,26.9,26.0,20.4,18.4,21.9,27.7,22.0,27.0,15.0,,10.4,16.8,19.5,26.8,29.1,32.4,22.0
01-24,26.6,29.5,14.9,30.9,16.3,20.8,18.0,31.4,28.5,31.1,22.6,13.9,21.8,22.2,26.3,16.6,25.7,15.6,,13.9,15.4,18.2,26.6,31.0,31.4,22.4
01-25,27.4,28.4,18.4,25.9,16.2,23.0,29.8,30.7,32.4,39.0,16.2,9.8,22.2,23.5,27.8,13.5,16.5,12.4,,9.8,13.2,16.7,27.7,31.2,39.0,23.3
01-26,24.8,27.2,19.4,13.7,20.6,23.9,27.3,30.7,30.7,37.8,18.7,7.4,15.8,28.8,29.4,14.2,16.8,17.8,,7.4,14.0,17.9,27.3,30.7,37.8,22.2
01-27,19.7,19.8,20.1,12.1,22.0,30.7,16.3,26.0,27.4,33.4,26.8,13.5,20.7,31.1,24.4,13.2,15.4,22.9,,12.1,13.4,19.7,25.8,30.8,33.4,21.3
01-28,18.1,20.3,15.0,19.3,23.1,31.6,21.6,12.9,24.0,30.9,30.2,28.9,29.3,20.4,23.0,19.6,23.5,17.8,,12.9,17.0,19.7,23.9,30.4,31.6,22.3
01-29,21.5,22.4,9.2,22.5,21.8,28.3,27.8,11.6,30.2,28.6,31.4,29.8,31.0,20.1,20.9,21.7,29.2,17.4,,9.2,15.6,21.5,28.6,30.4,31.4,22.4
01-30,28.7,19.8,8.2,27.0,20.6,26.9,26.2,21.6,23.0,30.5,24.8,29.2,35.2,23.6,22.6,18.0,28.0,6.4,,6.4,15.0,21.7,27.0,29.6,35.2,24.2
01-31,25.2,12.3,9.6,27.0,20.7,18.6,21.0,25.7,15.7,30.0,12.6,32.3,34.6,25.2,28.0,19.6,24.2,6.9,,6.9,11.5,18.7,25.7,30.7,34.6,22.6
02-01,28.7,8.1,11.6,24.4,17.5,-5.8,23.2,25.7,10.7,29.0,13.7,32.7,33.0,25.2,31.7,27.1,7.6,17.3,,-5.8,7.9,14.1,27.0,32.0,33.0,23.8
02-02,24.8,11.7,9.3,28.8,19.0,-4.1,22.2,25.3,8.3,33.2,8.1,27.4,34.6,28.3,32.0,31.5,2.2,22.3,,-4.1,6.3,12.4,28.2,32.4,34.6,23.5
02-03,23.5,25.4,17.0,28.8,21.0,19.8,17.4,27.0,14.6,35.2,9.0,28.2,34.7,27.4,13.0,23.5,7.2,25.9,,7.2,11.8,17.7,26.9,30.6,35.2,23.5
02-04,25.2,31.9,13.5,28.2,20.7,31.2,16.3,26.1,8.0,34.1,16.1,28.8,34.6,25.3,3.0,15.6,17.2,25.5,,3.0,11.8,16.4,28.0,32.6,34.6,25.2
02-05,16.2,36.1,10.4,29.6,24.3,24.3,16.2,30.7,7.0,35.7,19.3,30.5,31.5,21.4,14.1,20.1,22.4,22.4,,7.0,13.0,19.4,29.0,32.7,36.1,22.4
02-06,20.3,36.7,13.7,28.0,25.5,19.4,15.4,25.0,17.9,35.9,26.6,29.9,23.6,11.8,27.3,23.2,20.3,18.7,,11.8,14.9,19.5,26.5,31.7,36.7,23.4
02-07,31.6,32.7,22.0,27.3,22.3,24.9,14.4,18.7,21.7,36.9,32.0,32.4,29.6,4.7,29.4,26.7,26.2,20.4,,4.7,17.4,22.0,29.6,32.5,36.9,26.5
02-08,32.3,31.5,19.4,25.1,13.0,10.0,25.0,21.1,27.5,36.4,35.3,34.5,34.2,8.3,26.1,28.6,31.2,19.6,,8.3,12.1,21.5,31.4,34.8,36.4,26.8
02-09,29.3,31.7,27.0,22.0,11.9,5.8,26.5,15.9,30.2,32.7,37.3,40.9,34.8,9.9,15.2,27.0,29.2,12.1,,5.8,11.3,16.5,30.1,35.5,40.9,27.0
02-10,12.0,33.4,28.0,16.1,16.8,17.5,26.7,10.9,25.0,28.3,36.0,36.4,21.0,14.9,12.2,26.7,33.6,23.4,,10.9,12.1,16.9,27.9,34.3,36.4,24.2
02-11,17.2,30.5,27.7,15.2,20.8,22.0,27.1,7.3,22.7,27.4,35.0,26.4,19.8,10.1,16.2,27.0,29.5,24.4,,7.3,13.7,19.9,27.1,29.8,35.0,23.6
02-12,25.5,23.3,28.6,14.4,24.4,27.3,26.4,15.8,28.7,35.2,36.8,22.6,21.2,16.1,21.6,27.6,25.3,26.1,,14.4,16.0,22.6,27.2,30.6,36.8,25.4
02-13,27.1,19.6,25.5,12.8,25.6,29.7,22.2,23.3,32.3,37.7,33.7,26.6,23.9,23.7,23.1,24.9,29.4,25.8,,12.8,21.4,23.7,27.1,32.7,37.7,25.6
02-14,25.9,18.9,14.4,14.8,20.1,28.1,20.3,22.9,33.3,40.6,30.7,27.9,28.5,29.3,27.8,12.9,30.4,11.9,,11.9,13.9,20.1,28.5,31.5,40.6,26.8
02-15,18.1,25.1,17.2,12.8,22.1,26.8,19.5,24.7,37.9,32.2,35.4,30.3,16.3,26.2,26.4,16.9,27.5,7.3,,7.3,15.3,18.3,26.7,33.2,37.9,24.9
02-16,5.5,28.6,22.7,20.0,22.9,26.7,18.0,29.0,29.8,22.0,36.4,32.9,17.8,13.0,29.1,19.5,18.8,10.3,,5.5,12.2,18.9,28.4,30.8,36.4,22.4
02-17,11.3,28.1,21.5,22.4,25.2,14.0,19.6,22.9,28.6,25.6,35.2,30.6,27.1,10.8,16.2,14.4,19.0,21.1,,10.8,13.2,19.1,25.6,29.2,35.2,21.9
02-18,13.9,28.5,25.0,20.8,22.0,20.8,22.5,15.8,30.6,34.1,27.8,30.8,30.7,9.4,10.4,12.1,22.9,23.4,,9.4,11.6,20.8,27.5,30.8,34.1,22.7
02-19,11.6,23.3,27.4,19.8,18.2,24.9,17.9,19.7,20.9,36.0,25.6,29.8,15.1,4.6,10.8,23.4,27.3,22.2,,4.6,11.4,18.4,24.7,28.1,36.0,21.5
02-20,6.4,23.1,25.3,24.8,16.2,19.7,17.0,22.8,16.2,28.1,28.8,30.5,1.4,7.2,16.1,21.3,30.0,27.0,,1.4,7.0,16.3,25.3,29.1,30.5,22.0
02-21,12.7,29.8,24.3,27.0,12.3,15.8,27.8,17.2,24.0,21.3,27.0,32.8,5.4,11.0,24.3,17.9,21.0,27.1,,5.4,11.9,17.2,26.7,28.4,32.8,22.6
02-22,19.2,31.1,23.7,31.7,10.4,18.7,33.3,14.9,24.7,13.0,23.4,24.9,10.8,12.0,29.7,25.2,9.7,12.1,,9.7,10.7,13.2,24.9,31.3,33.3,21.3
02-23,22.6,21.5,24.4,33.4,20.1,20.1,16.5,14.7,30.3,16.0,19.5,15.5,11.5,12.8,30.9,24.3,8.2,7.9,,7.9,10.5,15.6,22.5,30.5,33.4,19.8
02-24,24.5,16.2,25.4,34.3,23.7,20.9,20.7,14.0,34.4,26.1,25.2,8.6,9.1,16.9,16.6,15.2,6.1,13.7,,6.1,9.0,15.3,24.4,28.5,34.4,18.8
02-25,26.0,18.9,26.6,30.7,23.7,22.1,17.3,18.9,34.5,27.0,32.0,7.7,13.9,23.5,13.0,14.8,5.7,23.3,,5.7,11.4,17.5,25.7,31.1,34.5,22.7
02-26,29.8,19.8,23.8,28.8,21.4,25.4,13.1,12.7,31.3,19.3,33.3,12.5,20.5,26.3,22.9,16.3,12.0,24.6,,12.0,12.7,19.4,25.3,30.3,33.3,22.1
02-27,35.6,16.7,33.0,16.8,24.5,20.8,22.6,13.6,29.9,16.2,35.1,17.5,22.6,26.4,29.7,9.2,24.3,19.6,,9.2,15.4,17.7,26.2,33.6,35.6,22.6
02-28,31.6,9.8,33.5,23.2,26.5,19.7,20.1,22.7,29.4,19.6,32.3,9.0,20.8,29.2,30.7,11.0,29.9,13.8,,9.0,10.6,19.7,29.4,31.8,33.5,23.0
02-29,,,31.3,,,,20.3,,,,31.1,,,,31.3,,,,,9.0,10.6,19.7,29.4,31.8,33.5,23.0
03-01,23.8,11.4,29.4,35.2,26.2,23.7,14.4,31.8,29.0,23.4,34.2,17.3,23.5,28.8,24.9,22.9,36.4,16.5,,11.4,15.9,23.5,29.0,34.5,36.4,24.4
03-02,27.6,9.3,14.9,37.5,26.7,28.8,12.6,34.4,30.1,26.2,33.8,21.6,28.2,27.4,22.5,28.2,38.7,16.6,,9.3,14.2,22.8,28.8,35.3,38.7,27.5
03-03,31.7,14.7,19.8,37.1,27.4,28.8,24.3,31.6,32.9,18.6,36.4,26.2,31.1,23.4,27.4,29.3,36.7,16.7,,14.7,18.0,24.5,31.5,36.5,37.1,28.1
03-04,23.2,27.2,18.7,34.2,27.8,22.8,30.9,19.5,29.3,15.7,37.3,30.0,19.0,15.7,30.8,29.8,31.1,15.1,,15.1,15.7,19.8,30.0,32.0,37.3,27.5
03-05,27.9,32.6,14.4,18.4,25.2,26.3,33.3,23.1,31.7,23.4,37.0,29.7,15.0,24.3,32.9,31.6,27.5,19.8,,14.4,17.4,23.5,31.4,33.0,37.0,26.9
03-06,31.9,33.4,19.1,16.8,23.1,27.3,31.6,29.8,33.9,29.8,32.7,13.6,18.7,30.0,34.5,32.9,17.4,18.1,,13.6,17.2,19.5,31.9,33.6,34.5,29.8
03-07,28.0,33.7,28.8,17.2,25.5,26.2,25.8,32.4,29.0,32.6,26.2,23.2,27.2,31.2,35.1,35.1,12.0,16.6,,12.0,17.1,25.8,31.0,34.1,35.1,27.6
03-08,22.0,30.6,26.4,23.5,25.8,23.1,28.6,30.1,30.1,32.0,25.6,33.4,32.6,25.6,31.4,37.9,19.5,18.7,,18.7,21.2,25.6,30.5,32.9,37.9,27.5
03-09,16.8,33.4,22.7,21.9,24.8,29.4,33.5,27.9,35.3,32.5,27.7,36.4,34.2,19.0,29.9,29.3,16.6,20.5,,16.6,18.3,22.9,32.3,34.5,36.4,28.6
03-10,10.8,31.6,25.1,12.6,19.8,31.8,34.2,28.3,35.4,34.9,34.8,38.4,31.6,22.7,29.6,21.5,6.9,26.5,,6.9,12.1,23.0,31.8,35.0,38.4,28.9
03-11,12.0,36.9,31.6,22.2,20.2,34.6,34.5,32.3,22.2,35.4,36.8,36.4,31.9,23.7,33.0,18.7,17.1,22.6,,12.0,18.2,22.2,34.4,36.5,36.9,31.7
03-12,14.7,42.0,29.7,24.4,28.2,32.1,34.1,34.0,24.4,35.2,35.9,37.5,36.1,27.0,34.5,21.7,28.1,26.4,,14.7,23.6,27.1,34.5,36.5,42.0,30.9
03-13,11.5,42.3,26.9,26.2,26.1,30.5,36.1,36.6,27.6,35.8,33.8,38.2,36.0,22.8,28.4,25.8,25.3,26.7,,11.5,24.6,26.2,35.6,37.1,42.3,28.0
03-14,19.1,39.8,21.0,28.3,29.5,31.1,36.1,41.3,30.0,37.5,27.3,41.1,34.5,17.8,30.8,29.4,25.6,29.7,,17.8,20.5,28.4,34.2,40.2,41.3,29.8
03-15,19.0,37.0,17.3,30.0,30.7,32.6,38.7,41.3,28.1,43.0,20.2,41.6,28.0,21.3,33.9,30.1,34.0,27.7,,17.3,19.9,28.0,34.0,41.4,43.0,30.4
03-16,22.7,39.8,18.8,35.3,34.1,34.5,38.7,35.1,37.0,43.6,24.7,39.9,25.2,26.7,33.4,26.8,28.0,17.2,,17.2,21.5,26.7,35.3,39.9,43.6,33.8
03-17,29.4,42.9,21.6,37.1,38.9,21.6,36.6,26.4,27.8,43.2,29.8,41.2,25.8,28.7,34.8,27.0,24.1,12.5,,12.5,21.6,26.5,36.4,41.7,43.2,29.0
03-18,26.4,41.9,25.2,35.7,33.3,24.0,25.3,25.0,19.4,39.7,25.9,43.1,20.5,29.0,29.7,31.0,26.7,15.5,,15.5,20.2,25.2,30.8,40.4,43.1,26.6
03-19,21.9,40.7,33.5,37.2,20.8,29.8,18.8,28.0,22.8,35.1,29.2,43.2,22.1,25.8,29.6,36.1,30.6,21.3,,18.8,21.1,23.1,33.2,38.3,43.2,29.4
03-20,20.7,40.6,29.5,41.4,22.4,28.6,23.2,30.4,31.4,38.0,36.2,39.4,27.0,28.4,25.7,29.6,27.9,23.9,,20.7,22.9,27.0,31.3,39.7,41.4,29.0
03-21,22.9,33.4,27.4,41.2,32.3,28.9,34.4,24.4,32.4,39.9,39.7,40.6,33.5,29.6,23.8,20.1,22.8,23.3,,20.1,22.9,24.7,33.5,40.1,41.2,30.9
03-22,22.6,34.6,22.9,32.4,31.1,22.4,38.1,14.4,28.1,38.4,28.7,37.0,34.5,30.0,27.6,20.7,24.7,23.7,,14.4,21.9,23.8,32.3,37.3,38.4,28.4
03-23,26.6,35.2,27.3,24.5,23.6,23.4,40.9,11.9,28.4,32.6,25.4,32.8,32.6,31.5,28.8,21.1,32.3,22.4,,11.9,22.0,24.6,32.2,33.5,40.9,27.9
03-24,32.6,37.1,34.2,24.7,25.9,26.8,41.6,10.5,34.0,29.8,29.8,34.9,30.4,29.8,32.2,22.3,39.0,15.7,,10.5,20.3,27.1,33.8,37.7,41.6,30.1
03-25,35.5,39.5,36.8,23.6,26.9,22.1,43.1,19.6,35.7,29.2,22.6,32.9,27.1,29.2,29.1,22.4,42.1,9.5,,9.5,21.3,24.0,35.2,40.3,43.1,29.2
03-26,22.2,39.0,36.0,16.4,23.3,21.7,30.5,29.8,31.0,38.7,21.3,31.6,20.9,33.5,25.0,24.9,45.7,5.7,,5.7,19.6,22.3,31.5,38.8,45.7,27.4
03-27,27.1,33.6,23.1,22.0,25.2,26.2,32.8,33.3,25.2,42.9,29.7,31.3,26.8,36.8,18.8,28.3,45.2,12.7,,12.7,21.0,25.3,32.7,38.6,45.2,27.7
03-28,31.5,25.5,23.3,30.5,31.9,22.1,37.1,37.3,27.4,43.7,30.5,31.0,30.6,35.3,23.2,35.3,40.4,19.2,,19.2,22.9,27.7,35.0,38.2,43.7,30.8
03-29,30.9,22.1,31.8,21.2,37.4,24.5,37.0,36.2,33.4,42.3,26.2,35.5,31.1,26.7,26.0,28.5,32.5,28.8,,21.2,23.8,26.9,33.3,37.1,42.3,31.0
03-30,28.3,24.1,26.0,17.3,37.5,33.0,40.3,36.2,30.2,42.7,24.7,35.2,35.8,25.3,29.1,15.4,32.1,22.5,,15.4,20.9,25.4,35.0,38.3,42.7,29.7
03-31,29.9,35.2,14.6,23.6,30.1,40.3,44.8,38.2,25.7,43.5,28.8,35.1,40.5,26.4,37.2,26.6,29.0,21.9,,14.6,23.1,26.8,37.0,41.4,44.8,30.0
04-01,28.3,37.8,18.3,19.6,21.7,41.4,31.7,33.8,25.5,32.8,28.0,35.1,39.7,31.9,36.5,36.3,31.0,29.7,,18.3,21.1,28.5,34.9,38.4,41.4,31.8
04-02,29.8,37.9,26.9,28.8,22.6,41.3,27.1,34.2,22.0,23.5,33.8,33.3,33.0,33.3,17.9,42.4,36.9,32.2,,17.9,22.5,27.3,33.7,38.9,42.4,32.6
04-03,37.7,37.7,25.7,25.9,23.5,22.6,34.9,37.8,23.0,25.0,38.1,29.4,23.9,34.5,19.0,45.7,35.0,24.8,,19.0,22.9,24.8,35.0,37.9,45.7,27.6
04-04,39.8,41.4,29.6,23.6,25.9,27.3,39.6,40.2,27.1,32.2,39.7,22.4,34.9,36.3,30.8,46.4,35.2,14.8,,14.8,23.3,27.5,39.2,40.5,46.4,33.5
04-05,30.9,42.3,27.3,22.8,27.0,37.5,38.3,36.3,28.0,37.9,34.4,30.8,36.6,37.6,33.7,40.9,23.4,13.9,,13.9,23.2,28.3,37.4,39.1,42.3,34.1
04-06,26.2,40.8,26.8,29.8,19.7,31.8,22.5,34.1,29.8,35.1,41.0,39.6,37.8,35.5,34.4,24.8,24.1,17.3,,17.3,21.7,26.3,35.0,39.9,41.0,30.8
04-07,33.1,39.7,24.7,36.8,25.3,30.3,28.6,35.1,35.6,34.4,44.5,41.4,37.6,35.9,36.9,33.8,34.0,28.8,,24.7,27.6,33.2,36.7,40.2,44.5,34.7
04-08,36.9,38.1,24.2,31.6,31.6,28.6,38.7,31.8,40.3,29.9,43.5,36.0,31.1,41.5,39.5,36.4,42.1,34.2,,24.2,29.5,31.7,38.6,41.7,43.5,36.2
04-09,39.8,35.3,27.0,30.0,33.3,26.1,43.4,21.0,43.4,31.5,40.0,22.7,33.1,37.0,39.4,31.1,36.6,37.6,,21.0,25.1,31.1,37.6,41.0,43.4,34.3
04-10,36.1,20.7,23.5,34.5,34.2,24.9,45.0,25.6,41.6,36.2,39.0,28.5,40.6,27.0,37.8,37.9,21.6,41.0,,20.7,22.9,27.2,37.9,41.2,45.0,35.3
04-11,38.3,24.4,23.6,33.4,40.5,31.9,42.4,33.5,43.2,39.3,37.8,36.3,45.7,24.5,35.6,34.3,26.7,44.7,,23.6,24.5,33.4,39.2,43.6,45.7,36.0
04-12,39.8,27.1,32.0,34.4,39.0,34.4,29.4,34.0,40.6,36.1,40.2,41.3,30.6,24.2,24.4,31.0,13.5,43.2,,13.5,24.3,30.6,38.7,40.8,43.2,34.2
04-13,42.0,30.8,37.7,36.9,28.3,32.6,28.0,30.6,27.8,40.7,41.6,44.9,22.9,27.6,19.0,28.8,14.8,30.6,,14.8,21.7,28.0,36.4,41.7,44.9,30.6
04-14,40.4,37.9,41.8,34.4,31.8,26.0,29.5,23.5,26.3,37.2,35.0,35.5,32.2,35.3,24.3,27.3,27.4,22.0,,22.0,24.0,27.3,35.3,38.7,41.8,32.0
04-15,36.9,39.5,32.4,30.0,39.0,32.9,30.6,26.8,36.7,21.5,28.5,33.7,37.4,37.0,30.6,27.1,32.2,28.1,,21.5,27.0,30.1,36.4,37.9,39.5,32.3
04-16,38.9,36.4,19.8,25.6,42.5,38.4,33.9,24.0,33.8,29.0,32.5,40.1,41.6,34.1,25.3,24.3,33.6,36.1,,19.8,24.2,29.4,36.4,40.6,42.5,33.8
04-17,28.3,40.9,28.1,32.5,41.8,40.6,35.4,18.8,38.3,35.6,28.8,42.3,22.5,34.6,28.0,25.9,33.6,39.3,,18.8,24.9,28.4,38.0,41.2,42.3,34.1
04-18,23.1,30.6,37.5,36.9,42.3,37.0,35.9,21.9,42.6,38.8,29.9,41.2,28.6,41.4,34.9,33.2,41.2,29.6,,21.9,26.9,30.8,38.7,41.6,42.6,36.4
04-19,27.3,26.8,41.2,38.7,44.3,30.3,36.5,30.0,42.1,36.4,35.3,34.9,37.8,44.6,33.8,32.3,40.2,18.0,,18.0,27.2,32.4,38.6,42.8,44.6,35.9
04-20,35.8,32.8,29.7,42.2,45.1,30.5,42.8,33.7,42.0,39.4,40.4,32.4,35.2,43.7,36.9,25.4,35.8,17.0,,17.0,28.4,32.9,40.3,43.1,45.1,35.8
04-21,41.4,32.7,25.6,44.2,39.0,31.1,47.4,34.8,43.7,41.4,43.5,29.6,41.6,37.6,39.7,28.6,44.0,26.8,,25.6,28.1,32.9,41.6,44.0,47.4,39.3
04-22,45.2,31.6,35.5,44.7,32.2,26.3,49.6,31.6,42.5,40.9,47.6,34.0,44.3,37.8,40.4,30.4,33.1,26.1,,26.1,29.2,32.3,42.4,45.9,49.6,36.7
04-23,41.6,31.9,36.3,45.7,32.2,27.6,51.0,26.6,28.0,37.8,35.8,38.8,40.6,41.9,37.4,33.5,26.8,30.1,,26.6,27.4,31.9,38.7,43.0,51.0,36.0
04-24,32.3,37.0,26.7,41.6,38.3,30.4,51.2,30.6,35.6,36.9,35.5,31.7,35.4,43.6,37.7,36.1,27.7,32.1,,26.7,29.6,32.1,37.0,42.2,51.2,35.6
04-25,36.0,39.8,28.5,33.5,36.3,31.3,46.2,36.5,39.5,34.1,31.6,31.4,41.3,45.0,41.7,39.7,32.4,28.2,,28.2,30.4,32.5,39.7,42.7,46.2,36.1
04-26,41.4,40.4,29.4,26.7,36.7,23.9,41.8,39.8,32.1,33.4,32.0,32.4,44.1,42.3,43.4,32.4,39.9,36.6,,23.9,28.6,32.4,40.3,42.6,44.1,36.6
04-27,44.5,44.1,35.5,30.6,42.7,26.0,28.7,43.4,28.1,38.3,34.9,27.6,46.6,41.5,46.2,31.4,43.5,38.1,,26.0,28.0,31.7,43.4,45.0,46.6,38.2
04-28,40.4,48.6,42.5,39.7,30.3,34.8,29.7,46.3,24.3,42.4,33.3,24.7,47.1,40.5,45.2,38.0,41.5,38.1,,24.3,28.2,35.1,42.3,46.6,48.6,40.0
04-29,41.4,50.6,44.4,37.7,23.8,24.7,36.0,45.9,28.3,47.3,32.2,29.1,41.4,32.4,49.2,45.5,28.0,44.8,,23.8,27.0,32.2,44.8,47.9,50.6,39.5
04-30,42.2,49.5,30.4,40.8,26.9,23.3,43.4,38.8,31.8,47.5,31.1,34.5,31.5,31.9,48.0,52.3,37.0,48.6,,23.3,29.3,31.8,43.3,48.9,52.3,37.9
05-01,41.4,47.1,23.5,40.8,28.8,25.2,41.6,25.4,40.1,46.4,33.4,38.5,33.9,27.0,44.8,50.5,37.5,48.7,,23.5,25.4,33.4,41.6,47.6,50.5,39.3
05-02,41.6,45.2,29.9,36.6,28.4,31.6,44.7,32.6,44.9,48.3,37.2,38.9,33.1,32.3,41.8,40.0,40.9,44.5,,28.4,31.1,33.4,41.8,45.0,48.3,39.5
05-03,41.3,33.3,33.8,36.8,37.6,35.8,46.8,40.7,48.6,45.0,43.6,42.9,37.6,38.6,40.6,36.4,29.2,45.4,,29.2,33.7,36.9,42.7,45.8,48.6,39.6
05-04,38.8,29.9,39.2,36.8,34.5,33.4,45.3,41.4,48.4,40.6,46.7,48.2,43.7,40.6,37.2,37.3,33.5,40.2,,29.9,33.5,37.2,41.4,47.1,48.4,39.7
05-05,36.2,30.0,43.8,42.8,38.4,40.5,36.8,43.6,47.1,41.1,49.5,51.2,47.6,42.9,42.3,41.6,43.3,33.1,,30.0,35.3,40.5,43.6,48.1,51.2,42.5
05-06,38.8,32.4,44.8,45.7,26.2,44.8,37.4,39.2,40.5,39.3,40.5,46.6,50.6,42.2,46.5,49.2,47.3,32.4,,26.2,32.4,39.2,45.6,47.9,50.6,41.3
05-07,42.1,38.8,38.1,44.2,29.7,46.9,39.8,37.9,32.1,38.8,36.9,46.5,50.4,38.5,38.8,49.3,42.6,33.2,,29.7,32.9,38.2,42.6,47.6,50.4,38.8
05-08,40.8,44.4,35.9,37.2,38.0,44.3,44.1,37.4,34.1,38.9,37.1,45.4,50.4,34.5,41.2,36.1,35.2,38.5,,34.1,35.0,37.1,41.1,44.7,50.4,38.3
05-09,42.4,46.6,35.9,38.7,40.2,33.1,48.1,43.0,34.5,33.0,40.2,44.0,53.1,33.0,42.0,33.6,26.2,42.7,,26.2,33.0,34.7,42.7,47.0,53.1,40.2
05-10,41.7,50.4,35.6,40.8,37.1,31.6,47.8,44.4,34.8,32.7,33.3,43.9,48.9,37.1,47.3,31.9,36.4,42.4,,31.6,32.5,35.7,43.7,48.2,50.4,39.0
05-11,47.1,52.9,43.9,47.5,31.8,34.5,44.8,46.6,31.0,37.9,35.9,47.8,38.1,41.2,47.8,34.7,40.1,40.5,,31.0,33.7,38.0,46.4,47.8,52.9,40.8
05-12,52.7,53.3,32.6,45.3,31.7,40.8,44.6,50.0,27.5,43.6,42.8,49.6,37.0,45.8,46.2,41.5,32.0,42.5,,27.5,31.9,40.9,45.7,50.8,53.3,43.2
05-13,53.4,51.9,34.3,38.7,31.3,45.1,45.2,53.4,32.4,42.5,49.6,42.8,37.3,48.8,41.0,48.6,38.5,41.9,,31.3,33.8,38.9,48.3,52.3,53.4,42.7
05-14,54.1,47.9,39.0,43.0,33.4,43.8,50.0,53.6,39.4,39.6,50.6,41.4,40.1,48.6,42.6,50.7,46.3,41.7,,33.4,39.3,41.4,48.5,51.5,54.1,43.4
05-15,53.8,46.9,41.8,44.2,38.6,44.6,52.6,51.2,45.1,32.1,41.2,43.3,44.9,47.4,41.5,50.0,51.8,46.2,,32.1,40.4,43.4,47.3,52.0,53.8,45.0
05-16,56.5,48.7,46.9,46.4,43.0,38.3,49.7,48.1,48.4,33.8,37.8,38.5,48.8,46.2,44.3,48.2,54.3,46.0,,33.8,38.1,44.5,48.4,51.1,56.5,46.7
05-17,54.4,48.6,51.1,52.6,47.9,33.4,48.6,43.7,49.6,39.4,38.6,28.8,47.8,34.2,50.4,44.3,48.0,46.6,,28.8,33.9,43.8,48.6,51.5,54.4,47.9
05-18,54.4,50.4,52.9,55.0,40.0,33.4,42.7,38.9,49.6,40.4,42.4,28.4,42.8,35.6,52.7,48.0,48.7,43.9,,28.4,35.0,40.6,49.5,53.3,55.0,43.4
05-19,52.7,52.2,55.2,49.9,38.7,35.2,43.1,38.5,45.7,38.4,45.6,33.0,43.2,33.4,49.1,49.3,45.1,46.2,,33.0,34.7,39.1,48.8,52.3,55.2,45.3
05-20,52.3,52.1,55.0,47.3,43.3,36.4,48.1,40.6,47.0,38.2,46.8,38.9,43.9,33.3,37.1,48.2,26.2,50.1,,26.2,35.5,39.1,48.0,52.2,55.0,45.3
05-21,51.1,42.6,36.5,47.8,45.1,41.2,55.0,43.6,46.0,39.9,39.2,38.8,48.1,34.4,40.7,40.3,31.0,51.1,,31.0,35.9,40.0,46.0,51.1,55.0,41.9
05-22,47.8,30.5,32.8,47.2,34.3,41.7,54.8,48.6,47.7,37.0,34.2,43.8,43.8,34.2,44.3,38.6,37.4,48.0,,30.5,33.8,37.0,46.9,48.1,54.8,42.8
05-23,43.5,35.0,33.1,44.8,35.7,37.6,40.0,49.4,44.9,38.4,39.3,47.1,41.6,32.9,35.6,32.7,36.4,45.6,,32.7,33.0,35.8,43.3,46.0,49.4,38.8
05-24,49.6,38.0,35.7,43.2,30.1,36.8,37.5,46.3,44.2,38.9,39.1,49.9,50.3,35.7,37.4,36.9,38.7,44.7,,30.1,35.7,37.4,44.1,49.7,50.3,38.8
05-25,52.3,44.3,37.0,42.9,37.8,41.4,44.2,50.0,49.3,40.8,39.0,42.4,54.7,38.0,43.9,44.2,45.8,46.3,,37.0,37.9,41.5,45.7,50.7,54.7,44.1
05-26,53.1,48.4,35.7,41.4,47.1,41.4,40.8,50.0,52.1,40.5,38.0,42.0,53.2,42.8,50.3,45.0,54.4,42.6,,35.7,39.7,41.4,49.8,53.1,54.4,43.9
05-27,44.9,53.2,40.6,45.3,51.1,38.5,34.3,47.8,54.9,43.4,41.4,42.0,48.1,37.0,52.4,47.8,53.6,43.1,,34.3,38.0,42.1,48.1,53.3,54.9,45.1
05-28,32.8,50.8,45.7,47.8,48.3,38.5,39.8,40.6,54.5,42.2,43.6,46.0,45.2,37.4,56.0,52.1,43.8,45.3,,32.8,38.2,42.3,47.7,52.8,56.0,45.3
05-29,37.0,42.7,40.7,46.9,36.9,36.3,47.6,38.7,53.1,44.7,44.7,48.1,45.8,38.9,57.9,50.8,34.2,49.2,,34.2,36.7,39.1,47.5,51.5,57.9,44.7
05-30,42.5,43.6,42.7,45.8,40.6,32.9,50.0,39.7,49.8,51.3,47.4,50.6,49.4,42.4,55.1,46.5,32.5,49.4,,32.5,37.6,42.5,49.4,50.8,55.1,46.1
05-31,46.2,48.6,47.6,45.1,47.1,41.4,52.8,41.8,51.9,55.1,47.7,51.7,53.6,43.8,53.1,49.8,34.6,49.5,,34.6,41.7,46.3,51.5,53.2,55.1,48.2
06-01,53.1,51.5,51.2,47.4,42.3,49.6,56.0,46.6,48.4,53.5,50.1,47.7,45.0,44.0,56.4,54.1,43.2,45.9,,42.3,43.7,46.7,51.5,54.7,56.4,49.0
06-02,56.8,52.6,48.4,45.0,47.3,40.8,54.2,53.6,54.5,53.0,54.2,49.2,49.6,47.7,56.8,57.6,50.0,41.5,,40.8,44.0,48.5,54.2,56.8,57.6,51.3
06-03,54.0,52.2,44.8,48.6,50.3,39.7,58.3,51.8,54.0,51.3,54.2,54.2,55.5,46.2,57.6,59.7,53.3,43.8,,39.7,44.5,50.4,54.2,57.8,59.7,52.8
06-04,56.7,56.2,37.5,50.0,53.2,48.4,61.5,51.1,52.2,51.6,56.8,55.4,58.4,48.9,56.6,63.3,53.1,45.0,,37.5,47.4,51.1,56.5,59.3,63.3,53.2
06-05,57.7,56.8,40.0,47.2,54.0,53.0,49.8,51.5,52.5,47.1,58.7,56.8,58.9,51.3,58.6,61.0,49.6,49.1,,40.0,47.2,50.0,56.8,58.8,61.0,52.7
06-06,60.1,38.0,42.3,42.8,57.8,49.1,43.7,54.7,52.8,45.3,57.9,56.7,57.4,48.1,42.7,59.8,48.7,50.6,,38.0,42.6,45.6,56.5,58.5,60.1,49.8
06-07,59.0,35.3,37.8,38.6,56.8,44.8,50.0,56.7,53.4,46.7,54.3,57.8,56.8,50.9,35.5,60.4,49.9,48.2,,35.3,37.1,46.8,56.4,58.2,60.4,50.4
06-08,48.8,42.0,38.7,42.0,51.7,47.4,56.2,59.1,47.5,52.5,56.8,57.2,57.5,38.2,32.7,55.8,55.6,46.3,,32.7,38.5,46.4,55.7,57.3,59.1,50.3
06-09,44.6,49.9,44.5,43.9,56.1,40.5,48.8,61.7,49.8,52.4,60.3,56.8,59.7,40.6,39.7,56.8,59.7,46.5,,39.7,40.6,44.8,56.7,59.9,61.7,49.9
06-10,49.4,54.9,46.5,41.8,48.0,45.8,40.3,62.2,54.6,50.2,59.7,55.2,50.7,48.0,46.4,48.9,62.2,46.9,,40.3,44.6,47.0,54.2,60.5,62.2,49.1
06-11,54.3,53.2,34.2,39.9,42.6,49.8,47.0,55.0,53.4,48.0,52.1,52.0,50.6,51.4,52.0,49.4,62.8,47.8,,34.2,41.8,48.2,52.1,54.5,62.8,51.0
06-12,57.6,51.7,38.8,43.1,39.8,48.7,52.5,57.1,52.2,52.7,49.9,42.7,56.5,53.4,58.8,58.9,62.8,45.5,,38.8,41.8,48.9,56.2,58.9,62.8,52.3
06-13,56.3,54.2,46.6,44.0,39.1,46.8,57.3,58.7,53.8,55.5,45.3,38.6,61.1,52.7,55.9,63.7,43.8,45.4,,38.6,42.4,45.6,55.9,59.4,63.7,53.2
06-14,48.5,57.2,53.1,40.9,44.5,48.3,57.6,52.1,43.5,54.4,49.5,48.4,61.4,48.4,49.9,64.8,37.9,45.7,,37.9,42.7,48.3,53.0,58.7,64.8,49.0
06-15,43.9,60.2,55.2,43.5,50.6,52.3,56.4,53.5,47.6,54.4,55.7,54.5,60.7,51.1,55.1,66.6,48.3,42.0,,42.0,43.8,50.7,55.2,60.3,66.6,54.0
06-16,45.4,62.5,56.4,46.3,45.9,47.3,56.5,56.6,45.0,57.1,55.4,57.3,57.5,52.4,53.2,67.2,58.9,43.2,,43.2,45.3,47.8,57.1,60.0,67.2,55.9
06-17,52.2,56.2,58.5,43.2,41.4,45.0,60.6,57.5,40.4,59.8,56.8,54.1,53.9,48.2,42.1,66.9,60.6,47.2,,40.4,41.9,47.3,57.4,60.6,66.9,54.0
06-18,58.0,51.8,56.8,42.6,51.2,47.9,61.1,58.1,39.2,61.3,59.9,56.7,50.8,50.4,44.2,65.8,54.4,52.7,,39.2,43.7,50.8,57.9,61.2,65.8,53.6
06-19,59.2,58.8,52.8,47.8,53.9,41.8,53.5,52.5,48.4,62.2,60.6,60.1,50.6,53.1,48.2,62.4,43.9,55.8,,41.8,46.6,50.8,58.5,61.1,62.4,53.3
06-20,56.6,62.4,53.7,43.9,52.9,45.0,50.4,49.6,55.8,60.5,64.3,61.5,53.8,50.9,52.9,61.0,39.4,50.4,,39.4,44.7,50.5,56.5,61.8,64.3,53.3
06-21,55.5,61.1,56.3,42.6,52.9,50.0,59.4,53.3,57.2,63.2,65.0,63.1,59.4,41.4,57.6,59.6,50.4,50.5,,41.4,47.8,52.9,59.4,63.2,65.0,56.8
06-22,55.0,62.2,57.9,49.7,51.7,55.1,61.6,51.9,55.8,61.0,64.3,60.6,55.7,37.9,57.6,64.3,57.1,51.1,,37.9,50.7,55.0,60.4,62.9,64.3,56.4
06-23,57.4,63.0,56.1,55.5,54.0,58.2,61.9,53.2,56.4,62.2,64.0,55.9,55.8,45.3,58.9,60.1,54.9,49.6,,45.3,52.1,55.5,58.8,62.5,64.0,56.3
06-24,59.6,62.8,58.2,58.6,59.9,56.0,63.2,54.0,58.6,63.4,61.2,56.6,52.9,50.9,60.4,50.1,52.3,51.7,,50.1,51.4,54.2,59.9,62.9,63.4,58.4
06-25,58.1,59.9,58.6,59.5,59.3,54.9,61.4,53.9,60.3,64.0,55.5,59.0,58.0,55.0,60.0,50.0,55.9,55.1,,50.0,54.6,55.5,59.5,60.6,64.0,58.4
06-26,52.2,59.9,58.7,50.6,56.9,53.2,60.7,61.0,53.2,62.7,58.0,60.4,63.3,56.2,56.9,52.7,57.7,55.6,,50.6,52.5,55.7,59.8,61.5,63.3,57.3
06-27,57.6,62.1,57.9,52.9,57.2,54.3,59.4,66.1,47.9,61.6,62.6,57.8,65.5,56.9,59.8,53.2,59.5,54.3,,47.9,53.1,57.0,59.8,63.5,66.1,57.9
06-28,60.2,62.6,58.6,56.7,60.4,58.6,61.4,66.4,52.2,63.8,64.3,57.0,61.5,58.3,58.6,53.7,59.2,49.3,,49.3,53.3,58.3,61.3,63.9,66.4,58.9
06-29,57.5,63.1,58.4,56.8,57.3,53.2,62.3,64.8,58.2,61.6,58.7,54.0,54.1,59.7,42.3,54.8,55.3,49.8,,42.3,52.1,54.8,58.7,62.6,64.8,57.4
06-30,56.8,62.9,59.8,58.3,54.5,48.1,63.2,66.1,57.6,64.0,55.5,52.9,51.3,51.4,39.7,51.8,54.4,53.4,,39.7,50.3,52.9,58.2,63.4,66.1,55.0
07-01,58.1,63.8,61.7,57.6,54.4,53.5,62.0,65.6,56.4,62.5,52.5,57.8,55.8,56.0,51.4,56.7,56.2,57.6,,51.4,53.2,56.1,58.1,62.9,65.6,57.1
07-02,57.5,65.5,60.7,52.7,57.6,58.5,62.1,65.7,59.4,65.6,55.3,61.8,59.9,58.8,56.9,59.6,58.1,59.5,,52.7,56.4,58.1,60.6,65.5,65.7,59.4
07-03,57.4,65.1,62.4,54.0,56.3,61.7,62.3,64.8,59.8,65.2,56.6,61.9,61.0,58.1,58.6,62.5,58.4,59.7,,54.0,56.5,58.4,62.3,64.9,65.2,60.4
07-04,54.2,64.5,62.1,55.9,46.6,56.0,63.8,60.3,62.0,60.9,59.4,62.8,60.0,55.2,60.5,63.8,58.9,55.8,,46.6,54.9,56.3,61.9,63.8,64.5,60.1
07-05,56.6,60.2,59.5,57.0,52.5,53.6,54.7,58.7,62.6,55.7,61.0,62.6,60.5,55.8,61.3,61.8,60.0,56.9,,52.5,54.4,56.6,60.5,62.1,62.6,59.1
07-06,54.6,60.7,58.3,58.8,56.1,56.6,54.2,58.1,64.9,56.7,59.9,65.7,65.0,58.4,63.3,63.3,57.6,58.2,,54.2,55.7,57.7,60.6,65.0,65.7,58.3
07-07,56.9,63.7,57.3,57.8,54.8,54.1,54.8,55.1,66.3,52.0,57.8,65.2,66.7,57.2,61.7,66.0,59.2,57.9,,52.0,54.6,57.0,61.4,66.1,66.7,57.8
07-08,57.9,61.9,60.2,57.1,52.3,54.5,58.9,59.2,64.6,49.8,60.6,61.2,64.4,55.2,59.0,68.2,62.5,58.5,,49.8,53.9,58.0,61.1,64.5,68.2,59.1
07-09,52.8,63.9,61.3,56.8,53.4,56.6,60.4,63.0,57.8,48.5,61.6,63.6,62.1,55.9,59.5,68.5,64.2,61.6,,48.5,53.2,56.9,62.0,64.0,68.5,60.9
07-10,55.0,64.7,61.1,59.8,56.7,53.1,60.6,64.8,57.2,45.4,57.3,61.3,65.0,60.6,61.8,65.0,63.6,60.3,,45.4,54.4,57.5,61.7,64.9,65.0,60.6
07-11,53.5,61.1,59.8,57.7,54.0,54.9,62.0,61.6,55.9,49.4,49.2,55.8,60.7,61.2,64.5,66.0,63.8,61.2,,49.2,52.3,55.8,61.2,64.0,66.0,60.3
07-12,57.9,57.4,57.8,59.3,59.5,52.5,63.0,55.0,59.4,54.6,55.7,55.0,58.7,62.8,66.3,65.4,62.8,62.3,,52.5,54.9,57.4,62.0,63.7,66.3,59.0
07-13,60.0,60.4,61.2,59.6,61.2,50.5,60.3,56.5,63.1,57.5,56.8,56.9,63.3,56.5,63.4,62.9,62.7,61.9,,50.5,56.5,57.7,61.8,63.2,63.4,60.4
07-14,66.7,61.2,59.6,55.6,58.9,53.3,52.3,59.9,62.6,55.6,60.1,60.6,59.6,61.5,61.2,61.3,62.1,59.2,,52.3,54.9,59.2,61.2,62.2,66.7,60.0
07-15,66.5,62.8,60.4,58.9,61.2,55.4,50.2,62.1,64.0,55.0,62.0,61.0,63.4,61.8,61.6,61.7,56.2,59.4,,50.2,55.3,59.5,62.0,63.6,66.5,61.4
07-16,67.5,61.3,57.9,61.2,66.1,57.8,52.7,59.4,60.0,57.4,61.7,59.4,62.0,61.7,61.6,60.1,61.7,65.7,,52.7,57.7,59.5,61.7,65.8,67.5,61.3
07-17,66.4,57.8,58.6,63.9,63.0,57.8,55.3,57.6,59.0,58.7,61.7,61.0,60.7,61.0,63.4,62.4,64.8,68.0,,55.3,57.8,58.8,62.9,65.2,68.0,61.0
07-18,62.5,61.9,60.9,64.1,63.5,57.2,58.6,60.5,61.6,54.6,58.2,62.8,63.6,62.0,63.3,65.5,62.2,61.8,,54.6,57.9,61.0,62.8,63.8,65.5,61.9
07-19,59.4,63.7,63.5,63.4,63.7,54.8,62.2,64.1,62.5,55.1,59.4,60.6,65.8,63.5,62.6,61.7,62.5,59.2,,54.8,58.0,60.7,63.5,63.8,65.8,62.5
07-20,61.6,64.6,61.2,61.3,63.0,56.5,60.5,64.3,58.5,49.2,62.1,60.8,64.0,63.2,62.2,62.1,61.6,58.6,,49.2,57.9,60.8,62.2,64.1,64.6,61.6
07-21,65.6,63.9,59.3,60.3,58.6,58.2,58.3,63.6,60.4,50.9,61.9,58.1,65.8,62.7,63.0,61.2,63.8,62.1,,50.9,58.2,59.4,63.0,64.4,65.8,61.5
07-22,64.8,65.4,60.5,61.3,60.0,58.3,57.4,64.5,64.1,52.4,60.3,61.5,59.4,62.3,55.2,62.8,63.8,65.6,,52.4,56.7,60.0,63.7,65.0,65.6,61.4
07-23,66.1,61.5,61.9,63.3,60.9,60.2,58.5,66.3,64.8,56.0,62.0,58.8,59.4,62.8,52.8,58.3,64.9,66.0,,52.8,57.6,59.4,63.3,66.0,66.3,61.7
07-24,64.3,58.6,62.9,64.1,62.5,62.0,58.6,56.1,63.4,57.6,63.0,61.2,64.3,60.7,57.2,64.7,54.9,62.2,,54.9,56.9,58.8,63.0,64.3,64.7,62.1
07-25,59.3,56.2,64.4,58.6,63.3,62.1,58.6,60.5,63.6,58.3,62.8,54.3,61.9,55.7,58.9,62.7,61.0,62.4,,54.3,56.0,58.7,62.4,63.4,64.4,60.8
07-26,62.3,56.9,61.0,55.8,58.6,55.5,61.1,62.1,63.5,59.9,61.3,57.3,63.3,55.0,58.9,63.3,63.4,63.1,,55.0,55.7,58.7,62.3,63.3,63.5,61.0
07-27,63.6,58.5,58.0,59.9,59.1,55.3,57.6,55.8,62.7,55.2,64.2,59.4,64.5,55.8,60.9,61.2,63.9,62.4,,55.2,55.6,58.1,62.3,64.0,64.5,59.7
07-28,66.4,60.4,59.1,57.1,58.5,56.9,57.4,54.0,57.1,52.2,65.5,58.7,63.8,59.4,58.3,58.6,58.8,65.4,,52.2,56.1,57.5,59.3,65.4,66.4,58.7
07-29,63.2,59.6,61.8,56.8,55.6,59.4,56.8,54.6,51.7,55.1,64.4,60.0,61.6,61.3,60.7,59.4,55.1,66.3,,51.7,54.9,56.8,61.3,63.6,66.3,59.5
07-30,61.8,63.1,61.6,54.9,59.4,61.5,57.3,57.7,52.1,58.8,61.0,58.1,60.9,63.3,63.6,55.8,59.0,65.4,,52.1,55.5,58.2,61.6,63.4,65.4,60.1
07-31,55.5,59.4,63.3,56.6,59.7,56.7,57.2,60.6,53.3,62.2,60.4,58.7,64.8,55.2,65.5,56.7,60.3,57.7,,53.3,55.4,56.8,60.3,63.8,65.5,59.0
08-01,49.3,60.7,64.4,58.2,56.8,55.8,57.5,58.3,55.5,62.7,61.8,60.8,63.5,55.7,66.1,54.3,58.5,53.5,,49.3,54.1,55.9,60.8,63.8,66.1,58.2
08-02,53.0,56.5,63.2,60.3,57.1,56.8,60.5,58.8,58.5,58.9,63.0,62.0,58.6,59.0,66.0,53.7,55.3,52.1,,52.1,53.5,56.9,60.1,63.1,66.0,58.7
08-03,53.2,56.9,62.3,61.8,60.0,57.5,58.5,60.4,58.2,49.5,63.0,62.1,60.9,58.0,66.8,57.4,59.2,51.3,,49.5,52.6,57.5,60.8,62.5,66.8,58.8
08-04,54.0,57.9,63.7,61.1,53.4,55.0,60.6,62.0,52.8,56.6,60.2,60.1,60.7,59.3,64.4,59.3,63.0,54.7,,52.8,53.8,56.7,60.7,63.2,64.4,59.7
08-05,55.0,57.4,61.6,58.3,54.9,57.1,61.2,60.3,51.2,58.8,59.6,60.1,58.4,59.5,62.4,61.6,59.5,56.7,,51.2,54.9,57.5,60.0,61.6,62.4,59.2
08-06,53.2,56.9,56.2,53.3,55.7,57.5,62.2,59.1,54.1,57.1,59.0,59.0,58.9,63.4,61.7,57.9,56.8,56.0,,53.2,53.9,56.3,59.0,61.9,63.4,57.3
08-07,53.9,56.8,53.7,50.0,52.7,57.7,62.0,55.8,53.6,50.0,54.9,53.5,60.9,56.4,59.8,54.7,57.0,56.3,,50.0,51.9,53.7,56.8,60.1,62.0,55.3
08-08,57.1,57.6,57.1,46.0,52.4,58.4,64.9,53.5,53.7,50.6,58.1,51.9,63.0,55.0,60.7,59.8,58.8,53.7,,46.0,51.5,53.7,58.3,61.4,64.9,57.1
08-09,58.6,59.0,52.7,48.7,51.9,58.6,59.7,52.3,54.1,53.8,60.8,52.7,64.9,55.2,61.3,58.7,62.9,55.0,,48.7,52.2,53.8,59.0,61.8,64.9,56.9
08-10,59.1,58.1,54.3,52.3,54.5,57.8,56.7,53.6,52.8,57.5,55.5,54.8,65.3,56.5,62.5,58.6,62.4,58.5,,52.3,53.4,54.8,58.4,62.4,65.3,57.1
08-11,59.1,60.4,55.1,57.2,56.1,59.1,58.4,54.0,55.9,57.8,51.1,57.8,65.4,56.4,61.3,59.7,59.5,57.3,,51.1,54.8,56.5,59.1,60.6,65.4,57.8
08-12,56.1,62.3,57.0,59.9,53.5,58.9,60.8,52.5,56.4,54.0,54.5,56.8,64.8,55.0,60.7,63.8,58.0,56.8,,52.5,53.8,56.1,59.8,62.8,64.8,56.9
08-13,52.8,63.6,58.6,56.0,55.0,61.1,57.1,55.0,53.1,59.0,57.3,55.9,63.1,57.8,61.4,64.9,56.0,58.8,,52.8,54.4,56.0,59.0,63.3,64.9,57.6
08-14,55.8,59.4,59.4,53.9,57.6,56.5,57.8,58.1,55.1,61.0,59.6,56.3,60.9,60.2,60.7,63.9,54.4,59.4,,53.9,54.9,56.6,59.6,60.9,63.9,58.7
08-15,54.1,56.8,51.1,43.4,59.5,55.8,59.5,61.2,57.4,63.1,58.6,50.1,60.5,60.7,62.6,62.7,56.3,60.4,,43.4,50.8,56.4,60.5,62.6,63.1,59.1
08-16,55.2,61.1,47.2,45.3,59.3,55.7,61.4,62.2,58.6,60.8,57.8,50.9,59.8,60.1,63.7,61.8,58.7,59.1,,45.3,49.8,57.9,60.7,61.9,63.7,59.2
08-17,55.9,57.0,54.0,48.8,59.4,59.0,60.4,58.7,59.9,59.0,57.4,55.6,60.0,58.0,65.7,58.4,60.1,58.7,,48.8,55.1,57.4,59.3,60.2,65.7,58.7
08-18,56.8,55.2,57.0,51.6,58.2,61.0,60.4,58.6,61.2,54.1,55.5,58.2,55.8,59.8,67.7,46.1,62.1,58.5,,46.1,53.4,55.9,59.7,61.4,67.7,58.2
08-19,58.6,59.3,59.1,55.5,50.0,59.8,61.3,61.1,50.6,53.0,57.2,57.8,55.6,60.4,65.9,40.5,55.5,55.1,,40.5,50.4,55.5,59.3,61.2,65.9,57.5
08-20,56.4,57.7,58.7,58.9,55.3,57.1,58.4,57.1,51.5,56.0,56.0,59.9,53.1,61.0,62.9,46.8,49.5,60.1,,46.8,50.9,56.0,58.7,60.4,62.9,57.1
08-21,58.7,60.0,59.9,62.0,59.4,59.4,60.1,57.9,50.6,58.8,59.2,57.7,51.9,62.1,63.3,47.1,52.1,57.2,,47.1,51.5,57.8,59.9,62.0,63.3,59.0
08-22,59.5,61.5,60.3,63.9,58.0,60.2,55.1,55.5,49.6,57.2,57.2,56.8,48.4,60.0,65.2,53.2,54.9,51.7,,48.4,51.0,55.2,59.9,62.2,65.2,57.2
08-23,56.2,55.9,60.7,53.2,50.9,62.3,58.7,52.3,42.4,57.4,55.4,56.5,52.4,58.1,62.4,56.4,59.2,52.8,,42.4,51.9,53.5,58.0,61.2,62.4,56.3
08-24,57.0,55.6,60.6,50.9,54.2,62.3,58.2,51.9,47.0,59.9,52.9,52.5,55.8,59.6,61.9,56.2,59.1,52.1,,47.0,51.6,53.0,59.0,61.0,62.3,56.0
08-25,51.3,60.4,58.6,50.3,58.7,60.7,54.8,52.5,47.3,60.4,49.7,57.4,56.8,62.0,61.1,56.2,57.3,54.7,,47.3,50.1,54.7,58.7,60.8,62.0,57.0
08-26,44.1,59.0,57.9,54.6,61.2,58.6,55.8,51.4,47.8,52.1,48.8,57.6,57.0,57.2,61.4,56.4,55.2,55.5,,44.1,48.5,54.6,57.6,59.6,61.4,56.1
08-27,48.9,53.4,57.3,58.0,55.9,60.4,57.4,52.8,46.8,55.8,52.1,61.1,53.1,55.6,62.2,56.6,57.4,58.9,,46.8,51.1,53.6,57.4,60.6,62.2,56.3
08-28,52.5,56.0,57.6,59.6,52.0,58.5,59.9,56.3,51.3,56.4,55.5,62.6,51.4,60.7,62.3,56.1,56.8,58.0,,51.3,51.8,56.0,58.4,61.2,62.6,56.6
08-29,56.1,55.3,57.6,58.9,50.5,57.8,61.8,59.0,52.1,59.1,57.6,60.7,55.8,57.4,60.4,58.4,59.1,59.9,,50.5,54.3,57.4,59.1,60.5,61.8,58.1
08-30,58.0,60.1,60.4,59.4,44.9,58.7,56.2,60.0,52.0,55.8,57.8,59.0,56.1,58.6,58.0,59.5,62.3,58.5,,44.9,54.7,57.8,59.3,60.2,62.3,58.6
08-31,55.0,59.3,49.9,57.0,47.0,57.1,50.5,58.0,50.3,54.0,59.0,52.2,53.4,61.0,49.0,57.6,63.5,59.5,,47.0,49.6,52.4,58.0,60.0,63.5,56.0
09-01,54.5,57.6,38.1,57.6,50.3,55.0,49.3,57.7,49.5,54.0,55.8,56.7,52.0,62.3,51.0,50.9,64.0,50.4,,38.1,49.4,50.9,56.6,59.1,64.0,54.2
09-02,54.0,56.1,41.0,55.2,52.8,54.6,51.4,58.0,55.4,55.3,54.0,60.5,55.0,63.9,58.3,52.6,62.8,49.8,,41.0,51.0,54.0,56.0,61.2,63.9,55.1
09-03,55.6,57.5,45.6,55.1,55.0,53.2,54.1,58.6,56.8,55.2,52.2,62.9,55.8,61.0,61.6,52.5,64.5,50.2,,45.6,51.6,54.2,57.4,62.0,64.5,55.4
09-04,56.2,55.2,48.6,56.6,58.3,54.3,54.6,58.5,54.1,51.3,49.8,62.6,55.9,61.0,62.5,52.9,66.4,42.2,,42.2,49.4,54.2,58.1,62.5,66.4,55.6
09-05,55.0,48.1,48.3,51.7,54.1,54.8,55.3,57.3,50.6,49.3,49.8,60.4,54.0,58.1,64.4,55.6,65.8,47.0,,47.0,48.2,50.7,55.6,61.6,65.8,54.5
09-06,52.9,47.7,49.4,53.4,43.6,49.9,55.0,58.5,50.5,49.2,51.6,58.6,54.0,55.0,64.3,58.3,66.1,52.4,,43.6,48.7,50.6,55.0,60.3,66.1,53.2
09-07,48.6,50.4,51.3,55.0,50.0,48.4,52.0,55.8,54.6,51.2,51.6,58.1,52.9,55.2,60.5,59.4,66.1,53.7,,48.4,49.6,51.3,55.2,59.7,66.1,53.3
09-08,44.9,53.0,52.7,54.1,49.5,47.2,52.2,50.0,50.4,51.0,53.3,57.3,54.8,47.5,28.2,61.0,62.0,54.5,,28.2,46.5,50.0,54.1,58.4,62.0,52.4
09-09,46.8,52.2,50.0,55.8,43.1,49.3,55.6,50.4,45.7,54.0,51.4,55.0,55.8,47.8,34.3,62.1,55.0,55.2,,34.3,44.9,49.4,55.0,55.8,62.1,51.8
09-10,44.9,46.3,43.8,57.2,40.0,50.0,54.7,50.4,46.7,56.0,52.1,55.5,58.2,47.3,37.9,57.5,49.6,50.5,,37.9,42.7,46.7,54.4,57.3,58.2,50.2
09-11,51.6,50.6,41.2,56.9,45.3,47.6,50.1,50.7,47.3,57.0,56.4,57.1,57.6,39.7,47.1,52.3,54.9,48.9,,39.7,44.1,47.7,54.7,57.0,57.6,50.7
09-12,54.4,53.4,43.1,52.6,50.9,46.8,50.0,48.2,42.2,57.0,54.4,58.9,56.3,43.2,52.4,55.2,57.3,48.9,,42.2,43.1,49.0,54.4,57.1,58.9,52.5
09-13,54.9,55.3,47.7,48.4,53.1,48.7,50.4,47.0,50.6,56.2,46.7,54.5,53.2,48.2,53.9,54.1,48.5,47.8,,46.7,47.5,48.4,53.8,55.0,56.2,50.5
09-14,47.7,53.6,48.9,46.3,52.0,47.8,53.4,47.1,53.4,48.9,42.3,48.5,53.6,52.7,55.0,52.9,45.3,46.9,,42.3,46.0,47.7,52.9,53.6,55.0,48.9
09-15,40.5,52.2,50.8,44.2,50.6,46.9,54.4,47.4,54.8,44.8,40.0,39.4,57.2,54.6,56.2,54.9,46.4,47.8,,39.4,40.3,46.5,54.2,55.3,57.2,49.2
09-16,30.6,51.2,52.2,49.6,52.9,44.6,53.5,51.6,55.7,44.6,43.3,38.8,57.2,51.9,56.0,54.8,44.7,50.0,,30.6,42.0,45.2,52.8,55.8,57.2,51.4
09-17,31.3,45.3,47.9,49.2,55.2,43.6,50.6,48.8,55.0,42.7,47.0,43.9,55.9,45.7,55.7,54.1,44.7,51.0,,31.3,43.3,45.4,51.0,55.4,55.9,48.4
09-18,38.3,45.4,47.9,48.8,55.2,46.0,51.2,46.4,56.6,42.9,52.7,48.0,55.1,48.2,56.0,47.6,48.7,49.1,,38.3,44.7,47.6,51.0,55.5,56.6,48.4
09-19,44.3,48.0,49.3,47.8,57.0,48.4,52.3,43.1,55.1,45.0,55.1,40.5,52.7,48.9,49.3,45.2,52.2,46.1,,40.5,44.0,46.3,51.9,55.1,57.0,48.6
09-20,37.8,51.0,48.3,47.6,53.1,49.3,53.0,47.5,54.8,49.5,54.0,42.5,47.2,38.5,48.7,37.8,50.9,48.2,,37.8,38.3,47.5,50.8,53.3,54.8,48.5
09-21,35.2,51.5,46.8,39.7,51.4,48.4,53.3,50.0,47.4,52.9,48.4,46.6,49.3,38.2,54.1,42.6,47.2,43.0,,35.2,39.3,46.6,49.9,53.0,54.1,47.9
09-22,31.0,48.6,41.0,42.6,45.5,49.6,53.6,42.4,47.6,54.8,44.8,35.7,52.6,43.3,50.6,50.4,46.3,38.2,,31.0,37.5,42.7,49.5,52.9,54.8,45.9
09-23,34.2,39.3,42.1,46.8,43.7,52.0,52.1,41.9,51.9,54.8,35.4,35.3,50.6,47.9,52.6,47.1,45.6,41.4,,34.2,35.4,41.9,50.4,52.2,54.8,46.2
09-24,37.8,32.0,48.1,47.4,48.6,51.9,46.7,44.5,53.0,55.8,35.5,32.2,46.3,49.9,56.0,50.5,47.9,46.6,,32.0,34.5,46.3,49.8,53.8,56.0,47.6
09-25,40.9,35.4,51.6,52.1,53.2,53.2,42.3,38.3,54.5,55.8,41.5,33.1,42.5,51.2,55.3,52.8,51.2,49.9,,33.1,37.4,42.4,52.7,54.7,55.8,51.2
09-26,43.3,41.4,52.1,53.5,55.9,51.3,42.7,34.1,54.2,55.8,47.0,34.8,46.0,51.4,53.3,54.3,53.2,51.4,,34.1,39.4,46.1,53.3,54.8,55.9,51.4
09-27,46.0,44.8,52.4,55.2,56.8,51.9,45.0,30.6,45.0,55.3,50.0,39.6,51.2,48.1,45.1,55.6,53.2,52.8,,30.6,43.2,45.2,52.8,55.4,56.8,50.6
09-28,48.5,46.8,49.7,52.4,58.0,54.2,47.5,35.7,39.6,55.3,51.0,35.8,52.9,46.7,42.0,48.4,50.7,50.6,,35.7,38.4,46.8,51.0,54.6,58.0,49.1
09-29,49.4,41.2,51.3,53.8,56.3,52.9,47.6,43.2,37.5,54.6,46.6,40.6,54.0,37.8,51.0,35.6,49.0,50.9,,35.6,37.7,43.6,51.2,54.2,56.3,49.2
09-30,49.3,35.4,50.8,32.8,54.4,52.9,49.8,47.4,38.9,52.4,46.3,39.3,51.3,35.2,53.2,38.8,43.7,50.4,,32.8,35.4,39.7,50.8,53.0,54.4,48.3
