date,2005,2006,2007,2008,2009,2010,2011,2012,2013,2014,2015,2016,2017,2018,2019,2020,2021,2022,2023,2024,Min,10%,30%,70%,90%,Max,Median (POR)
10-01,42.3,52.3,53.2,47.7,52.5,36.4,57.4,52.2,55.7,49.0,40.2,57.2,50.0,47.4,52.8,40.1,55.7,44.4,51.9,40.1,36.4,40.2,47.5,52.7,56.0,57.4,51.9
10-02,43.7,54.2,50.8,45.7,52.1,42.6,54.8,50.9,55.6,48.8,43.7,48.6,49.8,36.5,50.8,41.7,55.7,47.9,50.3,37.1,36.5,42.4,46.6,50.9,55.0,55.7,49.8
10-03,43.5,53.5,50.2,49.0,49.9,45.0,50.8,49.2,57.1,39.9,47.6,44.8,37.8,42.4,50.5,48.0,55.8,46.2,47.4,40.7,37.8,41.9,45.5,50.1,53.9,57.1,48.0
10-04,45.1,40.2,49.5,52.0,40.3,40.5,43.7,45.8,53.8,30.0,50.0,46.2,39.9,47.1,43.3,47.8,54.6,50.5,48.0,44.4,30.0,40.2,43.4,48.9,52.4,54.6,46.2
10-05,44.4,37.9,49.9,42.7,39.2,33.1,40.5,36.6,50.9,37.1,50.3,43.2,41.5,45.4,41.7,46.8,56.2,45.1,48.0,49.0,33.1,37.0,40.9,46.2,50.4,56.2,43.2
10-06,45.2,43.2,43.7,30.1,42.6,35.4,40.6,28.7,46.8,47.4,50.7,40.8,38.3,41.3,36.7,43.3,54.2,44.9,48.0,49.3,28.7,34.3,40.7,45.1,48.5,54.2,43.2
10-07,46.6,49.4,39.7,34.6,47.6,36.5,40.6,29.8,44.7,47.3,50.2,46.6,41.6,49.2,33.8,47.2,53.8,45.9,48.1,50.1,29.8,34.5,41.0,47.5,49.6,53.8,46.6
10-08,47.4,46.1,42.4,44.3,49.0,40.1,41.3,33.7,47.9,45.6,50.5,51.3,46.6,45.4,34.0,50.4,54.2,41.4,48.3,50.4,33.7,38.9,43.2,48.1,50.6,54.2,46.1
10-09,48.5,37.5,39.0,48.3,49.8,44.6,43.7,35.4,48.4,39.2,48.4,52.0,48.4,32.9,37.2,45.3,52.0,38.9,47.0,51.3,32.9,36.8,39.1,48.4,50.2,52.0,45.3
10-10,41.4,36.3,38.9,47.4,41.7,45.4,46.1,40.5,47.7,33.0,49.8,52.2,50.3,39.2,40.5,27.4,50.7,39.3,47.5,51.0,27.4,35.7,39.8,47.4,50.4,52.2,41.7
10-11,41.0,39.6,40.3,46.0,26.1,43.9,48.7,45.5,43.6,36.9,50.4,53.1,49.6,46.6,37.5,34.6,47.2,37.3,49.5,43.3,26.1,36.4,39.9,47.0,49.7,53.1,43.9
10-12,46.1,43.6,42.1,43.1,23.4,41.8,47.2,45.9,35.7,38.0,42.5,52.6,47.4,44.8,38.9,37.5,49.4,27.4,50.9,35.7,23.4,34.1,40.1,46.0,49.7,52.6,43.1
10-13,43.9,44.1,45.1,38.8,26.6,41.2,45.4,50.1,42.6,35.7,43.4,54.2,47.9,43.5,41.9,42.0,53.3,29.8,49.9,38.6,26.6,34.5,42.0,45.3,50.7,54.2,43.5
10-14,47.6,47.2,37.9,40.4,36.6,42.5,48.5,53.9,45.1,34.2,47.9,54.2,51.4,38.5,29.5,42.6,56.0,31.7,48.0,43.2,29.5,33.7,39.3,48.0,53.9,56.0,45.1
10-15,49.6,44.2,39.3,42.0,41.9,47.3,47.7,53.5,47.5,32.2,49.5,53.3,52.3,43.4,28.9,44.5,48.4,36.6,49.3,,28.9,35.8,42.5,48.9,52.5,53.5,47.3
10-16,47.9,43.6,43.1,40.0,44.6,47.7,48.5,51.4,50.1,35.0,46.1,49.8,50.3,46.3,34.2,48.9,49.5,42.6,45.7,,34.2,39.0,44.0,48.7,50.1,51.4,46.3
10-17,39.1,46.8,31.3,36.7,47.3,49.7,45.0,46.0,44.8,39.9,45.9,46.1,45.8,48.7,34.3,48.5,52.2,43.9,45.1,,31.3,36.3,44.2,46.6,48.9,52.2,45.8
10-18,37.0,40.0,30.8,37.6,47.5,52.3,40.8,46.3,46.4,38.8,45.8,44.5,43.5,49.2,35.7,37.8,53.6,34.3,46.1,,30.8,35.4,38.2,46.2,49.8,53.6,43.5
10-19,37.6,38.8,37.9,47.2,46.6,49.1,42.3,45.9,48.9,40.4,46.8,40.9,39.0,48.9,40.7,41.4,52.4,34.9,45.5,,34.9,37.9,40.5,46.7,48.9,52.4,42.3
10-20,38.8,43.0,41.4,40.8,45.9,36.4,43.6,45.6,48.9,42.9,47.5,39.2,42.4,43.2,42.9,33.5,50.8,39.0,45.2,,33.5,38.3,41.1,44.6,47.8,50.8,42.9
10-21,33.7,44.0,35.7,27.0,44.8,37.3,40.3,46.0,45.7,40.8,46.9,39.9,48.1,35.5,40.9,38.6,51.0,43.8,46.0,,27.0,35.2,39.1,45.4,47.2,51.0,40.9
10-22,31.4,44.0,40.0,36.9,38.7,39.1,37.7,46.9,43.8,40.8,44.5,40.5,49.8,45.9,39.1,43.2,49.7,45.2,41.8,,31.4,37.5,39.5,44.3,47.5,49.8,41.8
10-23,33.1,44.1,42.1,47.2,42.7,42.8,37.7,46.8,42.0,41.9,47.2,40.2,48.9,48.3,39.3,41.2,45.2,42.1,24.9,,24.9,36.8,41.4,44.8,47.4,48.9,42.1
10-24,35.3,45.4,40.3,47.5,44.8,44.1,40.2,46.8,33.5,43.7,51.4,41.6,44.8,46.4,40.5,36.4,46.9,42.4,27.6,,27.6,34.9,40.4,45.1,47.0,51.4,43.7
10-25,35.2,41.0,33.5,48.1,49.9,36.1,33.7,44.5,30.3,41.7,49.1,42.8,43.4,46.9,43.4,44.2,32.4,43.0,37.2,,30.3,33.3,36.6,43.9,48.3,49.9,42.8
10-26,37.0,40.5,32.6,46.0,49.8,38.4,30.7,27.7,31.5,42.4,45.5,44.2,46.0,45.7,45.3,47.1,16.2,29.9,36.0,,16.2,29.5,34.0,45.4,46.2,49.8,40.5
10-27,34.1,40.9,41.0,44.8,48.9,28.2,29.7,33.4,39.7,42.5,38.0,43.4,50.7,45.2,46.1,28.5,29.2,36.4,28.0,,28.0,28.4,33.7,43.0,46.6,50.7,39.7
10-28,27.2,38.5,43.0,47.3,49.9,18.8,38.5,36.8,42.9,35.1,41.5,43.1,49.2,44.8,47.8,25.0,40.1,43.0,34.3,,18.8,26.7,37.5,43.1,48.1,49.9,41.5
10-29,25.7,37.7,40.3,47.5,48.7,20.2,43.6,42.2,45.1,28.0,43.8,34.8,47.8,46.4,46.3,22.6,41.6,44.2,38.1,,20.2,25.1,37.8,44.7,47.5,48.7,42.2
10-30,28.2,37.2,39.6,44.6,47.9,32.8,37.6,42.1,44.3,27.9,45.9,35.2,48.6,46.9,34.6,18.4,41.5,45.4,37.6,,18.4,28.1,36.0,44.5,47.1,48.6,39.6
10-31,25.2,37.3,38.6,39.5,46.4,39.8,37.2,44.3,44.5,32.7,48.6,43.5,43.9,44.2,31.9,33.7,43.7,43.8,39.1,,25.2,32.5,37.8,43.9,44.9,48.6,39.8
11-01,22.7,41.8,36.3,39.6,47.0,43.4,41.3,34.2,42.4,37.8,39.1,46.6,36.9,42.9,36.9,38.2,45.3,42.5,40.9,,22.7,35.9,38.0,42.5,45.6,47.0,40.9
11-02,31.6,43.7,38.4,38.1,40.7,44.5,48.8,27.4,40.3,40.3,30.4,44.6,37.6,41.8,43.6,38.4,47.0,42.7,33.5,,27.4,31.3,38.2,43.2,45.1,48.8,40.3
11-03,33.0,41.7,40.7,39.5,38.7,45.7,48.2,33.7,39.9,35.4,26.2,35.1,42.2,40.4,37.6,42.4,46.5,41.6,23.6,,23.6,31.7,36.3,41.6,45.8,48.2,39.9
11-04,34.0,39.2,38.0,42.1,32.6,46.4,46.7,34.8,43.7,26.3,33.9,26.8,42.7,40.7,41.2,42.6,45.6,44.1,26.4,,26.3,26.8,34.3,42.6,45.8,46.7,40.7
11-05,37.1,38.8,38.4,43.1,22.5,46.8,46.5,23.2,46.3,24.5,40.0,25.5,42.5,37.9,40.0,40.1,46.2,46.0,38.3,,22.5,24.3,38.1,42.9,46.3,46.8,40.0
11-06,39.6,42.0,44.7,43.4,28.6,45.0,42.1,23.1,46.3,32.3,42.6,27.4,42.0,37.1,37.3,39.6,48.2,45.4,39.2,,23.1,28.4,38.1,43.1,45.5,48.2,42.0
11-07,38.1,41.5,49.2,45.4,36.5,42.3,41.2,22.9,44.9,37.6,46.1,31.2,42.6,35.6,36.5,39.4,34.2,43.9,39.3,,22.9,33.6,37.0,42.5,45.5,49.2,39.4
11-08,34.3,42.1,48.6,44.0,39.6,37.1,32.4,23.8,41.5,41.5,43.4,34.0,43.5,35.2,27.3,39.7,21.3,42.0,36.6,,21.3,26.6,34.7,41.8,43.6,48.6,39.6
11-09,30.3,44.6,39.4,43.8,31.8,37.6,23.3,27.0,32.1,40.3,44.5,35.8,42.4,40.4,30.1,41.3,18.8,38.2,24.4,,18.8,24.2,30.9,40.4,44.0,44.6,37.6
11-10,34.2,44.9,33.0,42.7,29.2,42.0,25.6,31.1,17.8,39.9,41.7,26.9,42.1,40.2,33.3,43.0,20.6,37.6,19.4,,17.8,20.4,30.0,41.1,42.8,44.9,34.2
11-11,32.9,36.6,33.1,39.2,31.2,44.6,24.6,32.9,14.5,40.6,40.6,25.5,41.1,37.7,21.9,39.7,28.6,39.4,22.0,,14.5,22.0,29.7,39.3,40.7,44.6,33.1
11-12,29.6,36.8,27.4,36.9,37.0,40.5,29.8,33.0,25.8,42.0,37.6,29.6,41.3,40.1,24.2,39.3,29.5,41.3,25.7,,24.2,25.8,29.6,38.6,41.3,42.0,36.8
11-13,31.3,39.0,35.1,42.1,43.3,30.5,28.9,33.4,31.2,41.6,37.0,32.5,41.6,42.3,30.4,43.4,32.7,42.1,21.5,,21.5,30.1,31.8,41.6,42.5,43.4,35.1
11-14,31.5,38.2,33.1,38.6,36.7,23.6,31.4,33.1,35.1,38.2,36.3,33.3,46.1,40.3,34.0,43.9,30.7,44.5,23.2,,23.2,29.3,33.1,38.2,44.0,46.1,35.1
11-15,33.1,28.5,34.0,41.1,39.4,21.9,33.3,33.6,37.2,33.9,32.3,31.7,49.2,40.0,36.9,43.0,39.0,46.9,20.5,,20.5,27.2,33.2,39.3,43.8,49.2,34.0
11-16,34.7,35.2,42.1,42.5,43.1,31.1,35.6,30.7,35.9,32.6,17.9,22.9,42.6,41.5,37.6,39.6,42.8,42.9,22.9,,17.9,22.9,33.5,41.9,42.8,43.1,35.9
11-17,35.0,34.7,41.8,44.1,44.6,33.8,33.1,34.8,36.8,34.6,27.7,25.4,21.0,36.2,36.6,43.7,44.1,33.6,28.5,,21.0,27.3,33.7,36.8,44.1,44.6,34.8
11-18,34.0,36.7,39.1,44.4,41.7,34.3,37.8,34.8,35.4,35.7,30.6,33.4,27.8,29.5,29.9,44.5,44.9,36.5,24.2,,24.2,29.2,33.7,37.3,44.4,44.9,35.4
11-19,31.2,37.0,38.3,45.1,39.9,32.2,36.7,32.1,34.6,35.4,35.0,37.2,37.9,35.1,32.5,41.6,39.5,40.0,23.1,,23.1,31.9,34.8,38.1,40.3,45.1,36.7
11-20,25.1,36.7,40.6,37.5,37.5,34.6,32.4,32.2,37.4,32.3,34.7,34.9,39.9,41.4,31.8,32.9,37.6,35.9,27.8,,25.1,31.0,32.6,37.5,40.1,41.4,34.9
11-21,25.3,36.9,42.0,23.8,37.5,31.5,24.7,30.8,38.8,31.9,32.6,31.0,33.3,42.6,34.9,28.3,37.6,32.8,29.4,,23.8,25.2,30.9,36.1,39.4,42.6,32.6
11-22,30.2,37.1,40.2,26.2,37.5,32.6,18.5,33.7,37.9,27.9,34.8,33.0,29.5,44.6,31.3,27.3,36.7,36.4,29.8,,18.5,27.1,29.9,36.6,38.3,44.6,33.0
11-23,26.6,37.5,36.7,22.0,36.7,25.1,20.2,37.0,37.3,29.0,24.0,36.0,29.7,46.3,34.2,28.3,31.9,36.7,29.3,,20.2,23.6,28.6,36.7,37.3,46.3,31.9
11-24,29.8,36.7,31.9,29.5,35.2,28.8,12.2,33.4,40.1,28.6,24.1,35.3,27.9,47.2,32.0,33.1,24.9,25.0,26.8,,12.2,24.7,28.1,33.3,37.4,47.2,29.8
11-25,34.2,37.3,30.1,33.3,38.1,32.3,11.9,33.2,39.4,31.5,32.0,26.6,29.9,47.2,25.4,26.6,30.2,31.4,34.2,,11.9,26.3,30.2,33.8,38.4,47.2,32.0
11-26,28.5,26.8,28.7,32.2,34.4,35.4,24.6,33.4,35.9,33.7,38.8,20.2,33.0,47.2,30.6,17.0,21.0,36.9,32.3,,17.0,20.9,28.6,34.1,37.3,47.2,32.3
11-27,29.3,12.2,27.0,32.5,32.0,35.3,26.8,40.2,36.8,29.6,41.6,17.5,23.1,39.4,37.5,24.9,22.3,39.0,31.0,,12.2,21.4,26.8,36.2,39.6,41.6,31.0
11-28,14.4,19.0,19.9,24.1,31.7,29.9,18.6,42.9,39.0,27.5,42.1,14.1,21.4,33.7,34.7,28.9,31.7,40.4,28.9,,14.1,17.8,22.5,32.9,40.8,42.9,28.9
11-29,11.1,31.5,5.4,36.4,34.3,27.7,12.5,38.2,37.0,27.4,39.1,12.2,18.3,36.7,30.9,21.5,32.4,41.7,21.7,,5.4,12.0,21.5,35.6,38.4,41.7,30.9
11-30,15.8,31.3,22.2,32.5,37.9,29.6,23.4,34.7,37.1,28.2,36.1,20.1,20.0,38.0,27.6,16.0,32.0,42.1,27.7,,15.8,19.2,25.1,33.8,38.0,42.1,29.6
12-01,15.4,36.1,27.2,26.1,43.2,31.6,33.9,23.4,35.5,32.7,33.6,25.8,22.2,39.6,23.1,23.0,29.2,40.7,30.4,,15.4,22.8,26.0,33.8,39.8,43.2,30.4
12-02,15.7,33.5,16.5,20.8,39.4,26.3,36.4,25.1,36.7,38.9,35.3,30.0,17.5,40.2,17.1,36.4,21.9,39.0,28.6,,15.7,17.0,23.2,36.4,39.1,40.2,30.0
12-03,20.2,18.4,23.2,33.9,32.3,15.1,39.3,15.7,35.3,30.0,36.6,33.6,24.7,35.3,11.1,35.3,28.1,36.8,32.8,,11.1,15.6,23.8,34.7,36.6,39.3,32.3
12-04,22.7,13.8,29.7,41.9,28.1,24.3,35.6,16.2,39.1,5.1,36.8,32.9,34.8,19.5,19.8,33.0,34.8,36.9,35.2,,5.1,15.8,23.4,35.0,37.3,41.9,32.9
12-05,19.4,18.0,34.0,40.4,29.9,24.8,35.2,11.7,40.1,-0.2,32.8,29.2,32.8,23.2,26.8,29.8,31.9,38.6,32.3,,-0.2,16.8,25.6,32.8,38.9,40.4,29.9
12-06,23.8,21.9,34.9,35.2,37.3,15.7,33.6,21.6,36.8,9.0,34.2,34.2,27.7,25.5,28.4,30.8,32.6,37.9,27.8,,9.0,20.4,26.4,34.2,36.9,37.9,30.8
12-07,24.9,14.2,34.0,30.9,36.6,23.2,30.5,27.6,31.8,14.0,34.5,37.8,17.0,26.1,30.4,33.9,32.9,33.2,24.7,,14.0,16.4,25.4,33.1,34.9,37.8,30.5
12-08,27.9,21.1,32.5,23.4,27.7,13.2,35.3,26.9,33.1,3.8,34.6,39.6,28.5,32.8,28.9,31.9,34.6,31.3,20.7,,3.8,19.2,27.2,32.7,34.8,39.6,28.9
12-09,34.5,28.7,31.2,19.5,22.8,10.5,36.8,27.4,19.9,7.5,34.5,42.7,35.2,33.8,29.2,25.5,35.6,29.5,25.6,,7.5,17.7,25.6,34.2,35.8,42.7,29.2
12-10,36.0,30.6,25.8,19.0,37.5,18.2,36.7,27.4,27.7,19.6,34.8,37.8,35.2,34.0,32.0,26.8,32.4,14.1,27.6,,14.1,18.9,27.1,34.5,36.8,37.8,30.6
12-11,39.1,29.2,23.2,15.7,35.8,20.8,34.0,25.5,29.1,22.2,36.8,27.2,35.7,35.2,34.2,28.6,27.4,19.8,26.5,,15.7,20.6,25.9,34.1,36.0,39.1,28.6
12-12,38.3,28.9,28.6,16.9,33.6,28.0,37.8,24.7,31.0,27.3,34.4,21.0,34.6,37.0,28.8,35.8,20.1,27.7,17.2,,16.9,19.5,27.5,34.1,37.2,38.3,28.8
12-13,35.1,27.9,32.2,18.3,24.8,26.9,41.7,24.0,30.5,25.4,26.8,29.9,33.6,37.8,26.3,37.5,22.9,30.4,15.3,,15.3,22.0,25.7,31.5,37.6,41.7,27.9
12-14,33.5,20.3,37.6,11.9,8.4,20.8,38.9,19.1,27.3,26.7,20.3,19.0,37.7,30.3,28.8,30.9,21.0,30.2,18.3,,8.4,17.0,20.3,30.3,37.6,38.9,26.7
12-15,29.1,19.7,38.1,19.3,14.9,24.1,31.9,20.2,22.2,35.1,26.3,15.8,37.8,36.9,35.1,19.7,20.7,16.3,17.3,,14.9,16.2,19.7,30.8,37.1,38.1,22.2
12-16,26.5,20.3,28.4,24.2,17.7,32.3,26.4,22.1,22.5,35.7,27.2,15.9,31.8,30.8,33.4,13.9,27.7,19.4,14.3,,13.9,15.6,21.0,28.1,32.5,35.7,26.4
12-17,30.6,24.4,17.8,26.1,16.3,30.4,25.6,28.8,26.9,36.5,26.3,22.1,11.9,23.6,30.9,22.3,27.5,19.6,21.5,,11.9,17.5,22.2,27.3,30.7,36.5,25.6
12-18,33.3,25.0,13.8,26.1,20.9,28.9,32.5,30.8,25.8,38.6,23.8,31.0,11.2,30.7,31.1,24.7,22.8,24.5,21.4,,11.2,19.5,24.1,30.8,32.7,38.6,25.8
12-19,34.0,33.7,18.0,27.5,19.0,29.8,35.0,26.7,9.5,28.6,25.4,31.2,23.8,34.6,34.1,24.3,29.0,28.2,24.0,,9.5,18.8,24.7,30.7,34.2,35.0,28.2
12-20,34.8,36.4,19.7,26.5,20.5,30.4,33.5,22.9,18.6,22.0,29.2,24.5,32.8,29.9,37.5,29.1,33.9,30.8,28.2,,18.6,20.3,25.3,32.0,35.1,37.5,29.2
12-21,25.2,40.4,26.6,11.9,28.0,29.2,32.3,23.3,24.5,24.4,35.0,26.9,33.4,13.1,37.1,34.2,36.3,33.2,28.0,,11.9,21.2,25.8,33.3,36.4,40.4,28.0
12-22,15.9,41.9,24.5,19.7,24.4,25.6,32.2,12.2,26.5,24.2,34.0,29.3,31.6,25.7,29.3,33.6,31.8,34.3,30.5,,12.2,18.9,24.9,31.7,34.1,41.9,29.3
12-23,12.5,38.0,24.7,26.3,12.9,19.6,29.5,21.7,27.7,30.8,24.8,21.6,28.0,33.0,34.5,31.1,18.3,32.4,32.9,,12.5,17.2,22.9,31.0,33.3,38.0,27.7
12-24,24.8,38.4,26.7,32.3,16.6,17.5,26.8,27.3,22.2,30.7,30.0,18.7,26.4,36.1,32.9,28.6,26.5,31.5,33.7,,16.6,18.5,26.4,31.2,34.2,38.4,27.3
12-25,30.4,37.4,33.1,12.2,24.9,17.7,28.9,31.8,19.0,29.7,18.6,14.3,15.3,36.7,27.4,22.1,29.8,28.0,38.0,,12.2,15.1,20.2,30.2,36.9,38.0,28.0
12-26,32.6,30.7,36.6,17.2,10.2,13.5,27.2,32.4,18.7,33.0,13.2,8.5,12.0,34.6,21.3,20.4,30.7,22.7,38.7,,8.5,11.7,17.8,31.8,35.0,38.7,22.7
12-27,28.0,27.9,29.9,5.7,13.6,16.0,22.9,32.3,16.8,34.9,15.3,16.2,27.6,38.0,14.9,20.0,24.6,21.9,35.1,,5.7,14.7,16.4,28.0,34.9,38.0,22.9
12-28,30.6,37.3,21.7,11.6,26.1,19.6,24.9,35.8,15.3,31.0,23.1,15.6,33.0,39.0,10.8,12.1,24.1,20.4,25.0,,10.8,12.0,20.0,28.8,36.1,39.0,24.1
12-29,30.0,27.7,22.2,19.6,33.2,21.5,23.8,40.2,16.8,24.0,16.8,11.8,30.2,42.1,18.1,18.0,19.1,20.2,21.7,,11.8,16.8,19.3,26.3,34.6,42.1,21.7
12-30,25.9,32.8,28.6,26.4,35.1,21.1,4.8,40.9,15.6,30.6,9.6,16.0,32.9,42.0,27.5,23.0,24.6,24.2,30.0,,4.8,14.4,23.5,30.4,36.3,42.0,26.4
12-31,25.7,31.1,30.0,15.6,33.6,19.9,-1.2,32.5,11.7,35.7,10.8,10.9,29.8,35.3,12.2,22.0,23.8,24.5,34.7,,-1.2,10.9,17.3,30.6,34.8,35.7,24.5
01-01,24.1,27.7,22.0,26.1,33.7,31.3,8.9,33.7,15.0,30.8,13.9,14.3,27.6,36.1,6.9,28.9,21.0,8.5,31.1,,6.9,8.8,17.4,30.1,33.7,36.1,26.1
01-02,26.1,31.3,28.0,29.2,33.8,28.3,19.5,35.7,21.1,31.4,20.4,26.8,25.3,34.0,17.2,23.8,26.9,19.3,22.4,,17.2,19.5,22.9,28.8,33.9,35.7,26.8
01-03,28.5,28.6,38.0,31.2,16.7,25.4,20.1,37.7,17.9,34.7,26.8,29.2,25.6,33.6,30.3,30.9,29.2,26.2,21.0,,16.7,19.7,25.8,30.7,35.3,38.0,28.6
01-04,25.7,30.5,33.1,30.9,8.2,28.3,17.9,36.6,23.8,24.3,30.8,29.0,30.0,37.4,32.4,31.5,32.1,31.9,26.2,,8.2,22.6,27.0,31.7,33.8,37.4,30.5
01-05,21.0,35.3,13.5,30.4,16.7,30.4,23.5,37.6,26.8,21.2,35.8,28.0,26.4,36.2,28.6,27.3,28.6,32.8,30.4,,13.5,20.2,26.6,30.4,35.9,37.6,28.6
01-06,14.5,37.4,21.2,25.3,25.5,33.4,26.8,36.6,26.3,30.1,39.4,27.8,13.6,36.4,25.7,25.2,30.3,35.6,25.6,,13.6,19.8,25.5,32.1,36.8,39.4,26.8
01-07,13.4,33.0,24.8,20.8,32.2,28.8,26.8,26.7,27.0,32.8,39.6,21.6,24.6,33.6,27.4,29.2,30.6,35.8,23.4,,13.4,21.4,25.6,31.6,34.0,39.6,27.4
01-08,28.1,27.8,33.8,20.6,36.9,26.5,28.3,23.2,30.9,30.4,38.2,19.2,35.7,33.6,29.8,28.3,28.4,28.0,27.4,,19.2,22.7,27.8,30.7,35.9,38.2,28.3
01-09,33.3,22.5,33.2,22.5,21.9,30.9,22.1,32.1,31.3,28.5,35.4,18.5,32.7,33.5,31.8,21.8,21.8,23.4,29.2,,18.5,21.8,22.5,32.0,33.3,35.4,29.2
01-10,33.7,28.5,32.4,26.1,25.9,28.3,7.6,35.0,24.7,30.1,32.9,18.2,28.9,31.5,30.6,19.5,22.5,27.3,30.1,,7.6,19.2,26.0,30.4,33.1,35.0,28.5
01-11,28.1,32.4,28.8,26.8,30.9,29.0,17.8,25.4,5.9,34.2,34.1,19.9,29.4,30.2,26.3,24.5,22.4,30.5,22.8,,5.9,19.5,24.8,29.9,32.8,34.2,28.1
01-12,18.9,28.7,12.7,23.4,30.0,30.6,26.9,25.3,-0.1,27.2,31.4,24.5,28.4,32.5,21.7,20.5,29.9,35.3,28.5,,-0.1,17.6,23.8,29.4,31.6,35.3,27.2
01-13,19.6,31.8,0.3,23.1,35.4,28.2,32.5,27.6,-2.3,27.3,25.0,27.9,29.1,33.1,21.8,26.2,37.4,37.9,32.1,,-2.3,15.8,25.5,32.0,35.8,37.9,27.9
01-14,24.8,33.0,3.1,27.0,34.2,26.8,32.8,32.0,-1.9,32.9,27.8,25.9,28.9,35.4,26.8,26.8,32.7,30.2,29.1,,-1.9,20.5,26.8,32.4,33.2,35.4,28.9
01-15,28.9,21.9,8.2,26.4,31.4,29.1,33.5,31.4,13.6,34.4,29.8,23.8,26.5,35.6,29.3,26.7,38.3,31.7,26.4,,8.2,20.2,26.4,31.4,34.6,38.3,29.1
01-16,33.7,14.7,13.7,5.5,30.1,32.4,37.3,22.1,26.2,34.2,35.0,25.7,22.4,33.4,29.6,30.1,35.6,31.6,25.6,,5.5,14.5,25.6,33.0,35.2,37.3,30.1
01-17,31.6,29.4,13.7,12.5,31.0,27.5,39.4,22.1,27.0,35.6,34.7,30.3,23.8,33.8,32.0,21.7,36.5,30.3,19.6,,12.5,18.4,25.1,31.8,35.8,39.4,30.3
01-18,34.2,28.6,19.9,17.6,31.8,27.4,35.3,33.9,26.1,34.8,38.4,31.4,26.8,36.8,25.9,27.3,28.4,30.1,16.5,,16.5,19.4,27.0,33.1,35.6,38.4,28.6
01-19,39.0,19.0,24.0,23.7,33.9,26.0,28.9,38.8,29.1,33.7,36.4,28.1,26.1,37.8,30.0,30.8,24.5,28.4,17.5,,17.5,22.7,26.0,32.6,38.0,39.0,28.9
01-20,37.1,17.8,22.0,25.1,34.8,24.3,27.0,35.7,29.4,33.4,31.2,27.4,23.7,24.0,32.5,33.3,29.8,28.7,16.6,,16.6,21.2,24.6,32.0,34.9,37.1,28.7
01-21,34.7,19.4,12.0,21.1,37.4,25.7,32.4,28.0,31.1,32.0,24.9,27.8,22.1,15.1,24.7,29.0,31.5,25.6,19.5,,12.0,18.5,23.1,30.2,32.9,37.4,25.7
01-22,34.2,18.7,20.0,20.3,38.5,22.8,29.8,23.4,34.3,31.4,25.7,32.0,22.8,20.8,15.9,28.9,30.5,24.9,16.2,,15.9,18.2,21.6,30.2,34.2,38.5,24.9
01-23,33.9,22.1,30.3,19.0,37.3,18.6,26.2,23.7,35.8,26.6,29.0,32.4,23.3,24.6,24.8,31.4,21.0,28.1,14.2,,14.2,18.9,23.4,29.8,34.3,37.3,26.2
01-24,32.5,28.7,32.2,21.8,34.3,15.8,28.4,24.7,35.1,28.6,32.7,24.4,14.5,29.7,26.3,31.2,19.0,33.0,18.8,,14.5,18.2,24.5,31.8,33.3,35.1,28.6
01-25,33.3,26.9,30.1,20.5,28.5,26.5,28.6,34.0,34.9,31.7,38.6,19.6,8.6,28.9,25.9,31.3,19.9,22.6,19.2,,8.6,19.5,23.9,30.8,34.2,38.6,28.5
01-26,31.9,25.1,29.4,24.0,19.1,27.7,27.0,34.6,33.6,33.4,38.8,25.1,9.1,20.0,29.2,33.7,15.7,22.5,20.4,,9.1,18.4,23.1,30.9,33.9,38.8,27.0
01-27,30.4,21.6,27.1,28.6,14.1,27.1,31.9,24.8,30.0,32.0,33.9,34.2,15.4,26.9,34.6,28.6,18.4,23.0,27.7,,14.1,17.8,25.6,30.3,34.0,34.6,27.7
01-28,29.3,23.8,23.7,18.7,22.9,25.4,32.8,26.9,15.3,31.8,33.0,38.1,25.7,34.8,30.4,27.4,29.6,24.4,23.3,,15.3,22.1,24.0,30.0,33.4,38.1,26.9
01-29,27.4,30.4,26.7,13.0,26.7,25.6,33.6,31.0,14.8,36.9,34.4,38.8,32.4,37.0,29.8,23.5,25.2,28.6,23.0,,13.0,21.3,26.1,31.9,36.9,38.8,28.6
01-30,26.2,34.8,26.4,12.1,31.3,25.5,27.3,32.7,25.9,33.8,31.9,33.3,33.7,40.6,25.9,26.4,20.8,29.4,18.8,,12.1,20.4,26.1,32.4,34.0,40.6,27.3
01-31,22.0,30.4,19.3,15.4,31.0,23.5,20.5,29.5,28.2,24.9,30.7,28.6,36.4,40.3,29.2,32.3,25.1,32.7,13.6,,13.6,18.6,24.0,30.6,33.5,40.3,28.6
02-01,22.6,35.7,15.5,21.8,26.3,22.3,5.5,29.0,30.1,14.5,33.6,14.0,33.4,38.3,32.1,38.3,32.9,20.0,21.6,,5.5,14.4,21.7,32.6,36.2,38.3,26.3
02-02,25.3,35.9,18.8,22.6,30.1,26.8,0.9,23.2,32.2,15.0,37.1,8.9,33.6,38.3,33.1,37.7,37.2,9.4,27.7,,0.9,9.3,22.8,33.4,37.3,38.3,27.7
02-03,25.4,30.4,30.3,21.7,34.3,26.5,18.9,22.1,33.5,19.2,38.4,11.6,33.2,37.6,29.4,13.3,34.5,14.2,30.2,,11.6,14.0,21.8,32.1,35.1,38.4,29.4
02-04,24.2,34.4,36.8,13.8,33.4,26.7,28.8,20.3,34.3,16.8,40.4,20.7,33.9,39.3,27.7,7.7,21.7,21.9,31.7,,7.7,16.2,21.8,33.7,37.3,40.4,27.7
02-05,25.6,25.0,39.4,13.7,34.6,29.1,31.3,20.8,34.3,19.0,40.0,23.7,34.6,39.0,23.2,16.8,28.2,27.4,28.2,,13.7,18.5,24.2,33.1,39.1,40.0,28.2
02-06,24.9,31.6,38.3,22.0,29.9,29.8,26.6,19.1,31.6,23.5,41.2,28.5,31.6,30.8,12.7,32.5,31.9,27.5,20.5,,12.7,20.2,25.6,31.6,33.6,41.2,29.8
02-07,25.4,34.7,37.2,29.8,29.9,26.9,30.6,22.5,27.6,26.0,40.8,31.8,34.8,36.4,10.0,34.0,36.1,31.7,24.2,,10.0,23.8,27.2,34.4,36.6,40.8,30.6
02-08,17.6,34.2,37.1,28.6,26.2,21.6,17.6,33.0,23.6,33.5,41.0,37.0,39.1,38.9,16.1,34.3,36.5,33.8,29.4,,16.1,17.6,27.1,35.6,38.9,41.0,33.5
02-09,22.3,36.4,37.6,30.8,20.0,22.2,17.1,32.2,18.2,37.5,40.4,38.8,42.1,41.7,19.7,22.8,33.3,33.7,21.8,,17.1,19.4,22.2,37.0,40.6,42.1,32.2
02-10,28.1,29.3,37.3,31.0,17.0,22.8,22.8,35.3,15.1,33.7,34.0,38.2,40.1,29.4,21.9,23.1,32.3,36.6,28.2,,15.1,20.9,25.1,33.9,37.5,40.1,29.4
02-11,31.1,28.5,33.3,31.6,18.6,23.0,26.8,34.7,11.9,30.2,32.8,38.8,32.9,26.4,16.0,21.8,34.6,37.6,28.0,,11.9,18.1,26.5,32.9,35.3,38.8,30.2
02-12,32.6,32.8,31.6,33.2,19.5,28.0,32.2,28.2,19.6,36.7,38.5,40.7,31.1,26.8,22.8,25.3,32.0,34.7,28.0,,19.5,22.2,28.0,32.7,37.0,40.7,31.6
02-13,31.7,32.5,27.5,31.3,16.0,29.7,36.1,25.4,27.2,42.7,44.3,38.9,32.2,28.6,29.0,28.4,28.2,35.5,30.8,,16.0,26.8,28.5,32.3,39.7,44.3,30.8
02-14,34.1,34.7,22.6,12.8,17.2,30.8,33.1,21.5,27.1,43.3,43.4,35.8,32.4,31.0,31.2,30.3,19.6,36.7,18.4,,12.8,18.2,24.4,33.7,38.0,43.4,31.0
02-15,33.2,25.2,28.3,19.9,20.5,31.9,33.2,21.7,29.0,42.7,37.8,36.0,33.2,25.9,27.8,32.6,25.0,33.1,10.5,,10.5,20.4,25.5,33.1,36.4,42.7,29.0
02-16,31.6,16.2,34.1,27.1,27.7,29.5,31.7,22.5,34.3,39.4,31.1,39.0,34.0,25.5,18.6,37.4,23.7,22.9,15.6,,15.6,18.1,24.4,33.1,37.7,39.4,29.5
02-17,29.7,23.6,34.7,26.7,21.9,28.9,25.2,24.2,32.1,37.3,31.2,42.0,31.8,32.9,15.5,31.6,17.3,24.2,22.9,,15.5,21.0,24.2,31.7,35.2,42.0,28.9
02-18,32.0,20.6,34.5,31.6,20.7,29.8,29.5,27.8,26.1,38.9,39.1,33.1,31.9,33.4,13.4,27.6,19.4,30.6,26.3,,13.4,20.3,26.8,32.0,35.4,39.1,29.8
02-19,29.9,19.6,26.9,31.6,23.2,31.2,25.4,19.8,28.3,33.5,41.1,36.0,32.4,18.3,9.0,26.8,34.1,33.0,32.4,,9.0,19.3,26.0,32.4,34.5,41.1,29.9
02-20,28.6,16.9,26.8,27.0,30.6,26.5,19.7,21.6,24.1,25.5,38.5,37.2,33.4,7.6,12.4,27.4,25.9,34.3,32.8,,7.6,16.0,24.7,29.8,34.9,38.5,26.8
02-21,28.9,17.0,32.9,27.1,32.5,23.5,17.4,30.0,18.3,32.6,32.3,35.3,36.4,12.9,15.7,33.6,24.7,27.3,31.2,,12.9,16.7,24.0,32.4,34.0,36.4,28.9
02-22,30.5,26.4,35.4,27.8,36.2,15.6,19.6,36.6,18.3,34.8,25.0,29.5,31.2,15.0,11.9,31.9,32.3,21.2,16.2,,11.9,15.5,20.2,31.6,35.6,36.6,27.8
02-23,29.3,29.2,21.7,28.1,35.8,25.5,22.5,28.2,20.8,36.4,22.6,23.9,17.9,15.8,15.6,30.0,34.0,15.3,15.0,,15.0,15.5,21.2,28.8,34.4,36.4,23.9
02-24,28.6,31.6,19.7,29.8,36.9,25.4,25.9,29.8,13.9,37.0,25.2,32.0,15.0,14.2,20.9,28.3,27.6,13.6,20.6,,13.6,14.2,20.7,29.3,33.0,37.0,25.9
02-25,26.4,32.9,26.4,28.4,35.8,24.5,25.8,33.0,24.9,37.1,31.4,38.8,18.3,20.1,26.7,20.7,21.6,14.6,30.4,,14.6,19.8,24.7,31.0,36.1,38.8,26.4
02-26,23.7,37.9,31.4,29.8,34.0,25.7,24.9,25.3,16.4,38.6,28.1,40.2,22.2,25.5,31.6,29.4,29.6,18.2,20.9,,16.4,20.4,25.1,30.8,38.0,40.2,28.1
02-27,27.5,39.1,25.8,37.8,28.2,27.2,21.5,29.0,19.6,31.8,25.6,42.6,25.6,24.6,34.0,32.6,17.8,27.0,22.4,,17.8,21.1,25.6,30.7,38.1,42.6,27.2
02-28,28.4,35.5,17.0,37.6,33.2,27.9,24.4,23.6,28.6,31.7,26.0,39.1,21.8,25.1,35.4,32.3,18.1,35.2,22.0,,17.0,21.0,24.7,32.9,35.9,39.1,28.4
02-29,,,,37.4,,,,24.4,,,,40.0,,,,35.0,,,,,17.0,21.0,24.7,32.9,35.9,39.1,28.4
03-01,30.2,32.0,15.2,36.9,39.6,30.4,29.7,24.1,35.2,30.0,26.9,42.4,22.8,26.8,36.4,30.0,27.9,37.9,22.6,,15.2,22.8,27.3,33.9,38.2,42.4,30.0
03-02,30.6,32.9,17.7,18.0,42.5,31.2,33.3,15.2,39.0,31.7,27.2,42.2,29.9,32.1,33.7,26.4,31.8,39.1,22.0,,15.2,18.0,28.3,33.1,39.7,42.5,31.7
03-03,28.7,32.9,22.1,26.9,40.7,32.2,33.2,28.5,38.5,34.6,23.2,41.5,33.9,32.2,34.2,31.6,33.0,40.4,23.5,,22.1,23.4,29.9,34.1,40.4,41.5,32.9
03-04,29.0,30.1,33.1,30.8,35.2,25.2,27.7,36.6,30.7,34.3,20.8,42.2,36.3,20.1,31.0,36.1,31.7,33.0,23.8,,20.1,23.2,29.5,33.8,36.4,42.2,31.0
03-05,33.1,34.6,38.0,19.4,30.4,27.7,32.1,38.8,33.6,35.6,27.3,40.2,31.9,20.3,33.9,37.7,37.1,21.9,26.3,,19.4,21.6,28.8,35.2,38.2,40.2,33.1
03-06,34.0,35.3,37.5,24.4,26.2,31.3,33.3,35.3,35.4,39.3,33.1,32.5,18.5,26.8,33.4,39.0,39.9,17.8,25.1,,17.8,23.2,28.6,35.3,39.1,39.9,33.3
03-07,37.8,30.7,37.3,33.3,21.8,29.4,27.6,18.0,34.3,30.4,35.1,27.5,31.4,32.6,33.2,38.7,40.0,16.3,27.2,,16.3,21.1,28.3,33.9,38.0,40.0,31.4
03-08,40.2,23.2,39.4,31.8,27.0,30.0,24.8,28.3,28.6,31.4,36.1,31.6,39.4,36.7,27.4,32.8,40.4,23.4,25.2,,23.2,24.5,27.7,34.8,39.6,40.4,31.4
03-09,42.9,26.4,39.8,28.7,27.2,26.4,32.8,33.9,24.9,38.4,34.6,35.4,42.0,38.0,25.6,33.5,31.3,26.8,29.9,,24.9,26.3,27.8,35.0,40.2,42.9,32.8
03-10,40.3,16.2,38.5,33.0,23.0,20.7,37.3,35.1,29.2,39.7,38.1,40.7,43.2,37.2,27.5,34.6,23.8,17.2,32.6,,16.2,20.0,28.1,37.7,40.4,43.2,34.6
03-11,39.7,16.8,41.2,38.1,30.7,22.2,39.6,36.6,33.1,26.7,39.4,41.4,42.5,34.7,30.6,37.1,21.9,23.4,33.1,,16.8,22.1,30.6,38.9,41.3,42.5,34.7
03-12,42.1,16.6,46.0,38.2,31.2,31.8,38.4,36.4,37.9,29.2,37.2,33.1,41.7,36.8,33.9,38.2,21.0,31.5,33.5,,16.6,27.6,32.3,38.1,41.8,46.0,36.4
03-13,31.6,17.2,48.9,40.5,30.4,24.4,37.7,38.2,41.6,32.6,38.4,34.3,45.1,40.0,20.7,31.0,21.8,34.1,32.8,,17.2,21.6,31.2,38.3,42.3,48.9,34.1
03-14,22.6,25.8,48.2,31.0,32.4,25.1,39.6,38.8,46.1,37.2,40.2,36.2,47.1,37.4,20.3,32.8,29.4,33.1,32.2,,20.3,24.6,31.4,38.2,46.3,48.2,33.1
03-15,24.0,27.8,43.8,25.1,34.5,32.7,41.4,40.8,47.7,34.3,42.4,33.6,45.7,26.1,25.0,34.5,31.2,38.9,32.4,,24.0,25.1,31.6,40.1,44.2,47.7,34.3
03-16,29.5,30.1,46.6,20.3,38.8,35.6,41.2,40.9,43.6,41.1,44.4,35.5,46.7,27.9,29.4,35.8,28.7,33.0,23.7,,20.3,27.1,29.7,41.0,44.8,46.7,35.6
03-17,32.5,31.8,48.8,24.3,41.9,38.2,30.9,35.3,39.3,37.5,44.2,40.1,48.5,27.0,32.8,33.3,33.0,31.7,24.8,,24.3,26.5,32.1,38.9,45.0,48.8,33.3
03-18,33.3,25.3,48.9,30.1,43.3,37.4,33.7,21.3,37.6,24.3,41.6,38.7,47.6,21.9,34.9,28.7,37.1,34.1,23.8,,21.3,23.4,29.3,37.5,44.2,48.9,34.1
03-19,30.2,23.6,45.7,35.9,43.0,27.4,31.3,20.0,36.8,30.5,38.4,40.4,47.4,26.7,36.9,27.3,40.5,36.8,27.1,,20.0,26.1,28.5,37.8,43.5,47.4,35.9
03-20,28.8,23.6,40.8,37.3,44.0,30.0,31.6,25.2,39.4,36.5,40.8,44.0,47.1,31.9,36.0,25.9,35.7,30.7,29.3,,23.6,25.7,30.3,38.6,44.0,47.1,35.7
03-21,28.4,24.8,35.4,36.9,42.0,37.6,26.5,36.1,36.1,38.6,42.5,44.8,45.4,39.3,29.8,28.8,25.7,26.8,29.2,,24.8,26.3,29.0,38.2,43.0,45.4,36.1
03-22,29.8,29.0,37.2,31.7,31.2,38.5,24.5,41.4,30.6,35.9,42.7,30.4,39.6,38.3,30.1,31.3,28.1,31.7,24.9,,24.5,27.5,30.2,36.7,39.9,42.7,31.3
03-23,28.7,33.1,36.9,34.3,25.4,27.4,27.6,41.6,19.6,36.4,41.0,26.2,29.2,36.4,33.7,29.8,26.6,37.6,24.9,,19.6,25.3,27.5,35.6,38.2,41.6,29.8
03-24,29.0,36.3,38.5,39.1,27.9,31.1,27.6,43.0,27.5,39.3,40.0,35.9,37.6,35.6,35.2,33.6,27.9,44.2,22.9,,22.9,27.5,29.9,38.2,40.6,44.2,35.6
03-25,26.2,38.6,42.0,41.2,32.1,33.8,25.9,42.1,35.7,42.2,35.5,36.6,32.2,30.8,37.0,33.9,27.7,47.6,16.5,,16.5,26.1,32.1,38.0,42.1,47.6,35.5
03-26,26.1,32.9,44.1,41.6,23.6,28.2,27.5,30.6,38.8,33.4,41.2,28.0,34.5,24.3,40.5,27.4,26.5,48.7,14.5,,14.5,24.2,27.4,37.1,42.1,48.7,30.6
03-27,35.1,37.2,29.5,38.4,25.6,26.2,34.3,36.5,40.3,31.0,46.7,35.6,33.0,27.8,40.4,21.8,33.0,46.5,16.4,,16.4,24.8,30.1,36.9,41.6,46.7,34.3
03-28,32.0,34.9,24.1,37.9,37.2,33.5,35.9,39.5,41.3,34.1,48.5,34.5,29.2,36.7,37.9,27.9,40.6,38.1,28.2,,24.1,28.1,33.7,37.9,40.7,48.5,35.9
03-29,28.8,29.4,23.7,40.6,31.5,40.7,34.4,40.1,42.6,39.7,47.9,22.8,39.0,37.9,30.1,28.9,40.2,34.1,32.7,,22.8,27.8,30.6,40.0,41.1,47.9,34.4
03-30,22.6,29.4,29.0,33.2,21.8,42.5,37.4,45.5,42.5,31.8,47.9,23.5,38.1,41.0,30.6,34.2,26.3,36.8,23.2,,21.8,23.1,29.2,37.8,43.1,47.9,33.2
03-31,24.6,32.8,40.7,28.8,32.2,33.5,43.4,46.3,42.4,32.6,47.0,29.1,29.3,46.0,31.3,40.9,33.9,37.0,26.1,,24.6,28.3,31.7,40.8,46.1,47.0,33.5
04-01,34.6,32.1,45.5,34.1,29.9,23.8,48.4,30.3,36.0,30.0,41.5,33.9,35.2,46.4,36.6,42.0,41.2,39.4,32.0,,23.8,30.0,32.8,40.5,45.7,48.4,35.2
04-02,40.2,35.5,46.0,37.2,36.9,26.9,48.5,25.6,34.3,25.3,32.1,38.9,38.3,43.6,37.5,31.1,47.4,44.0,37.6,,25.3,26.6,34.8,39.7,46.3,48.5,37.5
04-03,39.9,42.6,46.9,34.0,27.9,33.8,30.7,37.3,40.9,28.1,32.4,43.8,29.9,35.9,36.9,33.1,49.0,39.8,27.0,,27.0,28.1,32.7,39.8,44.4,49.0,35.9
04-04,32.0,42.0,48.8,36.1,23.2,34.7,33.4,42.9,43.8,31.4,39.8,43.6,27.7,41.1,37.7,37.1,50.5,43.8,15.6,,15.6,26.8,33.9,42.5,44.8,50.5,37.7
04-05,32.9,30.2,48.0,38.3,30.8,28.4,43.3,40.1,44.1,31.9,41.9,42.4,37.8,45.3,38.1,38.2,48.6,43.0,16.5,,16.5,29.8,34.9,42.8,45.8,48.6,38.3
04-06,41.9,31.9,47.7,39.8,36.0,23.4,34.7,29.3,43.1,35.0,38.8,43.2,42.9,47.2,39.1,37.3,35.7,34.4,25.6,,23.4,28.5,34.8,41.0,44.0,47.7,37.3
04-07,44.8,38.4,46.2,34.8,43.4,28.2,32.4,36.8,44.3,41.5,36.8,46.4,44.3,48.8,43.9,37.6,42.8,40.9,35.1,,28.2,34.3,37.1,44.1,46.3,48.8,41.5
04-08,34.0,41.7,42.5,33.9,34.3,35.6,23.9,43.4,32.9,46.4,29.2,40.6,38.0,41.4,48.3,37.9,45.2,47.5,38.4,,23.9,32.2,34.8,42.2,46.6,48.3,38.4
04-09,27.9,43.5,42.9,29.2,36.6,39.0,21.6,46.5,22.7,47.5,34.4,37.2,29.9,40.4,42.9,31.3,41.1,47.1,41.9,,21.6,26.8,32.5,42.5,46.6,47.5,39.0
04-10,28.6,38.3,33.9,26.7,36.1,40.6,25.7,47.9,30.5,50.4,39.1,37.1,35.5,47.0,26.7,35.4,44.2,35.1,45.1,,25.7,26.7,34.4,40.0,47.2,50.4,36.1
04-11,35.4,37.4,33.6,30.3,32.4,43.2,33.8,37.1,38.5,48.9,41.6,38.0,40.4,52.0,29.0,39.9,44.4,39.3,48.4,,29.0,32.0,36.1,41.1,48.5,52.0,38.5
04-12,39.7,43.8,30.8,39.2,37.1,32.5,37.8,30.7,39.5,47.5,42.1,41.0,44.7,35.6,29.4,36.5,42.8,21.6,45.5,,21.6,30.5,35.9,41.7,44.8,47.5,39.2
04-13,43.4,45.3,33.3,44.4,42.4,30.4,35.4,29.1,45.1,36.2,46.3,42.1,46.0,26.8,35.2,29.8,45.1,26.8,38.7,,26.8,28.7,34.1,44.0,45.4,46.3,38.7
04-14,40.5,40.6,39.8,47.9,37.2,35.3,30.5,25.9,42.3,36.1,40.8,41.7,41.6,37.8,41.9,29.5,38.5,37.1,33.5,,25.9,30.3,36.5,40.7,42.0,47.9,38.5
04-15,40.8,37.2,35.9,42.6,23.4,42.3,39.6,32.9,41.2,43.2,22.9,29.4,40.6,42.4,42.4,38.1,31.2,41.7,36.5,,22.9,28.2,36.1,41.5,42.5,43.2,39.6
04-16,44.7,41.2,34.2,25.2,25.3,44.9,45.2,37.6,27.5,40.0,26.2,31.9,45.4,44.4,34.7,38.9,31.2,41.2,41.2,,25.2,26.1,32.9,41.2,45.0,45.4,38.9
04-17,45.5,32.4,42.8,32.8,30.2,44.9,48.0,42.0,22.6,46.3,33.2,35.4,46.9,27.7,36.7,38.9,31.7,45.1,43.5,,22.6,29.7,33.0,44.3,46.4,48.0,38.9
04-18,44.2,29.1,32.6,43.0,39.0,45.9,44.1,45.9,26.1,46.3,42.2,36.8,46.3,34.4,45.3,35.8,36.8,47.7,40.0,,26.1,31.9,36.8,44.9,46.3,47.7,42.2
04-19,31.7,35.8,31.5,44.0,44.1,46.1,41.4,46.3,36.7,43.0,44.0,41.6,42.0,35.2,47.8,38.6,43.2,47.3,27.0,,27.0,31.7,37.5,44.0,46.5,47.8,42.0
04-20,29.7,41.9,30.7,38.4,48.4,44.6,43.7,48.6,37.6,47.6,46.5,48.2,42.5,32.7,47.3,40.0,42.9,46.0,30.9,,29.7,30.9,39.0,46.3,48.2,48.6,42.9
04-21,37.6,45.5,34.0,36.2,49.8,31.0,40.9,51.9,44.3,50.2,46.0,49.0,37.9,43.0,39.6,37.8,42.7,47.5,40.5,,31.0,35.8,38.6,45.8,49.8,51.9,42.7
04-22,39.6,46.4,31.3,41.9,51.0,26.8,39.1,54.3,45.7,47.4,43.7,49.1,44.3,47.1,38.4,43.9,39.1,33.5,38.2,,26.8,33.0,39.1,46.1,49.5,54.3,43.7
04-23,40.5,36.2,32.8,42.5,50.0,31.4,37.3,55.7,33.1,35.2,40.5,38.4,46.9,49.9,43.9,46.4,43.1,31.4,39.7,,31.4,32.5,36.6,43.6,49.9,55.7,40.5
04-24,33.6,36.0,37.9,35.8,46.4,41.3,35.5,52.0,38.8,43.0,38.1,40.1,43.8,47.5,47.8,43.5,45.1,33.8,43.2,,33.6,35.2,38.0,43.7,47.6,52.0,41.3
04-25,35.7,40.6,44.0,38.0,33.9,43.3,39.0,46.8,42.1,44.1,33.7,31.5,34.5,49.8,48.2,47.1,46.3,39.3,36.2,,31.5,33.9,36.9,44.0,47.3,49.8,40.6
04-26,39.4,44.2,44.2,38.3,33.2,44.3,31.2,42.2,44.0,32.0,32.0,33.6,40.1,51.0,52.0,50.8,34.4,46.6,41.9,,31.2,32.0,35.9,44.2,50.8,52.0,41.9
04-27,38.1,47.4,49.1,41.4,39.6,45.7,34.6,40.7,47.3,33.2,39.3,34.7,37.7,53.1,51.2,52.5,31.9,47.4,46.6,,31.9,34.3,38.6,47.3,51.4,53.1,41.4
04-28,32.9,46.1,52.6,47.3,42.8,41.2,42.4,40.2,52.3,33.2,46.2,33.7,27.8,51.4,49.7,52.1,39.9,45.8,47.6,,27.8,33.1,40.6,47.5,52.1,52.6,45.8
04-29,34.8,47.2,54.8,50.2,44.6,24.8,33.9,42.4,54.8,32.7,50.2,35.4,32.9,45.5,39.5,56.0,49.7,40.3,51.6,,24.8,32.9,37.0,50.0,54.8,56.0,44.6
04-30,38.0,48.2,54.3,39.9,47.6,27.6,25.8,48.3,53.5,35.9,50.0,34.2,41.2,38.6,36.6,55.1,56.1,45.9,53.2,,25.8,32.9,38.2,49.3,54.4,56.1,45.9
05-01,38.5,47.7,47.7,27.0,50.2,33.5,30.0,50.4,34.8,44.0,51.1,36.3,45.3,33.8,33.7,53.2,54.2,42.5,50.6,,27.0,32.8,35.4,49.2,51.6,54.2,44.0
05-02,39.7,50.2,49.4,34.0,44.5,29.6,37.2,48.7,37.6,50.6,51.7,37.5,47.1,32.7,39.4,50.4,44.4,45.0,45.4,,29.6,33.7,38.3,48.1,50.5,51.7,44.5
05-03,42.1,48.7,39.4,40.2,48.1,41.9,44.2,48.6,45.3,54.0,47.3,44.2,48.7,39.9,44.4,49.8,41.0,38.5,43.0,,38.5,39.8,42.0,47.8,49.0,54.0,44.2
05-04,46.1,45.3,33.6,43.5,47.0,47.0,44.1,48.9,47.7,52.5,43.6,50.7,52.7,46.3,47.1,45.7,46.9,38.8,36.8,,33.6,38.4,44.6,47.0,51.1,52.7,46.3
05-05,45.0,39.5,30.0,44.5,51.6,48.7,47.7,43.3,44.6,50.6,41.8,50.7,55.0,50.3,48.2,49.0,50.4,49.0,34.5,,30.0,38.5,44.5,49.8,50.9,55.0,48.2
05-06,34.1,43.6,35.3,46.7,54.8,38.0,52.3,41.5,38.9,41.1,43.4,40.1,53.2,53.9,46.5,53.3,55.0,56.1,38.1,,34.1,37.5,40.5,52.8,54.8,56.1,43.6
05-07,37.4,49.5,41.8,44.8,55.2,38.7,52.4,40.0,36.0,31.5,40.6,34.8,42.7,55.3,42.1,47.8,52.8,54.0,42.1,,31.5,35.7,40.2,48.8,54.3,55.3,42.1
05-08,43.1,50.6,46.7,43.0,48.5,45.3,45.0,46.7,37.8,37.5,32.9,37.2,43.5,58.0,38.8,50.3,45.2,46.7,44.4,,32.9,37.4,43.0,46.7,50.4,58.0,45.0
05-09,43.1,44.9,52.3,45.7,51.9,44.5,32.1,50.0,39.4,45.4,33.0,45.9,42.5,59.2,37.5,53.2,44.0,37.8,45.4,,32.1,36.6,42.7,45.8,52.5,59.2,44.9
05-10,34.2,44.5,54.7,44.0,51.9,39.6,33.0,53.0,45.2,44.4,39.7,43.5,42.7,56.3,38.1,53.8,43.8,40.8,41.8,,33.0,37.3,41.2,44.9,54.0,56.3,43.8
05-11,34.2,49.0,56.2,49.4,54.9,30.4,36.9,50.1,48.4,30.0,45.2,43.4,49.2,50.1,42.7,51.8,44.1,38.4,43.5,,30.0,33.4,43.0,49.3,52.4,56.2,45.2
05-12,39.9,55.4,56.7,39.4,54.5,33.0,45.5,50.3,53.2,35.2,47.4,48.5,52.0,40.6,47.7,49.5,49.4,38.8,46.4,,33.0,38.1,42.5,50.0,54.7,56.7,47.7
05-13,45.1,56.1,54.8,36.6,48.9,35.9,49.2,49.8,56.6,37.3,45.1,54.2,46.6,43.4,51.5,46.7,55.6,48.1,44.8,,35.9,37.2,45.1,50.8,55.7,56.6,48.1
05-14,47.6,56.1,52.4,44.2,53.1,39.5,49.0,52.4,57.1,43.5,39.6,53.8,45.6,45.2,51.5,47.6,55.8,55.3,46.2,,39.5,42.8,45.8,52.8,55.9,57.1,49.0
05-15,50.4,54.5,52.8,45.6,52.3,43.1,46.4,56.0,52.2,50.8,32.8,48.7,39.7,47.6,50.6,49.4,52.9,58.7,51.5,,32.8,42.5,48.1,52.3,54.8,58.7,50.6
05-16,47.4,53.5,55.1,50.2,53.7,48.7,37.7,54.1,53.1,55.5,37.0,40.9,39.0,50.7,43.0,52.1,48.4,58.2,50.6,,37.0,38.7,47.8,53.4,55.2,58.2,50.6
05-17,41.1,57.4,54.4,55.2,56.8,48.0,35.1,58.2,45.2,56.6,43.3,41.4,32.2,49.4,32.7,53.8,44.8,57.0,48.5,,32.2,34.6,43.9,54.9,57.1,58.2,48.5
05-18,49.1,57.3,54.7,58.1,60.5,40.7,33.0,47.5,44.3,55.4,37.9,44.0,28.7,48.2,38.7,53.2,51.8,56.9,51.7,,28.7,36.9,44.1,54.1,57.5,60.5,49.1
05-19,53.8,58.1,55.4,62.1,57.3,44.5,33.3,47.5,40.4,51.4,40.3,50.1,37.7,48.4,34.6,43.0,55.5,58.5,50.2,,33.3,37.1,43.6,54.8,58.2,62.1,50.1
05-20,56.9,55.6,55.4,61.2,55.2,50.8,38.4,53.2,41.6,47.0,43.4,50.5,44.1,49.7,32.5,37.9,51.9,38.0,47.9,,32.5,38.0,43.7,52.6,55.9,61.2,49.7
05-21,57.1,55.3,50.2,38.9,53.0,52.2,45.6,58.6,48.9,43.1,42.7,44.0,47.4,49.0,33.4,45.2,39.0,41.8,50.8,,33.4,38.9,43.5,50.5,55.7,58.6,47.4
05-22,58.1,45.0,41.6,32.5,49.6,42.3,48.0,59.5,52.7,46.6,38.9,40.5,50.2,44.5,32.5,48.5,34.9,48.2,49.6,,32.5,34.4,41.9,49.1,53.8,59.5,46.6
05-23,58.5,47.2,37.9,33.5,46.4,35.1,44.0,53.2,51.0,42.7,36.8,44.5,55.3,49.2,32.4,41.8,38.6,43.6,52.0,,32.4,34.8,39.9,48.4,53.6,58.5,44.0
05-24,57.2,53.3,44.7,35.1,50.2,33.4,40.2,49.3,49.3,42.5,41.6,42.0,59.2,53.0,38.3,43.1,44.7,48.1,51.9,,33.4,37.6,42.2,49.9,54.1,59.2,44.7
05-25,55.6,57.1,50.6,39.5,48.3,41.9,49.3,50.6,50.4,49.6,45.6,44.3,54.2,53.5,42.5,48.4,51.6,54.1,50.8,,39.5,42.4,48.3,51.3,54.5,57.1,50.4
05-26,55.6,56.1,53.8,37.4,47.9,47.2,50.7,37.2,51.5,57.1,46.1,41.6,51.6,48.4,41.4,56.0,52.9,59.2,48.5,,37.2,40.6,47.5,53.4,56.3,59.2,50.7
05-27,53.0,47.1,55.8,44.1,50.5,49.8,51.9,40.2,51.7,60.9,50.2,44.9,48.3,45.3,34.2,61.0,54.8,58.1,49.6,,34.2,43.3,47.6,52.5,58.7,61.0,50.2
05-28,53.4,37.3,55.4,45.7,50.4,47.0,49.6,45.9,46.3,59.1,50.9,50.1,51.0,46.6,38.5,61.9,56.9,55.0,52.6,,37.3,44.3,46.8,53.1,57.3,61.9,50.4
05-29,52.4,42.2,51.5,44.8,47.9,42.7,37.6,51.4,46.2,56.4,51.3,52.4,53.8,52.9,42.4,64.2,55.9,46.0,51.9,,37.6,42.3,46.1,52.4,56.0,64.2,51.4
05-30,48.1,47.8,53.5,47.8,48.4,47.7,37.5,56.2,52.0,55.7,56.2,51.1,56.1,56.0,45.0,60.9,54.8,39.4,50.9,,37.5,43.9,47.9,55.3,56.2,60.9,51.1
05-31,50.9,53.2,56.4,51.7,49.6,52.2,47.7,58.9,51.5,56.6,59.1,54.6,55.2,54.2,48.5,58.8,56.2,43.2,48.9,,43.2,48.4,51.1,55.8,58.8,59.1,53.2
06-01,54.0,58.0,56.8,54.4,51.9,52.5,48.7,61.1,54.4,55.6,57.9,56.2,52.9,54.5,50.8,58.4,57.5,48.8,48.4,,48.4,48.8,52.7,56.6,58.0,61.1,54.4
06-02,50.0,59.9,57.2,54.3,53.2,54.8,43.5,61.9,58.5,58.2,54.7,60.0,55.9,57.1,49.4,59.7,60.8,54.6,48.4,,43.5,49.2,54.4,58.4,60.2,61.9,55.9
06-03,40.0,60.8,59.3,55.3,52.8,56.7,44.7,62.4,59.7,56.5,52.9,61.6,59.5,60.5,50.0,61.0,63.8,56.5,52.0,,40.0,48.9,53.9,60.2,61.8,63.8,56.7
06-04,46.2,62.3,60.6,42.6,55.2,60.7,52.0,58.6,59.7,57.0,52.6,62.8,61.2,61.9,53.0,62.6,63.9,54.4,52.4,,42.6,50.9,53.5,61.0,62.6,63.9,58.6
06-05,50.6,64.3,57.9,40.7,48.7,64.4,55.5,52.5,59.2,57.3,48.1,64.2,59.9,59.8,56.3,60.9,64.7,58.0,55.9,,40.7,48.6,55.7,59.8,64.4,64.7,57.9
06-06,49.8,65.4,38.3,52.9,43.3,66.1,49.3,48.2,59.8,59.0,47.5,62.6,60.2,58.3,58.0,51.6,62.8,59.6,54.4,,38.3,46.6,50.6,59.7,63.4,66.1,58.0
06-07,46.0,56.7,39.9,49.3,45.0,63.7,48.9,53.2,61.2,57.1,48.2,61.6,60.0,58.0,54.9,46.1,57.3,61.7,49.8,,39.9,45.8,49.0,57.8,61.7,63.7,54.9
06-08,47.3,51.0,47.0,45.9,48.6,60.3,49.2,57.7,63.7,56.9,54.6,63.9,57.7,58.1,48.8,35.9,55.0,62.8,49.2,,35.9,46.8,48.9,57.7,63.0,63.9,54.6
06-09,42.9,56.2,53.1,52.6,44.9,60.4,51.4,55.3,66.4,57.8,55.3,62.2,59.0,60.4,48.5,46.0,56.8,63.3,50.0,,42.9,45.8,51.9,58.5,62.4,66.4,55.3
06-10,46.3,57.0,56.2,57.2,47.9,57.1,53.5,47.9,62.4,62.2,52.6,60.3,57.5,57.6,54.6,53.1,52.9,65.2,52.3,,46.3,47.9,53.0,57.4,62.3,65.2,56.2
06-11,40.5,57.5,53.2,45.0,47.8,46.3,53.5,52.4,59.2,58.9,50.7,53.6,54.6,57.4,58.2,58.2,54.1,66.4,51.0,,40.5,46.0,51.6,57.5,59.0,66.4,53.6
06-12,47.9,57.5,54.9,46.8,49.7,39.7,51.9,57.3,62.7,60.1,55.0,55.2,42.2,60.3,59.8,60.8,61.1,65.5,43.9,,39.7,43.6,50.6,60.0,61.4,65.5,55.2
06-13,51.7,58.4,59.2,52.4,46.9,41.5,53.9,60.0,61.3,58.8,57.9,50.7,48.5,66.0,61.4,55.2,63.7,57.5,49.4,,41.5,48.2,52.0,59.0,61.8,66.0,57.5
06-14,54.6,51.8,63.6,58.6,49.0,48.2,57.1,60.3,56.8,51.1,57.6,54.9,56.1,62.9,56.2,53.8,65.8,51.5,52.6,,48.2,50.7,53.0,57.4,63.0,65.8,56.1
06-15,56.7,46.7,65.1,62.1,49.9,54.5,60.9,59.3,58.0,55.1,61.8,56.2,60.3,60.6,56.4,57.7,67.2,55.7,47.8,,46.7,49.5,55.9,60.5,62.7,67.2,57.7
06-16,56.2,51.7,63.3,62.1,46.9,54.6,58.0,60.5,58.2,53.9,62.0,55.4,64.6,56.2,53.1,58.4,70.6,63.6,44.5,,44.5,50.7,54.9,61.4,63.8,70.6,58.0
06-17,55.4,58.8,61.9,62.5,46.2,52.3,51.9,62.6,57.9,51.0,62.3,56.5,66.2,54.6,52.4,53.8,69.7,64.6,52.1,,46.2,51.7,52.9,62.2,64.9,69.7,56.5
06-18,54.1,62.4,60.1,63.3,49.8,56.2,55.9,63.0,59.5,47.9,63.2,60.2,65.4,53.7,54.0,51.9,67.5,58.2,57.4,,47.9,51.5,54.9,61.6,63.7,67.5,58.2
06-19,56.0,62.4,61.8,60.0,55.0,56.0,45.0,62.6,56.2,53.5,63.8,64.6,67.9,57.5,59.7,54.1,67.1,50.4,56.8,,45.0,52.9,56.0,62.1,65.1,67.9,57.5
06-20,59.8,62.2,61.6,60.3,51.8,54.3,50.7,59.3,54.0,58.0,66.4,66.8,69.3,60.6,59.6,59.9,70.2,50.8,53.9,,50.7,51.6,55.8,61.2,67.3,70.2,59.8
06-21,59.0,62.7,62.4,63.9,53.3,54.6,57.8,63.6,56.8,59.8,65.1,69.1,69.0,66.2,50.6,63.4,66.4,56.7,53.8,,50.6,53.7,57.2,63.7,66.9,69.1,62.4
06-22,55.8,62.3,65.8,63.4,54.0,54.9,61.7,61.7,57.0,60.8,63.7,66.3,67.1,61.9,44.4,63.9,62.4,55.8,55.1,,44.4,54.7,56.3,63.0,65.9,67.1,61.7
06-23,54.4,65.6,65.2,61.9,58.5,58.6,63.2,61.5,58.1,61.3,63.7,65.9,65.8,65.4,50.0,63.8,59.2,58.2,50.3,,50.0,53.6,58.5,63.8,65.7,65.9,61.5
06-24,52.9,65.1,62.5,61.2,62.7,61.0,60.8,62.7,55.3,61.3,64.1,64.9,65.8,59.9,55.7,66.1,56.4,58.5,53.2,,52.9,54.9,59.1,62.7,65.2,66.1,61.2
06-25,51.7,66.2,61.8,60.3,58.1,61.1,59.5,62.4,57.8,61.6,66.1,62.3,62.7,64.0,57.8,63.9,55.9,57.0,55.7,,51.7,55.8,57.9,62.3,64.4,66.2,61.1
06-26,52.1,64.9,61.3,59.1,51.6,59.2,59.5,62.3,62.4,56.4,68.5,64.6,64.3,67.0,56.6,61.2,61.1,56.2,57.0,,51.6,55.4,57.9,62.4,65.3,68.5,61.1
06-27,55.8,59.9,61.7,61.2,57.8,62.5,61.4,62.3,67.2,57.1,65.9,67.9,63.2,65.5,57.0,63.6,62.1,59.8,55.8,,55.8,56.8,59.8,62.9,66.1,67.9,61.7
06-28,53.5,60.5,62.0,63.5,60.7,63.1,64.4,63.4,70.1,61.2,65.8,64.2,63.0,62.2,58.8,61.6,62.3,64.1,55.6,,53.5,58.1,61.4,63.5,64.7,70.1,62.3
06-29,56.8,62.5,63.0,62.6,62.2,62.2,62.8,63.8,67.0,66.6,67.3,62.5,62.4,59.6,59.2,47.3,55.1,63.3,53.9,,47.3,54.8,60.6,62.9,66.7,67.3,62.5
06-30,58.5,59.5,63.0,63.3,64.0,61.6,54.6,64.1,69.2,66.1,66.5,57.5,61.2,59.2,57.6,50.2,56.0,62.2,58.5,,50.2,55.7,58.5,63.2,66.2,69.2,61.2
07-01,61.4,59.7,65.8,65.1,62.7,62.8,59.9,62.4,66.4,65.3,66.2,54.6,64.1,61.8,59.3,56.2,59.2,62.5,61.8,,54.6,58.6,60.5,63.6,65.8,66.4,62.4
07-02,61.5,61.3,66.5,65.1,54.9,62.3,65.4,62.8,69.7,62.9,61.1,56.1,62.2,64.4,59.8,58.0,64.6,63.2,64.5,,54.9,57.6,61.4,64.5,65.6,69.7,62.8
07-03,61.3,58.2,68.6,65.8,58.8,58.7,64.8,62.4,68.9,64.5,64.1,58.2,62.1,62.1,58.2,59.7,67.0,62.0,67.8,,58.2,58.2,60.3,64.7,67.9,68.9,62.1
07-04,61.5,56.8,71.1,65.8,59.7,54.8,62.3,59.3,64.5,59.9,60.9,61.5,64.9,60.7,56.8,60.9,65.5,60.9,63.8,,54.8,56.8,60.2,63.2,65.6,71.1,60.9
07-05,60.2,58.4,67.7,60.6,61.1,57.6,61.0,56.8,64.0,59.2,60.1,63.1,67.3,64.6,57.9,64.7,65.9,60.6,62.5,,56.8,57.8,60.1,63.7,66.2,67.7,61.0
07-06,59.8,55.0,66.8,57.4,62.2,60.7,59.7,57.9,62.2,60.5,54.6,61.7,68.7,66.4,59.9,64.6,67.7,60.0,61.1,,54.6,56.9,59.9,62.2,67.0,68.7,60.7
07-07,60.1,55.8,68.3,60.5,61.3,60.0,60.8,62.5,58.3,60.3,55.1,61.0,66.1,65.0,57.5,62.2,69.9,60.2,60.8,,55.1,57.2,60.2,61.8,66.6,69.9,60.8
07-08,60.2,55.4,68.9,63.7,61.4,62.0,57.9,62.4,62.9,63.1,52.4,61.5,64.6,65.7,55.8,62.0,72.6,63.4,60.3,,52.4,55.7,60.8,63.3,66.3,72.6,62.0
07-09,59.8,56.2,69.1,65.0,61.3,61.6,59.4,64.3,64.6,61.2,54.4,62.3,64.9,62.5,58.0,63.0,72.9,66.8,63.2,,54.4,57.6,61.2,64.5,67.2,72.9,62.5
07-10,59.8,56.7,67.5,66.2,61.7,61.8,58.5,65.9,67.4,56.6,52.7,61.3,62.5,63.7,62.3,64.9,73.1,67.2,61.8,,52.7,56.7,61.5,65.5,67.4,73.1,62.3
07-11,63.7,60.4,60.3,61.6,62.5,61.5,56.6,66.3,58.6,58.6,54.5,57.4,61.3,61.7,64.4,68.3,72.3,65.8,63.5,,54.5,57.2,60.4,63.6,66.7,72.3,61.6
07-12,67.6,61.5,63.2,59.4,64.4,64.7,56.4,63.1,55.9,63.8,57.5,60.5,58.5,57.0,64.5,70.1,69.8,63.4,64.4,,55.9,56.8,59.9,64.4,68.1,70.1,63.2
07-13,68.7,62.5,65.6,59.0,64.5,64.8,57.0,57.0,59.8,67.1,60.3,62.9,59.4,57.6,63.4,69.0,64.6,63.8,66.5,,57.0,57.5,60.0,64.7,67.4,69.0,63.4
07-14,66.6,65.0,67.9,57.8,62.8,64.7,56.0,54.1,60.4,63.6,60.7,64.6,62.8,58.3,64.5,66.5,59.0,61.4,67.2,,54.1,57.4,60.5,64.7,66.8,67.9,62.8
07-15,64.8,69.0,68.1,59.4,64.7,67.7,55.2,54.5,60.2,59.5,60.0,65.6,65.4,60.8,65.0,65.6,60.1,62.4,67.1,,54.5,58.5,60.1,65.5,67.8,69.0,64.7
07-16,66.6,69.6,64.2,60.3,66.9,68.5,58.0,53.8,58.0,61.4,60.7,64.2,65.0,64.1,65.3,64.9,59.8,65.2,70.5,,53.8,58.0,61.0,65.3,68.7,70.5,64.2
07-17,68.8,67.4,64.2,59.5,68.4,65.6,63.6,56.8,61.2,64.0,61.8,63.8,64.2,62.9,62.3,64.7,63.2,68.1,70.9,,56.8,60.9,63.0,65.2,68.5,70.9,64.0
07-18,67.6,66.0,65.6,63.6,66.6,68.2,62.4,58.2,61.7,65.0,53.5,60.5,63.8,65.6,62.2,65.4,62.5,64.4,68.6,,53.5,60.1,62.4,65.6,67.7,68.6,64.4
07-19,68.4,62.3,65.1,66.1,65.2,69.0,62.6,58.7,61.0,64.1,53.8,61.6,60.5,61.5,64.0,67.3,60.7,67.2,66.9,,53.8,60.1,61.5,65.7,67.6,69.0,64.0
07-20,67.1,60.3,65.1,60.2,60.6,64.9,63.2,60.9,63.2,62.7,51.7,63.0,60.8,63.8,61.8,66.0,61.0,66.9,65.6,,51.7,60.3,61.0,64.5,66.1,67.1,63.0
07-21,66.8,62.6,63.0,57.9,59.7,63.7,61.4,59.6,61.7,60.5,55.0,63.3,60.9,62.4,62.8,61.7,62.0,67.4,66.0,,55.0,59.2,61.1,62.9,66.2,67.4,62.0
07-22,64.9,65.1,61.3,61.3,64.8,63.1,60.4,61.5,60.1,64.4,57.7,67.4,62.3,62.2,65.4,60.4,59.4,69.7,68.5,,57.7,59.9,61.3,64.9,67.6,69.7,62.3
07-23,60.7,66.5,58.4,62.4,64.3,64.2,61.6,59.4,58.6,68.3,57.9,68.4,62.9,66.2,64.0,56.0,61.2,67.1,69.1,,56.0,58.3,60.9,65.4,68.3,69.1,62.9
07-24,58.6,66.0,57.9,64.6,62.4,64.3,64.5,57.4,60.7,67.0,57.8,66.6,59.7,62.3,59.5,58.2,60.4,62.3,65.3,,57.4,57.9,59.6,64.4,66.1,67.0,62.3
07-25,58.5,65.8,58.6,65.1,60.1,62.9,64.1,62.0,63.8,63.6,59.2,66.8,54.7,66.0,60.5,59.3,59.4,57.6,66.6,,54.7,58.3,59.3,64.0,66.1,66.8,62.0
07-26,59.2,67.1,57.9,60.2,63.6,62.1,54.5,63.9,62.0,59.7,60.8,65.4,58.6,66.1,61.6,61.0,58.3,59.1,67.3,,54.5,58.2,59.4,63.0,66.3,67.3,61.0
07-27,60.4,68.3,62.2,59.2,63.2,60.4,59.4,62.6,56.7,61.4,59.9,69.1,60.9,64.2,60.9,61.0,59.8,58.6,66.9,,56.7,59.1,60.1,62.4,67.2,69.1,60.9
07-28,62.9,63.4,63.0,61.0,64.4,60.5,61.1,62.0,54.6,58.1,58.6,69.4,61.6,66.8,63.5,63.1,60.9,58.5,66.4,,54.6,58.4,60.9,63.3,66.5,69.4,62.0
07-29,61.5,61.9,63.5,63.7,60.6,59.4,62.2,57.2,57.6,57.7,62.1,66.8,60.0,63.9,64.6,66.0,60.4,57.9,66.2,,57.2,57.7,60.1,63.7,66.0,66.8,61.9
07-30,58.8,61.3,59.9,62.4,57.0,61.1,62.2,56.2,59.9,60.1,63.4,61.8,62.6,64.1,62.9,68.1,56.8,57.9,64.9,,56.2,57.0,59.9,62.5,64.3,68.1,61.3
07-31,60.4,59.5,59.8,64.1,61.2,59.0,57.4,57.2,62.2,58.8,61.8,59.4,61.6,66.1,55.1,68.5,56.9,58.9,59.7,,55.1,57.1,59.0,61.5,64.5,68.5,59.7
08-01,56.8,57.1,56.8,65.9,63.5,60.2,58.9,55.8,62.4,60.0,60.9,60.2,62.7,65.9,59.7,68.9,57.4,60.3,56.1,,55.8,56.6,58.0,61.8,65.9,68.9,60.2
08-02,55.9,56.3,57.8,64.5,63.6,61.2,60.9,60.6,61.4,61.4,57.1,61.7,62.5,60.0,63.1,68.8,60.4,61.6,54.7,,54.7,56.2,60.1,61.6,63.8,68.8,61.2
08-03,54.5,58.8,60.5,64.1,62.7,61.8,60.0,61.4,60.9,52.8,60.9,58.8,60.0,61.0,63.5,66.4,62.8,61.8,58.1,,52.8,57.4,60.0,61.8,63.6,66.4,60.9
08-04,55.5,54.3,62.7,58.6,64.2,62.3,61.0,57.0,60.3,52.8,61.8,57.6,59.2,64.6,63.8,65.8,65.6,62.1,60.3,,52.8,55.2,58.8,62.6,64.8,65.8,61.0
08-05,53.9,57.7,60.7,59.8,62.1,59.1,61.0,59.8,62.1,56.4,63.0,58.5,56.3,64.2,65.7,62.3,67.0,58.1,62.4,,53.9,56.4,58.7,62.2,64.5,67.0,60.7
08-06,57.1,60.0,58.2,58.0,60.6,61.2,59.2,58.5,60.6,58.0,61.6,59.1,58.0,63.5,62.4,60.0,64.8,60.0,63.3,,57.1,58.0,58.7,61.0,63.4,64.8,60.0
08-07,57.2,60.6,57.7,58.5,52.3,53.2,59.2,61.1,57.1,58.6,51.8,61.9,56.7,64.4,60.0,59.3,59.8,62.7,63.0,,51.8,53.0,57.4,60.4,62.7,64.4,59.2
08-08,55.4,60.8,58.7,57.6,52.7,51.4,61.3,63.0,57.2,59.5,55.3,62.2,59.3,66.3,59.1,61.0,62.4,63.8,61.1,,51.4,54.8,58.0,61.2,63.1,66.3,59.5
08-09,56.8,58.7,59.5,60.1,55.2,54.1,61.9,63.0,57.5,59.8,57.5,61.8,60.3,66.9,59.7,62.8,63.9,62.2,61.0,,54.1,56.5,59.0,61.8,63.2,66.9,60.1
08-10,55.6,61.9,59.7,61.6,58.3,56.9,61.8,64.5,57.1,59.2,59.1,55.2,61.2,65.4,60.0,62.9,62.6,59.7,56.9,,55.2,56.6,58.6,61.7,63.2,65.4,59.7
08-11,57.3,58.9,61.6,62.2,61.3,59.2,61.8,62.6,58.7,60.6,54.3,58.2,57.9,60.2,58.5,62.0,63.2,58.5,58.6,,54.3,57.8,58.6,61.4,62.2,63.2,59.2
08-12,55.4,59.0,64.0,62.7,58.1,58.4,62.3,61.1,58.8,55.3,55.4,60.0,57.1,61.6,59.3,62.0,63.0,57.5,56.2,,55.3,55.4,57.7,61.4,62.7,64.0,59.0
08-13,58.7,58.6,65.3,63.3,60.3,59.5,61.9,61.6,60.2,54.4,59.0,62.0,59.0,63.0,61.0,64.2,64.3,56.6,57.8,,54.4,57.6,59.0,62.0,64.2,65.3,60.3
08-14,54.3,60.2,61.7,64.5,58.8,60.4,61.2,60.3,60.6,58.1,63.1,63.5,58.2,61.2,63.5,66.5,63.3,58.6,60.8,,54.3,58.2,60.3,62.5,63.7,66.5,60.8
08-15,53.2,60.4,61.8,63.4,57.0,62.3,61.6,60.5,62.3,59.3,64.8,63.9,55.1,57.6,65.6,68.7,66.8,56.9,59.3,,53.2,56.5,59.3,62.9,65.9,68.7,61.6
08-16,53.0,58.1,59.3,59.2,56.4,62.9,62.0,61.8,65.1,61.7,66.3,61.6,55.4,58.8,64.2,70.0,64.7,56.2,59.9,,53.0,56.0,59.0,62.6,65.3,70.0,61.6
08-17,54.5,57.8,59.2,58.4,58.4,64.4,64.6,59.5,62.9,62.7,67.7,59.7,58.1,60.6,63.3,69.2,62.9,57.6,59.5,,54.5,57.8,58.7,62.9,65.2,69.2,59.7
08-18,54.5,57.3,61.8,58.5,59.3,58.9,64.8,61.6,59.8,59.7,62.5,56.1,60.2,62.2,61.1,70.3,54.7,55.4,56.6,,54.5,55.3,57.8,61.4,63.0,70.3,59.7
08-19,50.7,60.1,61.2,60.0,61.0,57.4,61.7,59.8,62.6,50.6,62.2,58.0,61.9,61.9,59.9,69.4,48.7,55.6,55.7,,48.7,50.7,57.6,61.5,62.3,69.4,60.0
08-20,53.6,61.3,60.9,59.4,64.7,60.4,61.4,59.3,62.9,54.1,63.3,60.0,59.5,64.3,61.9,69.6,52.5,54.7,56.8,,52.5,54.0,59.3,61.7,64.4,69.6,60.4
08-21,54.6,61.9,63.3,60.0,65.7,62.8,61.7,59.5,58.0,53.6,62.0,56.8,55.1,57.9,63.0,68.8,56.2,57.5,52.3,,52.3,54.4,57.1,62.0,63.8,68.8,59.5
08-22,56.0,60.5,64.0,61.6,60.6,62.3,63.4,53.1,56.8,53.6,60.7,53.8,56.5,53.4,61.9,65.8,58.4,60.4,52.4,,52.4,53.3,56.2,61.2,63.5,65.8,60.4
08-23,56.8,60.9,62.4,62.3,54.6,58.8,64.9,52.9,53.2,54.5,61.5,53.6,58.3,56.6,62.1,62.2,58.1,61.6,57.1,,52.9,53.5,56.7,61.6,62.3,64.9,58.3
08-24,56.1,61.1,64.0,63.4,54.3,60.0,65.3,57.0,53.4,55.5,63.4,56.2,56.3,58.4,62.1,64.3,58.1,60.4,55.5,,53.4,55.2,56.2,61.7,64.1,65.3,58.4
08-25,56.0,57.8,63.8,60.5,56.8,61.1,64.2,56.6,51.0,56.2,60.8,52.3,58.5,59.4,64.1,64.8,60.5,56.8,57.9,,51.0,55.3,56.8,60.7,64.1,64.8,58.5
08-26,58.6,57.1,60.4,60.9,59.5,62.0,62.1,59.1,52.7,49.2,53.9,52.2,61.6,59.1,63.6,65.6,61.5,57.0,60.0,,49.2,52.6,57.7,61.2,62.4,65.6,59.5
08-27,60.2,55.5,54.2,63.0,62.8,58.1,62.3,59.5,53.0,51.3,57.8,48.2,63.1,59.0,63.0,65.2,61.6,57.8,60.3,,48.2,52.7,57.8,62.0,63.0,65.2,59.5
08-28,59.8,57.4,55.7,63.6,64.2,56.8,59.8,60.5,58.1,54.6,59.0,53.7,63.6,56.2,59.2,64.0,62.2,59.5,61.9,,53.7,55.5,57.6,61.3,63.7,64.2,59.5
08-29,61.1,59.7,60.5,63.1,65.3,52.8,60.6,62.2,60.3,58.4,62.2,58.6,63.3,56.9,63.4,59.8,63.6,61.8,63.7,,52.8,58.1,60.0,62.7,63.6,65.3,61.1
08-30,56.9,59.1,60.3,59.5,63.6,49.2,62.0,60.0,57.0,59.8,59.2,59.3,62.6,58.8,63.9,61.2,63.3,63.0,63.6,,49.2,57.0,59.3,62.3,63.6,63.9,60.0
08-31,54.8,59.9,62.0,53.6,60.8,51.4,62.5,56.9,57.0,60.5,58.0,60.6,58.8,58.0,63.6,60.4,58.9,64.1,62.2,,51.4,54.6,58.0,60.7,62.7,64.1,59.9
09-01,55.7,54.5,61.6,52.3,60.0,55.9,60.4,56.9,56.4,60.9,58.7,55.2,60.6,57.3,64.4,55.1,52.3,64.4,50.4,,50.4,52.3,55.4,60.3,62.1,64.4,56.9
09-02,56.6,54.6,61.3,48.9,59.1,58.9,58.9,56.9,57.4,60.9,58.1,56.7,61.1,57.1,63.1,62.4,55.3,65.7,52.1,,48.9,54.1,56.8,60.2,62.5,65.7,58.1
09-03,55.8,55.9,60.6,53.4,56.9,61.2,59.5,59.2,58.2,60.1,57.6,55.7,62.5,55.2,62.7,65.3,56.0,66.0,53.4,,53.4,54.9,55.9,60.4,63.2,66.0,58.2
09-04,54.1,58.4,61.9,57.8,56.1,61.7,59.5,56.8,58.1,56.2,54.9,54.4,63.8,54.8,60.4,65.5,57.4,65.1,51.3,,51.3,54.3,56.1,60.0,64.1,65.5,57.8
09-05,55.1,57.6,58.6,56.8,54.9,60.3,53.8,58.9,59.8,56.5,54.0,51.3,62.8,51.6,62.6,67.2,60.3,66.9,51.8,,51.3,51.7,55.0,60.1,63.6,67.2,57.6
09-06,55.6,55.5,55.6,56.4,55.8,54.4,54.7,59.4,57.8,57.9,54.6,53.2,60.2,54.6,61.0,69.4,62.3,66.1,54.0,,53.2,54.3,55.0,58.8,63.1,69.4,55.8
09-07,55.6,48.6,58.2,58.6,55.7,49.8,55.9,59.3,55.2,57.2,56.2,56.8,58.0,58.1,60.6,65.7,63.1,65.2,55.5,,48.6,54.2,55.8,58.4,63.5,65.7,57.2
09-08,57.1,50.7,59.3,57.3,56.3,53.0,55.8,57.7,51.4,54.3,56.5,58.3,52.4,61.6,56.9,37.7,61.9,63.1,58.0,,37.7,51.3,54.9,57.9,61.7,63.1,56.9
09-09,53.9,50.6,57.5,52.2,55.0,47.9,50.3,57.6,52.4,50.7,58.9,58.2,50.2,62.9,55.0,37.7,63.5,62.1,59.9,,37.7,49.7,51.3,58.0,62.2,63.5,55.0
09-10,50.2,50.5,51.9,51.2,54.0,46.7,49.5,56.3,48.7,52.8,61.0,59.4,55.0,60.8,54.9,45.4,61.8,56.8,50.4,,45.4,48.3,50.4,55.8,60.8,61.8,52.8
09-11,50.9,53.5,54.8,50.3,58.3,50.0,47.0,50.3,48.4,54.6,61.4,59.0,58.2,59.4,49.6,51.0,60.0,55.6,51.8,,47.0,49.4,50.5,57.1,59.5,61.4,53.5
09-12,48.7,55.7,58.3,50.2,58.9,53.9,48.8,52.1,48.2,54.6,60.9,55.4,59.2,57.9,49.1,55.0,60.1,54.1,51.0,,48.2,48.8,51.4,57.0,59.4,60.9,54.6
09-13,45.7,56.4,58.2,53.5,57.0,54.7,47.7,52.8,50.6,55.8,57.0,50.7,57.2,57.0,53.1,55.6,60.3,47.8,52.3,,45.7,47.8,52.5,56.7,57.4,60.3,54.7
09-14,45.9,49.8,58.7,55.7,52.8,55.7,45.1,52.4,50.2,57.4,49.8,46.4,47.1,57.0,57.3,57.4,59.9,48.5,50.4,,45.1,46.3,49.8,56.5,57.7,59.9,52.4
09-15,48.5,48.9,58.8,54.9,48.4,54.4,46.2,55.4,51.5,57.7,48.4,48.1,47.6,60.0,58.4,58.4,59.3,50.7,49.8,,46.2,48.0,48.6,56.8,58.9,60.0,51.5
09-16,48.6,38.8,56.0,52.9,48.9,55.4,48.9,54.8,55.4,58.2,50.4,50.1,47.1,60.0,56.8,58.5,56.4,50.9,51.2,,38.8,48.3,50.2,55.8,58.2,60.0,52.9
09-17,48.9,39.7,50.0,50.5,52.9,56.6,50.2,54.6,57.0,57.2,49.3,51.9,48.7,58.6,52.6,58.7,56.3,51.0,54.6,,39.7,48.8,50.3,55.6,57.5,58.7,52.6
09-18,48.4,44.7,49.2,51.2,50.2,58.0,51.5,53.2,53.9,57.0,49.0,55.2,51.3,58.4,52.8,59.4,51.8,53.2,54.0,,44.7,48.9,51.2,54.0,58.1,59.4,52.8
09-19,50.9,49.9,50.9,53.2,52.4,60.7,52.7,54.6,50.0,57.0,51.4,57.7,51.3,55.7,52.6,58.4,53.4,54.8,52.4,,49.9,50.7,51.8,54.7,57.8,60.7,52.7
09-20,53.5,41.2,50.1,54.0,56.5,58.6,55.0,55.2,53.3,55.5,54.5,52.7,51.9,51.8,44.7,57.0,46.7,55.1,50.6,,41.2,46.3,51.9,55.1,56.6,58.6,53.5
09-21,51.4,43.2,53.7,53.1,49.5,56.8,54.3,55.0,54.0,51.6,55.2,49.8,49.2,53.0,43.6,57.9,49.8,53.1,49.0,,43.2,47.9,49.8,53.9,55.6,57.9,53.0
09-22,49.7,37.2,47.2,51.4,48.0,52.6,55.3,55.0,45.0,52.4,53.7,45.7,39.8,55.5,49.0,56.5,53.9,51.3,48.9,,37.2,43.9,48.4,53.3,55.3,56.5,51.3
09-23,52.7,37.7,40.1,49.1,50.2,50.0,54.7,54.0,45.7,53.3,55.4,37.6,33.8,55.2,50.3,57.2,54.9,49.8,45.1,,33.8,37.7,47.1,53.8,55.2,57.2,50.2
09-24,50.8,41.4,37.6,53.9,51.9,52.6,55.4,49.6,49.7,56.2,57.3,43.2,34.6,56.0,52.8,58.4,52.8,51.5,48.0,,34.6,40.6,49.6,53.5,56.4,58.4,51.9
09-25,48.9,45.8,40.6,56.0,55.7,56.3,54.4,46.9,49.9,57.1,58.4,47.5,38.9,52.6,55.5,59.0,55.5,52.7,51.2,,38.9,44.7,49.3,55.6,57.4,59.0,52.7
09-26,53.2,50.4,45.4,53.5,56.9,58.2,53.2,46.7,39.8,55.2,56.4,48.9,41.4,51.8,51.7,58.2,54.7,53.2,51.9,,39.8,44.6,50.9,54.2,57.2,58.2,53.2
09-27,49.6,50.2,48.8,51.9,57.5,59.6,54.2,48.0,33.8,44.6,56.3,50.8,43.3,55.4,52.8,51.7,54.1,53.0,53.5,,33.8,44.3,49.8,53.9,56.5,59.6,51.9
09-28,44.8,52.0,50.2,50.4,57.4,59.9,56.7,49.6,40.3,40.7,57.7,49.8,42.2,57.6,50.7,49.0,50.6,53.9,52.0,,40.3,41.9,49.7,53.1,57.6,59.9,50.6
09-29,48.7,53.7,39.7,53.3,56.9,59.1,57.2,51.0,47.7,42.4,57.5,48.3,46.0,57.0,42.3,51.8,41.2,53.9,53.4,,39.7,42.1,47.9,53.8,57.3,59.1,51.8
09-30,50.1,52.6,43.6,52.4,40.5,58.0,56.2,53.8,50.1,45.9,57.0,48.9,50.2,54.2,41.0,55.0,40.8,52.1,47.1,,40.5,41.0,47.8,53.3,56.4,58.0,50.2
