date,2004,2005,2006,2007,2008,2009,2010,2011,2012,2013,2014,2015,2016,2017,2018,2019,2020,2021,2022,2023,2024,Min,10%,30%,70%,90%,Max,Median (POR)
10-01,51.9,37.7,48.7,49.6,45.5,49.0,29.2,56.0,48.4,48.5,46.0,33.5,53.9,45.9,39.6,51.4,35.8,49.5,40.0,46.5,38.2,29.2,35.6,43.8,49.2,52.1,56.0,47.5
10-02,45.0,37.6,51.3,46.8,39.3,48.3,37.3,49.6,47.2,48.8,46.3,37.3,44.5,47.2,29.8,48.7,37.3,50.5,42.6,45.8,33.6,29.8,37.3,41.6,47.6,49.7,51.3,46.1
10-03,39.6,39.1,49.3,46.0,45.4,46.3,40.4,46.3,46.8,50.2,34.8,41.1,39.5,33.4,38.1,45.9,45.2,48.9,43.7,43.4,34.6,33.4,37.8,40.2,46.1,48.9,50.2,44.4
10-04,40.9,40.9,31.8,46.5,48.1,36.4,36.7,41.7,44.2,49.8,25.3,41.9,43.2,34.6,43.2,39.8,41.7,49.6,46.9,43.1,38.6,25.3,34.4,40.6,43.5,48.2,49.8,41.8
10-05,43.9,40.1,31.2,47.2,40.7,34.7,28.2,38.4,36.0,44.5,32.2,42.8,40.9,35.7,39.9,35.7,39.7,50.8,43.0,43.5,42.5,28.2,32.1,35.9,42.9,44.8,50.8,40.0
10-06,43.5,40.2,38.2,40.5,25.0,36.1,30.6,38.0,25.1,39.2,43.3,43.8,39.3,32.0,35.5,33.3,37.5,49.1,41.6,44.4,44.6,25.0,30.0,35.9,40.8,43.9,49.1,38.7
10-07,45.4,42.8,46.2,35.1,26.4,41.5,35.8,39.0,24.4,37.5,45.1,46.3,42.6,37.6,45.1,31.9,43.4,50.5,43.1,44.5,46.2,24.4,31.4,37.6,44.7,46.2,50.5,42.7
10-08,46.2,44.8,40.5,37.5,40.4,45.1,33.7,37.0,30.0,43.3,41.7,46.6,46.6,43.0,39.1,31.5,46.8,51.6,38.8,44.6,45.4,30.0,33.5,39.0,44.9,46.6,51.6,42.3
10-09,48.3,45.3,31.9,34.2,44.7,44.0,37.9,38.3,30.6,44.8,37.4,43.8,48.1,44.3,29.2,31.8,39.6,49.6,33.0,44.4,46.7,29.2,31.6,36.4,44.5,48.1,49.6,41.7
10-10,42.8,38.6,32.7,34.9,46.0,34.6,38.4,41.0,35.2,44.2,31.3,43.9,49.8,46.4,37.8,32.5,21.1,48.3,32.8,43.3,47.1,21.1,32.4,34.8,43.5,46.6,49.8,38.5
10-11,39.3,38.1,34.2,34.4,41.3,24.1,40.6,42.4,40.1,42.2,32.6,44.4,48.0,45.6,43.9,34.3,31.4,41.8,33.4,43.6,36.3,24.1,32.5,34.4,42.3,44.5,48.0,40.3
10-12,46.9,41.3,38.0,37.1,40.7,16.8,40.3,39.6,39.1,34.2,34.3,35.0,47.2,43.1,39.0,33.4,34.3,44.3,25.0,43.8,30.2,16.8,32.6,34.8,40.9,44.6,47.2,39.1
10-13,39.2,38.8,39.7,40.2,34.1,20.2,39.6,41.0,43.4,36.3,33.6,37.2,49.5,44.5,38.9,35.5,38.3,48.3,25.9,44.1,34.1,20.2,32.8,36.9,40.4,44.9,49.5,39.1
10-14,42.1,42.3,45.0,37.2,35.4,31.5,41.2,44.1,46.0,37.5,29.4,45.3,49.8,49.0,32.8,23.9,38.4,50.0,26.8,44.3,38.7,23.9,29.1,36.7,44.5,49.1,50.0,41.6
10-15,45.3,43.2,42.1,37.4,38.0,37.2,41.2,43.8,48.0,42.0,25.8,49.0,49.8,49.0,40.9,25.2,39.7,41.5,30.8,43.4,,25.2,30.3,39.2,43.5,49.0,49.8,41.8
10-16,44.2,41.6,38.7,37.8,35.8,39.7,42.3,44.5,47.5,45.5,28.5,42.5,47.8,47.7,42.7,31.5,45.3,42.9,40.6,44.2,,28.5,35.4,40.3,44.3,47.6,47.8,42.6
10-17,46.9,34.9,41.5,27.6,30.0,42.5,45.9,41.8,39.7,37.6,32.9,43.9,43.5,41.0,45.1,32.1,46.1,46.0,41.4,41.7,,27.6,31.8,39.1,43.6,46.0,46.9,41.6
10-18,47.9,34.1,39.1,25.2,32.3,43.9,49.4,37.5,40.0,39.1,32.5,42.9,40.9,38.5,44.6,29.7,31.6,46.9,31.6,42.6,,25.2,31.4,33.6,42.7,47.0,49.4,39.1
10-19,46.3,35.1,36.6,31.5,42.9,42.0,45.4,38.9,42.3,43.0,34.6,42.4,38.5,31.9,45.4,37.6,35.7,45.3,30.0,43.3,,30.0,31.9,36.3,42.9,45.4,46.3,40.5
10-20,47.0,36.0,37.8,36.0,34.4,40.8,33.8,40.3,39.3,44.5,37.2,43.6,36.3,39.6,37.3,41.2,27.4,45.1,34.5,42.8,,27.4,34.3,36.2,40.9,44.5,47.0,38.5
10-21,51.2,32.0,39.5,29.7,22.0,37.9,33.0,38.1,41.1,43.0,35.7,43.5,38.0,45.6,29.4,38.3,34.2,46.6,39.2,43.6,,22.0,29.6,35.3,41.7,45.7,51.2,38.2
10-22,47.5,27.9,39.7,33.4,31.9,34.0,33.9,36.0,40.0,42.2,37.9,40.6,35.8,46.0,40.7,35.2,38.5,42.9,41.1,40.0,,27.9,33.2,35.7,40.7,43.2,47.5,39.1
10-23,45.5,29.4,40.2,38.1,43.0,37.5,36.7,35.5,41.2,38.8,38.2,44.7,34.7,45.7,41.4,35.3,35.4,40.0,37.7,27.4,,27.4,34.2,36.3,40.5,44.7,45.7,38.1
10-24,40.1,32.3,42.5,38.8,44.1,38.4,38.8,39.0,43.5,26.9,39.3,47.4,37.8,43.1,41.4,35.9,31.6,42.7,40.7,21.4,,21.4,31.1,38.2,41.7,43.5,47.4,39.1
10-25,35.4,31.1,39.0,28.1,44.3,42.4,30.8,27.0,39.3,22.5,38.3,46.9,40.2,39.8,42.4,37.0,40.0,26.5,43.2,28.5,,22.5,26.9,31.0,40.0,43.3,46.9,38.7
10-26,39.9,31.3,35.8,27.0,42.1,43.9,34.5,23.7,23.0,25.8,38.2,41.5,40.8,42.1,38.8,39.1,42.6,13.7,25.5,30.8,,13.7,23.6,29.7,40.2,42.2,43.9,37.0
10-27,42.4,32.8,38.7,35.2,40.8,45.1,24.0,23.4,26.8,34.2,39.6,31.9,37.3,48.3,39.1,41.7,20.5,27.2,30.1,23.1,,20.5,23.3,29.2,39.2,42.7,48.3,34.7
10-28,43.9,25.5,34.0,38.9,41.9,45.6,16.1,36.5,30.5,38.0,33.6,35.4,38.9,48.1,39.6,43.9,20.4,36.5,37.3,29.1,,16.1,25.0,33.9,39.1,44.0,48.1,36.9
10-29,45.0,23.3,33.6,37.4,43.5,44.9,15.8,40.8,35.2,39.4,26.5,39.0,31.8,45.9,41.1,42.1,14.8,36.8,38.9,31.8,,14.8,22.5,33.1,40.9,44.9,45.9,38.2
10-30,33.2,25.2,31.9,35.5,40.7,44.1,30.0,35.2,36.1,39.6,24.3,43.0,33.0,46.9,42.0,29.7,12.5,37.4,40.5,31.2,,12.5,25.1,31.7,39.8,43.1,46.9,35.4
10-31,36.1,20.9,31.8,33.1,34.4,43.9,32.8,31.3,38.5,40.6,27.1,47.0,37.9,40.3,38.5,28.5,30.1,38.8,40.5,33.4,,20.9,28.4,32.5,38.6,40.9,47.0,35.3
11-01,30.9,18.0,37.7,31.1,34.4,45.6,36.3,34.9,28.2,40.0,29.9,37.6,42.6,34.2,39.9,33.3,30.7,41.1,40.0,38.4,,18.0,29.7,32.7,38.8,41.2,45.6,35.6
11-02,31.5,28.0,43.0,35.5,32.7,35.8,37.5,43.6,23.5,35.8,36.6,27.0,42.4,33.7,40.0,37.2,32.6,45.1,37.6,30.4,,23.5,27.9,32.7,37.6,43.0,45.1,35.8
11-03,25.9,30.5,38.8,36.5,35.4,33.7,39.4,43.3,37.1,35.2,29.8,21.3,33.0,39.6,38.1,32.0,35.9,43.2,36.1,19.9,,19.9,25.4,32.7,37.4,39.9,43.3,35.6
11-04,23.4,33.2,35.2,32.5,37.5,28.2,41.6,42.3,34.3,37.6,20.0,28.0,24.3,42.2,37.9,35.1,34.8,40.6,41.2,20.2,,20.0,23.0,31.2,37.7,41.7,42.3,35.0
11-05,21.7,35.1,32.4,32.8,37.7,16.9,44.2,41.7,18.5,39.5,14.8,34.6,21.9,39.1,35.1,33.6,34.2,42.4,40.2,33.4,,14.8,18.3,32.7,38.1,41.8,44.2,34.4
11-06,26.4,38.0,38.2,38.4,39.4,22.6,41.7,39.6,19.9,40.3,26.8,38.9,22.1,37.8,33.9,29.6,34.4,46.9,43.3,36.0,,19.9,22.6,32.6,39.0,41.9,46.9,37.9
11-07,31.6,37.0,41.5,44.2,41.2,31.9,38.9,39.1,19.7,41.5,35.8,39.1,29.7,38.7,27.6,30.1,35.5,32.3,41.9,39.0,,19.7,29.4,32.2,39.1,41.6,44.2,37.8
11-08,33.4,32.3,40.3,43.6,40.3,33.9,32.1,30.2,16.4,39.4,37.2,37.6,31.3,39.7,33.5,21.1,35.9,20.4,37.8,35.4,,16.4,21.1,32.2,37.7,40.3,43.6,34.6
11-09,34.0,28.8,42.4,34.3,41.1,31.8,34.2,16.3,22.8,30.1,35.7,40.7,35.1,39.2,39.0,26.2,39.2,15.8,34.9,22.1,,15.8,21.5,29.8,36.7,40.7,42.4,34.3
11-10,32.9,32.4,44.1,28.3,39.9,26.2,38.5,21.3,27.6,13.8,36.1,34.7,24.3,39.2,38.0,29.1,37.5,17.0,32.5,13.0,,13.0,16.7,27.2,36.5,39.3,44.1,32.4
11-11,28.6,29.7,35.7,32.2,36.7,28.2,42.0,18.4,31.3,10.8,36.9,36.4,18.6,38.1,32.5,16.6,32.3,22.9,33.1,14.7,,10.8,16.4,26.6,33.9,37.0,42.0,31.8
11-12,31.3,26.9,31.9,21.7,33.9,32.0,37.0,21.0,31.0,20.2,37.8,31.8,22.7,37.8,37.8,18.6,34.6,22.6,34.7,22.0,,18.6,20.9,22.7,34.1,37.8,37.8,31.5
11-13,31.8,28.5,33.8,30.8,37.5,37.5,25.6,21.7,29.6,24.8,37.6,33.6,26.0,36.0,39.8,26.8,37.1,30.5,36.8,17.2,,17.2,24.5,28.0,36.2,37.5,39.8,31.3
11-14,30.2,26.7,33.1,25.2,34.3,32.2,18.1,26.8,28.6,27.8,33.8,32.4,28.3,41.2,36.4,30.6,39.6,24.9,39.0,14.7,,14.7,24.2,27.5,33.3,39.1,41.2,30.4
11-15,29.8,29.6,23.0,28.0,38.4,36.1,13.5,28.4,27.0,31.3,29.2,25.0,28.5,46.5,37.2,32.7,39.4,34.5,42.7,12.7,,12.7,22.1,28.3,35.0,39.8,46.5,29.7
11-16,28.9,31.0,30.0,37.0,37.6,38.9,25.5,29.1,23.1,34.7,28.9,13.0,19.7,38.9,39.9,33.1,33.9,37.8,38.1,16.9,,13.0,19.4,28.9,37.2,38.9,39.9,32.1
11-17,28.0,29.1,29.4,36.7,39.1,40.3,28.0,26.1,30.9,34.2,30.2,19.8,22.6,15.4,30.6,30.9,37.2,43.2,28.3,20.8,,15.4,20.7,28.0,31.9,39.3,43.2,29.8
11-18,28.0,28.2,32.1,33.0,39.9,38.3,29.5,36.3,32.8,33.1,32.2,22.8,28.0,24.4,22.9,23.8,39.4,42.7,34.3,17.9,,17.9,22.9,28.0,33.5,39.5,42.7,32.2
11-19,33.6,25.4,31.7,36.1,41.3,35.4,25.6,37.0,27.5,31.8,33.2,30.9,31.6,39.2,31.6,26.8,39.6,33.9,36.6,19.0,,19.0,25.6,31.4,35.6,39.2,41.3,32.5
11-20,34.3,20.4,33.0,37.3,30.6,34.5,32.5,31.3,29.8,33.3,30.6,30.3,28.3,39.9,37.3,28.9,32.3,33.0,28.9,22.6,,20.4,27.8,30.1,33.1,37.3,39.9,31.8
11-21,30.9,23.8,35.2,38.9,18.3,32.3,26.8,21.1,28.2,36.4,30.4,29.4,24.7,31.3,38.1,31.6,23.5,31.4,28.5,25.6,,18.3,23.3,26.5,31.5,36.6,38.9,29.9
11-22,11.1,28.0,34.3,39.1,24.6,34.0,27.1,16.2,28.5,30.8,27.6,30.9,28.0,23.4,38.7,30.1,21.1,34.0,34.7,25.7,,11.1,20.6,26.7,31.8,35.1,39.1,28.2
11-23,11.7,20.7,32.2,33.6,18.2,31.0,17.4,18.2,35.6,33.7,28.3,17.5,34.0,24.4,42.3,30.9,21.8,28.6,34.2,23.9,,11.7,17.5,21.5,32.7,34.3,42.3,28.4
11-24,23.2,23.9,30.2,27.0,25.6,30.8,24.4,2.7,33.9,34.8,26.3,17.1,33.4,19.5,42.4,23.7,24.3,19.5,19.9,23.3,,2.7,19.3,23.3,28.0,34.0,42.4,24.4
11-25,19.3,29.8,32.7,26.8,29.8,34.6,29.3,4.9,28.0,33.3,26.7,28.9,23.3,25.0,42.0,16.9,21.0,27.3,28.3,30.9,,4.9,19.1,26.2,29.8,33.4,42.0,28.2
11-26,14.5,23.0,21.1,25.1,26.4,34.0,33.1,21.6,27.6,29.0,30.6,33.9,15.1,29.5,45.6,24.4,11.4,16.2,33.2,27.3,,11.4,15.1,22.6,29.8,33.9,45.6,26.9
11-27,16.7,24.2,6.9,24.0,28.7,30.1,33.4,26.1,34.6,30.7,29.4,38.1,13.0,21.2,38.8,34.4,24.6,18.9,33.7,24.1,,6.9,16.3,24.0,31.5,35.0,38.8,27.4
11-28,30.0,9.5,12.3,12.9,16.3,27.0,28.7,15.0,36.4,34.9,28.1,39.1,9.4,17.7,29.0,31.3,27.5,27.0,35.5,26.1,,9.4,12.0,17.3,29.3,35.6,39.1,27.3
11-29,33.5,6.3,27.7,0.1,32.0,31.9,26.4,6.9,32.7,34.9,25.5,35.7,6.2,13.0,32.5,29.8,19.9,26.2,36.6,13.6,,0.1,6.3,18.0,32.1,35.0,36.6,27.0
11-30,35.3,10.3,24.0,15.6,32.3,35.2,27.6,18.6,30.7,35.2,24.4,33.6,11.8,12.8,35.2,24.9,12.5,28.2,34.5,25.5,,10.3,12.4,22.3,32.7,35.2,35.3,26.6
12-01,35.6,9.1,33.9,19.7,24.0,36.0,26.5,29.6,22.6,34.6,29.2,31.0,16.0,16.8,34.8,17.5,24.0,22.0,36.3,32.2,,9.1,16.7,22.5,32.7,35.6,36.3,27.9
12-02,28.3,12.6,31.2,8.1,18.5,34.3,18.0,32.7,22.3,34.9,34.2,33.0,24.4,12.2,36.7,13.7,32.6,15.9,37.1,22.0,,8.1,12.5,18.3,32.8,35.1,37.1,26.4
12-03,27.5,19.5,13.9,17.7,29.3,25.2,8.1,36.3,12.3,30.3,24.9,34.8,32.8,16.0,32.3,4.6,31.3,23.4,34.5,30.1,,4.6,11.8,19.0,30.6,34.5,36.3,26.4
12-04,30.3,20.8,5.7,25.5,34.3,22.6,18.6,33.9,10.2,34.4,0.7,34.3,31.9,27.1,13.6,15.4,31.4,31.0,33.3,34.3,,0.7,9.7,20.2,32.4,34.3,34.4,28.7
12-05,36.2,15.2,10.2,28.3,35.7,23.4,19.9,33.4,6.1,38.2,-4.8,31.8,23.1,23.8,19.6,26.2,27.5,29.8,33.1,29.8,,-4.8,9.8,22.1,30.4,35.7,38.2,26.8
12-06,36.7,16.6,16.2,28.4,32.0,33.3,9.1,30.4,17.3,34.0,3.9,30.8,33.6,20.4,23.0,25.4,26.5,28.6,32.2,23.5,,3.9,15.5,22.2,31.2,33.7,36.7,27.5
12-07,31.7,21.6,7.9,30.1,28.0,34.0,20.1,25.5,27.4,27.1,11.8,28.3,34.5,6.7,24.3,27.1,33.6,30.4,29.4,22.0,,6.7,11.4,23.6,29.6,33.6,34.5,27.3
12-08,16.7,24.4,17.5,30.1,21.6,24.1,7.0,33.3,22.9,26.1,-0.3,30.7,34.2,25.5,29.8,22.4,28.2,32.5,27.8,16.9,,-0.3,15.7,22.2,28.7,32.6,34.2,24.9
12-09,15.6,29.1,22.3,28.3,15.1,18.7,4.7,33.1,23.1,13.1,1.7,30.3,38.0,33.1,30.4,21.7,20.7,31.6,26.7,20.8,,1.7,12.3,20.1,29.5,33.1,38.0,22.7
12-10,18.3,30.3,26.7,24.0,15.3,31.5,13.0,31.3,24.1,23.2,16.3,32.7,37.0,35.1,30.1,29.4,19.8,29.1,8.2,28.0,,8.2,15.1,22.2,30.1,32.9,37.0,27.4
12-11,16.9,32.5,25.9,18.8,10.9,28.8,19.7,30.4,22.4,24.7,18.3,35.9,22.9,30.9,32.8,27.3,23.8,21.3,16.3,27.0,,10.9,16.8,20.8,27.7,32.6,35.9,24.3
12-12,15.8,34.9,26.2,25.0,11.8,31.9,25.5,33.7,23.1,30.6,23.2,34.9,15.3,28.5,33.9,21.9,31.2,15.1,26.7,14.9,,11.8,15.1,22.7,30.7,34.0,34.9,25.8
12-13,26.1,30.6,23.6,29.5,14.8,21.7,24.1,36.0,22.0,29.1,20.8,24.3,27.4,28.5,32.8,18.2,31.3,20.2,30.6,12.0,,12.0,17.9,22.0,29.2,31.4,36.0,25.2
12-14,25.0,29.1,11.5,32.8,6.1,6.1,17.7,36.3,15.6,26.2,20.4,13.8,16.2,36.1,27.4,29.1,23.4,18.6,31.0,11.0,,6.1,10.5,16.0,27.9,33.1,36.3,21.9
12-15,10.4,24.1,16.4,34.2,14.8,12.3,21.0,24.8,18.1,19.4,28.7,22.1,12.0,36.6,32.3,31.5,12.7,14.0,13.3,12.4,,10.4,12.2,13.8,24.3,32.5,36.6,18.8
12-16,16.7,21.5,14.8,23.6,23.5,14.7,26.4,20.5,21.6,19.7,29.1,26.2,10.0,29.2,27.2,30.6,7.9,22.9,18.3,8.1,,7.9,9.8,17.8,24.4,29.1,30.6,21.5
12-17,28.1,28.0,21.0,16.1,24.0,15.2,25.4,21.4,29.5,24.9,32.2,22.6,15.5,4.8,18.5,29.7,17.7,25.9,10.6,15.2,,4.8,14.7,17.2,25.5,29.6,32.2,22.0
12-18,32.8,29.7,24.4,11.5,24.0,18.4,24.4,30.6,30.9,21.5,34.4,19.9,26.2,4.5,27.1,26.8,25.1,16.6,16.6,16.0,,4.5,15.6,19.5,26.9,31.1,34.4,24.4
12-19,34.0,29.3,30.1,15.7,23.6,16.8,24.0,33.5,24.0,5.2,25.3,21.7,29.9,19.0,30.5,28.6,19.1,21.3,23.2,16.6,,5.2,16.5,20.6,28.8,30.8,34.0,23.8
12-20,35.0,27.0,32.1,13.3,26.5,15.1,29.5,30.4,20.9,17.6,17.0,26.1,22.0,25.7,28.2,32.5,24.9,28.2,26.1,23.7,,13.3,16.8,23.2,28.2,32.1,35.0,26.1
12-21,27.0,18.3,36.4,21.0,6.3,25.0,28.0,30.9,18.0,24.3,20.7,32.8,25.2,25.9,9.9,32.2,34.1,31.2,28.5,24.3,,6.3,17.2,23.3,29.2,32.9,36.4,25.6
12-22,21.0,5.5,39.6,21.7,11.6,22.6,24.0,31.9,9.0,27.7,18.7,29.1,26.4,29.6,20.1,23.1,37.0,27.4,31.9,25.1,,5.5,11.3,21.5,28.2,32.4,39.6,24.6
12-23,28.1,8.7,33.7,21.5,21.6,7.2,16.0,26.9,20.4,27.3,25.3,17.2,14.6,25.9,27.5,29.7,32.5,13.0,33.0,27.6,,7.2,12.6,19.4,27.5,32.6,33.7,25.6
12-24,28.1,21.9,33.0,22.9,26.7,16.1,8.9,22.5,24.1,18.3,22.3,27.0,11.7,25.9,29.5,28.4,27.4,22.2,28.9,27.5,,8.9,15.7,22.3,27.5,28.9,33.0,25.0
12-25,29.5,27.4,35.7,30.2,6.9,24.0,11.4,25.9,28.5,12.3,22.6,15.0,9.7,12.0,31.6,24.9,20.4,26.5,25.2,31.4,,6.9,11.3,18.8,27.7,31.4,35.7,25.1
12-26,16.1,31.6,30.4,34.4,12.1,5.8,9.6,26.0,26.8,19.0,28.2,8.5,4.9,5.5,30.3,14.5,15.2,28.7,18.4,35.7,,4.9,5.8,13.8,28.4,31.9,35.7,18.7
12-27,4.3,28.0,25.3,29.6,0.8,9.4,11.4,15.6,26.7,12.7,29.9,7.2,12.4,23.0,32.2,9.9,17.2,19.9,18.2,35.0,,0.8,6.9,12.1,25.7,30.1,35.0,17.7
12-28,5.9,29.6,34.6,19.6,5.8,23.5,18.9,21.1,32.7,7.5,27.0,18.2,13.2,26.8,32.8,7.0,6.7,22.1,17.1,22.1,,5.8,6.7,15.9,24.5,32.7,34.6,20.4
12-29,16.6,28.0,21.1,21.5,16.0,29.9,19.5,22.5,35.7,15.2,18.8,11.4,9.1,25.1,37.0,14.9,13.5,14.1,16.8,19.5,,9.1,13.2,15.7,21.8,30.5,37.0,19.2
12-30,21.6,22.6,29.7,26.8,21.3,26.8,17.8,2.2,37.2,14.1,25.4,7.5,11.7,28.9,37.3,24.7,19.0,17.2,22.4,27.3,,2.2,11.2,18.7,26.8,30.4,37.3,22.5
12-31,19.1,25.2,34.0,27.4,5.5,28.5,13.5,-4.5,26.4,4.8,30.5,12.9,5.5,22.5,31.6,6.3,18.0,21.4,19.2,32.5,,-4.5,5.4,13.3,26.7,31.7,34.0,20.3
01-01,21.8,18.3,24.7,22.2,21.4,29.7,26.8,3.7,29.8,9.0,26.7,14.1,12.9,21.7,30.2,2.1,26.1,16.3,3.0,28.7,,2.1,3.7,15.7,26.2,29.7,30.2,21.8
01-02,22.4,20.5,31.6,26.1,30.6,31.0,21.7,17.0,33.2,15.0,28.3,17.7,26.2,22.5,28.9,16.2,19.6,22.2,17.7,17.5,,15.0,16.9,19.1,26.9,31.1,33.2,22.3
01-03,11.8,25.9,24.2,35.1,33.3,10.3,19.0,18.3,33.7,17.5,30.6,23.0,31.5,23.5,30.6,26.4,25.9,24.1,24.6,18.0,,10.3,17.0,21.8,27.7,33.4,35.1,24.4
01-04,-2.7,23.8,22.8,29.8,33.0,4.2,24.4,13.8,31.6,20.3,17.8,24.4,29.1,27.7,32.4,29.2,28.6,29.9,25.8,24.3,,-2.7,12.9,23.5,29.2,31.7,33.0,25.1
01-05,3.1,16.9,30.0,9.8,28.1,14.5,26.7,17.9,33.3,22.0,15.6,30.7,27.6,20.0,33.3,29.9,23.4,22.9,29.1,27.5,,3.1,14.1,19.4,28.4,30.9,33.3,25.0
01-06,21.7,10.5,36.3,16.3,21.1,23.7,30.1,23.0,30.4,26.2,24.4,35.4,26.2,7.7,32.7,23.7,20.5,25.9,30.9,23.0,,7.7,15.8,22.6,27.3,33.0,36.3,24.1
01-07,23.7,11.9,32.5,19.5,16.5,30.7,23.0,25.1,22.7,24.4,29.1,37.7,19.5,25.0,25.8,24.4,27.8,23.9,31.9,20.2,,11.9,19.2,22.9,26.4,31.9,37.7,24.4
01-08,22.6,25.8,20.7,30.3,19.3,32.0,21.7,25.9,21.3,26.2,25.5,33.9,14.6,35.9,32.0,29.5,24.6,23.8,21.6,26.3,,14.6,20.5,22.4,27.3,32.2,35.9,25.7
01-09,26.6,32.4,17.5,31.1,17.7,16.8,26.9,14.9,29.2,31.9,24.5,31.8,11.7,32.0,34.2,31.5,16.8,18.1,17.1,30.5,,11.7,16.6,17.6,31.2,32.0,34.2,26.8
01-10,27.5,31.6,26.6,30.9,21.0,18.7,26.0,-1.2,28.9,25.3,27.8,30.9,11.7,28.5,28.5,26.6,14.0,15.4,24.4,29.7,,-1.2,13.8,23.4,28.5,30.9,31.6,26.6
01-11,25.4,25.3,30.1,24.1,19.9,30.0,29.0,14.7,20.5,2.4,31.2,29.7,15.1,27.4,23.5,19.6,21.0,17.0,25.1,20.1,,2.4,15.0,20.0,26.0,30.0,31.2,23.8
01-12,24.8,12.7,22.3,7.9,17.4,28.0,31.8,23.7,19.4,-4.5,20.6,26.6,20.2,24.8,25.2,18.4,16.6,26.7,31.0,25.8,,-4.5,12.3,19.1,25.4,28.3,31.8,23.0
01-13,24.8,13.1,30.0,-6.4,19.2,29.4,28.2,28.3,23.4,-9.4,23.2,21.4,26.3,25.7,25.6,20.6,21.6,33.8,34.9,31.9,,-9.4,11.2,21.5,28.2,32.1,34.9,25.2
01-14,27.7,17.3,34.0,-2.5,21.0,27.2,23.0,28.2,30.2,-8.6,28.8,21.7,20.7,24.8,29.5,24.3,23.1,30.4,26.2,29.5,,-8.6,15.3,22.6,28.4,30.2,34.0,25.5
01-15,26.0,21.6,17.1,6.6,20.1,27.3,24.4,28.5,29.2,10.4,28.2,25.0,19.0,23.1,29.5,28.7,22.8,33.8,28.4,24.1,,6.6,16.4,22.5,28.3,29.3,33.8,24.7
01-16,18.8,28.2,7.5,12.8,-1.0,28.6,32.1,34.0,14.6,24.0,29.0,30.5,22.6,15.8,29.4,27.1,31.4,30.5,27.3,24.0,,-1.0,12.3,21.5,29.1,31.5,34.0,27.2
01-17,22.2,28.8,22.3,11.1,6.0,30.0,25.6,35.4,15.0,24.2,29.2,28.5,26.8,19.0,29.1,30.9,16.0,28.9,28.8,16.6,,6.0,14.6,21.2,28.8,30.1,35.4,26.2
01-18,21.5,30.6,25.6,16.9,11.2,33.0,27.1,29.9,30.1,22.3,27.8,33.1,27.4,23.7,35.2,19.5,22.2,22.5,26.2,11.1,,11.1,16.3,22.3,28.4,33.0,35.2,25.9
01-19,21.7,34.7,14.0,21.4,17.6,37.8,24.0,22.3,37.8,25.7,29.7,30.4,24.2,25.3,36.7,26.8,26.7,20.8,22.2,15.2,,14.0,17.4,22.1,27.7,36.8,37.8,24.8
01-20,14.9,36.7,8.6,18.1,22.7,35.1,22.6,20.1,32.0,25.1,28.6,25.2,21.4,22.2,20.4,30.9,34.8,26.5,21.7,12.0,,8.6,14.6,21.1,27.1,34.8,36.7,22.7
01-21,13.6,33.4,11.7,9.9,17.4,36.2,23.5,29.1,28.5,28.3,27.3,18.9,22.9,19.0,9.6,21.1,27.7,28.2,22.5,12.9,,9.6,11.5,18.5,27.9,29.6,36.2,22.7
01-22,21.4,33.4,10.6,17.1,15.9,36.5,20.7,25.7,19.5,31.6,25.7,19.9,32.5,24.5,14.5,10.6,26.5,28.5,21.8,12.0,,10.6,11.8,18.8,25.9,32.6,36.5,21.6
01-23,25.3,32.6,18.9,28.2,15.4,34.1,16.2,20.7,24.1,33.8,21.1,24.4,32.2,20.8,17.8,22.3,25.9,18.9,24.7,12.7,,12.7,16.1,20.1,25.5,32.7,34.1,23.2
01-24,21.7,29.8,31.4,29.6,18.7,31.6,11.9,24.5,18.7,33.3,24.1,29.4,20.4,10.1,28.5,20.5,27.6,14.1,28.2,15.9,,10.1,13.8,19.9,28.7,31.4,33.3,24.3
01-25,10.6,30.8,27.6,27.9,17.2,25.7,23.2,22.9,30.0,32.1,27.4,37.6,14.2,6.3,28.1,20.7,25.9,17.8,17.9,15.3,,6.3,13.9,17.9,27.6,31.0,37.6,24.5
01-26,6.5,30.1,22.4,23.8,20.5,15.5,26.8,21.9,31.5,30.8,26.4,39.6,18.8,7.1,12.4,23.5,31.3,11.9,16.0,16.1,,6.5,11.4,16.1,26.5,31.4,39.6,22.1
01-27,18.0,28.2,17.8,22.1,29.1,8.3,24.4,28.8,17.8,27.1,27.7,34.4,27.7,11.8,20.8,30.4,22.5,21.0,19.2,24.3,,8.3,17.2,20.3,27.7,29.2,34.4,23.4
01-28,22.1,26.8,18.0,19.9,15.1,18.2,22.3,29.5,19.0,10.0,27.2,30.9,32.4,21.6,28.3,26.4,21.7,32.7,23.6,20.1,,10.0,17.7,20.0,26.9,31.1,32.7,22.2
01-29,22.5,24.4,26.1,20.1,8.9,21.1,21.5,28.1,28.0,9.9,33.2,30.6,34.2,30.1,32.9,23.4,19.6,25.1,27.4,20.7,,8.9,18.6,21.4,28.1,32.9,34.2,24.8
01-30,25.8,22.0,31.2,21.0,6.9,26.4,24.3,25.8,28.9,22.1,28.0,30.2,29.1,29.6,36.4,22.0,21.2,18.1,25.9,13.6,,6.9,17.6,22.0,28.2,30.3,36.4,25.8
01-31,13.9,16.9,25.6,14.0,12.5,24.5,20.5,16.5,25.3,21.5,19.5,27.4,23.8,32.0,35.4,23.6,27.3,24.1,28.6,10.0,,10.0,13.8,18.7,25.4,28.9,35.4,23.7
02-01,10.2,19.7,31.3,8.9,17.5,21.3,18.5,0.4,26.5,22.3,9.9,26.4,10.9,32.0,34.0,27.9,33.8,33.5,12.0,18.6,,0.4,9.8,15.8,26.9,33.5,34.0,20.5
02-02,17.0,21.7,28.9,14.5,17.1,25.6,25.4,-1.5,19.3,25.6,10.6,33.6,2.7,30.3,33.0,33.8,36.7,37.0,2.9,25.3,,-1.5,2.9,17.1,29.3,34.1,37.0,25.4
02-03,19.4,25.2,23.6,28.5,19.2,29.2,24.2,18.7,17.6,28.1,16.9,33.1,5.7,30.1,33.7,26.7,8.9,29.0,7.2,28.9,,5.7,8.7,19.1,28.6,30.4,33.7,24.7
02-04,16.4,22.7,29.9,30.7,9.2,29.4,23.4,28.5,17.4,25.4,12.1,35.5,15.9,31.9,33.9,26.4,2.5,14.8,17.8,28.3,,2.5,11.8,17.1,28.7,32.1,35.5,24.4
02-05,14.7,21.2,17.7,36.1,8.0,33.5,26.7,27.2,16.3,31.0,14.1,37.2,17.9,33.4,33.1,20.3,13.5,24.2,23.9,25.7,,8.0,14.0,17.8,28.3,33.8,37.2,24.1
02-06,13.7,22.1,25.2,36.7,17.3,28.5,28.4,22.5,14.4,25.7,20.1,39.1,23.7,30.7,24.2,8.8,28.9,26.6,23.4,17.1,,8.8,14.3,21.5,27.1,31.3,39.1,23.9
02-07,16.8,19.9,29.9,35.7,26.5,28.0,24.5,27.2,20.3,24.3,22.9,38.7,27.7,33.5,28.0,5.1,30.6,30.2,28.5,19.0,,5.1,18.8,23.8,28.9,33.7,38.7,27.5
02-08,12.0,10.9,30.6,33.4,23.3,25.2,17.2,12.6,28.1,20.5,30.1,37.8,33.7,36.3,32.8,15.1,30.2,32.1,29.1,24.1,,10.9,12.5,22.5,31.0,34.0,37.8,28.6
02-09,10.0,20.1,29.6,33.5,25.9,18.4,17.7,8.2,27.0,12.1,32.8,37.0,34.2,41.5,36.3,16.5,19.3,30.4,26.4,16.6,,8.2,11.9,18.2,31.2,36.3,41.5,26.2
02-10,14.0,26.9,21.1,34.0,26.8,13.9,17.7,14.4,30.6,9.8,27.4,28.7,34.9,39.5,23.2,18.2,18.7,27.7,32.0,28.1,,9.8,14.0,18.6,28.3,34.1,39.5,26.8
02-11,9.8,30.6,22.0,31.7,27.4,15.0,18.1,19.9,31.3,5.5,21.2,28.9,34.6,30.6,23.7,10.6,17.5,29.7,31.8,31.2,,5.5,10.5,19.4,30.6,31.7,34.6,25.5
02-12,6.2,30.3,26.8,26.4,27.3,16.3,24.1,28.0,25.1,12.6,30.4,33.9,37.3,29.7,23.7,22.0,21.1,28.6,31.9,27.2,,6.2,16.0,24.0,28.9,32.1,37.3,27.0
02-13,20.8,25.8,27.0,23.4,27.7,13.5,25.6,33.7,23.1,21.1,36.3,38.6,33.4,28.5,24.1,30.7,23.4,24.1,30.0,29.4,,13.5,21.1,23.9,29.6,33.9,38.6,26.4
02-14,21.6,30.1,31.3,16.8,9.9,13.3,26.2,32.4,18.9,20.5,39.1,38.8,31.7,28.2,28.7,31.2,28.5,14.8,32.1,14.2,,9.9,14.1,20.0,31.2,33.1,39.1,28.4
02-15,19.8,28.4,19.2,22.9,15.6,19.4,27.7,32.1,19.0,22.3,39.5,31.8,33.6,29.4,17.8,25.9,27.9,19.7,31.5,6.4,,6.4,17.6,19.6,28.7,32.2,39.5,24.4
02-16,25.1,26.0,6.1,30.9,22.5,27.4,24.4,31.2,16.8,28.0,35.3,25.5,34.8,32.7,20.5,14.2,31.9,18.9,25.2,10.9,,6.1,13.9,21.9,28.9,32.9,35.3,25.3
02-17,32.9,24.5,16.3,27.8,22.8,19.7,24.2,21.4,18.2,26.8,32.4,24.5,40.8,31.8,28.6,10.7,26.2,12.5,16.9,22.3,,10.7,16.0,20.9,27.1,32.4,40.8,24.4
02-18,35.8,31.0,16.6,31.7,25.7,15.6,24.7,27.5,23.5,19.6,33.6,32.8,29.7,31.6,31.9,7.5,20.2,11.3,19.8,23.2,,7.5,15.1,20.1,31.2,32.9,35.8,25.2
02-19,22.4,27.4,16.1,21.8,29.1,15.6,25.3,24.9,16.3,26.9,25.3,35.8,30.4,30.5,13.6,2.1,19.9,27.0,26.1,26.7,,2.1,15.4,21.2,26.9,30.4,35.8,25.3
02-20,22.2,25.2,8.5,20.4,26.6,24.6,21.8,16.9,16.5,20.7,18.6,31.5,32.4,33.4,0.9,9.6,22.5,20.2,30.3,29.2,,0.9,9.5,19.8,25.6,31.6,33.4,22.0
02-21,25.4,24.1,8.7,30.6,24.5,28.9,17.7,12.6,26.8,11.5,27.1,24.9,30.4,36.2,8.5,11.7,29.8,18.0,27.1,27.7,,8.5,11.2,17.9,27.3,30.4,36.2,25.1
02-22,25.8,28.6,17.1,34.5,25.8,33.9,10.2,16.8,33.5,11.3,29.5,20.7,24.3,28.4,11.8,6.3,30.7,25.7,21.1,12.5,,6.3,11.2,17.0,28.5,33.5,34.5,25.0
02-23,26.2,23.6,21.9,17.8,25.5,34.1,19.4,21.0,22.4,15.5,31.6,19.7,18.7,13.1,9.9,10.6,27.3,27.9,15.7,11.3,,9.9,11.2,17.2,24.2,28.2,34.1,20.4
02-24,26.1,24.8,24.7,13.8,29.9,33.4,23.1,22.6,24.7,9.0,32.1,23.4,25.8,9.2,8.1,18.3,22.4,19.8,11.4,18.7,,8.1,9.2,18.6,24.8,30.1,33.4,22.8
02-25,26.5,23.8,27.2,22.0,25.1,31.9,20.1,23.6,28.2,18.3,33.1,28.3,31.4,12.9,14.0,25.9,15.0,16.0,7.0,31.0,,7.0,13.9,19.6,27.5,31.5,33.1,24.5
02-26,25.6,21.0,33.9,26.4,24.9,30.1,21.9,24.1,19.6,10.7,33.5,22.5,34.2,16.9,21.7,30.2,23.8,22.7,8.9,20.3,,8.9,16.3,21.5,25.9,33.5,34.2,23.3
02-27,22.3,21.0,37.1,19.8,33.3,21.6,26.5,17.5,27.4,11.3,29.8,18.9,38.7,21.3,19.6,31.9,26.5,10.2,16.9,21.5,,10.2,16.4,19.7,26.8,33.6,38.7,21.6
02-28,19.0,23.8,35.3,13.1,31.9,28.9,24.9,23.1,20.4,21.6,30.6,22.7,34.1,15.9,17.9,31.5,29.8,12.0,25.6,16.8,,12.0,15.6,20.0,29.2,32.1,35.3,23.5
02-29,17.4,,,,34.9,,,,23.2,,,,34.9,,,,31.5,,,,,12.0,15.6,20.0,29.2,32.1,35.3,23.5
03-01,16.5,22.8,28.5,11.2,34.0,40.1,24.9,28.5,18.4,29.8,27.1,23.5,37.9,14.5,24.7,34.1,27.5,25.2,31.9,21.0,,11.2,16.3,23.3,28.9,34.5,40.1,26.2
03-02,20.7,26.9,30.7,12.3,12.7,42.1,28.9,33.3,9.3,35.4,27.9,25.5,37.0,24.0,31.5,31.3,21.3,27.6,35.3,17.5,,9.3,12.7,23.2,31.4,35.5,42.1,27.7
03-03,19.7,25.6,31.8,15.2,19.9,38.8,29.6,29.3,22.7,34.5,31.0,18.0,38.5,31.0,31.4,30.2,27.3,30.7,37.3,19.1,,15.2,19.0,24.7,31.1,37.4,38.8,29.9
03-04,20.3,26.6,24.9,29.8,24.0,33.8,22.8,22.4,29.1,24.0,27.4,12.9,37.6,33.9,14.2,25.2,30.0,25.9,35.4,21.4,,12.9,19.7,23.6,29.3,34.0,37.6,25.5
03-05,19.8,30.2,31.8,34.6,13.2,23.7,23.9,28.2,35.0,28.4,29.7,20.9,38.3,30.5,10.2,31.3,33.6,30.0,28.5,23.0,,10.2,19.1,23.8,30.7,34.6,38.3,29.1
03-06,28.2,31.5,34.9,32.5,16.9,21.0,26.8,29.1,33.2,33.6,35.5,28.0,32.4,13.3,18.7,31.6,36.7,37.7,19.2,22.2,,13.3,18.6,25.4,32.7,35.7,37.7,30.3
03-07,31.4,33.1,27.7,33.2,27.1,16.3,28.4,24.7,16.6,31.3,25.8,31.9,23.5,25.6,29.5,29.7,37.3,37.3,13.1,22.9,,13.1,16.6,25.3,31.3,33.6,37.3,28.0
03-08,36.2,34.4,18.6,33.7,28.2,23.0,27.5,20.9,24.8,28.2,26.2,31.5,24.8,33.3,33.2,23.7,29.8,38.9,13.4,22.9,,13.4,20.7,24.5,32.0,34.6,38.9,27.8
03-09,37.1,38.5,20.2,34.5,23.9,22.6,23.8,27.0,31.2,21.6,32.9,30.0,31.4,36.6,33.7,22.6,30.7,28.5,21.1,28.3,,20.2,21.5,23.9,31.8,36.7,38.5,29.2
03-10,33.2,35.0,12.6,31.8,27.2,15.8,16.2,34.8,32.7,22.2,36.7,33.6,36.3,39.0,33.9,23.6,31.5,20.8,18.0,34.0,,12.6,16.2,23.2,33.9,36.3,39.0,32.3
03-11,33.9,34.2,13.0,35.5,33.5,23.5,15.5,35.9,34.2,27.0,21.7,37.0,39.3,36.5,32.6,27.8,35.4,19.8,14.2,30.1,,13.0,15.4,25.9,34.6,36.6,39.3,33.0
03-12,34.4,37.9,12.7,40.9,32.1,24.7,28.2,34.8,34.9,31.0,25.0,33.9,33.1,37.1,33.5,31.9,35.0,19.3,21.1,28.0,,12.7,20.9,28.1,34.5,37.2,40.9,32.6
03-13,34.4,25.7,11.8,41.8,35.3,23.1,22.9,33.0,35.1,36.1,29.5,35.1,33.5,38.7,37.3,16.5,30.0,17.6,29.3,27.7,,11.8,17.5,27.1,35.1,37.4,41.8,31.5
03-14,36.0,17.2,25.0,41.6,24.1,27.3,22.8,35.3,35.8,42.6,30.5,36.9,31.3,42.4,35.8,16.1,31.9,25.5,28.2,30.8,,16.1,22.3,26.8,35.8,41.7,42.6,31.1
03-15,34.2,19.0,21.0,36.4,20.4,31.4,29.0,37.3,37.6,42.9,29.1,40.5,28.0,41.9,24.0,21.0,33.6,29.2,31.2,30.1,,19.0,20.9,28.7,34.9,40.7,42.9,30.7
03-16,34.6,26.0,27.0,41.1,17.1,35.7,31.3,39.4,39.1,37.6,35.8,40.9,30.3,43.3,24.6,26.5,33.9,26.8,32.5,19.6,,17.1,24.1,27.0,36.4,41.0,43.3,33.2
03-17,35.2,28.4,27.4,43.5,20.5,37.2,35.8,26.9,34.8,32.9,31.1,41.8,33.9,43.2,24.5,29.2,33.7,28.9,28.5,17.7,,17.7,24.1,28.4,34.9,41.9,43.5,32.0
03-18,38.4,29.1,23.4,42.3,25.0,37.4,34.0,29.4,20.7,30.9,18.1,36.7,32.2,45.6,16.8,30.5,26.7,33.6,28.3,17.8,,16.8,18.1,26.2,33.7,38.8,45.6,29.9
03-19,41.2,29.1,20.2,41.2,31.7,39.6,22.9,28.8,18.1,31.8,24.7,33.4,35.1,45.3,19.6,31.8,25.7,38.5,31.0,25.0,,18.1,20.2,25.5,33.9,41.2,45.3,31.4
03-20,44.7,25.9,19.6,38.5,32.2,39.7,24.1,28.8,22.4,36.0,32.4,35.8,40.2,44.4,26.4,34.9,21.9,31.5,30.9,24.7,,19.6,22.4,26.2,35.9,40.6,44.7,31.9
03-21,45.0,24.5,23.3,31.3,31.2,39.6,33.7,25.2,31.6,29.2,34.6,38.8,42.3,43.5,35.3,29.2,26.0,19.5,26.5,26.7,,19.5,24.4,26.6,34.8,42.4,45.0,31.2
03-22,44.5,27.1,23.2,33.0,25.3,28.3,33.9,21.6,37.2,22.5,29.2,39.5,26.4,38.2,38.7,28.1,28.0,21.9,26.9,22.7,,21.6,22.4,26.1,33.2,38.8,44.5,28.0
03-23,42.0,25.3,27.0,34.0,29.4,20.5,22.3,25.0,41.1,16.3,29.5,36.8,21.3,27.2,32.7,29.8,28.6,22.1,29.8,23.7,,16.3,21.2,24.6,29.8,37.2,42.0,27.9
03-24,39.0,26.1,32.9,35.3,35.4,20.1,24.9,24.6,40.0,21.4,33.1,35.8,28.5,30.9,32.9,30.4,32.2,23.7,34.6,18.3,,18.3,21.3,25.7,33.5,36.2,40.0,31.6
03-25,39.7,22.4,36.0,38.1,38.3,27.3,30.7,21.3,41.2,30.7,37.8,31.0,30.0,30.1,28.3,32.2,31.9,24.0,41.7,10.0,,10.0,22.3,29.5,36.5,39.9,41.7,30.9
03-26,32.6,20.5,26.7,40.6,39.0,16.6,23.2,24.1,27.7,36.0,30.3,35.7,23.0,29.2,18.9,39.1,23.1,22.2,44.3,8.7,,8.7,18.6,23.1,33.6,39.2,44.3,27.2
03-27,27.0,32.1,34.2,27.6,31.7,19.5,21.7,30.6,33.4,35.7,27.1,41.4,32.7,30.4,23.8,38.3,17.1,26.2,45.0,10.8,,10.8,19.3,26.8,32.9,38.6,45.0,30.5
03-28,29.5,31.6,34.8,20.5,33.6,30.0,29.2,29.5,36.9,37.2,28.8,43.3,33.3,26.4,32.7,35.7,23.1,35.7,40.8,27.6,,20.5,26.1,29.4,35.0,37.5,43.3,32.2
03-29,36.0,23.5,27.4,20.3,36.6,24.7,39.3,27.6,37.2,37.4,35.1,41.2,20.6,31.6,33.0,24.1,25.8,34.9,34.5,33.3,,20.3,23.2,26.9,35.4,37.6,41.2,33.1
03-30,40.1,17.8,24.3,22.8,30.9,16.4,41.2,34.1,41.1,37.5,27.9,43.0,19.5,34.9,35.3,23.0,31.1,19.2,31.8,19.9,,16.4,19.0,22.9,35.0,41.1,43.0,31.0
03-31,41.6,19.1,31.0,34.8,20.3,26.2,31.5,40.6,44.5,37.2,26.3,43.5,24.6,29.9,42.1,25.6,36.7,28.1,32.7,24.1,,19.1,23.7,26.3,36.8,42.2,44.5,31.2
04-01,36.2,31.0,28.8,40.7,26.1,22.3,19.6,42.9,27.4,32.8,25.2,35.5,28.6,33.6,42.7,32.8,38.3,38.8,32.4,29.6,,19.6,24.9,28.8,35.7,40.9,42.9,32.6
04-02,36.0,35.6,31.5,41.1,31.6,31.8,23.2,45.6,21.9,31.2,22.3,25.0,33.6,33.0,38.1,33.7,23.7,43.2,36.1,35.1,,21.9,23.2,31.4,35.7,41.3,45.6,33.3
04-03,34.6,36.8,40.6,39.4,27.3,24.0,29.8,23.4,31.9,35.7,23.1,27.1,38.6,27.6,29.3,32.8,26.8,44.4,38.3,23.2,,23.1,23.3,27.2,36.0,39.6,44.4,30.9
04-04,35.5,28.8,41.3,43.5,30.7,18.7,31.8,28.0,39.3,40.5,27.0,35.0,39.4,23.8,36.0,36.4,33.7,45.7,37.9,10.9,,10.9,23.3,30.1,38.3,41.5,45.7,35.3
04-05,36.9,27.9,29.7,42.1,33.1,23.7,26.5,40.4,37.5,39.2,27.0,38.2,35.4,33.6,38.7,35.2,36.3,43.9,37.4,9.7,,9.7,26.3,32.1,37.7,40.6,43.9,35.9
04-06,36.8,39.2,26.1,42.3,34.2,32.1,18.1,32.5,24.2,37.6,30.2,36.0,37.5,42.3,41.1,35.1,35.3,29.9,34.7,21.9,,18.1,24.0,31.5,37.0,41.2,42.3,34.9
04-07,34.4,42.4,33.3,40.6,27.3,39.7,22.9,30.6,32.7,39.6,35.7,33.8,43.7,44.4,43.5,38.4,34.9,38.0,33.5,33.0,,22.9,30.2,33.4,39.7,43.5,44.4,35.3
04-08,33.9,30.2,40.8,34.9,29.1,31.5,32.1,24.0,40.0,30.5,40.5,23.7,42.1,35.4,35.2,44.0,38.1,39.8,39.0,36.1,,23.7,28.6,31.9,39.2,41.0,44.0,35.3
04-09,33.7,26.0,41.8,35.5,24.0,32.5,34.6,20.7,43.2,19.0,43.6,29.7,35.8,23.3,35.0,39.1,32.2,35.5,42.3,38.4,,19.0,23.0,31.4,36.6,42.4,43.6,34.8
04-10,27.4,24.2,35.9,26.1,21.4,34.7,37.8,21.9,43.8,27.9,42.6,36.3,35.5,30.7,43.3,22.4,33.1,39.1,36.0,42.8,,21.4,22.3,27.8,36.8,42.8,43.8,35.1
04-11,31.4,26.4,35.4,26.2,25.0,30.0,41.5,29.7,36.7,31.2,43.8,37.8,34.9,37.9,48.4,23.1,36.0,37.9,31.0,47.0,,23.1,26.1,30.7,37.8,44.1,48.4,35.1
04-12,37.0,35.3,42.3,26.6,32.8,31.9,31.6,33.3,27.3,33.4,43.0,36.9,38.0,41.9,29.4,23.4,30.3,36.0,28.4,44.1,,23.4,27.2,31.2,37.0,42.3,44.1,33.3
04-13,39.6,39.9,42.0,29.1,38.9,37.3,26.8,32.2,27.0,39.3,29.1,41.5,40.6,45.2,20.8,28.2,23.5,41.7,17.1,35.8,,17.1,23.2,28.8,39.7,41.7,45.2,36.6
04-14,37.7,34.5,39.5,35.8,44.9,35.5,31.5,25.4,24.6,35.4,30.7,36.5,37.2,36.3,31.8,38.9,24.3,33.2,24.5,29.1,,24.3,24.6,31.2,36.3,39.0,44.9,35.0
04-15,39.4,36.5,35.0,34.7,37.2,21.4,38.7,32.8,28.9,32.7,38.7,17.7,26.1,34.9,39.5,41.1,33.1,26.0,34.9,32.4,,17.7,25.5,32.6,36.7,39.4,41.1,34.8
04-16,39.8,41.0,38.0,33.9,19.6,20.2,42.1,40.3,31.9,23.5,34.4,21.7,28.3,41.8,42.6,32.7,29.7,25.9,38.2,38.5,,19.6,21.6,29.3,38.9,41.9,42.6,34.1
04-17,36.2,41.1,25.2,38.9,28.6,27.2,40.0,45.0,36.3,18.4,41.4,29.8,31.5,43.8,22.2,32.8,32.9,27.3,38.3,41.5,,18.4,24.9,29.4,39.2,41.7,45.0,34.6
04-18,27.0,37.9,21.9,28.8,39.4,34.8,42.3,40.2,39.3,21.3,43.2,37.8,31.6,41.5,30.7,39.7,32.6,31.6,40.9,36.1,,21.3,26.5,31.6,39.5,41.6,43.2,37.0
04-19,28.8,28.8,28.9,28.0,41.1,37.9,42.7,35.8,39.1,30.8,40.6,38.5,36.9,34.5,34.2,43.7,32.5,37.8,43.2,22.2,,22.2,28.8,32.0,38.7,42.8,43.7,36.3
04-20,33.1,26.4,35.1,30.9,34.1,41.0,42.0,40.5,42.0,32.0,42.1,39.8,43.0,35.4,30.4,43.9,34.6,35.7,42.4,25.5,,25.5,30.0,33.8,41.3,42.5,43.9,35.5
04-21,32.5,31.9,42.0,31.3,30.9,43.1,31.8,34.3,46.1,38.5,45.3,41.7,45.2,32.2,37.5,35.8,34.5,37.2,42.7,36.6,,30.9,31.8,33.8,41.8,45.2,46.1,36.9
04-22,27.9,36.7,45.4,29.3,38.4,45.3,24.6,32.1,48.1,39.0,43.8,38.0,46.0,37.9,42.4,34.0,37.8,34.0,39.3,32.9,,24.6,29.2,34.0,40.3,45.5,48.1,37.9
04-23,31.2,39.1,34.6,29.5,39.0,46.4,25.7,33.6,49.1,28.1,30.2,37.2,32.8,43.1,44.1,37.9,40.5,36.7,30.0,34.1,,25.7,29.4,32.3,39.0,44.3,49.1,35.6
04-24,34.5,31.7,32.9,33.6,30.1,43.8,34.8,33.2,48.1,33.0,39.1,34.6,35.7,37.2,39.7,43.0,38.4,41.7,27.3,38.2,,27.3,31.6,33.5,38.6,43.1,48.1,35.2
04-25,37.4,33.0,36.3,38.0,32.8,30.6,36.7,32.7,42.9,37.1,41.5,32.7,31.3,29.1,43.1,43.6,42.6,42.6,29.9,30.3,,29.1,30.2,32.7,39.0,42.9,43.6,36.5
04-26,42.0,35.5,40.9,39.9,33.0,25.9,37.9,24.0,41.8,38.4,30.0,28.8,28.7,33.9,45.6,44.7,45.3,31.9,39.8,37.8,,24.0,28.4,32.7,40.2,44.7,45.6,37.8
04-27,43.8,32.8,43.9,42.9,36.3,34.2,42.3,27.0,33.9,41.5,28.7,33.7,31.0,30.7,48.0,45.0,46.8,28.9,44.1,42.0,,27.0,28.9,33.4,43.2,45.2,48.0,38.9
04-28,38.6,30.6,40.8,47.7,44.1,40.1,35.5,39.2,34.0,45.7,27.1,41.1,30.7,22.9,48.3,43.9,45.5,35.8,43.3,42.4,,22.9,30.3,35.8,43.5,45.9,48.3,40.5
04-29,26.6,31.2,40.3,50.1,46.4,40.7,21.0,25.8,36.4,48.2,27.6,45.5,32.4,28.3,42.1,37.5,49.5,43.6,38.6,45.7,,21.0,26.5,32.1,44.2,48.3,50.1,39.4
04-30,33.4,32.4,42.4,49.3,33.0,43.2,23.8,21.4,44.7,44.7,31.6,45.0,32.8,34.9,33.0,33.7,51.4,50.2,37.6,48.6,,21.4,30.9,33.0,44.7,49.4,51.4,36.3
05-01,39.8,33.5,42.1,45.7,20.5,43.5,27.3,24.7,47.7,28.6,38.1,46.8,33.6,39.4,30.9,27.0,47.4,50.6,38.7,48.7,,20.5,26.8,32.7,44.2,47.8,50.6,39.0
05-02,44.8,34.8,43.2,46.5,29.1,37.9,23.6,31.7,45.8,33.2,44.3,46.5,35.9,41.4,30.6,32.8,45.4,40.3,43.0,43.9,,23.6,30.4,34.3,44.0,45.9,46.5,40.8
05-03,48.0,36.6,43.6,34.0,36.2,42.4,36.1,40.7,45.3,40.0,49.3,43.2,41.2,41.8,35.5,38.7,45.2,35.8,34.1,42.0,,34.0,35.4,36.5,42.6,45.5,49.3,41.0
05-04,49.2,40.3,39.1,29.0,40.3,41.0,41.3,37.2,45.3,41.5,50.5,41.0,46.6,46.2,41.0,41.6,39.8,40.7,32.2,35.4,,29.0,35.0,40.1,41.5,46.8,50.5,41.0
05-05,47.9,40.1,35.6,24.9,42.2,46.2,44.7,43.0,37.6,43.0,46.8,38.4,48.7,50.2,45.6,43.2,44.1,44.1,40.9,30.5,,24.9,35.1,40.7,45.0,48.0,50.2,43.1
05-06,45.2,31.8,38.4,30.4,42.7,47.8,30.4,47.2,35.4,37.0,38.8,37.0,39.6,49.6,49.6,41.1,48.1,49.6,49.6,34.1,,30.4,31.7,37.0,47.4,49.6,49.6,40.3
05-07,45.4,33.8,44.1,36.9,37.9,46.6,32.2,48.3,35.3,34.2,28.4,38.7,32.4,43.7,50.1,38.1,40.3,48.9,49.0,38.1,,28.4,32.3,36.4,44.5,48.9,50.1,38.4
05-08,46.2,38.2,43.5,42.6,37.9,40.6,41.2,42.3,42.8,35.0,33.0,33.1,35.1,40.4,50.8,34.0,42.9,39.0,42.7,40.8,,33.0,33.9,38.1,42.6,43.8,50.8,40.7
05-09,46.0,39.5,38.2,46.7,37.6,44.2,42.3,29.8,45.9,37.8,41.1,30.3,41.9,41.2,53.8,34.0,46.0,36.6,35.9,42.3,,29.8,33.6,37.7,42.9,46.1,53.8,41.2
05-10,47.1,31.6,39.0,50.1,37.4,43.8,37.2,29.8,48.1,42.4,40.0,35.4,35.9,40.9,52.5,35.1,48.7,35.9,36.1,36.4,,29.8,34.7,36.1,42.8,48.8,52.5,38.2
05-11,34.6,30.3,43.9,50.2,45.6,50.0,28.8,32.7,43.2,44.5,26.8,41.7,37.3,44.9,45.4,38.5,48.7,36.7,36.7,37.8,,26.8,30.1,36.7,44.6,48.8,50.2,40.1
05-12,31.2,33.9,49.6,52.2,32.5,49.3,30.3,40.0,44.2,47.4,29.9,44.7,43.5,48.0,35.4,42.0,45.9,43.5,34.5,40.6,,29.9,31.1,35.1,45.1,49.3,52.2,42.7
05-13,34.8,39.3,49.0,51.4,31.3,40.4,31.3,45.5,44.0,51.2,31.9,42.8,49.6,43.2,36.6,45.9,43.5,49.7,39.8,39.4,,31.3,31.9,39.4,45.6,49.8,51.4,43.0
05-14,42.8,40.3,47.3,45.3,39.1,46.1,33.6,43.6,48.8,52.5,39.3,37.9,50.1,41.7,39.5,46.3,43.5,50.8,46.6,39.3,,33.6,39.0,40.0,46.4,50.1,52.5,43.6
05-15,46.2,44.7,48.3,46.2,40.5,44.3,36.6,44.8,52.8,49.5,45.2,30.5,44.9,39.4,43.2,47.0,43.0,48.9,50.6,44.9,,30.5,39.1,44.0,46.5,49.6,52.8,44.9
05-16,46.5,42.4,50.7,48.5,44.9,45.9,42.9,35.6,49.6,49.6,48.6,33.3,36.0,36.1,46.7,41.1,45.7,44.1,53.2,45.5,,33.3,35.9,42.7,47.2,49.7,53.2,45.6
05-17,45.8,34.7,50.2,47.0,48.7,50.1,45.9,32.2,53.3,43.2,50.1,39.0,36.8,26.8,45.3,29.2,51.0,39.7,50.4,42.9,,26.8,31.9,39.5,49.1,50.4,53.3,45.5
05-18,46.4,44.0,51.8,49.2,51.1,52.3,35.2,30.5,43.0,39.4,51.3,37.3,39.9,25.6,42.6,33.7,51.0,45.9,50.1,46.2,,25.6,33.4,39.8,49.5,51.4,52.3,44.9
05-19,45.7,48.0,52.8,51.0,53.4,49.7,38.4,30.3,41.7,34.0,47.3,33.9,45.7,32.8,42.9,33.2,42.9,50.7,51.6,45.8,,30.3,33.2,40.7,48.5,51.7,53.4,45.7
05-20,41.9,50.6,52.0,50.9,55.7,49.5,44.7,34.5,48.8,35.8,44.3,38.7,47.0,39.0,42.1,30.8,33.8,49.2,37.4,45.3,,30.8,34.4,38.9,48.9,51.0,55.7,44.5
05-21,41.3,51.1,50.6,44.8,34.1,46.3,48.3,40.5,54.8,43.7,41.5,39.6,40.2,42.6,45.6,29.6,40.9,39.3,33.9,47.0,,29.6,34.1,40.4,45.8,50.6,54.8,42.0
05-22,39.3,51.4,43.7,34.6,28.6,46.2,37.6,43.3,57.1,49.8,44.1,35.9,36.1,43.8,42.4,29.1,44.5,33.3,40.1,45.1,,28.6,32.9,37.1,44.2,49.9,57.1,42.9
05-23,42.6,51.8,43.9,34.0,30.5,42.9,33.5,37.9,44.5,49.2,41.5,33.9,40.4,47.7,43.6,30.7,34.7,33.1,39.4,46.9,,30.5,32.9,34.5,43.7,47.9,51.8,41.0
05-24,40.6,50.4,50.1,40.2,31.8,44.3,29.5,34.4,42.9,45.8,38.8,37.5,37.9,53.4,49.8,34.9,36.9,38.4,41.3,46.7,,29.5,34.1,37.8,44.7,50.1,53.4,40.4
05-25,40.5,49.2,53.4,46.3,37.3,43.2,39.0,44.6,49.3,48.2,44.9,41.3,39.0,48.9,51.3,38.3,42.7,47.7,46.6,45.4,,37.3,38.9,42.3,47.8,49.5,53.4,45.1
05-26,43.7,49.3,53.0,48.7,33.8,42.8,45.9,45.8,35.4,48.7,51.4,39.3,37.4,47.5,47.7,41.0,50.8,48.4,54.2,41.2,,33.8,37.2,42.3,48.7,51.6,54.2,46.7
05-27,48.4,48.5,43.8,51.9,40.8,45.1,48.7,44.9,36.0,48.1,55.6,43.5,39.1,41.8,39.9,32.4,54.7,49.1,55.0,45.1,,32.4,38.8,43.0,48.5,54.7,55.6,45.1
05-28,46.8,46.8,30.9,51.9,42.7,47.0,45.6,46.6,42.1,38.9,54.4,44.1,43.6,44.7,39.6,35.4,56.2,51.8,52.0,47.1,,30.9,38.6,43.3,47.0,52.2,56.2,46.1
05-29,36.0,48.3,38.4,43.6,41.6,46.5,36.7,34.3,47.5,39.6,52.1,46.5,46.6,47.8,45.4,38.5,58.5,49.6,41.5,47.6,,34.3,36.7,40.9,47.6,49.8,58.5,46.0
05-30,39.6,41.7,42.1,46.3,43.0,46.6,41.2,33.2,50.4,43.7,50.9,51.0,46.3,49.8,50.4,41.4,55.8,48.7,34.3,46.6,,33.2,39.0,42.0,49.1,50.9,55.8,46.3
05-31,47.2,44.4,48.5,50.7,47.5,46.9,47.9,44.8,52.6,43.4,52.4,54.3,47.2,50.1,51.9,43.2,56.9,49.3,35.4,44.8,,35.4,43.4,46.3,50.3,52.8,56.9,47.7
06-01,51.6,47.8,54.4,51.7,50.5,46.4,48.7,48.8,55.3,48.3,49.3,54.2,48.3,47.5,48.3,46.4,56.5,51.9,40.8,42.9,,40.8,46.0,48.1,51.7,54.5,56.5,48.8
06-02,53.9,42.0,56.4,52.3,49.3,48.3,49.9,40.3,57.9,55.2,53.5,51.4,54.0,49.5,50.4,44.5,55.6,55.5,48.6,43.4,,40.3,43.3,49.1,53.9,55.7,57.9,50.9
06-03,55.7,35.2,57.3,54.2,50.5,49.5,51.5,40.2,59.5,53.8,52.8,49.4,54.0,53.5,55.5,42.0,56.7,57.9,52.2,45.3,,35.2,41.8,50.2,54.6,57.3,59.5,53.1
06-04,55.9,39.4,57.9,56.5,37.8,51.4,54.0,47.8,57.2,54.2,52.5,48.8,55.7,56.6,58.4,46.9,57.8,59.1,52.2,47.4,,37.8,46.2,50.6,56.6,58.0,59.1,54.1
06-05,57.2,45.7,59.0,55.0,35.0,47.0,56.8,52.9,49.3,52.8,52.2,44.2,59.4,55.5,57.0,49.5,57.4,60.4,53.1,50.4,,35.0,45.5,50.1,56.9,59.0,60.4,53.0
06-06,57.8,43.1,59.8,32.5,47.2,40.5,59.6,47.5,41.6,54.3,54.1,41.6,58.2,56.1,55.5,51.9,46.8,59.3,53.4,52.1,,32.5,41.5,47.1,55.7,59.3,59.8,52.7
06-07,56.2,40.2,55.0,32.4,39.6,41.4,58.2,44.4,47.9,57.0,52.2,41.8,55.8,56.8,55.3,51.3,38.8,55.7,53.9,46.9,,32.4,39.5,43.6,55.4,56.8,58.2,51.7
06-08,54.3,41.5,51.4,41.7,39.4,45.1,54.3,44.8,55.2,58.0,50.0,49.5,57.9,55.0,55.2,41.2,29.8,52.7,57.6,45.3,,29.8,41.0,45.0,54.5,57.6,58.0,50.7
06-09,45.9,38.5,53.4,49.5,47.7,43.4,56.4,44.7,51.1,61.5,53.5,53.2,59.6,56.6,57.4,42.1,40.0,54.5,59.8,44.5,,38.5,41.9,45.5,55.1,59.6,61.5,52.1
06-10,38.1,40.0,54.6,52.6,51.2,44.2,52.6,48.3,40.0,60.0,57.2,49.0,58.9,55.5,52.0,48.9,48.1,50.1,61.8,46.5,,38.1,40.0,48.3,53.2,59.0,61.8,50.7
06-11,44.6,35.3,55.5,51.2,39.1,41.2,41.4,49.5,47.2,55.6,55.1,45.9,50.4,52.3,54.1,50.8,54.6,49.8,62.5,47.2,,35.3,41.0,46.8,52.8,55.5,62.5,50.1
06-12,48.6,40.9,55.5,51.2,40.4,46.5,36.3,48.2,54.5,59.1,56.6,51.7,52.1,40.3,56.2,52.3,58.2,57.2,62.7,39.0,,36.3,40.2,47.7,55.7,58.2,62.7,51.9
06-13,54.9,45.6,55.7,53.4,47.2,42.0,36.6,48.9,57.2,59.1,55.4,53.4,45.6,45.5,60.1,54.7,52.4,61.6,54.6,44.4,,36.6,44.1,46.7,55.0,59.2,61.6,53.4
06-14,56.8,49.9,48.3,58.0,54.3,43.2,41.7,49.5,56.2,51.4,45.1,53.2,51.8,50.5,60.0,49.9,50.3,63.4,46.2,46.5,,41.7,44.9,49.1,53.5,58.2,63.4,50.4
06-15,50.5,52.1,40.9,60.8,56.9,45.4,50.4,54.9,56.0,54.3,52.5,56.0,52.6,55.8,58.2,48.8,55.1,63.6,48.3,43.5,,40.9,45.2,50.5,55.8,58.5,63.6,53.4
06-16,49.9,50.4,44.9,60.9,57.4,43.8,48.3,49.6,56.2,55.1,50.7,58.6,52.4,58.7,55.0,48.0,55.4,65.5,57.6,41.8,,41.8,44.8,49.8,56.5,58.9,65.5,53.7
06-17,46.2,51.2,53.3,57.4,56.8,44.2,45.7,45.3,59.2,55.3,45.0,58.9,54.3,59.5,53.1,46.1,45.6,63.4,62.8,48.3,,44.2,45.2,46.2,57.0,59.8,63.4,53.2
06-18,50.2,50.8,59.9,54.3,56.7,44.7,52.1,51.0,60.3,56.9,42.1,59.5,57.3,57.3,51.1,48.6,44.4,62.1,58.8,54.0,,42.1,44.6,51.0,57.3,59.9,62.1,54.1
06-19,53.4,52.9,60.3,59.5,53.1,50.6,52.6,39.0,57.1,52.9,48.6,61.3,60.9,61.5,51.0,54.7,48.4,61.3,50.5,54.8,,39.0,48.6,52.2,57.8,61.3,61.5,53.3
06-20,54.9,55.6,57.2,59.7,56.4,46.8,51.5,42.9,52.1,50.2,55.1,61.6,64.3,63.4,55.0,53.0,55.2,62.9,45.6,50.8,,42.9,46.7,51.9,56.7,63.0,64.3,55.1
06-21,48.0,55.4,56.5,58.5,58.9,49.5,50.9,49.8,61.8,53.9,56.4,62.5,64.3,64.6,62.3,42.6,59.7,63.4,50.4,49.5,,42.6,49.4,50.8,60.3,63.5,64.6,56.5
06-22,50.9,50.1,56.2,61.0,57.7,50.1,50.9,55.4,59.7,51.3,57.3,61.2,62.5,60.1,55.8,37.9,58.3,60.8,52.5,52.0,,37.9,50.1,51.8,58.7,61.1,62.5,56.0
06-23,53.4,51.1,59.4,62.0,56.6,54.4,55.7,58.8,61.4,55.0,57.6,60.9,63.1,58.3,59.4,45.0,59.3,55.9,53.9,48.3,,45.0,50.8,54.9,59.3,61.5,63.1,57.1
06-24,52.2,49.5,61.9,59.9,57.7,57.4,58.2,58.4,63.1,51.6,58.8,60.9,61.3,58.0,53.8,51.9,60.5,50.4,54.0,49.9,,49.5,50.4,53.3,59.1,61.4,63.1,57.9
06-25,49.7,48.3,60.6,58.3,57.4,54.4,57.5,56.2,60.3,54.9,58.8,62.1,56.0,59.1,59.9,54.3,58.9,51.7,54.4,52.2,,48.3,51.5,54.4,58.8,60.4,62.1,56.8
06-26,50.4,48.2,58.5,58.5,57.0,48.2,55.9,55.8,60.4,59.7,52.3,63.2,59.7,61.1,63.8,53.2,57.2,56.8,53.1,53.8,,48.2,50.2,53.6,58.9,61.3,63.8,56.9
06-27,50.1,51.3,56.9,59.1,56.8,52.8,55.8,57.2,59.1,61.8,49.8,62.8,63.6,60.7,62.7,53.9,60.5,57.8,56.1,52.8,,49.8,51.1,55.2,59.5,62.7,63.6,57.0
06-28,50.7,51.1,54.7,59.9,58.2,55.5,57.8,60.3,60.9,62.2,56.1,63.4,58.6,59.2,59.8,55.1,60.2,58.7,59.7,51.1,,50.7,51.1,55.9,59.9,61.1,63.4,58.6
06-29,49.3,50.9,56.2,60.3,57.3,55.6,57.4,59.1,61.2,64.2,62.3,61.5,55.5,56.2,56.2,56.6,40.3,53.5,59.7,48.0,,40.3,49.2,55.5,59.2,61.5,64.2,56.4
06-30,50.8,55.0,54.2,60.4,58.3,58.9,55.9,49.7,61.3,65.8,59.1,60.5,53.2,55.4,52.6,52.6,45.9,50.9,59.1,51.6,,45.9,50.7,52.6,59.0,60.6,65.8,55.2
07-01,52.3,57.0,54.4,63.0,59.3,57.0,59.0,56.0,60.1,65.5,59.1,62.7,51.3,60.4,56.0,55.3,53.1,54.0,58.6,55.6,,51.3,53.0,55.5,59.2,62.8,65.5,57.0
07-02,53.1,57.7,56.7,63.4,60.3,50.5,59.1,61.1,61.3,65.3,60.5,59.7,52.3,60.4,61.1,57.0,55.8,59.9,59.3,59.8,,50.5,53.0,57.5,60.4,61.5,65.3,59.8
07-03,52.1,56.1,54.9,62.5,61.9,54.1,55.0,60.3,60.3,64.9,59.7,60.6,49.9,60.6,59.8,55.5,57.4,62.1,59.4,62.5,,49.9,53.9,55.9,60.6,62.5,64.9,59.7
07-04,53.4,57.0,53.2,63.8,62.7,56.1,48.3,57.3,59.1,62.7,59.1,56.5,57.1,61.6,59.1,53.9,58.9,58.1,58.5,60.5,,48.3,53.4,56.9,59.1,62.7,63.8,58.3
07-05,53.9,57.7,55.0,64.7,56.1,58.1,53.7,55.8,51.5,59.2,56.3,57.1,59.2,63.4,61.4,53.7,60.7,60.4,57.4,58.8,,51.5,53.7,56.0,59.2,61.6,64.7,57.6
07-06,56.5,57.7,52.4,64.3,51.8,59.8,56.2,55.1,53.1,55.3,57.3,50.1,58.0,64.5,61.7,55.4,62.8,63.2,57.4,59.2,,50.1,52.3,55.4,59.4,63.3,64.5,57.3
07-07,58.8,57.5,53.4,64.4,54.7,59.1,50.5,55.1,57.7,55.2,58.5,50.7,57.9,62.1,60.1,53.9,60.2,65.1,57.7,58.5,,50.5,53.1,55.2,58.9,62.3,65.1,57.8
07-08,56.7,58.0,54.1,62.1,57.7,58.8,55.2,53.9,60.3,60.1,55.7,50.9,58.6,59.2,57.5,54.0,59.5,67.5,60.0,58.7,,50.9,54.0,56.4,59.3,60.5,67.5,58.3
07-09,55.8,55.8,55.5,63.7,59.2,58.8,55.1,55.0,62.4,60.7,57.6,52.2,60.0,59.2,57.1,55.8,59.1,68.7,62.5,60.1,,52.2,55.1,55.9,60.0,62.7,68.7,58.9
07-10,56.2,57.1,51.1,62.4,61.5,59.8,56.1,53.2,61.5,64.3,53.7,47.8,59.1,56.9,60.3,59.3,61.1,68.1,62.8,58.8,,47.8,53.0,56.7,61.2,63.0,68.1,59.2
07-11,58.1,59.7,54.6,57.6,59.4,57.8,56.9,52.5,60.0,56.2,54.7,51.0,50.7,55.1,55.0,57.9,62.2,67.1,62.4,63.6,,50.7,52.3,55.1,59.5,62.5,67.1,57.7
07-12,61.2,64.0,58.3,59.5,56.7,59.9,61.3,53.7,58.8,52.1,58.8,53.3,56.7,54.1,53.4,59.8,65.1,64.6,58.5,61.3,,52.1,53.4,56.7,60.3,64.1,65.1,58.8
07-13,60.4,64.8,59.1,63.1,56.0,60.8,60.6,53.5,55.4,55.5,63.3,56.5,57.7,55.6,53.4,56.6,65.8,61.5,59.1,62.2,,53.4,55.2,56.3,61.0,63.5,65.8,59.1
07-14,56.4,63.3,62.3,64.3,57.2,56.8,60.3,53.1,53.5,55.0,59.9,57.3,60.6,58.3,53.6,59.5,63.7,55.4,58.2,61.1,,53.1,53.6,56.7,60.4,63.4,64.3,58.2
07-15,54.4,61.5,64.9,62.1,57.7,60.4,62.7,52.2,51.4,56.4,56.5,57.2,62.8,61.3,56.7,61.0,62.1,53.7,58.6,62.4,,51.4,53.5,56.6,61.7,62.7,64.9,59.5
07-16,57.1,64.6,65.4,60.8,54.4,62.3,65.4,56.1,49.6,56.2,57.1,57.3,61.2,59.3,59.3,61.7,59.4,57.2,61.3,66.1,,49.6,55.9,57.2,61.4,65.4,66.1,59.3
07-17,53.7,63.7,63.7,60.1,55.8,63.3,62.7,61.9,53.4,56.8,58.9,58.8,61.3,56.8,60.2,59.5,60.4,61.5,61.5,67.1,,53.4,55.6,58.9,61.6,63.7,67.1,60.3
07-18,56.1,62.5,60.0,62.4,59.3,62.5,63.6,60.1,55.9,58.1,60.2,50.4,58.5,61.6,62.1,59.7,62.4,60.3,60.0,61.8,,50.4,56.1,59.6,61.9,62.5,63.6,60.2
07-19,56.4,64.7,58.3,63.1,56.5,61.7,61.4,59.7,54.9,59.0,60.7,50.6,58.0,58.5,57.0,61.2,63.0,55.5,60.9,61.4,,50.6,55.5,57.7,61.3,63.0,64.7,59.4
07-20,55.4,64.9,58.3,62.1,55.0,57.7,60.0,59.4,56.8,61.0,59.8,49.0,60.0,59.4,59.7,59.4,60.0,56.5,61.3,60.9,,49.0,55.4,58.1,60.0,61.4,64.9,59.5
07-21,56.8,62.1,60.6,61.5,54.3,55.2,60.5,58.5,54.0,59.7,58.0,50.8,58.6,58.5,59.2,60.8,58.3,56.7,61.2,63.3,,50.8,54.3,57.7,60.5,61.5,63.3,58.5
07-22,58.4,58.7,61.9,59.7,58.9,60.5,60.2,57.7,56.1,58.2,61.7,54.4,63.3,61.3,57.8,62.1,52.6,55.0,63.7,64.2,,52.6,54.9,58.1,61.4,63.4,64.2,59.3
07-23,57.0,56.2,60.1,54.4,59.7,60.1,60.9,58.2,54.0,56.7,64.5,55.5,63.4,59.6,60.6,59.1,50.6,59.7,64.2,64.0,,50.6,54.4,56.9,60.3,64.0,64.5,59.6
07-24,57.6,55.9,61.0,55.6,61.5,57.9,61.2,60.7,54.6,57.0,64.4,55.3,62.9,55.5,60.4,55.8,55.0,60.0,59.1,61.8,,54.6,55.3,55.9,60.8,61.9,64.4,58.5
07-25,52.3,55.2,61.5,55.2,60.3,57.3,61.8,58.5,58.3,58.8,61.9,56.4,63.1,52.1,62.2,55.8,54.4,58.2,57.2,61.0,,52.1,54.2,56.2,60.5,62.0,63.1,58.2
07-26,53.2,54.5,62.1,54.4,55.3,58.5,56.0,52.7,58.2,58.6,55.5,58.1,64.2,55.4,58.6,53.0,56.2,55.6,55.8,58.6,,52.7,53.2,55.4,58.3,59.0,64.2,55.9
07-27,50.6,57.2,62.5,57.8,53.4,60.3,55.3,54.0,56.0,53.8,57.4,55.9,64.3,57.4,60.6,55.1,54.0,54.1,57.0,61.8,,50.6,53.7,54.8,57.5,61.9,64.3,56.5
07-28,53.9,60.2,63.8,59.5,56.3,59.1,55.9,56.1,54.5,51.4,52.9,52.6,65.8,57.2,58.3,58.2,58.3,56.7,57.4,62.5,,51.4,52.8,56.1,58.6,62.6,65.8,57.3
07-29,57.6,57.6,58.5,57.6,57.9,56.5,55.8,57.3,54.4,50.4,51.4,56.5,62.5,55.6,60.4,60.6,61.3,54.3,55.0,63.1,,50.4,54.0,55.7,58.0,61.5,63.1,57.4
07-30,57.8,55.8,57.1,57.7,59.3,54.3,58.2,56.1,52.7,55.6,53.7,60.2,57.4,55.9,59.4,60.4,63.8,53.5,54.7,61.0,,52.7,53.7,55.8,58.5,60.5,63.8,57.3
07-31,59.2,55.9,55.0,57.5,60.1,56.8,55.9,54.6,53.7,57.9,55.5,59.9,57.0,57.6,62.4,52.1,64.4,54.1,56.1,55.6,,52.1,54.1,55.6,57.7,60.4,64.4,56.5
08-01,55.0,52.7,51.7,55.5,63.0,59.2,57.3,54.6,53.7,59.1,55.5,58.2,56.7,59.7,60.9,56.0,64.9,52.8,56.2,53.5,,51.7,52.8,54.9,58.5,61.1,64.9,56.1
08-02,50.4,52.2,52.9,54.3,60.7,60.7,58.2,56.9,56.3,58.2,55.6,53.4,58.6,58.6,55.9,58.8,65.5,54.1,56.8,51.3,,50.4,52.1,54.2,58.3,60.7,65.5,56.6
08-03,52.2,52.7,52.8,56.7,60.8,59.8,59.4,52.8,58.9,57.8,51.2,53.9,56.8,57.6,57.1,56.4,63.8,57.2,56.9,51.6,,51.2,52.1,53.6,57.6,59.9,63.8,56.8
08-04,56.8,54.1,53.1,58.9,58.6,60.5,59.4,55.0,56.2,55.6,52.3,59.0,54.1,55.6,58.8,58.6,62.5,59.5,56.9,55.7,,52.3,54.0,55.6,58.9,59.6,62.5,56.9
08-05,54.7,52.6,54.1,59.3,55.9,59.1,54.6,56.1,55.8,57.7,53.5,59.1,53.0,53.4,60.6,61.7,60.0,62.8,57.5,56.8,,52.6,53.3,54.7,59.1,60.7,62.8,56.4
08-06,55.9,52.2,54.8,55.6,54.5,59.5,57.8,55.3,54.1,57.1,53.4,57.9,54.4,51.0,58.5,61.0,57.7,60.6,56.4,58.0,,51.0,53.2,54.7,57.8,59.6,61.0,56.1
08-07,55.6,53.0,53.5,55.1,53.3,50.1,51.1,55.9,56.8,55.9,53.7,51.0,58.2,52.5,59.5,56.5,56.5,54.6,56.0,59.2,,50.1,51.1,53.4,56.2,58.3,59.5,55.3
08-08,58.2,54.5,56.3,56.3,52.9,47.4,49.8,57.9,58.0,54.6,53.8,52.8,58.9,52.9,60.6,54.0,57.3,59.1,58.3,57.3,,47.4,52.5,53.9,57.9,59.0,60.6,56.3
08-09,60.5,54.6,56.1,56.7,57.3,49.5,49.4,57.9,60.6,54.3,55.6,53.9,58.2,55.9,61.8,55.2,58.6,59.6,57.7,58.2,,49.4,53.5,55.5,58.2,60.5,61.8,57.0
08-10,60.3,53.7,57.0,57.0,57.9,54.0,53.3,58.5,58.9,53.4,53.4,53.9,54.0,56.4,62.5,56.1,60.0,59.7,58.3,53.7,,53.3,53.4,53.9,58.4,60.0,62.5,56.7
08-11,60.5,53.7,55.5,59.1,56.4,57.6,56.2,58.1,58.0,53.7,56.2,53.1,55.2,54.9,57.9,55.0,59.1,59.3,54.9,55.2,,53.1,53.7,55.2,58.0,59.1,60.5,56.2
08-12,60.6,54.0,55.9,59.8,57.3,55.8,53.9,58.0,57.4,52.9,54.1,52.9,54.7,51.3,59.7,55.0,59.3,59.2,52.6,54.5,,51.3,52.8,54.1,57.6,59.7,60.6,55.4
08-13,59.1,52.0,55.2,61.0,57.8,53.0,55.1,57.0,54.3,55.3,52.9,56.1,56.8,55.2,60.1,57.3,60.3,59.7,52.3,54.9,,52.0,52.9,55.0,57.5,60.1,61.0,55.7
08-14,52.6,48.9,55.9,57.5,59.1,55.3,56.7,57.9,53.7,57.7,56.1,60.8,59.4,55.2,55.4,58.9,61.5,59.4,53.9,55.2,,48.9,53.6,55.3,58.2,59.5,61.5,56.4
08-15,49.8,49.3,56.0,55.5,57.0,50.6,59.2,59.3,55.9,58.5,57.0,60.7,58.6,51.3,56.2,61.2,63.0,62.1,55.0,55.6,,49.3,50.5,55.6,58.8,61.3,63.0,56.6
08-16,48.8,48.5,55.5,56.8,52.6,50.3,59.5,57.6,59.8,60.7,58.0,61.5,58.8,50.5,57.3,60.6,65.1,59.8,55.6,53.7,,48.5,50.2,54.9,59.6,60.8,65.1,57.4
08-17,48.2,49.4,55.0,56.1,52.3,53.1,60.4,60.8,55.2,55.9,58.9,60.8,55.8,53.7,56.1,59.6,65.9,57.4,56.7,52.5,,48.2,52.0,54.6,57.9,60.8,65.9,56.0
08-18,49.9,50.4,54.1,57.6,54.9,52.5,55.1,60.1,56.1,54.1,56.4,56.6,53.8,55.4,56.3,58.8,66.0,51.6,53.9,52.4,,49.9,51.4,53.9,56.3,58.9,66.0,55.0
08-19,49.6,48.6,56.2,58.5,57.6,55.9,49.1,59.5,54.7,53.7,48.2,55.7,55.8,56.0,56.1,57.3,64.8,39.8,51.9,54.7,,39.8,48.5,53.2,56.1,58.6,64.8,55.7
08-20,48.6,50.8,57.7,57.8,57.0,59.8,54.3,57.4,55.3,56.1,47.5,57.1,55.6,54.0,61.7,59.0,64.0,46.8,50.9,55.6,,46.8,48.5,54.2,57.5,60.0,64.0,55.9
08-21,48.0,51.4,58.5,59.7,57.9,62.3,59.8,54.0,53.2,55.0,48.6,60.0,53.7,51.7,55.9,59.8,63.0,53.3,53.4,51.7,,48.0,51.2,53.3,58.9,60.2,63.0,54.5
08-22,50.3,52.5,57.3,60.5,58.2,61.5,59.2,58.1,51.7,55.2,49.6,58.8,51.6,50.7,54.4,58.8,57.7,55.0,56.0,49.5,,49.5,50.2,52.3,58.1,59.3,61.5,55.6
08-23,48.4,51.0,57.7,58.6,59.1,53.1,51.2,60.0,49.5,48.1,47.1,59.4,50.4,53.3,53.8,57.6,57.3,55.5,56.7,54.6,,47.1,48.3,51.1,57.4,59.1,60.0,54.2
08-24,48.0,52.2,55.5,58.7,56.5,49.5,54.3,57.1,50.2,48.0,51.3,59.6,49.9,51.9,55.3,59.1,61.0,54.9,54.0,52.4,,48.0,49.3,51.7,55.8,59.2,61.0,54.1
08-25,51.2,51.3,55.3,61.2,55.6,52.3,58.3,58.2,50.7,49.3,51.4,57.1,47.5,55.3,56.4,61.0,58.0,57.1,54.0,53.6,,47.5,50.6,52.0,57.1,58.6,61.2,55.3
08-26,50.4,53.3,51.5,56.2,56.0,55.2,57.5,57.4,52.9,50.1,46.6,51.0,47.1,58.6,56.1,56.8,59.7,57.8,53.1,55.0,,46.6,49.8,52.5,56.4,57.9,59.7,55.1
08-27,45.4,55.8,49.8,50.3,57.3,58.0,54.7,59.0,54.5,51.9,44.9,53.0,48.0,58.0,56.7,56.9,60.3,57.6,54.2,56.4,,44.9,47.8,52.7,57.0,58.1,60.3,55.3
08-28,48.0,56.3,53.6,51.6,55.8,60.1,54.3,52.9,55.7,54.2,49.7,56.2,51.4,58.6,51.4,57.4,60.1,57.0,55.4,57.3,,48.0,51.3,53.4,56.5,58.7,60.1,55.6
08-29,52.1,58.1,57.1,55.4,55.3,61.8,50.4,54.1,56.2,54.4,53.7,58.5,54.7,56.9,54.4,58.7,56.8,58.3,56.4,60.4,,50.4,53.5,54.6,57.4,58.9,61.8,56.3
08-30,54.1,51.6,56.6,58.6,54.9,59.8,46.3,54.3,53.3,53.9,57.0,57.1,56.4,55.7,55.6,59.5,58.0,59.8,58.3,59.9,,46.3,53.1,54.7,58.1,59.8,59.9,56.5
08-31,54.6,48.7,55.4,58.4,52.6,58.1,47.3,57.6,51.9,55.5,54.7,55.8,57.6,53.4,54.3,59.8,56.4,56.2,60.5,59.3,,47.3,51.6,54.5,57.6,59.4,60.5,55.6
09-01,56.6,52.6,52.6,56.7,44.9,56.9,51.0,55.7,54.3,52.9,54.6,56.0,50.4,55.8,52.0,59.5,49.2,48.1,60.4,48.4,,44.9,48.4,51.7,55.8,57.2,60.4,53.6
09-02,56.4,52.7,52.6,54.5,43.8,55.2,52.9,53.0,53.2,53.2,56.8,55.2,54.4,57.9,53.1,54.9,56.1,51.9,61.5,50.4,,43.8,51.7,53.0,55.2,56.9,61.5,53.8
09-03,46.8,51.4,52.8,57.0,48.1,51.0,56.5,53.2,54.2,53.1,56.5,54.1,53.9,58.6,52.9,53.9,59.7,51.5,62.7,50.8,,46.8,50.5,52.4,54.9,58.7,62.7,53.6
09-04,37.8,51.4,55.0,58.8,51.4,52.5,58.3,55.4,54.8,52.6,53.2,51.5,51.9,58.2,51.6,54.9,59.7,52.6,62.8,44.5,,37.8,50.7,51.8,55.1,58.9,62.8,52.9
09-05,44.2,51.1,53.8,55.8,50.2,51.5,57.1,52.2,54.5,55.4,50.8,52.0,47.3,57.9,49.4,53.6,63.0,55.3,63.1,47.8,,44.2,47.7,51.0,55.3,58.4,63.1,52.9
09-06,50.8,51.6,49.7,48.8,50.7,52.8,47.3,49.0,55.2,55.0,52.8,51.5,49.2,52.9,51.3,53.5,63.1,58.3,64.2,50.1,,47.3,49.0,50.5,53.1,58.8,64.2,51.6
09-07,52.5,52.9,43.6,52.3,53.2,52.9,49.4,50.4,52.9,51.5,54.1,51.2,51.9,53.7,52.8,54.7,59.2,57.8,63.1,51.7,,43.6,50.3,51.8,53.4,57.9,63.1,52.8
09-08,53.4,53.6,46.6,54.6,53.2,52.4,51.1,50.4,50.9,48.4,51.5,51.7,53.4,50.4,58.0,53.8,30.9,58.3,61.9,54.2,,30.9,48.3,51.1,53.7,58.1,61.9,52.8
09-09,50.6,50.6,45.6,50.7,47.4,50.7,44.9,47.2,54.3,49.8,45.7,53.7,49.9,47.6,57.4,49.8,32.3,59.5,58.2,52.8,,32.3,45.5,47.5,51.3,57.5,59.5,50.3
09-10,51.7,46.2,43.1,48.9,46.9,53.2,40.1,46.3,53.6,45.9,45.8,54.4,52.6,50.7,58.0,51.2,39.3,57.5,55.5,47.4,,39.3,42.8,46.3,52.8,55.7,58.0,49.8
09-11,48.7,45.5,48.6,48.6,42.7,54.9,45.9,45.9,47.5,46.7,48.6,55.6,55.3,53.7,56.7,42.9,46.1,54.0,54.2,49.8,,42.7,45.2,46.5,53.8,55.3,56.7,48.6
09-12,51.5,42.8,52.0,54.4,43.7,55.1,51.1,45.3,47.1,46.3,49.0,55.9,51.7,51.3,55.8,43.2,51.4,55.1,52.2,46.8,,42.8,43.6,47.0,52.1,55.2,55.9,51.4
09-13,53.2,40.4,52.6,54.4,48.0,54.6,51.1,45.7,48.5,46.2,51.2,54.3,48.1,50.7,54.3,48.9,52.6,56.4,48.9,47.9,,40.4,46.1,48.4,52.8,54.5,56.4,50.9
09-14,47.3,40.8,45.9,55.6,49.3,49.5,52.2,42.2,49.9,46.0,53.0,49.8,43.0,42.7,54.6,52.9,54.0,53.7,45.7,45.2,,40.8,42.7,45.8,52.4,54.1,55.6,49.4
09-15,46.0,44.8,43.9,55.3,51.1,40.6,50.4,43.1,50.2,48.0,53.7,46.6,41.4,39.9,57.7,54.3,54.3,54.7,44.3,45.7,,39.9,41.3,44.6,51.9,54.7,57.7,47.3
09-16,50.4,44.2,32.2,54.0,51.7,46.1,52.4,43.6,50.2,51.3,55.2,48.1,42.4,41.1,57.4,53.7,55.5,52.8,46.6,47.0,,32.2,42.2,46.5,52.5,55.2,57.4,50.3
09-17,52.1,44.2,32.2,45.9,46.8,49.6,54.5,44.7,47.1,54.5,55.4,46.5,46.1,44.5,55.7,47.1,55.7,52.8,47.0,49.5,,32.2,44.5,46.4,52.3,55.4,55.7,47.1
09-18,51.1,43.9,39.7,45.6,47.2,48.6,55.3,46.4,46.7,49.0,54.6,43.5,52.1,47.4,55.2,49.5,55.9,48.6,49.1,49.2,,39.7,43.8,47.1,50.0,55.2,55.9,48.8
09-19,43.4,47.6,45.5,48.0,47.7,49.4,58.2,48.2,49.9,43.4,53.7,46.5,54.3,48.3,52.4,49.5,55.2,48.7,51.6,48.0,,43.4,45.3,47.9,50.4,54.4,58.2,48.5
09-20,34.4,53.0,34.7,47.7,50.5,52.0,55.1,49.2,49.8,49.1,52.9,50.1,52.2,48.9,46.2,38.1,52.3,39.8,52.9,47.7,,34.4,37.8,47.7,52.1,52.9,55.1,49.5
09-21,30.8,46.2,36.8,49.3,50.4,42.8,52.8,48.6,50.1,50.9,47.8,52.6,49.6,45.6,48.9,39.0,52.6,45.3,51.4,45.1,,30.8,38.7,45.5,50.2,52.6,52.8,48.8
09-22,34.2,44.1,29.8,45.0,45.9,43.0,49.7,48.6,51.7,42.5,49.3,52.2,44.4,34.9,51.8,45.4,50.7,50.2,48.5,44.0,,29.8,34.9,44.0,49.4,51.7,52.2,45.6
09-23,41.5,47.6,32.1,37.2,44.9,46.5,44.5,49.4,51.2,40.8,49.3,51.8,32.7,29.6,52.6,46.3,52.5,48.7,45.1,42.9,,29.6,32.7,42.5,48.9,51.9,52.6,45.7
09-24,43.9,45.8,37.0,30.6,50.2,47.4,48.3,49.5,44.8,46.9,52.2,54.2,35.7,28.3,50.1,46.9,54.6,47.4,45.7,45.0,,28.3,35.2,44.9,48.6,52.4,54.6,46.9
09-25,45.2,42.4,40.8,35.2,52.1,49.8,53.2,49.0,38.8,43.9,54.5,55.5,42.7,31.5,45.8,50.2,55.6,51.3,46.1,47.8,,31.5,38.4,43.6,50.5,54.6,55.6,47.0
09-26,47.4,50.4,44.5,39.9,50.2,51.6,54.4,47.8,40.1,35.1,52.7,54.4,46.3,36.4,45.6,50.5,53.4,52.2,48.8,49.3,,35.1,39.5,46.1,50.9,53.5,54.4,49.1
09-27,48.7,44.5,45.4,44.8,48.2,52.4,55.5,48.9,42.3,29.1,42.3,53.6,47.4,40.2,49.6,50.4,44.5,50.6,50.4,50.6,,29.1,42.0,44.7,50.4,52.5,55.5,48.5
09-28,43.6,39.7,47.4,47.2,46.2,53.6,55.3,50.9,44.0,36.0,36.7,54.5,46.9,38.7,53.4,48.0,42.7,46.8,51.1,49.4,,36.0,38.5,43.9,49.8,53.7,55.3,47.1
09-29,38.2,43.0,46.9,32.6,48.7,53.1,54.8,53.0,46.0,44.5,37.2,53.4,45.1,40.8,53.7,39.4,47.5,35.1,51.0,50.7,,32.6,37.0,42.3,50.8,53.4,54.8,46.5
09-30,37.8,45.0,48.6,36.9,50.1,32.9,54.3,52.4,47.7,46.9,40.6,53.9,45.3,46.1,51.4,37.6,50.0,35.2,47.2,45.7,,32.9,36.7,43.7,49.0,52.6,54.3,46.5
