date,2001,2002,2003,2004,2005,2006,2007,2008,2009,2010,2011,2012,2013,2014,2015,2016,2017,2018,2019,2020,2021,2022,2023,2024,Min,10%,30%,70%,90%,Max,Median (POR)
10-01,34.9,11.7,20.9,11.7,14.4,11.1,32.9,15.0,14.0,12.8,11.0,12.5,9.3,29.4,57.4,21.4,34.4,42.5,10.6,31.3,13.1,20.8,16.6,14.6,9.3,11.0,12.7,24.6,34.8,57.4,15.0
10-02,35.9,11.9,32.5,11.9,14.4,10.5,33.6,14.7,14.0,12.6,10.8,12.6,9.3,28.9,56.9,21.0,33.7,42.7,10.7,31.3,13.1,20.7,16.3,14.9,9.3,10.7,12.6,29.9,35.5,56.9,14.7
10-03,37.0,11.5,28.1,11.2,14.3,10.7,36.4,14.6,13.4,12.5,10.9,12.2,9.4,28.5,56.1,25.7,33.1,41.5,18.6,30.6,12.9,20.7,16.1,23.2,9.4,10.9,12.8,28.3,36.9,56.1,16.1
10-04,36.9,11.3,27.4,14.8,14.4,11.0,36.5,14.4,13.5,12.4,11.0,12.6,9.3,27.8,55.8,25.0,36.9,41.1,26.7,29.9,12.8,20.3,15.7,29.7,9.3,11.1,13.2,27.5,36.9,55.8,15.7
10-05,37.1,11.3,33.9,13.8,14.5,10.4,37.7,14.5,17.9,13.9,10.8,12.3,9.3,27.8,55.0,24.1,38.1,40.9,36.8,29.7,12.8,20.3,15.8,32.2,9.3,10.9,13.9,31.4,38.0,55.0,17.9
10-06,36.7,10.7,40.4,13.6,14.2,10.4,39.8,17.9,30.3,18.1,11.0,12.2,9.1,30.2,54.4,23.3,37.6,40.1,40.7,29.4,12.7,20.2,15.8,32.2,9.1,10.7,14.0,32.8,40.3,54.4,20.2
10-07,35.9,10.2,40.8,13.1,14.1,10.3,50.0,18.6,31.0,18.4,10.9,12.2,8.5,36.2,55.3,22.9,38.1,39.4,39.1,28.5,12.7,20.3,15.8,38.4,8.5,10.4,13.7,36.1,40.5,55.3,20.3
10-08,36.0,10.4,40.8,12.8,13.8,10.1,54.2,23.2,29.8,18.8,10.8,11.5,8.5,33.1,55.1,22.5,38.4,39.1,39.3,28.4,12.7,20.0,15.5,32.6,8.5,10.5,13.4,34.2,40.5,55.1,22.5
10-09,35.1,10.2,40.8,12.4,13.9,10.6,53.8,25.6,29.8,18.5,11.4,11.7,8.4,32.8,55.0,22.1,38.7,38.3,38.7,28.3,12.6,27.6,15.6,35.4,8.4,10.8,13.4,33.8,40.4,55.0,25.6
10-10,34.8,10.1,40.5,12.5,14.1,10.4,54.0,24.9,28.8,11.5,11.2,11.4,8.5,32.8,54.3,22.1,38.5,38.1,38.1,27.4,12.5,27.8,15.6,32.2,8.5,10.6,12.5,33.6,40.1,54.3,24.9
10-11,34.8,10.1,40.4,12.5,14.1,10.3,53.7,25.7,28.8,19.9,11.7,17.2,8.5,32.9,53.7,21.1,37.4,37.9,39.6,27.1,12.5,29.9,15.4,35.1,8.5,10.6,14.9,33.6,40.2,53.7,25.7
10-12,40.9,9.8,40.0,11.9,14.0,10.3,52.9,25.3,27.7,20.5,12.6,19.7,8.7,33.3,53.9,20.8,37.0,37.4,40.8,26.4,13.9,31.4,15.4,37.6,8.7,10.6,14.8,34.8,40.9,53.9,25.3
10-13,44.2,9.7,39.6,11.9,13.8,10.5,53.0,25.1,27.6,21.5,12.6,19.6,8.8,33.9,53.3,20.1,36.4,37.2,43.3,26.1,13.8,35.9,15.2,42.6,8.8,10.8,14.6,36.1,44.0,53.3,25.1
10-14,46.4,9.1,38.9,11.7,14.2,10.1,52.9,25.5,27.7,26.0,12.6,19.5,8.9,33.3,52.6,19.5,35.5,36.5,44.7,26.0,14.1,36.5,15.2,41.0,8.9,10.5,14.8,35.9,46.1,52.9,26.0
10-15,52.9,9.7,38.8,11.7,13.5,10.4,52.2,24.5,28.4,38.4,13.0,19.1,9.7,34.7,52.7,20.0,35.0,36.7,44.2,26.0,14.2,37.0,15.1,41.1,9.7,10.6,14.8,36.8,50.6,52.9,26.0
10-16,56.2,9.3,38.1,11.6,13.5,10.3,52.6,24.8,29.9,39.1,12.3,19.1,10.1,34.9,51.8,19.7,34.5,37.5,42.8,25.6,13.8,38.0,15.2,,9.3,10.5,14.6,37.7,50.0,56.2,25.6
10-17,56.6,9.5,38.0,11.5,13.8,10.7,61.2,27.4,33.2,38.5,12.7,19.6,10.6,34.1,52.2,19.5,34.6,37.7,42.8,25.3,13.4,42.5,14.8,,9.5,10.8,14.4,37.8,50.3,61.2,27.4
10-18,56.7,9.7,37.9,11.7,13.8,10.7,59.8,28.4,32.4,39.0,13.0,22.5,10.5,34.2,51.4,19.1,43.9,37.5,46.3,25.3,13.7,45.0,15.1,,9.7,10.9,14.6,38.3,50.4,59.8,28.4
10-19,56.1,9.1,37.5,11.2,19.1,10.8,59.8,28.8,32.0,38.3,13.5,23.3,10.2,33.7,51.1,19.3,42.9,36.8,46.8,25.0,13.5,44.9,14.7,,9.1,10.8,17.3,37.8,50.2,59.8,28.8
10-20,55.6,10.0,37.0,11.7,25.6,11.2,61.0,39.6,31.7,39.3,13.1,22.8,10.3,33.5,49.9,21.5,41.7,36.5,46.4,25.1,13.5,46.2,15.1,,10.0,11.3,18.9,39.5,49.2,61.0,31.7
10-21,55.6,9.3,36.3,11.7,54.0,10.7,64.4,48.2,31.4,39.4,13.0,24.0,10.1,33.1,49.8,21.9,41.2,36.6,46.7,26.4,13.7,46.6,14.9,,9.3,10.9,19.1,43.4,53.2,64.4,33.1
10-22,61.5,9.4,36.4,11.7,52.8,11.0,62.1,47.2,30.9,39.5,12.8,24.3,10.6,33.0,49.6,21.8,41.0,36.0,45.6,26.1,13.6,46.7,14.8,,9.4,11.2,19.0,42.9,52.1,62.1,33.0
10-23,62.2,10.1,36.6,11.6,50.8,10.7,60.8,47.1,30.8,39.3,13.0,24.9,10.6,32.4,50.3,21.9,40.9,37.2,47.6,27.9,13.0,49.9,14.6,,10.1,10.9,19.0,43.4,50.7,62.2,32.4
10-24,61.5,9.7,36.2,11.9,58.2,11.1,60.2,47.6,29.5,39.5,14.7,25.5,10.8,32.0,50.1,21.8,40.5,37.1,47.1,29.1,13.0,55.9,14.6,,9.7,11.3,19.0,43.2,57.8,61.5,32.0
10-25,61.1,9.7,36.3,11.5,53.9,10.8,59.6,51.7,29.9,40.3,34.4,25.5,10.7,32.0,49.7,21.1,45.8,37.0,45.7,30.4,12.9,56.8,14.5,,9.7,10.9,23.7,45.7,56.2,61.1,34.4
10-26,60.7,9.5,36.2,11.6,52.7,10.6,60.4,52.7,30.0,40.4,31.3,26.2,11.3,32.0,49.5,21.0,44.4,36.9,47.2,30.7,12.5,57.9,14.5,,9.5,11.3,24.1,45.5,56.8,60.7,32.0
10-27,59.8,9.4,36.4,11.3,53.1,10.8,59.4,51.1,30.0,39.1,34.5,25.8,11.8,31.5,48.6,21.1,43.4,36.9,45.6,40.2,12.4,57.9,14.3,,9.4,11.4,23.9,44.3,56.9,59.8,36.4
10-28,59.8,9.4,37.2,10.9,57.8,11.2,59.4,49.6,29.4,40.1,35.4,25.3,12.2,30.7,48.1,21.2,43.0,36.3,46.3,39.3,12.4,56.9,14.1,,9.4,11.4,23.7,44.3,57.6,59.8,36.3
10-29,60.3,10.0,37.9,11.3,54.2,23.1,59.3,49.2,29.9,39.3,35.9,25.9,15.5,31.2,48.3,20.8,44.7,36.1,47.5,38.2,12.1,59.3,14.1,,10.0,12.5,24.8,45.8,58.3,60.3,36.1
10-30,61.1,9.9,38.5,11.2,53.0,23.2,59.0,49.4,29.6,39.8,38.8,25.0,15.8,31.0,47.6,21.0,44.7,36.3,48.0,36.6,12.1,57.5,14.4,,9.9,12.6,24.3,45.9,56.6,61.1,36.6
10-31,72.0,22.5,38.9,11.0,52.8,25.7,59.1,49.8,26.0,39.1,43.6,24.9,16.3,30.8,47.9,20.2,49.4,35.7,47.9,35.7,12.3,58.0,14.3,,11.0,14.7,25.4,47.9,57.0,72.0,35.7
11-01,72.1,39.5,39.2,10.6,52.5,28.0,59.2,50.3,29.1,39.3,49.2,24.9,26.9,31.2,47.3,21.1,52.3,35.6,48.1,34.8,12.1,59.1,14.2,,10.6,15.6,28.7,48.5,57.8,72.1,39.2
11-02,69.5,47.0,39.2,10.8,52.3,29.3,59.0,50.8,29.6,40.1,48.9,25.7,26.6,31.1,46.9,21.6,53.2,35.7,49.1,34.3,11.9,62.3,27.2,,10.8,22.4,29.5,49.0,57.9,69.5,39.2
11-03,67.7,46.0,38.9,10.8,51.9,30.5,58.0,50.5,36.7,40.8,48.2,26.1,26.7,31.4,46.8,21.2,54.6,34.9,51.2,33.6,12.0,70.4,28.1,,10.8,22.2,31.0,49.1,57.4,70.4,38.9
11-04,66.2,45.0,39.1,10.4,52.8,30.6,58.1,50.1,37.1,40.8,49.1,26.0,26.8,32.9,46.3,21.7,54.3,35.4,51.8,32.7,12.5,66.9,27.7,,10.4,22.6,31.8,49.5,57.4,66.9,39.1
11-05,65.2,44.4,38.4,10.4,53.9,30.8,57.8,49.8,38.3,41.6,49.3,26.6,26.7,33.0,45.9,22.2,54.4,35.5,52.3,32.5,12.4,65.1,27.5,,10.4,23.1,31.8,49.5,57.1,65.2,38.4
11-06,64.4,44.3,38.7,10.5,53.0,31.3,59.3,49.7,33.7,42.7,51.0,26.9,26.9,33.3,46.0,21.7,53.6,35.3,51.7,32.2,12.0,63.7,27.2,,10.5,22.8,31.8,50.2,58.2,64.4,38.7
11-07,63.6,44.2,38.7,10.6,52.5,32.4,60.3,49.2,42.0,43.2,51.2,26.2,27.2,32.9,46.4,21.8,53.4,35.3,51.7,31.8,12.7,62.6,29.5,,10.6,22.7,32.1,50.0,58.9,63.6,42.0
11-08,63.6,47.4,38.3,10.5,52.3,35.6,63.0,49.0,42.2,42.7,51.8,27.0,27.9,32.3,46.1,21.7,52.7,35.0,51.6,31.4,12.6,61.9,34.1,,10.5,22.8,33.4,50.0,60.1,63.6,42.2
11-09,62.5,48.0,45.1,10.6,59.8,36.7,64.9,49.3,42.5,43.0,57.3,26.8,27.7,33.4,46.2,21.3,52.9,35.2,51.6,32.0,12.6,61.1,34.3,,10.6,22.4,33.9,50.2,60.8,64.9,43.0
11-10,62.6,47.6,49.6,10.4,59.8,36.7,64.3,47.9,42.6,41.4,56.1,27.0,27.8,33.4,46.3,20.6,52.5,35.1,50.4,31.2,12.3,70.0,33.7,,10.4,21.9,33.6,50.0,62.1,70.0,42.6
11-11,62.4,47.5,51.7,10.4,60.6,37.1,63.2,47.6,44.0,40.9,54.9,27.1,28.0,33.1,45.5,21.1,52.1,34.9,50.3,31.6,12.2,67.4,33.4,,10.4,22.3,33.3,50.9,62.0,67.4,44.0
11-12,61.9,47.5,52.1,13.7,59.0,37.9,62.6,50.6,46.6,41.9,54.7,26.7,28.0,33.7,45.8,21.5,51.3,35.4,50.0,32.5,12.1,66.1,33.5,,12.1,22.5,33.6,50.9,61.4,66.1,45.8
11-13,61.8,47.4,52.4,19.5,57.9,38.0,62.0,51.4,49.2,41.7,53.2,27.2,28.3,33.9,45.3,21.5,51.4,35.0,49.3,31.7,12.2,65.2,33.6,,12.2,22.7,33.8,51.4,61.0,65.2,45.3
11-14,61.8,47.8,52.5,23.4,56.4,38.8,62.3,52.4,56.9,41.8,53.3,27.3,28.2,33.7,44.7,21.2,50.9,34.9,48.8,32.8,12.2,64.2,33.4,,12.2,24.2,33.6,52.4,60.8,64.2,44.7
11-15,61.8,47.8,52.9,27.5,54.8,39.7,61.9,52.1,47.2,41.9,53.1,27.1,28.1,33.1,44.8,21.8,50.0,35.0,48.6,32.8,12.2,63.3,33.4,,12.2,27.2,33.3,50.9,60.4,63.3,44.8
11-16,61.4,47.5,52.7,30.2,54.2,40.0,62.1,51.6,52.9,41.6,53.3,27.5,28.4,32.1,44.7,21.1,49.9,34.4,48.4,36.2,11.9,62.9,33.9,,11.9,27.7,34.2,52.0,60.0,62.9,44.7
11-17,61.5,47.0,52.8,32.1,53.9,39.3,61.7,50.9,44.7,41.4,53.6,26.9,28.4,33.4,44.8,22.2,49.3,39.8,47.5,34.8,25.0,64.3,33.9,,22.2,27.2,34.4,49.9,60.0,64.3,44.7
11-18,61.5,46.7,52.8,32.5,53.6,40.5,61.5,51.0,43.7,40.6,52.7,27.0,28.9,33.0,44.4,21.9,49.4,47.1,47.4,35.1,48.5,63.2,33.8,,21.9,29.6,38.4,50.1,60.0,63.2,46.7
11-19,61.8,46.7,52.8,32.1,53.2,40.9,61.2,51.3,51.4,40.8,52.8,26.9,29.2,32.3,44.8,22.1,48.8,46.1,46.9,36.1,32.0,61.8,33.7,,22.1,29.8,35.2,51.3,59.6,61.8,46.1
11-20,61.5,46.4,52.3,31.6,53.2,40.8,61.5,51.6,50.8,40.6,53.1,27.0,30.1,32.2,43.9,21.7,48.4,45.7,46.4,37.0,30.6,61.1,33.7,,21.7,30.2,35.7,51.1,59.5,61.5,45.7
11-21,61.4,46.7,52.5,30.7,52.5,40.1,61.0,51.1,50.8,40.0,52.8,26.9,30.9,32.1,44.7,34.3,51.9,46.5,45.9,38.0,29.6,60.8,33.6,,26.9,30.8,36.5,51.4,59.2,61.4,45.9
11-22,61.7,46.7,52.3,30.2,52.2,40.8,60.7,51.0,50.2,40.2,53.2,27.4,32.9,34.0,43.9,32.5,59.7,50.0,44.0,37.3,28.9,60.3,33.4,,27.4,30.6,36.0,51.5,60.1,61.7,44.0
11-23,61.4,65.5,52.0,30.4,52.0,40.7,61.3,50.8,50.0,39.8,53.7,27.9,33.6,35.2,43.9,31.4,60.5,50.9,43.3,37.5,28.0,59.6,33.4,,27.9,30.6,36.6,52.0,61.2,65.5,43.9
11-24,61.7,63.5,52.0,30.0,52.1,40.6,60.5,49.9,48.9,39.8,54.1,27.8,33.4,35.0,43.8,31.6,59.5,52.3,43.8,36.4,27.6,58.9,33.3,,27.6,30.3,35.9,52.2,60.3,63.5,43.8
11-25,61.4,62.9,51.8,30.2,51.5,40.4,60.7,49.3,47.8,39.6,54.1,27.5,33.3,35.0,44.0,31.0,59.3,52.4,47.3,36.8,27.1,58.3,33.2,,27.1,30.3,36.1,52.1,60.4,62.9,47.3
11-26,61.0,62.2,52.1,30.3,51.3,40.4,60.8,48.5,48.2,39.5,53.7,28.1,33.1,35.0,44.2,30.5,58.8,50.5,46.8,35.9,26.9,57.8,33.1,,26.9,30.3,35.5,51.6,60.4,62.2,46.8
11-27,61.1,62.2,52.1,30.0,51.6,40.0,60.0,48.1,47.4,39.9,53.9,29.2,33.0,35.0,43.6,29.9,58.1,52.2,46.9,35.8,26.6,57.0,33.0,,26.6,29.9,35.5,52.1,59.6,62.2,46.9
11-28,61.3,62.2,52.1,29.5,52.1,40.0,59.4,47.2,46.6,39.5,54.4,29.1,32.8,34.8,44.0,30.0,58.9,54.1,46.9,35.6,26.5,56.3,33.2,,26.5,29.6,35.3,52.9,59.3,62.2,46.6
11-29,61.0,61.9,52.0,29.1,52.0,40.1,59.7,47.4,46.9,39.6,54.4,28.5,32.6,35.3,47.1,29.7,58.0,53.8,47.2,35.2,26.4,55.9,33.2,,26.4,29.2,35.3,52.7,59.3,61.9,47.1
11-30,61.3,61.5,51.6,28.8,51.8,40.8,58.6,46.6,46.5,39.0,54.2,28.9,32.5,34.8,46.0,29.8,58.6,54.3,47.2,35.3,26.0,55.3,33.1,,26.0,29.1,35.1,52.8,58.6,61.5,46.5
12-01,61.9,61.3,51.3,28.5,51.8,40.7,58.8,46.6,46.7,39.5,54.4,29.4,39.5,35.0,46.6,29.4,58.8,54.5,46.8,34.8,25.8,55.1,33.5,,25.8,29.4,37.7,52.9,58.8,61.9,46.6
12-02,61.7,61.5,51.3,28.6,51.9,40.3,58.7,46.8,47.2,39.3,54.4,29.3,39.0,35.5,46.8,29.3,59.1,53.6,47.2,34.7,25.9,54.5,33.8,,25.9,29.3,37.6,52.5,59.0,61.7,46.8
12-03,61.5,61.7,51.0,28.2,51.9,40.6,58.6,46.0,47.4,39.3,53.7,29.3,43.1,41.1,45.9,28.7,58.8,54.0,47.3,35.0,25.5,54.0,33.7,,25.5,28.8,40.1,52.6,58.7,61.7,46.0
12-04,61.4,61.8,50.7,28.1,52.1,39.7,58.1,46.6,46.6,38.4,54.2,29.3,42.3,35.3,53.0,28.6,58.3,54.4,47.3,35.0,25.2,53.7,33.7,,25.2,28.7,37.2,53.3,58.3,61.8,46.6
12-05,61.1,61.4,50.7,28.1,51.8,40.1,58.6,46.2,47.0,38.6,54.9,29.8,42.9,35.5,53.2,28.3,58.6,54.1,47.3,34.8,24.8,53.2,34.4,,24.8,28.6,37.4,53.2,58.6,61.4,47.0
12-06,60.7,61.5,50.6,28.2,51.7,40.1,58.6,46.7,46.1,38.7,54.4,29.4,46.3,35.7,51.3,28.6,58.1,53.4,47.5,35.7,24.8,52.3,34.8,,24.8,28.7,37.5,51.9,58.5,61.5,46.7
12-07,61.1,61.8,50.3,28.2,51.8,41.5,58.6,46.8,37.5,38.4,54.9,29.4,44.4,35.6,51.4,27.5,58.3,54.1,47.8,34.7,24.7,51.0,35.3,,24.7,28.4,36.7,51.5,58.5,61.8,46.8
12-08,61.0,61.7,50.4,28.7,52.0,41.1,57.9,46.5,45.8,37.9,55.2,29.4,43.7,35.5,50.9,36.7,57.9,53.6,48.1,34.7,24.5,50.2,35.3,,24.5,30.5,37.4,51.3,57.9,61.7,46.5
12-09,61.0,61.7,50.2,30.0,52.2,41.5,57.6,47.0,45.9,38.1,55.4,29.9,42.9,35.3,51.2,32.9,57.7,53.3,47.5,35.3,24.3,48.6,35.2,,24.3,30.6,37.0,51.6,57.6,61.7,47.0
12-10,60.9,62.1,49.7,32.5,51.6,41.8,57.9,47.0,45.8,38.2,56.2,29.3,42.2,35.3,51.0,34.1,57.6,52.8,48.0,35.9,24.2,48.9,35.4,,24.2,32.8,37.3,51.3,57.9,62.1,47.0
12-11,60.6,61.7,49.3,36.2,52.0,40.6,57.2,46.1,46.1,38.2,55.8,29.9,41.4,35.6,50.2,34.3,60.4,51.9,47.4,36.1,23.6,49.3,35.5,,23.6,34.5,37.4,50.9,59.8,61.7,46.1
12-12,60.9,61.9,49.4,39.0,52.4,41.7,57.6,46.6,45.6,37.3,55.7,29.0,41.0,35.7,50.3,33.4,59.6,52.2,47.6,36.4,23.7,49.7,35.8,,23.7,33.8,38.3,51.1,59.2,61.9,46.6
12-13,60.7,62.1,49.1,41.1,52.4,42.3,57.0,46.0,45.7,37.9,56.3,29.4,40.9,35.5,51.1,32.8,59.2,52.2,47.3,37.5,23.5,49.9,36.0,,23.5,33.3,39.7,51.6,58.7,62.1,46.0
12-14,60.7,61.8,48.9,42.4,52.9,42.0,57.1,46.9,45.3,37.2,57.1,29.3,40.6,35.5,51.6,32.7,59.4,52.0,47.3,37.7,23.6,50.3,36.1,,23.6,33.3,39.4,51.8,58.9,61.8,46.9
12-15,60.4,62.3,48.3,43.2,52.5,41.9,57.9,46.5,45.6,37.2,57.2,29.5,40.5,35.6,51.8,32.3,59.5,52.0,47.8,37.5,23.2,50.6,36.4,,23.2,32.9,39.3,51.9,59.1,62.3,46.5
12-16,61.0,62.3,48.9,43.9,52.6,41.6,57.9,46.6,45.3,37.6,57.9,29.4,40.6,35.1,51.8,32.3,67.7,51.7,47.5,37.5,23.5,50.9,36.6,,23.5,32.9,39.4,51.8,60.4,67.7,46.6
12-17,61.0,62.1,48.2,44.9,53.0,42.1,58.4,46.4,45.1,37.5,58.0,30.0,40.3,35.4,51.5,31.8,62.3,51.3,47.5,38.2,23.1,51.2,36.9,,23.1,32.5,39.5,51.4,60.5,62.3,46.4
12-18,60.6,62.1,48.0,45.3,52.3,42.2,58.4,46.7,44.8,37.5,57.6,29.3,40.4,35.3,51.5,32.4,61.9,51.5,47.2,37.7,23.0,51.3,37.0,,23.0,33.0,39.3,51.5,60.1,62.1,46.7
12-19,60.6,62.3,48.2,45.9,52.5,42.3,67.8,46.6,44.4,38.0,57.9,29.4,40.0,35.6,51.1,32.0,61.7,51.8,47.5,37.5,23.0,51.3,37.2,,23.0,32.8,39.2,51.5,61.5,67.8,46.6
12-20,61.0,62.1,48.0,46.1,52.6,42.1,58.7,45.8,44.2,37.8,64.2,29.3,40.2,35.2,51.7,31.5,61.6,51.8,47.8,38.5,22.9,51.4,37.3,,22.9,32.2,39.5,51.7,61.5,64.2,46.1
12-21,60.8,62.2,47.9,46.3,52.9,41.8,58.2,46.6,45.1,38.0,62.0,29.1,40.5,36.1,51.4,31.4,61.5,51.2,47.9,37.5,23.0,51.3,37.5,,23.0,32.4,39.5,51.4,61.4,62.2,46.6
12-22,61.0,62.3,47.8,46.5,53.0,40.8,58.6,46.5,44.2,37.8,61.4,28.9,40.5,35.7,53.7,32.1,61.3,52.0,47.2,38.2,22.9,51.4,37.5,,22.9,32.8,39.6,52.4,61.3,62.3,46.5
12-23,61.1,62.5,47.8,46.3,52.7,41.9,58.1,46.1,44.4,38.5,61.3,28.7,40.6,36.6,53.4,31.9,61.4,51.0,47.8,38.2,22.8,51.3,37.8,,22.8,32.9,39.8,51.9,61.3,62.5,46.3
12-24,61.0,62.5,47.8,46.7,53.0,44.4,58.0,46.3,44.9,38.0,61.1,29.6,40.0,36.9,53.8,31.4,61.6,50.8,46.9,37.5,22.8,51.3,37.8,,22.8,32.5,39.2,52.0,61.1,62.5,46.7
12-25,60.8,62.1,47.9,46.9,52.9,44.7,57.9,46.4,45.1,38.6,61.2,28.9,41.0,37.1,53.6,31.8,61.4,51.0,47.1,37.5,22.8,52.8,38.0,,22.8,32.8,40.1,52.9,61.1,62.1,46.9
12-26,61.1,62.5,47.6,46.9,52.6,44.6,58.1,46.5,45.1,38.4,61.1,29.1,40.8,36.6,54.3,31.9,61.6,51.1,47.8,38.0,22.8,52.7,38.3,,22.8,32.8,39.9,52.7,61.1,62.5,46.9
12-27,60.8,62.5,47.5,47.3,52.6,44.8,58.0,46.5,56.7,38.4,60.8,28.7,41.3,36.6,54.0,32.3,61.8,50.9,48.3,37.4,22.8,52.8,38.3,,22.8,33.2,40.2,53.3,60.8,62.5,47.5
12-28,61.0,62.5,47.7,47.7,52.2,44.7,57.4,46.1,45.0,38.5,61.0,28.8,41.8,36.7,54.2,32.1,61.2,50.8,48.1,37.5,23.0,52.8,42.7,,23.0,33.0,42.3,52.5,61.0,62.5,47.7
12-29,61.1,62.2,47.6,47.9,52.7,44.2,57.3,46.1,44.9,39.1,60.9,28.6,41.8,36.7,54.0,32.5,61.3,50.9,48.2,37.8,22.9,52.6,41.9,,22.9,33.3,41.8,52.7,61.1,62.2,47.6
12-30,61.2,62.4,47.7,48.1,53.3,45.3,57.5,46.0,45.0,38.9,61.0,29.2,42.1,37.2,54.4,32.5,61.2,51.3,48.6,37.6,22.9,52.8,41.7,,22.9,33.4,42.0,53.0,61.2,62.4,47.7
12-31,61.1,61.9,47.7,48.7,52.8,45.1,57.2,46.3,44.8,39.0,60.2,29.1,42.7,37.1,54.0,32.8,61.3,51.5,48.6,38.1,23.2,52.6,41.8,,23.2,33.7,42.4,52.7,60.9,61.9,47.7
01-01,61.2,62.1,47.3,48.8,52.4,46.2,57.7,46.4,44.5,38.6,60.2,28.9,42.2,36.8,54.5,33.1,61.2,51.5,48.1,38.4,22.9,52.8,42.4,,22.9,33.9,42.3,52.6,61.0,62.1,47.3
01-02,61.2,62.1,47.6,49.4,52.5,46.1,57.8,46.1,45.5,39.1,60.4,28.9,43.1,37.6,54.1,32.5,60.7,51.8,48.0,38.6,22.6,52.8,43.1,,22.6,33.5,43.1,52.6,60.6,62.1,47.6
01-03,61.1,61.9,47.6,49.4,53.0,45.8,58.0,46.3,44.7,38.8,60.4,29.1,43.2,37.4,54.5,33.0,61.0,51.4,48.0,37.8,22.9,52.7,43.5,,22.9,33.9,43.4,52.8,60.9,61.9,47.6
01-04,61.4,62.1,47.7,49.8,52.9,45.9,57.1,46.0,45.5,38.5,60.3,28.8,43.1,37.5,55.1,33.3,61.3,51.1,48.6,37.8,23.0,53.1,44.1,,23.0,34.1,43.7,53.0,61.1,62.1,47.7
01-05,60.8,61.9,47.7,50.0,53.1,47.0,57.7,46.0,45.7,38.7,60.7,28.9,43.4,37.6,54.2,32.8,60.7,50.7,48.5,38.4,22.5,53.1,44.5,,22.5,33.8,44.0,53.1,60.7,61.9,47.7
01-06,61.0,61.9,47.9,50.2,53.3,46.2,57.2,46.5,45.6,39.1,59.6,29.4,43.4,36.7,54.1,33.3,60.9,50.5,48.5,38.8,22.4,52.9,44.9,,22.4,34.0,44.3,53.1,60.7,61.9,47.9
01-07,60.7,61.9,47.9,50.3,53.0,46.5,57.7,46.1,45.1,39.0,60.0,29.0,43.6,37.1,54.6,33.6,60.9,52.6,48.5,38.7,22.9,54.3,45.2,,22.9,34.3,44.5,53.5,60.6,61.9,47.9
01-08,61.0,63.4,47.7,50.3,52.7,47.3,57.3,45.9,44.9,39.3,59.6,29.0,43.3,37.9,54.4,33.2,61.3,52.3,47.9,38.0,22.5,54.8,45.6,,22.5,34.1,44.3,53.4,60.7,63.4,47.7
01-09,60.6,64.3,47.6,50.7,53.4,48.0,57.3,46.0,45.6,39.3,59.6,28.9,43.9,37.4,54.9,33.2,66.1,56.5,48.1,38.0,22.3,55.0,46.0,,22.3,34.0,44.9,54.9,60.4,66.1,48.0
01-10,60.6,65.0,47.4,50.6,53.2,47.7,57.2,46.2,45.2,39.1,60.4,28.5,43.6,37.8,55.3,33.2,63.9,60.1,48.2,37.8,22.6,55.0,46.1,,22.6,34.1,44.6,55.1,60.5,65.0,47.7
01-11,59.5,65.5,47.7,50.6,54.7,48.0,57.2,46.5,57.1,39.0,59.9,29.0,44.0,38.1,55.2,32.7,62.7,60.4,48.4,38.2,22.6,55.0,46.3,,22.6,33.8,45.4,56.0,60.3,65.5,48.4
01-12,59.3,65.4,47.9,50.7,56.5,47.8,57.4,46.1,45.9,39.5,59.9,28.9,43.7,38.8,55.3,33.7,62.2,58.8,48.2,38.6,22.6,55.3,46.8,,22.6,34.7,45.1,55.8,59.8,65.4,47.9
01-13,58.9,65.3,47.6,51.1,56.2,48.6,57.1,46.4,45.7,39.5,60.0,28.7,44.1,38.2,55.4,33.3,62.1,58.6,48.9,38.7,22.6,55.3,47.0,,22.6,34.2,45.0,55.7,59.7,65.3,48.6
01-14,59.0,65.4,47.4,51.2,56.3,48.1,57.0,46.6,44.9,39.1,59.9,28.6,44.1,38.9,55.4,33.9,62.5,58.3,48.3,38.4,22.3,55.2,47.1,,22.3,34.8,44.6,55.7,59.7,65.4,48.1
01-15,59.0,65.4,47.7,47.1,56.6,48.9,57.2,46.9,46.0,39.2,59.1,28.7,44.2,38.8,55.2,33.8,62.6,58.8,49.1,38.6,22.6,55.3,47.2,,22.6,34.7,45.3,55.8,59.1,65.4,47.7
01-16,59.2,65.0,47.6,51.1,56.4,48.6,57.2,46.2,46.0,39.3,59.9,28.8,44.2,38.8,55.6,33.4,62.4,58.7,48.5,38.8,22.3,55.3,47.5,,22.3,34.5,45.3,56.0,59.7,65.0,48.5
01-17,58.9,65.0,47.6,51.0,56.2,49.4,57.3,46.7,46.2,39.1,59.6,28.6,44.5,39.0,56.0,33.2,62.6,58.5,48.6,38.8,22.7,55.4,47.5,,22.7,34.4,45.5,56.1,59.5,65.0,48.6
01-18,59.3,64.9,47.9,47.1,56.3,49.3,55.6,46.3,46.0,39.3,60.7,28.5,44.4,39.6,57.0,34.4,62.6,58.0,48.7,38.4,22.5,55.2,47.7,,22.5,35.2,45.4,55.8,60.5,64.9,47.9
01-19,59.5,64.5,47.0,47.4,56.4,50.0,56.1,46.5,46.2,39.4,60.9,28.8,44.6,40.2,57.4,34.1,62.3,57.6,49.0,39.0,22.5,55.2,47.6,,22.5,35.1,45.6,56.2,60.6,64.5,47.6
01-20,59.0,64.5,47.7,47.4,56.8,49.9,56.4,46.9,46.4,39.3,61.3,28.5,44.2,39.9,57.5,34.3,62.5,58.0,48.9,38.8,22.4,55.2,47.8,,22.4,35.2,45.5,56.6,60.8,64.5,47.8
01-21,59.5,64.2,47.6,51.2,56.7,50.0,56.7,47.0,46.1,39.5,61.3,28.3,44.2,41.2,57.9,34.7,62.3,58.1,49.8,39.7,22.3,55.3,48.0,,22.3,35.7,45.3,56.7,60.9,64.2,49.8
01-22,59.2,63.9,47.6,51.1,56.0,50.2,56.7,47.0,46.1,40.0,61.3,28.7,44.9,40.4,57.8,34.3,62.4,58.3,49.4,38.8,22.3,54.9,48.2,,22.3,35.2,45.6,56.3,60.9,63.9,49.4
01-23,59.0,63.8,47.4,55.1,56.2,50.2,56.6,46.5,46.1,39.3,61.7,28.7,44.6,40.3,57.9,34.7,62.7,58.4,49.9,39.2,22.4,55.1,48.3,,22.4,35.6,45.5,56.4,61.2,63.8,49.9
01-24,58.9,63.9,47.6,51.4,56.3,50.3,56.1,46.8,48.6,39.5,62.0,28.1,44.8,40.3,57.4,34.2,62.7,58.3,49.9,39.7,22.3,55.0,48.4,,22.3,35.3,46.0,56.2,61.3,63.9,49.9
01-25,59.2,63.4,47.3,51.4,56.3,50.8,56.0,46.5,49.6,39.6,61.0,28.4,44.3,40.2,57.8,34.6,62.0,57.7,49.4,39.7,22.4,55.0,48.9,,22.4,35.6,45.6,56.1,60.7,63.4,49.6
01-26,58.8,63.4,47.7,50.7,57.1,51.0,56.7,47.0,49.0,39.6,61.1,28.6,44.5,41.0,57.7,34.4,62.0,58.1,49.2,39.8,22.5,54.8,49.1,,22.5,35.5,46.0,56.9,60.6,63.4,49.2
01-27,59.2,63.5,47.6,47.6,56.4,50.6,56.1,46.7,50.4,40.1,61.4,28.2,44.8,40.9,57.7,34.7,61.9,57.9,49.3,39.5,22.5,55.4,49.1,,22.5,35.6,46.0,56.2,61.0,63.5,49.3
01-28,59.3,63.5,47.9,47.1,56.8,50.3,56.1,46.8,50.2,40.0,61.3,28.2,44.8,40.4,57.6,35.4,62.2,57.7,50.1,39.4,22.5,55.3,49.4,,22.5,36.2,46.0,56.4,60.9,63.5,50.1
01-29,58.8,63.2,50.2,50.8,56.2,50.7,56.0,46.9,50.5,39.6,61.4,28.5,45.1,40.2,58.0,34.9,62.4,57.7,50.1,40.3,22.5,55.4,49.5,,22.5,35.9,46.2,56.1,60.9,63.2,50.5
01-30,59.2,63.1,51.3,47.1,57.0,51.6,55.6,46.7,50.0,39.8,61.8,28.6,45.5,41.0,58.0,37.5,61.8,58.0,49.7,39.7,22.4,55.2,49.6,,22.4,37.9,46.2,56.1,61.3,63.1,50.0
01-31,58.9,63.1,51.6,50.6,56.6,51.0,55.7,47.0,50.5,40.5,61.2,28.4,45.5,40.7,58.3,37.7,62.2,58.5,49.8,39.6,22.2,55.2,49.6,,22.2,38.0,46.4,56.0,60.7,63.1,50.6
02-01,59.0,62.7,55.6,51.0,56.5,51.1,55.5,47.3,50.8,40.6,61.4,29.0,46.0,41.1,58.4,37.6,62.2,58.2,50.4,40.1,22.3,55.0,49.9,,22.3,38.1,46.7,56.0,60.9,62.7,51.0
02-02,59.3,63.1,55.9,50.8,56.4,51.7,55.4,47.1,51.0,40.4,61.5,28.5,45.4,41.3,58.6,37.4,62.3,58.3,50.6,40.0,22.7,55.1,49.9,,22.7,37.9,46.4,56.1,61.1,63.1,51.0
02-03,59.0,62.7,56.7,50.8,57.0,51.9,55.4,47.2,51.0,48.9,61.3,28.8,46.3,40.5,58.9,37.2,61.9,57.7,50.1,40.2,22.3,55.0,50.1,,22.3,37.8,48.2,56.8,60.8,62.7,51.0
02-04,59.2,62.6,57.2,50.7,57.1,51.7,55.2,47.4,50.8,40.1,61.0,29.1,46.0,41.6,63.3,36.7,62.0,58.7,51.3,40.4,22.3,54.6,50.1,,22.3,37.4,46.9,57.2,61.8,63.3,51.3
02-05,59.3,62.4,57.2,51.0,56.7,51.7,55.3,47.2,51.6,40.6,61.5,29.3,46.5,41.6,61.5,37.1,61.6,59.9,50.9,40.0,22.4,54.7,50.3,,22.4,37.7,46.9,56.9,61.5,62.4,51.6
02-06,59.3,62.3,57.2,50.8,56.9,51.4,55.0,47.4,51.3,40.2,61.2,28.7,46.2,41.3,62.1,37.2,62.3,60.6,50.6,40.1,22.6,54.5,50.1,,22.6,37.8,46.9,57.1,61.9,62.3,51.3
02-07,59.2,62.2,56.8,51.0,57.1,51.9,55.0,47.3,51.5,40.6,61.2,28.9,46.7,41.2,62.7,36.8,61.8,60.8,51.0,40.1,22.7,54.5,50.2,,22.7,37.5,47.0,56.9,61.6,62.7,51.5
02-08,59.0,61.9,56.9,51.0,56.9,52.5,55.4,47.2,52.0,40.8,61.4,29.2,46.7,41.9,63.6,36.6,65.1,60.9,51.0,40.5,22.5,54.2,50.3,,22.5,37.4,47.0,56.9,61.8,65.1,52.0
02-09,59.2,61.9,56.8,51.1,57.0,52.1,55.1,46.7,51.9,40.7,60.8,29.1,46.9,42.4,64.1,37.3,63.6,60.1,51.6,40.8,22.9,54.1,50.3,,22.9,38.0,46.8,56.9,61.7,64.1,51.9
02-10,59.4,61.8,56.7,51.2,56.9,51.9,55.0,47.1,52.2,41.0,61.2,29.2,46.6,41.8,64.9,37.4,66.7,60.4,51.5,40.1,22.8,54.1,50.3,,22.8,37.9,46.9,56.8,61.7,66.7,51.9
02-11,59.9,61.9,56.5,51.4,57.2,52.1,54.8,47.1,52.2,40.7,60.9,29.5,47.0,42.4,64.7,37.0,67.1,59.9,51.6,40.3,23.0,54.0,49.9,,23.0,37.7,47.1,56.8,61.7,67.1,52.1
02-12,59.4,61.6,56.7,51.4,56.7,52.4,58.4,47.4,52.3,40.8,60.6,29.3,47.1,42.6,64.9,37.6,64.5,60.0,51.4,40.4,22.9,53.7,50.0,,22.9,38.2,47.3,57.4,61.4,64.9,52.3
02-13,59.4,61.5,56.8,51.4,56.2,52.7,59.0,47.0,52.1,40.6,60.6,29.2,46.9,42.8,64.8,37.6,64.2,60.0,51.7,40.3,23.3,54.0,50.2,,23.3,38.2,47.0,57.7,61.3,64.8,52.1
02-14,59.4,61.5,56.9,51.5,56.8,52.8,59.1,47.4,52.6,40.9,60.5,29.5,47.4,42.5,64.9,37.5,64.3,59.5,51.7,40.8,23.1,53.8,50.3,,23.1,38.1,47.4,57.8,61.3,64.9,52.6
02-15,59.9,61.4,60.8,51.5,56.7,52.3,58.0,47.2,52.7,41.2,60.7,29.3,47.3,42.4,64.8,36.8,63.8,60.0,52.1,40.7,23.5,53.4,50.1,,23.5,37.6,47.2,58.7,61.2,64.8,52.3
02-16,59.7,61.6,61.8,51.4,56.6,53.2,58.3,47.5,53.0,40.9,61.2,29.1,47.7,42.6,65.2,37.5,64.1,58.7,52.1,41.2,23.3,53.9,50.4,,23.3,38.2,47.6,58.4,61.8,65.2,53.0
02-17,59.6,61.2,61.4,51.5,57.3,53.1,58.8,47.4,53.0,40.9,60.7,29.6,47.5,44.0,65.1,37.3,63.8,58.7,51.9,41.3,23.4,54.0,50.5,,23.4,38.0,47.5,58.8,61.4,65.1,53.0
02-18,60.0,61.2,61.3,51.6,57.3,53.5,58.8,47.6,52.5,41.4,61.3,29.3,47.3,45.3,65.1,37.2,63.8,58.5,51.9,41.4,23.4,54.1,50.5,,23.4,38.0,47.5,58.6,61.3,65.1,52.5
02-19,60.1,61.1,61.1,51.2,57.4,53.0,58.3,48.0,52.4,41.6,61.3,30.0,47.3,45.5,64.8,39.2,63.9,58.7,52.5,41.7,23.5,54.0,50.6,,23.5,39.7,47.7,58.5,61.2,64.8,52.5
02-20,60.0,61.0,60.9,51.5,57.6,53.2,58.0,47.6,52.9,42.0,61.1,29.7,47.2,44.9,64.9,38.5,66.2,58.5,51.9,41.7,23.4,54.0,50.6,,23.4,39.1,47.4,58.2,61.1,66.2,52.9
02-21,59.9,60.7,60.7,51.6,56.9,53.2,58.5,48.0,52.6,41.8,61.1,30.2,47.5,46.1,64.4,38.3,65.4,58.8,52.0,40.8,23.6,53.9,50.6,,23.6,38.8,47.8,58.6,61.0,65.4,52.6
02-22,60.0,61.0,60.6,51.9,56.8,52.8,58.7,47.9,52.7,41.3,69.2,30.1,47.7,45.8,64.6,37.8,67.4,58.4,52.9,41.0,23.9,53.9,50.7,,23.9,38.5,47.8,58.5,63.9,69.2,52.8
02-23,60.0,60.8,60.5,52.2,56.4,53.3,58.5,47.7,52.8,41.8,60.3,30.2,47.9,45.9,64.2,38.6,66.3,58.0,53.0,41.2,23.7,53.8,50.9,,23.7,39.1,47.8,58.2,60.7,66.3,53.0
02-24,60.1,60.8,60.3,52.5,57.5,53.3,58.2,48.0,52.9,42.0,60.7,30.1,47.7,46.5,64.3,38.4,65.7,58.0,53.2,41.6,23.9,53.8,50.9,,23.9,39.0,47.9,58.1,60.8,65.7,53.2
02-25,60.0,60.7,60.2,52.4,57.5,53.2,58.7,47.4,53.2,42.1,60.7,30.3,48.0,46.1,63.7,38.5,65.4,58.5,53.1,41.7,23.7,53.9,50.9,,23.7,39.2,47.8,58.6,60.7,65.4,53.2
02-26,60.3,60.9,60.1,52.4,56.6,52.8,58.3,48.2,53.0,42.2,60.4,30.1,48.0,46.3,63.7,38.6,65.1,57.8,52.6,41.8,23.4,53.9,51.0,,23.4,39.3,48.1,58.0,60.8,65.1,52.8
02-27,60.4,60.9,60.1,52.4,57.3,53.3,50.5,47.8,53.7,42.3,60.9,30.1,48.1,46.5,63.7,38.3,65.6,58.3,52.5,41.9,24.1,54.0,51.0,,24.1,39.0,48.0,57.7,60.9,65.6,52.5
02-28,60.1,61.2,59.9,52.7,57.6,53.8,58.4,48.1,53.2,41.8,60.9,30.5,48.0,47.3,63.3,38.4,65.1,58.0,52.6,41.7,24.1,53.9,51.2,,24.1,39.0,48.1,58.2,61.2,65.1,53.2
02-29,,,,52.8,,,,47.9,,,,30.9,,,,38.3,,,,41.2,,,,,24.1,39.0,48.1,58.2,61.2,65.1,53.2
03-01,60.4,61.2,59.5,53.1,57.9,53.6,59.3,48.2,54.3,42.0,61.4,30.4,47.9,47.6,62.6,38.8,65.3,57.4,53.2,41.1,24.0,53.9,51.1,,24.0,39.2,48.1,58.5,61.3,65.3,53.6
03-02,60.3,61.5,59.8,53.2,57.1,53.8,58.5,48.3,53.7,42.2,61.6,30.7,48.0,49.6,63.2,38.8,65.2,58.0,52.3,42.0,24.1,53.7,51.3,,24.1,39.4,49.1,58.2,61.6,65.2,53.7
03-03,60.7,61.2,59.5,53.4,58.0,53.7,59.0,48.5,54.2,42.3,61.0,31.2,48.1,49.1,63.1,39.0,65.0,57.8,52.9,41.4,24.4,53.6,51.2,,24.4,39.5,48.9,58.4,61.2,65.0,53.6
03-04,60.7,61.1,59.4,53.8,58.0,54.3,58.8,48.2,54.9,42.6,61.5,31.1,48.2,49.8,63.1,38.7,65.1,57.4,52.5,40.7,24.4,53.5,51.4,,24.4,39.1,49.1,58.3,61.4,65.1,53.8
03-05,60.5,61.3,59.4,53.7,58.4,54.0,58.8,48.9,55.3,42.7,61.7,31.1,48.8,49.9,62.9,39.7,64.7,57.7,52.3,41.7,24.6,53.5,51.5,,24.6,40.1,49.5,58.5,61.6,64.7,53.7
03-06,60.5,61.2,59.2,53.9,57.9,53.9,58.4,48.8,54.6,42.6,61.7,31.1,48.7,50.0,63.0,43.7,65.4,57.3,52.6,41.3,24.3,53.7,51.6,,24.3,41.6,49.5,58.1,61.6,65.4,53.9
03-07,60.5,61.2,59.1,54.2,57.6,54.5,58.7,48.6,55.0,42.6,61.1,30.6,48.9,50.2,62.8,50.8,65.0,57.6,53.2,41.7,24.6,53.8,51.6,,24.6,41.9,50.6,58.1,61.2,65.0,54.2
03-08,60.7,61.2,59.2,54.3,57.7,54.8,61.4,49.0,55.6,42.4,61.8,31.2,48.7,50.7,62.9,49.1,64.7,57.8,53.6,41.7,24.4,54.0,51.8,,24.4,41.8,50.1,58.3,61.7,64.7,54.3
03-09,60.8,61.2,59.2,54.3,58.2,54.4,63.0,49.1,55.7,43.3,61.5,31.6,48.5,50.8,63.8,48.5,65.0,57.9,53.2,41.4,24.2,53.9,51.9,,24.2,41.8,50.1,58.6,62.7,65.0,54.3
03-10,60.9,61.5,59.0,54.6,58.7,54.4,63.3,49.5,55.1,43.3,60.3,31.6,49.2,51.9,64.3,47.9,65.1,57.6,52.9,41.2,24.3,54.2,52.0,,24.3,41.7,50.9,58.8,62.9,65.1,54.4
03-11,61.1,61.5,60.2,54.7,58.3,54.4,61.9,48.9,55.6,42.8,60.9,31.4,49.3,52.1,64.8,47.8,64.7,57.2,53.8,41.9,24.6,54.2,52.0,,24.6,42.1,50.9,59.1,61.8,64.8,54.4
03-12,61.6,61.5,62.4,55.3,59.1,54.6,62.7,49.8,55.8,43.2,61.8,31.8,49.8,52.2,65.3,51.6,65.4,57.7,53.1,41.6,24.6,54.3,52.1,,24.6,41.9,51.9,60.1,62.7,65.4,54.6
03-13,61.4,61.3,66.0,55.4,59.1,54.9,63.2,49.9,55.9,43.5,61.6,31.7,49.5,52.4,66.9,51.1,65.6,58.3,53.9,41.6,24.5,54.3,52.3,,24.5,42.0,51.8,60.0,65.1,66.9,54.9
03-14,61.9,61.5,73.9,55.7,58.9,55.4,63.6,49.4,56.0,43.2,61.9,31.5,50.4,54.0,68.7,50.7,65.5,59.2,54.2,42.3,24.4,54.8,52.4,,24.4,42.5,51.7,60.1,65.2,73.9,55.4
03-15,62.1,61.5,76.4,55.8,59.5,54.8,63.3,50.2,56.1,43.7,62.1,31.3,51.7,55.0,68.9,52.2,66.8,64.3,54.2,43.0,24.5,54.8,52.7,,24.5,43.2,52.5,61.7,66.3,76.4,55.0
03-16,62.2,61.6,72.5,56.9,59.8,55.4,63.6,49.7,56.0,43.6,60.3,31.5,52.4,57.3,69.5,55.0,68.6,64.2,53.9,42.9,25.0,54.9,52.8,,25.0,43.0,53.4,60.8,67.7,72.5,56.0
03-17,62.3,62.1,72.6,57.3,59.4,55.7,63.5,49.8,55.9,43.6,63.0,31.5,52.8,59.7,72.1,54.9,70.4,64.1,54.1,43.8,24.8,55.1,52.9,,24.8,43.7,53.6,62.2,69.2,72.6,55.9
03-18,62.2,62.1,70.9,57.9,59.8,54.8,63.7,50.6,55.8,44.0,62.8,31.8,55.5,59.6,73.7,54.8,70.0,62.9,54.5,45.7,24.5,55.4,52.9,,24.5,44.4,54.7,62.2,68.7,73.7,55.8
03-19,62.6,62.3,69.5,59.1,59.8,55.5,64.0,50.3,56.4,43.5,62.8,31.7,55.2,59.2,74.7,54.8,71.9,63.2,54.6,46.8,24.5,55.7,53.0,,24.5,44.2,54.7,62.4,68.4,74.7,56.4
03-20,62.7,62.3,68.5,65.0,61.3,55.6,64.9,50.2,56.4,44.1,63.0,32.0,56.6,59.2,75.0,55.4,73.0,62.3,54.9,46.4,24.5,56.0,53.1,,24.5,44.5,55.2,62.5,67.8,75.0,56.6
03-21,63.6,62.5,67.8,69.5,62.3,55.8,65.5,51.2,56.7,44.3,62.8,32.3,57.1,59.8,74.9,61.3,74.5,63.4,54.4,46.6,24.8,56.2,53.3,,24.8,44.7,55.2,63.0,69.1,74.9,59.8
03-22,70.2,63.0,67.4,72.0,61.6,55.8,65.9,51.9,57.6,45.0,62.9,32.4,58.3,60.0,76.1,63.9,75.8,63.9,55.3,46.7,24.8,56.4,53.4,,24.8,45.4,55.6,63.9,71.7,76.1,60.0
03-23,71.4,63.2,70.6,73.9,61.8,55.8,65.2,52.3,58.6,44.5,63.1,32.2,59.1,60.8,77.0,61.8,75.2,67.6,56.3,47.7,25.2,56.5,53.7,,25.2,45.1,56.1,64.0,73.4,77.0,60.8
03-24,71.0,64.0,74.3,75.8,62.0,56.0,65.7,52.3,58.7,45.1,63.3,32.4,58.5,61.9,77.0,60.2,73.4,67.0,56.4,48.2,25.0,56.6,53.9,,25.0,45.7,56.2,64.7,74.1,77.0,60.2
03-25,72.0,64.3,72.8,75.5,61.6,55.6,65.6,53.4,58.4,44.6,63.3,32.9,58.9,62.3,75.1,59.4,71.9,65.5,56.7,48.5,25.2,60.3,54.0,,25.2,45.4,56.3,64.8,72.6,75.5,60.3
03-26,73.4,64.7,74.5,75.9,61.1,56.2,66.4,56.5,59.2,45.4,62.9,34.2,58.1,62.6,73.9,58.8,71.1,65.0,56.6,49.0,25.3,65.9,54.1,,25.3,46.1,56.6,65.4,73.8,75.9,61.1
03-27,74.7,65.0,74.3,74.9,61.1,56.2,67.2,55.7,58.8,45.5,63.6,35.8,58.1,61.4,75.2,58.0,70.1,64.5,57.3,50.1,25.4,70.2,54.3,,25.4,46.4,56.8,65.9,74.7,75.2,61.1
03-28,74.3,65.4,72.7,72.1,61.1,56.5,66.1,56.0,59.2,45.2,63.2,36.8,59.5,61.0,77.0,57.9,69.9,64.2,57.7,50.7,25.6,74.1,54.4,,25.6,46.3,57.2,65.7,73.8,77.0,61.0
03-29,70.5,65.9,70.7,70.2,60.9,56.6,64.6,55.4,58.6,45.6,63.6,38.5,61.7,61.2,78.1,58.4,69.1,64.6,59.5,50.7,25.6,73.8,54.5,,25.6,46.6,57.6,65.1,70.7,78.1,61.2
03-30,69.8,67.3,69.8,73.1,61.3,56.4,63.7,55.1,59.3,46.2,63.1,44.5,63.5,60.9,77.1,59.0,69.1,64.8,60.5,51.1,25.6,74.1,54.7,,25.6,47.2,58.0,65.8,72.4,77.1,61.3
03-31,68.7,68.7,77.1,75.3,61.3,56.1,63.1,55.5,59.4,46.3,63.2,49.2,63.6,61.4,77.1,59.2,71.5,65.7,60.2,50.8,25.8,75.3,54.8,,25.8,49.5,57.9,66.9,75.3,77.1,61.4
04-01,72.5,71.3,76.9,77.3,61.6,56.3,65.2,55.2,58.9,46.4,63.7,55.0,64.8,61.0,77.6,58.4,71.3,69.3,61.2,51.4,25.7,72.6,55.1,,25.7,52.1,57.6,70.1,76.1,77.6,61.6
04-02,75.3,75.3,80.5,77.6,60.8,56.4,67.2,55.2,58.8,46.8,63.4,53.9,64.1,61.4,75.0,58.8,70.6,70.4,60.6,51.3,25.7,73.5,55.3,,25.7,51.8,57.8,70.5,75.3,80.5,61.4
04-03,73.9,77.4,77.2,78.5,61.4,57.2,67.1,54.7,59.1,47.2,63.3,53.1,65.7,61.4,73.1,63.0,70.7,68.6,61.0,52.0,25.7,74.0,55.4,,25.7,52.2,58.3,69.4,76.6,78.5,63.0
04-04,70.9,78.4,74.1,77.7,61.2,57.2,66.9,54.7,59.7,47.7,64.1,54.1,66.0,61.1,71.7,64.9,70.7,67.9,62.9,52.0,26.0,74.5,55.5,,26.0,52.4,58.7,69.0,74.4,78.4,64.1
04-05,69.8,80.2,72.1,77.8,61.5,59.3,68.0,55.0,58.8,46.9,64.0,57.1,66.7,61.2,70.6,66.0,69.8,67.9,63.4,51.9,26.1,73.8,55.7,,26.1,52.5,59.1,68.7,73.5,80.2,64.0
04-06,73.2,82.8,71.1,77.8,61.3,59.7,67.6,54.4,59.4,48.3,64.6,57.8,66.2,61.3,72.1,64.6,69.6,71.0,64.4,54.3,33.5,73.0,55.7,,33.5,54.3,59.6,70.1,73.2,82.8,64.6
04-07,71.2,83.6,70.4,78.9,61.4,59.3,68.2,55.0,59.5,48.3,64.4,56.6,66.5,61.2,72.9,65.3,69.9,72.1,64.8,56.4,35.4,72.8,55.9,,35.4,55.2,59.4,70.1,72.9,83.6,64.8
04-08,69.1,83.9,69.7,78.6,61.4,59.0,68.1,55.0,59.1,48.5,64.5,55.9,67.0,63.1,72.5,67.0,72.7,80.3,65.0,56.9,35.6,73.8,56.1,,35.6,55.2,59.0,69.3,77.6,83.9,65.0
04-09,68.4,83.9,69.3,78.7,61.5,59.2,71.1,55.0,59.6,49.3,63.0,58.3,64.2,64.2,71.4,66.8,71.1,75.2,65.5,57.8,38.8,75.2,56.1,,38.8,55.3,59.4,70.0,75.2,83.9,64.2
04-10,67.8,87.3,79.1,76.3,61.2,61.3,70.4,54.7,59.6,50.0,63.2,60.5,63.5,65.4,71.2,68.7,70.3,73.9,66.6,57.9,42.4,76.2,56.3,,42.4,55.0,60.9,70.4,76.3,87.3,65.4
04-11,67.3,86.1,80.1,75.1,62.1,60.4,69.0,55.0,59.5,49.9,63.4,62.1,64.0,67.1,73.6,68.1,69.5,75.6,65.4,59.2,46.8,74.8,56.6,,46.8,55.3,61.4,69.2,75.5,86.1,65.4
04-12,67.0,85.3,81.3,75.6,61.7,61.5,68.7,54.9,60.1,49.8,63.4,65.0,64.9,68.1,76.0,68.2,69.6,78.5,64.8,58.6,47.4,73.0,58.9,,47.4,55.6,61.6,69.1,78.0,85.3,65.0
04-13,66.6,86.2,83.0,79.0,62.3,64.0,67.7,55.2,59.7,50.5,63.7,63.8,66.3,68.4,75.1,68.2,71.3,74.6,64.6,59.0,48.0,71.7,58.9,,48.0,55.9,63.1,69.6,78.2,86.2,66.3
04-14,66.6,87.0,84.9,79.1,62.8,64.2,66.7,55.6,59.8,50.4,63.3,65.7,64.9,66.8,75.7,70.6,73.4,71.8,64.3,58.5,46.0,70.6,58.3,,46.0,56.1,63.1,70.6,78.4,87.0,65.7
04-15,66.3,89.7,86.5,79.1,62.2,64.3,67.0,58.7,60.4,50.8,63.8,65.5,64.9,67.7,75.9,67.2,72.0,72.1,63.4,58.5,45.6,69.8,58.1,,45.6,58.1,62.9,68.5,78.5,89.7,65.5
04-16,66.0,87.5,79.5,77.9,62.8,64.1,68.3,58.0,60.4,50.8,63.9,65.4,63.7,67.9,73.5,65.2,71.9,73.3,67.3,58.3,45.7,70.0,58.0,,45.7,58.0,63.3,69.0,77.0,87.5,65.4
04-17,72.7,80.2,82.3,77.8,63.5,65.6,69.0,56.9,60.6,52.0,63.3,65.2,62.9,67.8,72.1,66.3,73.9,74.8,67.7,57.8,45.8,70.2,58.0,,45.8,57.1,63.1,71.0,77.2,82.3,66.3
04-18,75.9,77.2,82.4,78.6,64.5,62.3,70.2,57.0,60.7,52.8,63.7,66.8,62.6,68.7,73.6,68.0,75.3,72.5,67.8,57.9,47.1,72.4,57.8,,47.1,57.2,62.5,72.4,77.0,82.4,67.8
04-19,76.3,75.6,77.0,74.9,64.4,61.4,68.1,58.7,61.0,55.1,65.9,67.5,62.0,70.1,78.2,69.3,78.7,73.1,68.0,59.2,49.5,72.2,58.2,,49.5,58.3,61.7,72.6,76.8,78.7,68.0
04-20,76.3,74.5,80.6,73.4,63.7,61.2,66.8,60.4,61.5,57.9,65.7,67.5,62.5,69.4,78.8,70.1,75.7,74.2,69.1,59.8,50.1,72.4,58.4,,50.1,58.7,62.1,72.8,76.2,80.6,67.5
04-21,71.6,73.8,81.2,74.8,63.7,64.6,67.2,58.5,61.4,60.0,65.3,68.6,64.6,68.8,78.3,70.5,73.8,74.6,69.7,60.4,50.4,73.0,58.5,,50.4,58.8,64.2,72.2,74.8,81.2,68.6
04-22,70.0,73.3,81.0,74.5,63.4,64.8,69.7,60.4,61.4,60.1,65.3,69.5,66.6,68.0,77.4,71.5,73.8,75.1,70.0,61.7,49.2,75.4,58.6,,49.2,60.1,64.3,72.2,75.3,81.0,69.5
04-23,68.9,82.9,82.1,75.5,63.6,64.7,68.9,60.2,62.4,59.7,65.0,70.7,65.7,67.7,76.5,73.3,72.2,75.5,69.8,62.6,51.1,74.4,58.7,,51.1,59.8,64.3,72.7,76.3,82.9,68.9
04-24,74.5,87.0,79.1,77.1,63.8,65.7,69.9,60.5,62.9,59.1,65.0,71.1,66.7,68.4,76.1,69.9,73.3,74.9,70.9,64.5,51.0,72.1,58.9,,51.0,59.3,64.8,72.6,76.9,87.0,69.9
04-25,76.3,85.2,78.2,77.4,65.2,65.0,69.9,59.2,62.6,59.9,65.0,71.1,67.4,67.8,81.6,71.5,75.6,74.0,71.4,64.3,50.9,74.0,59.0,,50.9,59.3,65.0,74.0,78.0,85.2,69.9
04-26,76.3,87.7,77.5,75.9,67.3,65.1,68.9,58.2,63.6,61.0,65.3,70.5,67.9,69.1,79.3,72.9,73.5,73.3,72.2,65.7,51.2,73.7,59.1,,51.2,59.5,65.5,73.4,77.2,87.7,69.1
04-27,76.3,89.6,75.6,75.4,67.8,65.1,69.7,60.1,63.1,62.3,65.4,73.8,67.7,71.2,77.5,73.5,72.2,72.9,73.1,67.4,50.9,75.0,59.1,,50.9,60.6,66.6,73.6,76.1,89.6,71.2
04-28,77.1,83.9,74.1,75.9,68.3,65.6,72.0,60.9,63.0,64.9,65.6,72.9,68.3,68.7,77.2,73.5,71.7,72.2,72.9,68.7,50.5,76.1,59.2,,50.5,61.3,67.2,73.2,76.9,83.9,71.7
04-29,80.2,87.3,73.9,73.6,67.9,66.8,73.3,61.4,63.5,62.5,65.4,70.3,66.6,68.1,78.4,71.7,70.9,72.1,72.9,69.5,52.4,76.7,59.4,,52.4,61.7,66.7,73.1,78.0,87.3,70.3
04-30,79.1,87.2,73.2,73.1,68.2,66.1,74.0,62.3,64.2,60.4,65.5,68.7,66.7,68.3,78.0,72.9,70.8,71.3,72.1,70.6,52.1,74.1,59.5,,52.1,60.8,66.5,73.0,77.3,87.2,70.6
05-01,78.5,85.6,72.2,74.1,68.5,66.8,73.6,61.2,65.9,59.4,65.2,67.9,65.5,68.2,77.1,72.0,71.7,69.0,71.1,70.8,52.8,74.7,59.8,,52.8,60.1,66.4,72.1,76.6,85.6,69.0
05-02,75.4,81.3,71.3,74.0,68.2,66.5,72.6,60.0,66.8,59.3,65.0,73.4,64.1,69.1,76.6,62.5,72.8,70.0,70.2,69.6,53.9,76.1,59.8,,53.9,59.9,65.9,72.7,75.9,81.3,69.6
05-03,73.1,79.8,70.5,73.8,67.7,67.0,71.5,61.7,68.9,59.4,65.7,71.7,63.7,68.8,76.4,70.5,72.5,71.1,71.3,70.0,54.4,78.3,59.9,,54.4,60.3,67.4,71.6,75.8,79.8,70.5
05-04,71.1,79.3,70.8,73.1,68.4,66.3,70.0,62.6,69.4,58.5,65.7,70.1,65.4,68.8,75.6,71.4,72.3,72.2,71.8,69.9,54.5,75.9,60.1,,54.5,60.6,67.6,71.5,75.1,79.3,70.0
05-05,71.4,78.4,82.3,72.3,68.5,69.9,67.7,62.9,69.2,60.4,65.3,69.9,67.2,68.5,73.3,71.7,73.6,73.0,74.1,69.5,54.6,75.6,60.6,,54.6,61.1,68.1,72.5,75.3,82.3,69.9
05-06,72.8,77.8,80.4,70.8,69.6,68.4,67.0,63.8,70.6,63.5,65.7,69.4,68.4,68.7,79.3,70.9,75.3,72.6,76.9,69.4,55.6,79.5,60.8,,55.6,63.6,68.4,72.7,79.0,80.4,69.6
05-07,72.5,77.2,79.4,66.4,69.7,68.9,69.3,64.5,71.4,62.4,67.7,68.6,69.2,69.4,84.7,73.5,75.2,72.7,78.3,69.5,57.5,79.7,61.2,,57.5,62.8,68.8,73.0,79.2,84.7,69.5
05-08,72.6,76.6,79.9,64.4,70.4,69.2,69.4,64.7,71.5,63.8,68.9,68.7,71.3,68.7,81.0,71.6,74.9,70.9,78.4,68.5,60.3,77.6,61.6,,60.3,63.9,68.7,72.0,78.2,81.0,70.4
05-09,72.8,75.4,81.2,63.3,70.4,69.2,72.5,64.9,71.7,64.2,70.7,69.4,72.4,69.8,80.6,78.0,74.3,68.3,77.3,69.3,60.7,76.3,64.3,,60.7,64.3,69.3,73.4,77.9,81.2,70.7
05-10,72.0,74.8,80.3,62.1,72.5,69.0,72.4,64.9,70.0,65.4,69.0,69.1,73.2,73.2,80.6,77.1,74.5,66.5,75.8,69.7,61.2,74.3,67.3,,61.2,65.0,69.0,73.7,76.8,80.6,72.0
05-11,71.2,80.7,82.5,60.8,71.1,68.9,72.6,65.6,69.9,66.7,69.3,66.3,73.3,71.6,80.3,73.5,74.3,65.0,77.2,70.2,61.2,73.7,67.6,,60.8,65.1,68.4,73.4,79.7,82.5,71.1
05-12,69.6,78.3,79.5,60.3,68.1,69.6,71.8,66.4,70.5,64.6,70.2,64.8,72.6,70.4,76.7,72.2,74.3,65.4,77.4,70.9,62.2,78.0,68.1,,60.3,64.7,68.1,72.4,77.8,79.5,70.4
05-13,68.8,76.4,75.5,60.1,68.7,68.7,70.4,65.2,70.8,65.0,71.8,63.7,73.1,71.3,74.2,73.2,73.3,68.2,76.9,71.5,63.7,76.4,68.4,,60.1,64.0,68.6,73.2,76.2,76.9,70.8
05-14,67.7,75.3,73.3,65.4,71.6,69.0,67.8,66.7,70.1,64.3,73.0,62.4,72.7,71.0,72.5,72.9,72.0,67.0,77.2,74.6,65.3,78.8,69.5,,62.4,65.3,67.8,72.7,75.1,78.8,71.0
05-15,67.0,73.9,72.2,65.6,71.9,67.4,65.6,67.9,71.5,64.2,73.2,61.7,72.6,70.0,66.3,72.5,71.4,67.1,78.1,68.9,65.2,78.4,69.9,,61.7,65.3,67.0,72.1,73.8,78.4,69.9
05-16,66.5,73.3,71.3,64.5,70.6,67.4,64.4,68.5,70.2,63.8,76.0,61.0,72.6,69.5,76.2,71.9,71.0,66.5,79.2,68.0,64.7,76.8,69.9,,61.0,64.4,67.0,71.5,76.2,79.2,69.9
05-17,67.7,72.2,70.2,62.2,72.6,67.3,63.0,69.6,70.1,64.4,74.8,60.2,72.2,70.3,84.4,71.2,72.7,65.3,84.4,67.5,64.0,75.9,70.3,,60.2,63.2,67.4,72.2,75.7,84.4,70.2
05-18,67.0,71.5,69.2,62.1,70.7,67.5,61.8,70.4,69.6,64.7,72.3,58.9,72.1,70.6,80.7,71.5,71.5,64.3,78.5,67.3,63.8,74.6,70.8,,58.9,62.5,67.2,71.5,74.2,80.7,70.4
05-19,66.2,70.6,68.8,60.2,70.9,66.9,60.8,70.7,69.3,70.3,73.9,59.0,75.6,70.6,82.3,71.6,70.3,65.8,77.1,67.2,63.5,73.8,70.9,,59.0,61.3,67.1,70.9,75.2,82.3,70.3
05-20,65.8,70.1,68.2,59.3,69.0,66.8,59.5,71.4,69.9,69.5,75.0,58.2,79.3,70.4,80.5,73.8,72.4,64.4,77.8,66.5,63.3,72.5,70.6,,58.2,60.2,66.7,71.8,77.3,80.5,69.9
05-21,64.9,69.1,67.3,57.9,68.2,66.1,57.9,72.1,69.9,68.6,74.7,58.2,76.9,70.4,80.1,72.9,72.5,64.3,76.2,65.4,62.0,69.6,69.9,,57.9,59.0,65.8,71.1,75.9,80.1,69.1
05-22,64.2,73.8,66.8,57.0,67.0,65.5,63.9,70.0,69.9,73.8,75.9,57.0,73.2,70.0,81.2,74.0,72.7,63.7,76.9,67.1,61.1,70.1,69.6,,57.0,61.6,66.3,72.9,75.5,81.2,69.9
05-23,63.7,82.0,66.1,57.0,65.7,65.0,63.5,70.7,69.4,72.4,75.9,55.7,71.2,70.9,77.7,73.2,73.7,66.9,76.8,65.0,59.9,69.0,69.9,,55.7,60.6,65.4,71.7,76.6,82.0,69.4
05-24,62.6,81.6,65.2,56.4,65.1,64.8,62.3,70.9,69.3,73.6,77.4,55.1,69.4,70.5,76.2,73.1,73.1,66.2,75.9,70.2,67.8,67.1,70.1,,55.1,62.4,65.8,71.7,76.2,81.6,69.4
05-25,62.2,81.5,64.8,55.9,63.9,64.5,61.7,70.0,71.8,71.2,76.4,54.4,68.0,72.2,75.9,71.5,73.8,64.9,76.0,70.1,73.1,66.0,70.6,,54.4,61.8,64.9,72.0,76.0,81.5,70.1
05-26,61.0,78.2,64.1,56.0,64.2,66.0,60.5,71.0,71.8,72.7,78.2,54.1,66.6,72.0,74.8,69.9,72.3,63.3,76.9,68.1,70.1,64.6,71.8,,54.1,60.6,64.5,71.9,76.5,78.2,69.9
05-27,60.4,75.7,63.3,55.9,62.8,71.7,60.5,74.0,71.9,71.9,76.6,54.0,65.2,71.9,75.0,68.9,71.7,61.7,78.3,66.6,66.9,63.6,72.3,,54.0,60.4,63.5,71.9,75.6,78.3,68.9
05-28,59.4,74.0,62.3,55.9,63.2,69.1,58.8,72.9,71.4,72.5,77.3,56.0,64.3,69.9,77.8,68.1,71.7,63.5,79.2,64.9,65.1,62.7,74.2,,55.9,58.9,63.4,72.0,76.6,79.2,68.1
05-29,58.9,72.5,61.7,71.6,62.4,67.0,58.7,71.3,68.8,72.4,77.6,57.7,70.6,67.5,77.7,67.2,71.5,64.8,79.1,63.4,63.4,62.2,75.2,,57.7,59.5,63.4,71.5,77.2,79.1,67.5
05-30,57.7,71.7,61.1,72.5,62.4,68.0,57.9,71.0,67.5,71.5,75.6,57.8,72.4,66.6,75.1,66.2,71.0,63.7,78.9,62.6,62.2,68.3,75.4,,57.7,58.5,63.2,71.6,75.3,78.9,68.0
05-31,56.9,70.5,59.8,69.2,66.8,71.4,56.6,69.8,65.5,71.0,73.1,56.8,71.6,64.9,73.3,65.4,70.3,62.8,78.5,61.5,61.1,68.3,76.2,,56.6,57.5,64.1,70.7,73.2,78.5,68.3
06-01,56.0,69.5,58.5,66.6,66.4,71.7,55.6,69.7,64.7,71.0,76.2,55.6,69.9,64.1,71.4,64.5,69.6,61.4,78.8,60.0,59.9,79.1,76.8,,55.6,56.5,63.0,70.3,76.7,79.1,66.6
06-02,55.0,68.6,57.6,64.5,67.9,71.3,54.5,69.1,63.3,71.6,78.2,54.6,68.4,62.7,69.8,63.3,68.7,60.4,79.5,58.5,59.0,80.5,76.4,,54.5,55.6,61.8,69.4,77.8,80.5,67.9
06-03,54.1,67.8,57.1,62.6,67.9,70.8,53.7,68.5,65.6,71.7,76.3,53.4,66.9,61.8,68.5,62.6,66.2,59.7,78.1,57.7,57.7,77.1,76.2,,53.4,54.7,61.0,68.5,76.3,78.1,66.2
06-04,53.6,67.2,55.6,61.2,68.5,69.9,52.7,69.4,64.4,74.7,75.5,52.4,65.0,60.8,67.4,61.3,64.6,58.6,76.3,56.2,56.9,72.8,75.4,,52.4,54.0,59.9,68.8,75.3,76.3,64.6
06-05,52.5,66.4,54.3,59.2,73.0,67.1,51.9,70.2,63.3,75.2,74.8,50.4,63.6,59.5,66.1,60.2,62.5,56.8,75.6,54.9,55.6,70.2,74.6,,50.4,52.8,58.2,68.3,74.7,75.6,63.3
06-06,51.8,65.8,53.6,57.6,74.8,64.1,49.7,74.7,62.4,74.1,74.6,49.5,62.1,58.1,65.2,59.0,61.4,55.4,74.5,53.6,54.4,68.6,74.4,,49.5,52.2,56.7,66.9,74.6,74.8,62.1
06-07,51.5,64.8,52.5,55.2,77.1,62.5,53.6,72.7,61.6,73.1,74.8,48.8,60.9,56.6,68.4,58.0,60.1,54.1,75.4,62.3,53.4,67.1,74.2,,48.8,52.7,56.0,67.6,74.7,77.1,61.6
06-08,50.9,64.3,51.6,53.5,77.6,60.8,61.9,72.5,74.7,70.3,74.0,48.0,59.7,55.1,67.3,56.8,58.3,52.5,72.9,67.7,52.0,65.9,72.9,,48.0,51.7,56.1,68.7,73.8,77.6,61.9
06-09,50.1,63.4,50.5,51.6,78.0,61.4,70.4,70.9,72.8,68.1,75.3,46.2,58.0,54.1,66.7,55.5,56.9,51.2,70.1,68.2,50.5,64.4,70.4,,46.2,50.5,55.0,69.0,72.4,78.0,63.4
06-10,49.5,62.7,51.8,49.4,80.4,71.0,74.3,68.2,77.6,66.0,74.5,45.5,56.2,53.0,65.4,53.6,55.4,49.0,68.2,66.7,49.0,63.4,67.5,,45.5,49.1,53.4,67.8,74.5,80.4,63.4
06-11,48.0,61.7,50.9,69.9,78.2,68.2,70.5,66.5,79.7,67.6,75.5,44.6,54.4,51.4,64.6,52.5,53.9,48.7,66.5,64.9,48.1,61.9,65.6,,44.6,48.2,53.3,67.0,74.5,79.7,64.6
06-12,47.1,61.5,49.7,67.4,85.4,65.3,67.3,67.3,78.6,71.0,75.2,43.5,51.7,49.9,68.4,52.4,52.9,46.6,64.9,63.3,47.2,60.5,64.4,,43.5,47.1,52.1,67.3,74.3,85.4,63.3
06-13,46.6,60.5,48.6,64.1,79.5,63.6,65.2,66.7,77.1,74.0,74.8,42.3,50.2,49.0,67.1,51.9,50.9,45.5,63.8,61.8,45.7,59.0,63.4,,42.3,45.9,50.7,64.5,74.7,79.5,61.8
06-14,45.5,59.9,47.4,63.0,76.2,62.3,63.7,65.6,79.2,71.9,74.1,40.8,48.1,46.8,65.5,51.6,58.5,44.2,62.8,60.3,44.2,58.5,62.3,,40.8,44.5,50.2,63.3,73.6,79.2,60.3
06-15,46.3,58.9,46.5,61.3,73.0,61.6,62.0,64.2,78.4,70.3,74.1,39.9,46.6,45.9,63.9,50.1,58.8,42.9,62.2,59.3,42.7,58.6,61.7,,39.9,43.5,48.7,62.1,72.5,78.4,59.3
06-16,46.8,58.0,44.7,59.4,70.7,60.8,60.6,63.4,74.2,68.3,73.6,38.3,44.8,45.0,62.9,49.3,58.6,41.3,61.1,58.5,41.0,58.0,62.6,,38.3,42.0,48.3,61.7,70.2,74.2,58.6
06-17,47.5,56.9,43.5,57.9,68.5,59.6,59.6,62.3,71.3,67.2,72.9,36.7,42.5,45.0,61.9,47.8,57.3,40.0,59.9,61.3,39.5,57.3,61.6,,36.7,40.5,47.7,61.4,68.2,72.9,57.9
06-18,47.9,55.9,42.5,56.9,67.1,58.7,58.1,60.7,73.6,68.5,72.0,35.5,40.9,49.8,60.3,46.6,56.8,38.6,58.7,68.3,38.1,56.3,60.7,,35.5,39.0,49.0,60.4,68.5,73.6,56.9
06-19,47.5,54.9,41.0,55.6,65.9,57.5,56.8,58.9,75.7,67.0,72.2,34.3,38.9,52.5,58.5,45.4,55.3,37.6,58.2,66.3,36.4,54.8,59.6,,34.3,37.9,50.5,58.7,66.8,75.7,55.6
06-20,47.1,54.3,39.8,54.2,64.2,56.1,55.2,58.6,71.9,65.8,80.5,32.6,36.9,52.3,56.8,44.0,54.2,37.3,56.8,64.4,35.1,53.6,58.7,,32.6,37.0,50.2,57.5,65.5,80.5,54.3
06-21,46.4,52.9,38.9,52.9,62.8,54.2,53.5,57.4,78.2,63.8,77.5,31.2,35.3,52.5,54.6,42.7,52.8,36.5,55.6,62.5,33.7,53.4,58.3,,31.2,35.6,50.1,56.3,63.6,78.2,53.4
06-22,46.0,51.9,38.6,51.7,61.8,53.5,53.1,55.5,77.8,62.8,76.0,29.7,33.6,51.2,52.5,41.0,50.8,34.9,54.7,61.4,32.3,53.4,57.3,,29.7,33.9,48.9,55.1,62.6,77.8,52.5
06-23,45.0,50.8,37.8,49.9,60.7,52.8,51.1,54.3,73.7,61.3,74.9,28.4,32.3,49.9,50.8,39.6,49.9,33.5,54.6,59.8,30.8,52.8,56.2,,28.4,32.5,47.9,54.4,61.2,74.9,50.8
06-24,44.4,49.4,37.6,48.3,59.5,50.7,49.6,52.6,70.6,59.9,73.9,27.3,31.2,49.4,49.2,38.2,48.1,32.5,53.5,58.3,29.8,52.2,55.2,,27.3,31.4,46.6,52.9,59.8,73.9,49.4
06-25,43.6,48.4,39.2,46.8,58.5,49.8,47.6,51.0,67.9,58.3,73.3,25.6,29.4,48.6,47.4,36.8,46.2,31.4,52.5,57.1,33.5,51.0,53.8,,25.6,31.8,45.2,51.6,58.4,73.3,48.4
06-26,43.0,47.0,43.9,44.9,57.1,48.2,45.8,49.2,65.9,56.5,72.7,24.5,28.1,46.9,45.6,35.4,45.0,30.5,51.8,56.2,32.7,49.9,52.5,,24.5,31.0,44.5,50.7,57.0,72.7,46.9
06-27,42.3,45.8,48.9,44.2,56.5,47.1,43.9,47.4,66.0,55.3,71.5,23.4,27.1,46.6,43.8,34.5,43.6,28.9,50.6,54.9,31.5,48.7,51.2,,23.4,29.4,43.7,49.6,56.2,71.5,46.6
06-28,41.4,43.8,49.3,43.7,55.2,45.2,42.2,46.2,65.0,53.6,70.0,22.5,25.5,46.6,42.0,33.6,42.2,27.4,49.1,53.2,30.2,47.5,50.0,,22.5,27.9,42.1,49.2,54.9,70.0,45.2
06-29,40.7,42.6,48.6,42.8,54.4,43.7,40.1,44.1,63.5,56.0,67.2,21.2,24.2,45.9,40.2,32.2,41.1,26.1,48.3,52.2,29.1,46.4,49.0,,21.2,26.7,40.5,48.4,55.6,67.2,43.7
06-30,39.7,41.3,47.7,42.3,53.7,42.3,37.9,42.6,61.8,50.2,65.2,20.1,23.4,45.4,38.6,31.2,39.2,25.6,47.4,52.7,28.2,44.9,48.0,,20.1,26.1,39.0,47.5,53.5,65.2,42.3
07-01,38.5,39.1,46.0,36.8,52.6,41.4,36.1,41.1,60.3,48.3,63.0,19.6,21.8,43.9,39.2,30.7,37.8,24.6,46.2,58.8,27.1,44.3,46.7,,19.6,25.1,37.4,46.1,57.5,63.0,41.1
07-02,38.0,37.9,44.7,59.3,51.9,39.9,33.7,39.5,58.7,46.7,61.4,18.7,21.0,42.8,37.1,29.9,36.5,23.5,45.4,57.3,26.2,42.9,45.4,,18.7,24.1,36.8,45.4,58.4,61.4,39.9
07-03,37.3,36.5,42.7,58.4,50.5,38.3,32.4,37.7,63.0,44.3,59.3,18.1,20.1,41.9,35.3,28.9,35.2,23.1,43.9,55.8,25.4,41.6,43.9,,18.1,23.5,35.3,43.9,57.9,63.0,38.3
07-04,36.4,34.9,41.6,57.2,49.2,37.2,30.7,35.6,62.4,43.0,57.1,17.5,19.3,39.8,33.8,28.1,34.2,22.4,42.6,53.9,24.3,40.0,42.5,,17.5,22.8,34.0,42.5,56.5,62.4,37.2
07-05,35.2,32.8,40.3,56.5,47.9,36.4,29.0,34.2,61.0,41.6,55.9,16.7,20.1,39.3,32.6,27.2,33.0,21.7,41.9,52.8,23.6,38.4,41.4,,16.7,22.1,32.7,41.5,55.3,61.0,36.4
07-06,34.2,30.8,38.8,55.6,47.0,34.9,27.9,31.7,59.7,40.1,54.8,16.7,22.1,37.4,31.5,26.6,31.3,20.4,41.0,51.5,23.1,36.9,40.2,,16.7,22.3,31.1,40.1,54.1,59.7,34.9
07-07,33.6,29.2,37.2,54.8,45.8,33.8,26.2,31.4,57.6,38.6,53.5,16.8,21.9,36.8,31.0,25.4,30.5,19.8,40.2,49.7,22.2,35.6,38.8,,16.8,22.0,30.0,38.7,52.7,57.6,33.8
07-08,32.8,27.6,35.7,54.0,44.4,32.8,25.1,28.9,56.2,36.8,52.4,16.5,21.8,34.8,30.5,24.7,29.3,19.5,38.8,48.5,21.6,34.3,37.8,,16.5,21.7,28.4,37.2,51.7,56.2,32.8
07-09,32.8,26.0,34.1,52.9,42.8,31.7,24.0,27.5,53.6,35.7,51.3,16.5,21.3,33.2,42.1,23.7,28.2,18.9,38.0,47.4,20.7,32.7,36.5,,16.5,20.8,26.9,37.1,50.5,53.6,32.8
07-10,32.5,24.5,33.0,52.1,41.3,30.6,22.7,26.1,52.6,33.9,49.3,16.1,20.3,32.1,39.3,23.0,27.3,19.1,37.2,45.7,20.5,31.3,35.3,,16.1,20.3,25.4,36.0,48.6,52.6,32.1
07-11,32.1,23.0,31.7,51.0,39.7,30.3,21.8,24.3,50.5,32.6,48.5,15.7,19.7,30.5,37.8,22.1,27.3,19.1,35.7,44.4,19.8,30.3,34.0,,15.7,19.7,23.8,34.7,47.7,51.0,30.5
07-12,32.4,21.6,30.3,50.0,38.7,29.3,20.9,23.5,49.3,31.5,47.7,15.4,19.2,30.9,35.8,21.5,25.9,19.0,34.9,42.9,19.5,29.2,32.7,,15.4,19.3,22.7,33.6,46.7,50.0,30.3
07-13,33.9,21.2,28.3,48.5,37.1,28.5,20.3,21.9,48.0,29.8,46.8,15.0,19.4,29.2,33.4,20.6,24.5,18.4,33.9,41.7,18.8,28.3,31.4,,15.0,18.9,21.6,33.6,45.8,48.5,28.5
07-14,33.8,19.9,26.9,47.8,35.9,27.7,19.5,21.1,45.7,27.9,45.9,14.5,18.8,28.1,32.1,20.3,23.8,18.6,33.4,40.0,18.7,27.4,30.2,,14.5,18.7,20.8,32.6,44.6,47.8,27.7
07-15,33.9,18.6,25.3,47.3,34.7,26.3,18.7,19.8,44.8,26.7,44.0,16.5,18.3,27.2,30.8,19.7,26.8,18.5,32.3,38.9,18.4,26.8,29.2,,16.5,18.4,19.8,31.4,43.0,47.3,26.8
07-16,33.9,17.4,23.8,46.1,33.1,25.6,18.1,19.0,42.9,26.0,42.8,15.9,18.1,26.0,29.2,18.9,25.1,17.9,31.7,37.5,18.0,26.6,28.1,,15.9,17.9,19.0,30.2,41.7,46.1,26.0
07-17,33.4,17.4,22.7,45.3,31.6,24.3,17.4,18.5,40.4,24.8,40.9,15.2,17.9,25.1,28.0,18.9,24.2,17.4,30.2,36.4,17.7,25.8,27.1,,15.2,17.4,18.7,28.9,39.6,45.3,24.8
07-18,33.0,17.1,21.2,61.8,30.5,23.5,17.1,17.5,38.2,23.6,39.9,15.0,17.2,23.5,26.8,18.4,23.2,17.6,29.4,34.8,17.3,25.1,26.0,,15.0,17.2,18.1,27.8,37.5,61.8,23.5
07-19,32.2,16.7,20.4,56.3,28.9,22.1,16.5,16.9,36.4,22.6,38.5,15.0,17.0,22.4,26.0,18.0,22.5,17.2,28.2,33.7,17.1,24.4,25.4,,15.0,16.8,17.7,26.9,35.8,56.3,22.5
07-20,31.5,16.2,19.5,53.6,27.5,21.2,15.7,16.7,34.9,21.8,37.3,14.4,17.0,21.9,25.2,17.8,22.1,16.9,27.5,32.1,17.0,23.7,25.0,,14.4,16.3,17.5,26.1,34.3,53.6,21.9
07-21,30.7,16.1,18.4,53.5,26.1,19.7,15.3,15.9,33.4,21.1,36.4,14.3,16.7,20.7,25.0,17.2,21.3,16.7,27.0,31.4,17.1,22.9,24.4,,14.3,15.9,17.2,25.4,33.0,53.5,21.1
07-22,,15.4,17.8,52.2,25.8,18.6,14.8,15.9,31.8,20.4,34.4,13.6,16.4,20.4,24.1,17.0,21.0,16.2,26.0,30.3,16.7,22.3,23.5,,13.6,15.4,16.8,23.9,31.6,52.2,20.4
07-23,30.0,14.8,17.5,50.5,24.7,17.9,14.2,15.6,30.6,19.9,33.1,13.7,15.8,19.9,23.4,16.5,19.9,16.2,25.0,29.4,16.6,22.0,22.7,,13.7,15.0,16.5,23.9,30.5,50.5,19.9
07-24,29.5,14.4,16.6,49.3,24.4,17.5,14.0,15.4,28.5,19.3,31.9,13.6,15.8,18.8,22.7,16.4,19.3,16.0,24.7,28.9,16.7,21.5,22.3,,13.6,14.6,16.5,23.4,29.4,49.3,19.3
07-25,28.3,14.3,16.2,47.8,23.6,16.6,13.8,15.1,27.8,18.6,30.2,13.4,15.3,18.2,22.0,15.8,18.4,15.7,24.3,27.6,16.5,21.0,21.9,,13.4,14.4,16.0,22.6,28.2,47.8,18.4
07-26,28.2,14.0,15.9,46.0,22.4,16.7,15.1,14.6,26.9,18.3,29.9,13.4,15.1,17.9,21.3,15.6,18.5,15.4,23.4,27.0,16.2,20.5,21.3,,13.4,14.7,15.8,21.7,28.0,46.0,18.3
07-27,27.5,14.0,16.3,44.8,21.7,15.7,15.4,14.2,26.4,17.7,29.0,13.1,14.6,17.2,20.6,15.1,31.9,15.1,23.1,26.0,16.2,20.0,21.0,,13.1,14.3,15.6,22.3,28.7,44.8,17.7
07-28,27.1,13.6,15.8,43.8,21.4,15.4,15.5,13.9,25.2,17.5,28.2,12.9,14.8,17.1,20.2,15.4,31.4,15.0,23.0,25.3,16.0,19.9,20.6,,12.9,14.1,15.5,22.0,28.0,43.8,17.5
07-29,26.9,13.2,15.4,42.2,19.7,14.9,12.3,13.7,24.6,16.9,27.0,12.7,15.0,16.8,19.5,15.0,30.4,14.9,22.9,25.1,15.9,19.4,20.1,,12.3,13.3,15.0,21.2,27.0,42.2,16.9
07-30,26.5,12.8,15.2,40.9,19.8,14.7,15.8,13.3,23.9,16.8,26.1,12.3,14.7,16.8,19.0,14.7,29.8,14.5,22.2,24.2,15.9,20.9,19.6,,12.3,13.6,15.0,21.4,26.4,40.9,16.8
07-31,25.9,12.6,15.0,38.6,19.7,15.1,15.9,13.1,22.8,16.5,25.3,12.1,14.4,21.2,18.9,14.4,28.3,14.5,21.6,24.0,18.7,20.0,19.6,,12.1,13.4,15.0,21.4,25.8,38.6,18.9
08-01,25.6,12.5,15.0,36.9,19.9,14.6,15.6,12.4,22.3,16.3,25.2,12.2,14.7,21.4,18.1,14.4,27.1,14.0,21.3,23.3,18.6,19.8,19.3,,12.2,12.8,14.9,21.3,25.5,36.9,18.6
08-02,25.5,12.2,14.5,36.6,19.5,15.4,15.8,12.5,21.3,16.0,26.8,12.0,14.4,21.2,17.6,14.2,26.5,14.0,21.1,22.8,31.5,19.8,19.2,,12.0,12.8,15.0,21.2,26.8,36.6,19.2
08-03,25.2,12.1,14.7,35.5,20.3,14.8,15.6,12.2,20.5,15.7,27.4,11.6,13.7,20.9,17.9,14.2,25.4,13.6,20.6,22.4,31.5,19.7,19.2,,11.6,12.5,14.8,20.7,27.0,35.5,19.2
08-04,25.0,12.2,14.4,33.8,20.1,14.5,15.2,12.1,19.7,16.0,30.0,11.7,13.7,20.5,31.5,14.1,24.1,14.0,20.8,22.3,31.4,19.6,20.6,,11.7,12.5,14.5,21.4,31.1,33.8,19.7
08-05,24.3,11.5,14.1,33.2,20.1,14.6,15.3,11.7,19.1,15.3,30.1,11.4,13.5,19.8,29.8,13.7,22.9,13.6,20.2,21.8,30.6,19.4,21.0,,11.4,12.1,14.4,21.3,30.1,33.2,19.4
08-06,24.7,11.7,14.0,32.2,19.5,16.4,15.3,11.9,18.4,15.1,29.0,11.2,13.0,19.4,28.1,13.7,22.3,13.6,19.8,21.1,29.3,19.5,21.1,,11.2,12.1,14.7,21.1,28.8,32.2,19.4
08-07,24.1,11.7,14.1,30.6,18.8,10.9,15.4,11.6,17.9,14.8,28.2,10.9,12.8,19.5,26.9,13.6,21.6,13.6,19.5,20.6,28.4,19.5,21.0,,10.9,11.6,13.9,20.8,28.0,30.6,18.8
08-08,24.1,11.6,14.1,29.3,18.6,15.4,14.6,11.8,17.3,14.6,27.1,11.1,12.6,19.9,41.1,13.5,20.7,13.2,19.5,19.9,27.2,19.6,20.6,,11.1,11.9,14.4,20.2,27.1,41.1,18.6
08-09,23.6,11.0,14.4,28.2,18.5,15.1,14.4,11.3,17.0,14.2,26.7,11.0,12.6,20.3,37.4,13.3,20.4,13.2,20.3,19.6,26.1,19.7,20.5,,11.0,11.5,14.3,20.3,26.6,37.4,18.5
08-10,23.3,10.7,13.7,27.6,17.7,14.8,14.2,11.7,16.6,14.1,25.0,10.7,11.8,19.8,34.8,13.3,20.1,13.1,20.1,19.4,25.6,19.7,20.1,,10.7,11.7,13.9,20.1,25.5,34.8,17.7
08-11,22.6,10.6,13.9,26.4,17.7,14.9,12.1,11.4,16.3,13.7,24.1,10.8,12.1,20.2,32.2,12.9,19.7,13.2,19.5,18.8,24.6,19.7,19.8,,10.6,11.5,13.5,19.7,24.5,32.2,17.7
08-12,22.8,10.3,14.0,25.5,17.0,14.5,13.4,11.5,16.4,13.4,23.5,10.9,11.8,19.5,30.9,12.8,19.1,13.1,19.5,18.6,23.9,19.7,19.4,,10.3,11.5,13.4,19.5,23.9,30.9,17.0
08-13,22.0,11.0,13.5,24.4,16.4,14.6,13.6,8.3,15.7,13.1,22.8,10.2,11.6,19.4,30.0,12.7,18.3,12.9,19.1,18.0,23.5,19.5,19.4,,8.3,11.1,13.3,19.4,23.4,30.0,16.4
08-14,22.0,10.9,13.7,23.8,16.1,14.0,12.8,10.7,15.2,13.0,22.1,10.5,11.7,19.8,28.3,12.7,18.2,13.0,18.6,17.8,23.2,19.5,19.1,,10.5,11.0,13.0,19.3,23.0,28.3,16.1
08-15,21.4,10.5,13.6,23.2,15.6,14.2,12.5,11.0,15.3,12.3,21.4,10.2,11.6,19.5,27.1,12.5,17.7,13.0,18.7,18.2,22.6,19.5,18.6,,10.2,11.1,12.8,19.0,22.4,27.1,15.6
08-16,20.9,10.6,13.2,22.4,15.2,14.4,12.5,10.8,14.7,12.2,21.1,10.0,11.4,19.3,25.9,12.5,17.4,12.6,18.5,17.4,22.3,19.2,18.5,,10.0,10.9,12.5,18.8,22.1,25.9,15.2
08-17,21.1,10.3,13.1,21.8,15.6,14.0,12.4,10.6,14.9,12.3,20.5,10.1,11.4,18.8,24.8,12.5,17.0,12.7,18.3,17.2,21.9,19.1,18.1,,10.1,10.8,12.7,18.5,21.7,24.8,15.6
08-18,20.7,10.1,13.1,21.8,15.1,13.7,11.9,10.7,14.6,12.1,20.2,10.0,11.4,18.4,23.4,12.3,16.6,12.7,17.8,17.5,21.7,18.9,18.2,,10.0,10.8,12.5,18.3,21.5,23.4,15.1
08-19,20.2,10.1,17.5,21.7,15.6,13.6,11.4,10.3,14.5,11.9,19.1,10.0,11.4,18.1,22.4,12.4,16.1,12.8,17.8,17.1,36.6,18.9,17.9,,10.0,10.5,12.7,18.0,21.4,36.6,16.1
08-20,20.4,10.3,12.5,21.3,15.7,13.7,11.7,10.2,14.7,12.1,18.8,10.1,11.4,18.1,21.3,12.2,15.8,12.5,17.5,16.7,43.4,18.4,17.9,,10.1,10.5,12.4,17.9,21.1,43.4,15.7
08-21,20.0,9.5,12.4,21.4,14.9,13.4,10.9,10.0,14.2,11.8,18.7,9.5,11.3,24.5,20.9,12.2,15.6,12.3,16.7,16.5,42.2,18.9,17.8,,9.5,10.2,12.3,18.2,21.3,42.2,14.9
08-22,19.9,9.8,12.5,21.5,14.6,13.4,11.1,9.8,14.4,11.9,18.1,9.7,11.2,25.3,20.5,12.1,15.4,12.6,17.2,16.5,51.3,18.5,17.7,,9.7,10.1,12.3,17.9,21.3,51.3,14.6
08-23,19.5,9.6,12.5,21.3,15.1,13.1,11.1,9.7,14.1,12.0,18.1,9.6,11.2,27.2,19.6,11.7,15.3,15.8,16.6,16.4,48.3,18.6,17.7,,9.6,10.0,12.3,17.9,20.9,48.3,15.3
08-24,19.1,9.5,12.3,21.3,14.3,13.1,10.8,9.8,14.3,11.9,17.5,9.6,11.2,30.1,19.2,11.9,15.4,15.2,16.6,16.3,46.5,18.3,17.5,,9.5,10.0,12.1,17.5,20.9,46.5,15.2
08-25,18.6,9.5,12.3,20.9,14.1,12.6,10.4,9.2,14.4,11.7,16.5,9.8,11.2,29.5,18.9,11.6,15.2,14.0,16.3,16.0,44.4,18.4,17.2,,9.2,9.9,12.0,16.8,20.5,44.4,14.4
08-26,18.8,9.8,11.9,20.7,14.4,12.8,10.4,9.7,14.2,11.8,16.6,9.7,11.2,29.4,18.6,11.5,14.7,14.0,16.2,16.1,42.6,18.0,17.3,,9.7,9.9,11.8,16.9,20.3,42.6,14.4
08-27,18.4,9.6,12.1,20.9,13.9,12.8,10.3,9.0,14.2,11.6,16.2,9.6,11.5,28.2,18.4,11.6,14.9,13.1,16.2,15.5,41.2,17.9,17.1,,9.0,9.8,11.9,16.6,20.4,41.2,14.2
08-28,18.5,9.2,11.7,20.7,14.6,12.7,10.1,9.1,14.0,12.0,16.2,9.3,12.3,27.5,18.4,11.3,14.8,13.1,15.9,15.6,39.1,17.7,16.8,,9.1,9.4,12.2,16.5,20.3,39.1,14.6
08-29,18.4,9.2,11.8,20.5,13.7,12.8,10.0,9.1,13.8,11.8,16.0,9.5,12.3,26.8,18.0,11.4,14.2,12.7,15.8,15.5,37.5,17.5,16.6,,9.1,9.6,12.1,16.2,20.0,37.5,13.8
08-30,18.2,9.8,11.7,20.9,13.4,12.5,10.3,9.0,13.6,11.8,16.1,9.6,12.0,25.9,17.9,11.5,14.3,12.9,15.5,15.1,35.8,17.2,16.3,,9.0,9.9,11.9,16.2,20.3,35.8,13.6
08-31,17.8,9.4,11.7,20.9,12.8,12.7,9.8,8.5,13.6,11.6,15.8,9.6,12.3,25.8,17.8,11.4,14.0,12.6,15.8,15.2,34.4,17.2,16.1,,8.5,9.6,12.1,15.9,20.3,34.4,13.6
09-01,17.9,9.2,11.7,20.7,12.9,12.6,10.3,8.4,13.1,11.6,14.9,9.6,12.2,25.0,17.6,11.6,14.1,12.5,15.4,14.6,33.2,16.8,15.7,,8.4,9.7,12.0,15.5,20.2,33.2,13.1
09-02,17.8,9.2,11.7,20.7,12.6,12.4,10.1,14.8,13.0,11.6,15.0,9.3,12.0,23.9,17.0,11.3,13.8,12.6,15.4,14.6,32.2,16.8,15.8,,9.2,10.4,12.2,15.6,20.1,32.2,13.8
09-03,17.3,9.1,11.7,20.6,13.0,12.4,9.8,15.8,13.3,11.5,14.2,9.8,12.2,22.8,16.9,11.3,13.6,12.3,15.2,14.6,31.3,16.6,15.7,,9.1,10.1,12.2,15.7,19.9,31.3,13.6
09-04,17.0,9.1,11.2,20.7,12.7,12.3,9.9,17.1,12.8,11.3,14.3,9.7,12.2,22.5,16.6,11.2,14.0,12.6,15.3,14.3,30.2,16.6,15.6,,9.1,10.1,12.3,16.0,20.0,30.2,14.0
09-05,16.7,8.8,11.5,20.6,12.6,12.1,9.5,18.1,12.7,11.7,14.2,9.5,12.3,21.7,16.7,11.3,13.5,12.1,15.2,14.4,28.9,16.5,19.9,,8.8,9.9,12.1,16.6,20.5,28.9,13.5
09-06,16.6,8.8,11.3,20.7,12.6,12.3,9.9,18.4,12.8,11.5,13.9,9.7,12.0,21.0,16.2,10.6,13.4,12.3,15.1,14.5,28.3,16.3,20.1,,8.8,10.0,12.2,16.3,20.6,28.3,13.4
09-07,16.3,8.7,12.0,20.6,12.1,12.4,10.0,18.9,12.3,11.4,13.6,9.7,12.0,20.0,15.9,11.0,13.2,12.2,15.1,14.5,27.7,16.1,20.0,,8.7,10.2,12.1,16.0,20.0,27.7,13.2
09-08,15.7,9.4,11.4,20.4,12.1,12.1,9.3,18.5,12.3,11.2,13.6,9.9,15.4,19.9,15.7,10.6,12.9,12.1,15.2,14.0,27.0,16.3,19.4,,9.3,10.0,12.1,15.7,19.8,27.0,13.6
09-09,15.6,9.1,11.2,20.3,11.5,11.5,9.8,18.3,11.9,11.3,13.2,9.8,21.8,25.7,15.8,10.8,13.3,12.4,16.3,13.8,26.4,16.0,19.0,,9.1,10.0,11.5,16.1,21.5,26.4,13.3
09-10,15.3,9.6,11.6,20.4,11.7,11.7,9.6,17.9,12.1,11.5,13.6,9.9,20.0,40.8,15.4,10.6,12.9,12.3,16.0,13.6,26.0,15.8,18.6,,9.6,10.1,11.7,15.9,20.4,40.8,13.6
09-11,15.3,8.8,11.3,21.3,11.7,11.7,9.4,17.7,11.7,11.2,13.3,10.1,18.8,38.1,15.2,10.5,12.7,12.0,16.7,13.2,25.4,15.6,18.6,,8.8,10.2,11.7,16.0,20.8,38.1,13.2
09-12,14.8,9.1,10.9,20.5,11.7,11.6,9.2,17.1,11.9,11.3,13.4,9.9,19.4,36.2,15.2,10.6,12.8,11.8,28.4,13.4,25.3,15.4,18.0,,9.1,10.1,11.6,16.0,24.3,36.2,13.4
09-13,15.0,9.5,10.8,20.2,11.2,11.6,9.2,17.6,11.7,11.0,13.3,9.7,29.5,35.0,15.4,10.9,12.6,11.9,29.1,13.7,25.0,15.1,17.6,,9.2,9.9,11.4,16.3,28.3,35.0,13.3
09-14,15.2,9.4,10.8,20.4,10.8,11.5,9.1,17.0,11.4,11.0,13.4,9.7,33.9,34.2,15.0,14.3,12.6,11.9,28.6,13.6,24.9,15.1,17.3,,9.1,9.9,11.5,15.9,27.9,34.2,13.6
09-15,14.9,10.3,10.5,20.5,11.3,13.7,9.7,16.6,17.1,11.4,13.2,9.7,39.6,37.6,15.1,18.2,12.6,11.7,26.8,13.5,24.7,15.1,16.9,,9.7,10.4,12.3,17.0,26.4,39.6,14.9
09-16,14.9,9.6,11.0,19.6,11.1,13.4,9.1,16.7,17.0,11.3,13.1,9.6,37.5,36.5,25.4,18.1,26.1,11.5,26.6,13.7,23.9,15.1,16.5,,9.1,9.9,12.5,18.7,26.5,37.5,15.1
09-17,14.5,9.6,11.2,19.5,10.7,12.8,9.0,16.0,16.8,11.3,13.0,9.8,35.6,36.3,39.3,17.9,25.0,11.8,24.9,13.6,23.9,15.1,16.2,,9.0,10.0,12.4,18.5,33.5,39.3,15.1
09-18,14.4,9.9,11.7,20.2,11.5,15.3,8.8,16.0,16.7,11.5,13.0,9.6,34.2,35.8,34.9,17.6,24.5,11.2,24.6,14.0,23.7,15.1,16.0,,8.8,10.2,12.5,18.7,32.3,35.8,15.3
09-19,14.5,22.0,11.5,20.2,11.3,19.8,8.9,15.0,16.7,11.5,13.2,9.8,32.9,34.7,32.6,16.7,23.4,11.7,23.7,13.7,23.7,15.2,15.9,,8.9,11.3,13.5,20.9,30.9,34.7,15.9
09-20,13.9,20.2,11.2,19.5,10.6,23.0,8.6,15.7,16.0,11.5,13.3,9.8,32.0,35.1,31.3,16.3,26.5,11.6,22.9,13.6,23.4,15.1,15.9,,8.6,10.7,13.5,21.3,30.3,35.1,15.9
09-21,13.7,19.1,11.2,25.6,11.1,26.3,8.7,19.2,15.4,11.4,12.8,9.3,30.7,30.6,29.8,15.6,25.4,11.3,23.8,13.6,22.7,15.4,15.5,,8.7,11.1,13.3,23.1,29.1,30.7,15.5
09-22,13.5,19.2,11.3,25.6,11.7,27.4,8.6,15.2,14.8,11.0,12.9,9.8,29.7,32.7,29.1,15.1,25.0,11.1,24.2,13.6,22.2,15.4,15.3,,8.6,11.0,13.3,23.0,28.7,32.7,15.2
09-23,13.3,19.4,10.9,26.0,11.1,28.3,8.2,14.6,14.4,11.4,12.7,9.2,28.7,32.7,27.8,19.2,32.5,11.0,24.5,13.3,22.4,15.4,15.1,,8.2,10.9,13.0,23.2,28.6,32.7,15.1
09-24,13.4,20.6,11.6,26.4,11.0,29.1,8.2,14.7,14.4,11.2,12.6,9.3,28.3,31.3,26.6,30.2,31.5,11.3,23.9,13.8,22.1,15.0,14.8,,8.2,11.0,13.1,24.9,30.0,31.5,14.8
09-25,13.1,21.0,11.3,26.3,11.4,28.9,8.2,14.3,14.4,11.0,12.7,9.2,27.3,31.1,25.6,35.0,36.8,10.8,24.2,13.3,21.9,14.8,14.6,,8.2,10.9,12.9,24.8,30.6,36.8,14.6
09-26,13.1,21.5,11.4,26.0,10.8,30.1,8.5,14.6,13.9,11.0,12.6,9.3,26.6,30.3,24.8,35.5,42.1,10.8,23.2,13.5,21.7,15.0,14.9,,8.5,10.8,12.9,23.9,30.3,42.1,14.9
09-27,12.8,21.2,11.3,25.9,10.9,30.7,8.2,14.3,13.9,11.1,12.7,9.4,28.3,29.2,24.1,37.4,41.9,10.7,23.2,13.8,21.8,14.9,15.2,,8.2,10.7,12.8,23.5,30.4,41.9,14.9
09-28,12.7,21.2,11.3,26.0,11.1,31.9,8.4,14.0,13.5,11.0,12.7,9.5,28.6,51.1,23.3,36.2,42.4,10.5,21.9,13.1,21.7,14.9,15.1,,8.4,10.6,12.7,22.4,35.4,51.1,14.9
09-29,12.2,21.0,11.2,26.0,10.7,33.0,8.3,14.2,13.1,11.1,12.1,9.6,29.2,51.3,22.8,35.4,43.1,10.4,22.5,12.9,21.4,15.1,14.7,,8.3,10.5,12.1,22.6,34.9,51.3,14.7
09-30,12.3,20.8,11.4,26.3,10.9,32.5,8.4,14.4,13.0,10.9,12.7,9.2,30.5,56.2,22.0,34.8,41.5,10.8,31.6,12.9,21.2,16.9,14.8,,8.4,10.8,12.6,23.7,34.4,56.2,14.8
