date,2013,2014,2015,2016,2017,2018,2019,2022,2023,2024,Min,10%,30%,70%,90%,Max,Median (POR)
10-01,38.6,79.4,71.1,42.9,79.5,72.0,41.2,46.7,76.2,47.9,38.6,40.7,44.4,74.5,79.4,79.5,71.1
10-02,39.0,79.3,72.0,42.6,79.0,71.3,41.1,47.0,75.5,46.8,39.0,40.7,44.3,74.1,79.1,79.3,71.3
10-03,38.4,79.3,71.5,41.1,78.6,76.6,41.1,47.3,75.2,46.3,38.4,40.5,43.6,76.0,78.7,79.3,71.5
10-04,38.3,77.6,71.1,40.9,77.7,76.6,41.4,45.8,74.9,46.2,38.3,40.4,43.2,75.9,77.6,77.7,71.1
10-05,39.8,76.7,70.6,41.1,77.7,76.3,51.8,46.6,74.6,46.3,39.8,40.9,48.7,75.7,76.9,77.7,70.6
10-06,37.9,76.3,70.4,41.1,77.4,75.5,52.7,45.8,74.0,46.8,37.9,40.4,48.6,74.9,76.5,77.4,70.4
10-07,38.0,77.4,70.2,40.9,77.3,75.3,51.7,45.7,73.7,46.9,38.0,40.3,48.1,74.6,77.3,77.4,70.2
10-08,37.2,77.8,69.7,41.1,76.9,74.8,51.9,46.0,73.2,47.2,37.2,40.3,48.4,74.2,77.1,77.8,69.7
10-09,36.6,77.9,69.9,40.9,76.7,74.8,58.0,50.0,72.8,47.4,36.6,40.0,53.2,74.0,77.0,77.9,69.9
10-10,37.1,77.0,69.7,41.0,76.4,74.2,62.3,55.0,72.4,47.2,37.1,40.3,57.9,73.5,76.5,77.0,69.7
10-11,37.2,76.1,69.4,41.0,76.1,74.1,62.6,54.5,72.0,47.5,37.2,40.3,57.7,73.3,76.1,76.1,69.4
10-12,38.0,76.7,69.4,41.5,76.1,73.5,62.9,57.3,71.2,46.2,38.0,40.8,59.5,72.6,76.2,76.7,69.4
10-13,38.7,80.1,68.8,41.1,75.6,73.3,63.6,67.5,71.2,45.7,38.7,40.6,65.2,72.5,76.5,80.1,68.8
10-14,40.1,79.7,68.1,41.2,75.8,73.3,69.2,72.4,70.7,45.5,40.1,41.0,68.6,72.9,76.6,79.7,70.7
10-15,40.0,81.0,68.2,41.4,75.3,72.9,73.7,72.8,70.4,45.7,40.0,41.1,69.1,73.4,76.5,81.0,72.8
10-16,41.3,80.6,68.2,40.9,75.3,72.9,75.7,72.6,69.9,,40.9,41.2,68.9,74.3,76.7,80.6,72.6
10-17,40.6,81.5,67.7,40.6,75.3,72.2,76.2,73.8,69.6,,40.6,40.6,68.4,74.7,77.3,81.5,72.2
10-18,40.2,81.5,67.0,39.9,74.8,72.3,77.0,75.1,69.4,,39.9,40.2,68.0,75.0,77.9,81.5,72.3
10-19,41.0,80.1,65.2,40.6,74.4,72.3,77.7,75.6,69.1,,40.6,40.9,66.8,75.1,78.1,80.1,72.3
10-20,41.6,80.2,65.7,40.3,74.1,72.4,78.6,77.9,68.8,,40.3,41.3,66.9,76.4,78.9,80.2,72.4
10-21,41.0,80.3,65.0,40.0,74.1,72.4,80.3,77.6,68.4,,40.0,40.8,66.4,76.2,80.3,80.3,72.4
10-22,41.0,81.3,64.9,40.3,74.0,72.1,80.8,81.6,68.0,,40.3,40.8,66.1,78.0,81.3,81.6,72.1
10-23,44.6,82.7,64.6,39.9,73.8,71.9,81.4,83.8,67.5,,39.9,43.6,65.7,78.4,82.9,83.8,71.9
10-24,41.7,82.1,64.5,41.0,74.1,71.8,81.1,83.3,66.8,,41.0,41.5,65.4,78.3,82.3,83.3,71.8
10-25,40.1,81.6,64.5,40.8,73.6,71.8,80.5,83.6,66.6,,40.1,40.7,65.3,77.7,82.0,83.6,71.8
10-26,39.8,80.6,64.2,40.4,74.3,71.6,80.1,85.3,66.2,,39.8,40.3,65.0,77.7,81.5,85.3,71.6
10-27,39.9,80.3,64.0,40.6,74.0,72.0,79.9,84.1,66.2,,39.9,40.5,64.9,77.5,81.1,84.1,72.0
10-28,38.0,78.9,63.6,40.4,73.9,72.0,79.7,84.0,67.5,,38.0,39.9,65.2,76.9,80.5,84.0,72.0
10-29,39.4,78.7,63.2,40.3,75.3,71.7,79.5,84.8,67.7,,39.4,40.1,65.0,77.4,80.6,84.8,71.7
10-30,40.5,79.0,62.8,40.8,76.0,71.3,78.9,84.3,67.8,,40.5,40.8,64.8,77.7,80.1,84.3,71.3
10-31,39.8,77.6,62.8,40.2,76.0,71.1,78.6,85.3,67.9,,39.8,40.1,64.9,77.0,79.9,85.3,71.1
11-01,39.8,77.4,62.6,41.1,79.4,71.0,77.9,85.1,67.7,,39.8,40.8,64.6,77.7,80.6,85.1,71.0
11-02,39.2,79.0,62.3,41.1,79.2,70.8,77.8,84.3,67.6,,39.2,40.7,64.4,78.5,80.2,84.3,70.8
11-03,40.1,79.6,61.9,41.4,79.3,70.6,77.6,85.3,67.4,,40.1,41.2,64.1,78.6,80.8,85.3,70.6
11-04,39.6,79.0,62.2,40.7,78.8,70.4,78.0,84.8,67.3,,39.6,40.5,64.3,78.5,80.2,84.8,70.4
11-05,40.5,77.9,61.5,41.3,78.7,70.3,78.1,84.2,67.2,,40.5,41.1,63.8,78.0,79.8,84.2,70.3
11-06,40.6,78.3,61.2,41.3,78.1,69.9,77.9,83.4,66.9,,40.6,41.1,63.5,78.0,79.3,83.4,69.9
11-07,40.0,77.9,61.5,40.5,77.8,69.9,77.8,82.7,67.3,,40.0,40.4,63.8,77.8,78.9,82.7,69.9
11-08,40.1,76.6,61.5,40.3,77.9,69.6,77.4,82.6,67.2,,40.1,40.3,63.8,77.1,78.8,82.6,69.6
11-09,40.5,77.0,61.9,40.1,77.4,69.2,77.3,81.9,67.3,,40.1,40.4,64.1,77.1,78.3,81.9,69.2
11-10,39.4,77.5,62.1,39.8,77.5,68.8,76.7,81.5,67.2,,39.4,39.7,64.1,77.2,78.3,81.5,68.8
11-11,39.5,77.7,61.5,40.5,77.1,69.1,76.1,81.4,67.2,,39.5,40.3,63.7,76.7,78.5,81.4,69.1
11-12,39.1,77.6,61.4,40.1,77.1,69.1,75.5,81.3,67.3,,39.1,39.9,63.8,76.4,78.4,81.3,69.1
11-13,38.6,78.9,61.3,40.1,76.8,68.7,74.5,82.4,67.0,,38.6,39.8,63.6,75.9,79.6,82.4,68.7
11-14,39.4,78.7,61.4,40.1,76.6,68.5,70.2,83.3,67.0,,39.4,40.0,63.7,74.0,79.6,83.3,68.5
11-15,39.4,77.3,61.6,40.5,76.6,72.1,69.3,82.7,67.0,,39.4,40.3,63.7,74.8,78.4,82.7,69.3
11-16,39.5,77.5,61.1,40.5,76.1,74.0,69.3,83.4,66.9,,39.5,40.3,63.4,75.3,78.7,83.4,69.3
11-17,38.5,77.2,61.3,40.4,76.2,74.1,69.4,83.9,66.9,,38.5,40.0,63.5,75.4,78.5,83.9,69.4
11-18,38.5,77.3,60.9,41.2,75.8,74.1,68.8,82.9,66.7,,38.5,40.7,63.2,75.1,78.4,82.9,68.8
11-19,38.4,76.9,61.0,41.1,75.3,73.4,68.1,82.4,66.7,,38.4,40.6,63.3,74.5,78.0,82.4,68.1
11-20,38.9,76.5,61.3,41.3,75.2,73.2,67.3,81.8,66.6,,38.9,40.8,63.4,74.4,77.6,81.8,67.3
11-21,39.7,77.1,61.3,40.7,74.8,73.0,67.2,81.6,66.7,,39.7,40.5,63.4,74.1,78.0,81.6,67.2
11-22,43.0,76.9,61.1,40.9,74.7,72.7,67.0,81.0,66.4,,40.9,42.6,63.2,73.9,77.7,81.0,67.0
11-23,44.9,77.1,60.9,41.4,75.0,75.4,66.4,80.5,66.5,,41.4,44.2,63.1,75.3,77.8,80.5,66.5
11-24,45.1,76.3,60.9,41.4,74.6,78.9,66.6,80.3,66.6,,41.4,44.4,63.1,75.6,79.2,80.3,66.6
11-25,46.7,76.2,61.3,41.5,74.7,79.6,66.8,80.0,66.3,,41.5,45.7,63.3,75.6,79.7,80.0,66.8
11-26,47.2,75.6,61.1,51.6,74.7,79.7,66.5,79.0,66.3,,47.2,50.7,63.2,75.3,79.1,79.7,66.5
11-27,46.6,77.1,61.1,41.4,74.6,74.6,66.5,76.8,66.3,,41.4,45.6,63.2,74.6,76.9,77.1,66.5
11-28,46.6,76.3,60.8,41.3,74.4,78.9,66.6,73.1,66.1,,41.3,45.6,62.9,73.9,76.8,78.9,66.6
11-29,46.3,76.0,61.3,41.7,74.4,78.9,66.4,70.3,66.3,,41.7,45.4,63.3,72.8,76.6,78.9,66.4
11-30,46.5,75.6,61.0,41.6,74.2,78.5,66.8,70.9,66.1,,41.6,45.5,63.1,72.9,76.2,78.5,66.8
12-01,45.2,75.9,61.0,41.8,74.3,78.2,66.6,69.6,66.1,,41.8,44.5,63.0,72.4,76.3,78.2,66.6
12-02,45.7,75.3,61.0,41.4,74.3,78.0,66.9,67.8,66.1,,41.4,44.8,63.1,71.7,75.8,78.0,66.9
12-03,46.4,75.7,60.7,41.6,74.4,77.9,66.5,68.8,66.1,,41.6,45.4,62.8,72.2,76.1,77.9,66.5
12-04,45.8,75.2,61.2,41.9,74.8,77.6,66.8,69.2,65.4,,41.9,45.0,62.9,72.5,75.7,77.6,66.8
12-05,46.1,74.3,60.7,41.4,75.3,77.4,66.6,68.8,63.1,,41.4,45.2,61.7,72.1,75.8,77.4,66.6
12-06,45.4,74.8,61.2,42.1,76.0,77.5,67.2,68.0,63.5,,42.1,44.8,62.1,72.0,76.3,77.5,67.2
12-07,46.3,75.1,61.3,41.7,76.1,77.2,67.1,65.3,63.6,,41.7,45.4,62.2,71.9,76.3,77.2,65.3
12-08,46.0,73.7,60.9,42.2,76.1,77.1,67.0,65.3,62.5,,42.2,45.2,61.6,71.0,76.3,77.1,65.3
12-09,46.2,74.4,61.3,42.1,76.0,77.1,67.5,64.0,62.0,,42.1,45.4,61.6,71.6,76.2,77.1,64.0
12-10,45.4,73.5,61.2,41.7,76.0,76.6,67.6,64.5,61.4,,41.7,44.7,61.2,71.1,76.2,76.6,64.5
12-11,46.5,74.1,61.2,42.0,76.0,76.2,67.5,64.6,61.0,,42.0,45.6,61.1,71.5,76.1,76.2,64.6
12-12,47.0,73.7,61.0,41.8,76.6,74.7,67.5,64.3,60.6,,41.8,45.9,60.8,71.2,75.1,76.6,64.3
12-13,46.9,73.3,61.2,42.2,76.7,74.0,67.6,64.7,60.5,,42.2,45.9,60.8,71.0,74.6,76.7,64.7
12-14,46.4,72.5,61.2,42.2,78.1,72.2,67.7,64.1,60.3,,42.2,45.5,60.6,70.4,73.6,78.1,64.1
12-15,46.6,73.1,61.2,42.4,78.4,71.0,67.6,64.1,60.3,,42.4,45.8,60.7,69.6,74.2,78.4,64.1
12-16,45.7,73.5,60.9,42.4,78.9,69.6,67.3,64.2,60.3,,42.4,45.0,60.5,68.7,74.6,78.9,64.2
12-17,45.9,73.4,61.2,42.2,78.7,68.6,67.3,63.6,60.5,,42.2,45.1,60.8,68.1,74.5,78.7,63.6
12-18,45.4,72.9,61.2,42.4,79.1,66.6,67.4,63.6,60.4,,42.4,44.8,60.7,67.1,74.2,79.1,63.6
12-19,46.0,73.5,61.2,42.6,79.0,63.6,67.8,63.6,60.4,,42.6,45.3,60.8,66.2,74.6,79.0,63.6
12-20,46.1,72.5,61.3,43.1,79.1,62.7,67.4,63.6,60.3,,43.1,45.5,60.7,65.9,73.8,79.1,62.7
12-21,46.3,71.9,61.1,42.8,79.1,62.4,67.6,63.6,60.2,,42.8,45.6,60.6,66.0,73.3,79.1,62.4
12-22,46.0,73.2,61.3,42.9,79.3,62.2,67.5,63.6,60.1,,42.9,45.4,60.6,66.0,74.4,79.3,62.2
12-23,46.1,72.6,61.5,42.5,79.1,61.7,67.5,63.2,60.0,,42.5,45.4,60.6,65.8,73.9,79.1,61.7
12-24,45.2,72.8,61.6,42.7,79.3,61.8,67.2,63.3,60.0,,42.7,44.7,60.6,65.7,74.1,79.3,61.8
12-25,45.2,72.6,62.5,42.7,79.1,61.2,67.9,63.6,60.0,,42.7,44.7,60.5,66.2,73.9,79.1,62.5
12-26,46.0,72.2,63.6,42.4,79.1,61.7,67.4,64.0,60.1,,42.4,45.3,60.7,66.0,73.6,79.1,63.6
12-27,45.3,72.7,63.9,43.4,79.4,61.5,67.5,63.7,60.3,,43.4,44.9,60.8,66.1,74.0,79.4,63.7
12-28,44.9,72.7,64.1,43.4,79.2,61.5,67.2,63.8,60.6,,43.4,44.6,61.0,65.9,74.0,79.2,63.8
12-29,44.8,73.0,64.4,43.2,79.7,61.7,67.8,63.9,60.8,,43.2,44.5,61.1,66.5,74.3,79.7,63.9
12-30,45.3,72.7,64.4,43.4,79.4,61.4,67.5,64.0,61.1,,43.4,44.9,61.2,66.2,74.0,79.4,64.0
12-31,45.2,73.1,64.5,44.2,79.8,61.6,67.0,64.2,61.1,,44.2,45.0,61.3,66.0,74.4,79.8,64.2
01-01,45.9,72.9,64.5,44.4,79.5,61.5,67.1,64.1,61.2,,44.4,45.6,61.3,66.1,74.2,79.5,64.1
01-02,45.8,72.2,64.7,44.5,79.3,61.2,67.1,64.4,61.7,,44.5,45.5,61.4,66.1,73.6,79.3,64.4
01-03,44.4,72.4,64.5,45.0,79.9,61.0,67.1,64.3,61.8,,44.4,44.9,61.4,66.0,73.9,79.9,64.3
01-04,46.6,72.4,64.4,45.7,79.5,60.7,67.0,64.2,63.2,,45.7,46.4,61.7,65.9,73.8,79.5,64.2
01-05,46.2,72.9,64.9,45.6,79.8,60.1,66.5,64.2,65.8,,45.6,46.1,61.8,66.2,74.3,79.8,64.9
01-06,45.9,72.7,64.9,45.8,79.6,60.0,66.9,64.7,66.9,,45.8,45.8,61.9,66.9,74.1,79.6,64.9
01-07,44.6,72.5,65.1,46.2,79.7,60.5,66.9,64.6,67.4,,44.6,45.9,62.1,67.2,73.9,79.7,65.1
01-08,45.9,71.6,65.1,46.4,79.8,60.3,67.0,64.7,67.9,,45.9,46.3,62.0,67.5,73.3,79.8,65.1
01-09,46.8,72.3,65.4,46.5,80.0,60.7,66.8,64.6,68.2,,46.5,46.8,62.2,67.6,73.8,80.0,65.4
01-10,45.8,72.1,65.4,46.8,80.1,60.6,66.7,65.0,68.5,,45.8,46.6,62.3,67.8,73.7,80.1,65.4
01-11,46.4,71.4,65.6,47.7,80.1,60.4,67.3,65.0,69.1,,46.4,47.4,62.3,68.4,73.1,80.1,65.6
01-12,45.5,71.8,65.5,48.7,80.2,60.4,67.3,65.0,69.7,,45.5,48.1,62.2,68.7,73.5,80.2,65.5
01-13,47.1,71.6,65.5,48.9,80.3,60.6,67.1,65.1,70.3,,47.1,48.5,62.4,69.0,73.4,80.3,65.5
01-14,46.7,71.6,65.7,49.1,80.4,60.6,67.5,65.2,70.9,,46.7,48.6,62.4,69.6,73.3,80.4,65.7
01-15,45.6,72.1,65.9,49.7,80.1,60.9,67.2,65.2,71.8,,45.6,48.9,62.6,70.0,73.7,80.1,65.9
01-16,45.8,71.6,65.8,49.8,80.3,60.5,67.4,65.2,72.0,,45.8,49.0,62.4,69.9,73.6,80.3,65.8
01-17,46.8,71.9,65.7,49.9,80.3,60.5,67.1,65.4,71.9,,46.8,49.3,62.5,69.9,73.6,80.3,65.7
01-18,45.8,70.7,65.8,50.1,80.1,60.5,67.5,65.2,71.8,,45.8,49.2,62.4,69.5,73.5,80.1,65.8
01-19,46.2,71.2,66.2,50.0,80.3,60.1,67.4,65.0,71.7,,46.2,49.2,62.0,69.7,73.4,80.3,66.2
01-20,46.0,72.7,66.0,50.1,80.0,60.7,67.2,65.2,71.6,,46.0,49.3,62.5,69.8,74.2,80.0,66.0
01-21,53.2,71.2,65.8,50.4,80.4,60.7,67.5,65.3,71.4,,50.4,52.6,62.5,69.7,73.2,80.4,65.8
01-22,52.3,72.6,65.9,50.9,80.5,60.7,68.0,65.3,71.6,,50.9,52.0,62.6,70.1,74.2,80.5,65.9
01-23,52.7,75.2,65.9,51.2,80.3,60.6,67.7,65.0,71.6,,51.2,52.4,62.4,70.0,76.2,80.3,65.9
01-24,52.3,75.3,66.3,51.0,80.1,60.5,67.7,64.8,71.3,,51.0,52.0,62.2,69.8,76.2,80.1,66.3
01-25,52.6,74.1,66.0,51.5,80.4,60.6,67.8,64.8,71.4,,51.5,52.4,62.3,70.0,75.4,80.4,66.0
01-26,52.8,75.4,66.3,51.4,80.0,60.7,68.0,65.0,71.5,,51.4,52.5,62.4,70.1,76.4,80.0,66.3
01-27,52.6,75.1,66.0,51.8,80.1,60.4,67.7,64.9,71.4,,51.8,52.5,62.2,69.9,76.1,80.1,66.0
01-28,52.7,74.8,66.3,52.0,80.4,60.7,67.8,64.8,71.5,,52.0,52.6,62.4,70.0,75.9,80.4,66.3
01-29,51.8,75.6,66.2,51.9,80.3,60.6,68.0,64.8,71.4,,51.8,51.9,62.3,70.1,76.5,80.3,66.2
01-30,52.1,75.9,66.3,52.0,80.3,60.5,68.1,64.6,71.2,,52.0,52.1,62.2,70.0,76.8,80.3,66.3
01-31,52.9,74.1,66.5,52.6,80.0,60.8,68.2,64.5,71.2,,52.6,52.8,62.2,70.0,75.3,80.0,66.5
02-01,52.8,74.0,66.8,52.1,80.5,60.5,68.4,64.5,71.4,,52.1,52.6,62.1,70.2,75.3,80.5,66.8
02-02,51.4,74.1,66.6,52.2,80.0,60.5,68.4,64.5,71.4,,51.4,52.1,62.1,70.2,75.3,80.0,66.6
02-03,52.2,73.9,66.6,52.3,79.9,60.9,68.6,64.4,71.3,,52.2,52.3,62.3,70.2,75.1,79.9,66.6
02-04,52.9,73.8,67.0,53.0,80.3,61.1,68.7,64.0,71.2,,52.9,53.0,62.3,70.2,75.1,80.3,67.0
02-05,52.2,74.4,67.1,53.1,80.2,61.4,68.8,63.9,71.4,,52.2,52.9,62.4,70.3,75.5,80.2,67.1
02-06,51.8,74.2,67.2,52.3,80.4,61.9,68.9,63.5,71.2,,51.8,52.2,62.6,70.3,75.5,80.4,67.2
02-07,52.5,73.7,67.1,53.3,80.5,62.6,69.1,63.3,71.4,,52.5,53.1,62.9,70.4,75.1,80.5,67.1
02-08,52.0,73.0,67.4,53.1,80.3,63.2,69.1,63.3,71.4,,52.0,52.9,63.2,70.5,74.5,80.3,67.4
02-09,52.1,72.7,67.3,52.9,80.3,63.4,69.0,63.5,71.4,,52.1,52.7,63.4,70.4,74.2,80.3,67.3
02-10,52.0,73.4,67.6,52.9,80.0,63.9,69.2,63.3,71.4,,52.0,52.7,63.5,70.5,74.7,80.0,67.6
02-11,52.2,72.8,67.6,53.1,80.2,64.3,69.1,63.3,71.1,,52.2,52.9,63.7,70.3,74.3,80.2,67.6
02-12,52.6,72.6,67.7,52.7,80.3,64.4,69.0,63.3,71.1,,52.6,52.7,63.8,70.3,74.1,80.3,67.7
02-13,51.8,72.9,67.6,53.2,80.5,64.4,69.0,63.5,71.1,,51.8,52.9,63.9,70.3,74.4,80.5,67.6
02-14,51.3,71.8,67.9,53.3,80.3,64.4,68.9,63.4,71.2,,51.3,52.9,63.8,70.3,73.5,80.3,67.9
02-15,51.2,72.2,67.8,53.7,80.4,64.6,69.3,63.6,71.0,,51.2,53.2,64.0,70.3,73.8,80.4,67.8
02-16,51.6,72.3,67.7,53.7,80.5,64.6,69.5,63.5,71.1,,51.6,53.3,63.9,70.5,73.9,80.5,67.7
02-17,52.1,72.1,67.9,53.5,80.6,64.4,69.2,63.4,71.1,,52.1,53.2,63.8,70.3,73.8,80.6,67.9
02-18,51.6,71.7,67.9,53.9,80.7,64.5,69.4,63.4,71.2,,51.6,53.4,63.8,70.5,73.5,80.7,67.9
02-19,51.7,71.9,67.8,54.4,80.3,64.5,69.6,63.3,71.2,,51.7,53.9,63.8,70.6,73.6,80.3,67.8
02-20,51.3,71.8,68.2,54.3,80.2,64.2,69.3,63.4,71.1,,51.3,53.7,63.7,70.4,73.4,80.2,68.2
02-21,51.4,72.0,68.2,54.7,80.5,64.4,69.8,63.3,71.1,,51.4,54.0,63.7,70.5,73.7,80.5,68.2
02-22,51.5,71.6,68.1,54.6,80.3,64.4,69.8,63.3,70.9,,51.5,54.0,63.7,70.5,73.4,80.3,68.1
02-23,51.4,71.1,67.9,54.9,80.4,64.0,69.6,63.3,71.2,,51.4,54.2,63.5,70.5,73.0,80.4,67.9
02-24,51.8,70.8,67.9,55.1,80.4,63.9,69.8,63.3,71.2,,51.8,54.5,63.5,70.4,73.0,80.4,67.9
02-25,51.6,71.7,67.8,54.8,80.4,63.8,69.8,63.4,71.2,,51.6,54.2,63.5,70.7,73.4,80.4,67.8
02-26,51.2,71.2,67.9,55.1,80.6,63.8,69.7,63.3,71.2,,51.2,54.4,63.5,70.6,73.1,80.6,67.9
02-27,50.8,71.6,68.1,55.4,80.4,63.3,69.5,63.1,71.0,,50.8,54.5,63.2,70.4,73.3,80.4,68.1
02-28,50.8,71.0,67.9,55.7,80.6,63.8,69.8,63.0,71.1,,50.8,54.7,63.3,70.5,73.0,80.6,67.9
02-29,,,,56.4,,,,,,,50.8,54.7,63.3,70.5,73.0,80.6,67.9
03-01,52.0,71.5,67.9,56.2,80.4,63.5,69.3,63.0,71.2,,52.0,55.4,63.2,70.5,73.3,80.4,67.9
03-02,50.9,70.3,67.9,56.5,80.6,63.6,69.9,63.3,71.2,,50.9,55.4,63.4,70.1,73.1,80.6,67.9
03-03,50.5,71.3,67.5,56.7,80.7,63.7,69.7,66.6,71.2,,50.5,55.4,64.9,70.6,73.2,80.7,67.5
03-04,50.8,71.8,67.7,56.7,80.5,63.5,69.8,66.6,71.2,,50.8,55.5,64.8,70.7,73.5,80.5,67.7
03-05,50.8,71.3,68.0,56.8,80.7,63.1,70.1,66.9,71.2,,50.8,55.6,64.6,70.7,73.2,80.7,68.0
03-06,51.3,71.0,68.2,57.7,80.4,63.5,70.0,67.0,71.2,,51.3,56.4,64.9,70.6,73.1,80.4,68.2
03-07,51.2,71.4,68.0,57.8,80.7,63.5,69.7,67.3,71.4,,51.2,56.5,65.0,70.7,73.2,80.7,68.0
03-08,50.4,70.8,68.2,58.0,80.4,63.4,69.8,67.5,71.2,,50.4,56.5,65.0,70.4,73.0,80.4,68.2
03-09,50.3,70.6,68.1,58.3,80.4,63.3,70.0,67.4,71.2,,50.3,56.7,64.9,70.4,73.1,80.4,68.1
03-10,50.8,71.2,68.2,58.7,80.3,63.3,69.9,67.5,71.2,,50.8,57.1,65.0,70.7,73.1,80.3,68.2
03-11,51.1,71.9,68.8,58.6,80.4,63.7,70.1,67.7,71.4,,51.1,57.1,65.3,70.9,73.6,80.4,68.8
03-12,50.9,71.2,69.2,58.8,80.6,64.1,70.2,67.6,71.4,,50.9,57.2,65.5,70.8,73.2,80.6,69.2
03-13,51.4,70.6,69.2,60.0,80.5,65.6,70.2,67.9,71.4,,51.4,58.3,66.5,70.4,73.2,80.5,69.2
03-14,50.7,72.6,69.3,61.6,80.4,66.0,70.4,67.6,71.1,,50.7,59.4,66.6,70.8,74.2,80.4,69.3
03-15,50.8,71.3,69.9,63.8,81.1,66.3,70.5,67.7,71.2,,50.8,61.2,66.9,70.9,73.3,81.1,69.9
03-16,50.7,71.6,70.6,64.6,81.3,66.4,70.7,67.7,71.4,,50.7,61.8,66.9,71.1,73.5,81.3,70.6
03-17,54.3,72.1,72.7,65.1,81.7,66.5,70.7,67.7,71.5,,54.3,62.9,67.0,71.9,74.5,81.7,70.7
03-18,56.3,71.2,74.2,65.7,83.6,66.8,70.5,68.0,71.4,,56.3,63.8,67.3,71.3,76.1,83.6,70.5
03-19,55.8,71.8,75.2,65.5,85.2,67.1,70.6,68.0,71.4,,55.8,63.5,67.5,71.6,77.2,85.2,70.6
03-20,57.5,71.8,75.4,65.7,86.8,67.1,70.8,68.1,71.5,,57.5,64.0,67.5,71.6,77.7,86.8,70.8
03-21,57.6,70.8,75.7,65.8,87.9,67.0,70.5,68.1,71.4,,57.6,64.2,67.4,71.2,78.1,87.9,70.5
03-22,56.3,71.0,76.2,66.3,89.3,67.0,71.2,68.0,71.4,,56.3,64.3,67.4,71.3,78.8,89.3,71.0
03-23,58.6,71.5,76.3,66.7,89.3,70.8,71.0,68.2,71.3,,58.6,65.1,69.2,71.4,78.9,89.3,71.0
03-24,57.2,72.6,76.8,66.9,88.6,72.1,70.9,67.9,71.3,,57.2,65.0,69.1,72.4,79.1,88.6,71.3
03-25,57.8,71.3,77.3,66.7,87.9,71.7,71.1,68.9,71.5,,57.8,64.9,69.8,71.6,79.4,87.9,71.3
03-26,58.6,72.4,77.6,66.6,87.5,71.5,71.4,69.7,71.5,,58.6,65.0,70.4,72.1,79.6,87.5,71.5
03-27,57.5,71.8,77.6,67.2,87.4,71.0,71.3,70.1,71.5,,57.5,65.3,70.4,71.7,79.6,87.4,71.3
03-28,57.3,72.1,81.4,67.1,87.1,71.3,71.3,70.2,71.5,,57.3,65.2,70.6,71.9,82.5,87.1,71.3
03-29,58.7,72.7,82.1,67.1,86.8,71.2,71.4,70.2,71.6,,58.7,65.4,70.6,72.3,83.0,86.8,71.4
03-30,58.7,71.7,82.2,67.1,86.8,71.3,71.4,70.2,71.6,,58.7,65.4,70.6,71.6,83.1,86.8,71.4
03-31,59.6,72.4,82.6,67.2,86.8,71.2,71.5,70.1,71.7,,59.6,65.7,70.6,72.1,83.4,86.8,71.5
04-01,65.6,72.4,82.4,67.5,86.7,73.4,71.7,70.3,71.5,,65.6,67.1,70.7,73.0,83.3,86.7,71.7
04-02,69.1,72.4,81.7,67.2,86.6,79.5,71.8,70.5,71.8,,67.2,68.8,71.0,76.7,82.7,86.6,71.8
04-03,69.9,72.3,81.2,67.4,86.7,79.1,71.6,70.9,71.6,,67.4,69.4,71.2,76.4,82.3,86.7,71.6
04-04,70.9,72.9,81.1,68.7,86.6,79.0,71.8,70.9,71.7,,68.7,70.4,71.2,76.5,82.2,86.6,71.8
04-05,72.4,73.0,80.6,69.4,86.6,78.5,72.0,70.9,71.7,,69.4,70.6,71.8,76.3,81.8,86.6,72.4
04-06,72.8,73.0,80.9,69.1,86.6,78.3,72.0,71.2,71.5,,69.1,70.8,71.7,76.2,82.1,86.6,72.8
04-07,72.0,72.5,80.7,69.5,86.7,79.9,72.2,71.5,71.5,,69.5,71.1,71.7,77.0,81.9,86.7,72.2
04-08,72.3,73.3,80.7,70.4,86.4,82.8,72.4,72.1,71.8,,70.4,71.5,72.2,77.7,83.5,86.4,72.4
04-09,72.0,72.8,80.6,72.1,86.6,84.4,74.6,73.2,71.7,,71.7,72.0,72.4,78.2,84.8,86.6,73.2
04-10,72.0,73.4,80.9,75.4,86.8,84.5,75.4,73.6,71.8,,71.8,72.0,73.5,78.7,85.0,86.8,75.4
04-11,71.4,76.1,81.6,76.0,86.6,84.4,74.4,73.7,71.8,,71.4,71.7,73.9,79.4,84.8,86.6,76.0
04-12,71.7,80.0,81.9,77.2,86.7,84.8,74.3,74.4,73.0,,71.7,72.8,74.3,81.1,85.2,86.7,77.2
04-13,72.8,80.7,81.8,81.2,86.7,84.0,75.4,75.1,73.8,,72.8,73.6,75.2,81.6,84.6,86.7,80.7
04-14,74.5,81.2,82.5,87.7,86.7,84.0,75.6,75.6,74.1,,74.1,74.4,75.6,83.4,86.9,87.7,81.2
04-15,75.4,81.2,82.1,88.6,87.4,83.8,76.0,76.0,74.1,,74.1,75.1,76.0,83.1,87.6,88.6,81.2
04-16,76.1,81.3,81.6,87.9,87.9,83.8,76.8,76.7,74.4,,74.4,75.7,76.8,83.0,87.9,87.9,81.3
04-17,77.0,81.7,81.0,87.1,87.7,84.3,77.9,77.7,74.3,,74.3,76.4,77.8,83.3,87.2,87.7,81.0
04-18,76.6,82.6,80.7,86.7,89.6,84.2,78.2,78.3,74.5,,74.5,76.2,78.2,83.6,87.3,89.6,80.7
04-19,77.1,82.3,80.6,86.1,92.6,84.2,81.0,79.6,74.8,,74.8,76.6,80.0,83.5,87.4,92.6,81.0
04-20,77.5,82.4,81.2,86.0,90.8,84.2,81.4,81.2,75.2,,75.2,77.0,81.2,83.5,86.9,90.8,81.4
04-21,78.0,82.9,82.0,88.4,89.7,84.0,83.7,83.8,75.3,,75.3,77.4,82.4,83.9,88.7,89.7,83.7
04-22,78.6,82.7,83.8,92.2,89.1,84.6,84.8,85.2,75.6,,75.6,78.0,83.1,85.0,89.7,92.2,84.6
04-23,78.7,82.9,83.3,92.0,88.4,85.5,86.3,85.9,75.8,,75.8,78.1,83.0,86.1,89.1,92.0,85.5
04-24,79.1,82.3,83.6,89.3,87.9,86.3,87.9,86.1,76.5,,76.5,78.6,82.8,87.2,88.2,89.3,86.1
04-25,80.6,82.6,83.8,88.6,88.1,87.8,90.1,86.1,76.8,,76.8,79.8,83.1,88.0,88.9,90.1,86.1
04-26,82.4,82.8,82.9,87.8,87.7,89.4,92.9,86.1,77.3,,77.3,81.4,82.9,87.8,90.1,92.9,86.1
04-27,89.6,82.4,82.0,87.3,87.4,91.3,93.9,86.5,78.0,,78.0,81.2,84.0,88.7,91.8,93.9,87.3
04-28,89.7,81.6,83.6,87.0,87.5,92.0,93.8,87.0,78.4,,78.4,81.0,84.9,88.8,92.4,93.8,87.0
04-29,90.2,81.8,86.7,86.4,87.2,95.2,94.0,88.2,79.1,,79.1,81.2,86.5,89.4,94.3,95.2,87.2
04-30,90.3,81.1,86.7,86.4,86.9,95.0,92.9,88.6,79.7,,79.7,80.8,86.5,89.6,93.3,95.0,86.9
05-01,90.5,81.3,87.4,86.0,86.8,94.0,92.5,89.4,80.0,,80.0,81.0,86.3,90.0,92.8,94.0,87.4
05-02,90.2,81.9,90.2,86.0,86.9,93.2,92.2,89.4,80.7,,80.7,81.6,86.3,90.2,92.4,93.2,89.4
05-03,90.4,82.1,88.8,85.6,86.8,92.2,91.7,90.1,82.5,,82.1,82.4,86.1,90.2,91.8,92.2,88.8
05-04,90.8,82.9,87.2,91.9,86.7,92.6,91.5,89.8,87.2,,82.9,86.0,87.2,91.3,92.0,92.6,89.8
05-05,90.8,83.6,87.1,92.6,90.7,95.2,92.5,89.5,87.8,,83.6,86.4,88.5,91.8,93.1,95.2,90.7
05-06,90.8,84.5,87.0,93.3,92.5,95.2,92.9,89.9,87.9,,84.5,86.5,88.7,92.7,93.7,95.2,90.8
05-07,91.0,84.1,86.4,93.2,93.4,95.0,92.5,90.9,87.9,,84.1,85.9,89.1,92.9,93.7,95.0,91.0
05-08,90.8,83.4,84.9,92.9,97.3,95.3,92.7,91.2,87.9,,83.4,84.6,89.1,92.8,95.7,97.3,91.2
05-09,90.4,82.7,83.5,92.2,97.4,95.9,92.2,91.4,88.0,,82.7,83.4,89.0,92.2,96.2,97.4,91.4
05-10,91.3,82.6,82.4,93.1,97.4,96.3,91.3,90.7,88.5,,82.4,82.6,89.4,92.4,96.5,97.4,91.3
05-11,91.5,82.1,82.5,92.6,97.4,95.7,90.8,90.6,88.8,,82.1,82.5,89.5,92.1,96.0,97.4,90.8
05-12,92.4,82.5,81.9,92.8,97.4,95.1,93.0,90.6,89.7,,81.9,82.4,90.0,92.9,95.6,97.4,92.4
05-13,94.0,81.9,81.7,92.6,95.3,93.6,94.3,89.9,90.7,,81.7,81.9,90.2,93.8,94.5,95.3,92.6
05-14,98.0,82.0,82.0,92.9,94.7,92.2,94.6,89.6,91.6,,82.0,82.0,90.4,93.9,95.3,98.0,92.2
05-15,98.0,83.2,81.6,94.1,94.1,91.5,95.0,90.4,96.8,,81.6,82.9,90.8,94.7,97.0,98.0,94.1
05-16,97.9,84.0,81.4,93.6,92.8,91.2,95.1,91.8,96.8,,81.4,83.5,91.4,94.5,97.0,97.9,92.8
05-17,97.8,84.8,81.1,93.0,92.4,91.6,95.1,93.5,95.9,,81.1,84.1,91.9,94.5,96.3,97.8,93.0
05-18,94.9,92.5,82.3,91.5,90.8,91.2,94.6,93.4,95.3,,82.3,89.1,91.3,94.1,94.9,95.3,92.5
05-19,94.0,92.5,82.5,91.7,89.6,90.8,92.5,93.6,94.9,,82.5,88.2,91.2,93.2,94.2,94.9,92.5
05-20,93.6,92.6,82.9,93.8,88.7,90.8,92.0,93.0,95.1,,82.9,87.6,91.3,93.4,94.0,95.1,92.6
05-21,93.1,88.2,83.5,94.0,88.3,90.4,91.6,91.5,95.0,,83.5,87.2,89.2,92.5,94.2,95.0,91.5
05-22,93.3,87.4,82.5,91.7,88.7,89.9,91.3,90.8,94.3,,82.5,86.4,89.2,91.6,93.5,94.3,90.8
05-23,96.5,87.1,81.8,90.9,93.6,89.5,91.0,90.6,94.7,,81.8,86.0,89.9,92.6,95.1,96.5,90.9
05-24,96.9,86.8,81.8,92.4,94.0,89.4,90.7,90.2,95.2,,81.8,85.8,89.7,93.4,95.5,96.9,90.7
05-25,93.0,86.6,81.9,91.0,96.6,89.4,89.8,90.3,94.6,,81.9,85.6,89.6,92.2,95.0,96.6,90.3
05-26,93.2,90.8,82.0,92.6,94.7,89.1,89.5,91.8,94.0,,82.0,87.7,90.0,93.0,94.1,94.7,91.8
05-27,95.2,92.4,86.7,90.5,94.3,88.6,92.2,91.9,93.2,,86.7,88.2,91.1,92.9,94.5,95.2,92.2
05-28,92.0,85.9,85.2,91.3,93.9,88.2,92.5,90.5,93.7,,85.2,85.7,89.1,92.3,93.7,93.9,91.3
05-29,92.6,83.9,83.6,94.8,93.7,87.7,91.2,89.6,94.0,,83.6,83.9,88.5,93.3,94.2,94.8,91.2
05-30,91.5,84.4,82.0,93.7,93.6,87.5,90.6,90.0,94.2,,82.0,83.9,88.5,92.8,93.8,94.2,90.6
05-31,90.1,83.1,81.0,93.5,93.5,87.4,90.8,89.8,93.9,,81.0,82.6,88.4,92.4,93.6,93.9,90.1
06-01,88.7,82.7,80.1,92.2,93.2,87.1,94.2,89.4,93.9,,80.1,82.2,87.7,92.8,93.9,94.2,89.4
06-02,88.2,82.3,88.3,90.9,92.7,87.0,94.3,91.5,93.6,,82.3,86.1,88.3,92.2,93.8,94.3,90.9
06-03,88.1,83.2,88.0,90.1,92.0,86.3,94.5,91.2,93.5,,83.2,85.7,88.0,91.7,93.7,94.5,90.1
06-04,87.2,83.0,87.7,89.8,90.9,86.0,94.6,90.9,93.8,,83.0,85.4,87.4,90.9,94.0,94.6,89.8
06-05,87.0,82.5,87.2,89.5,89.8,85.6,95.0,90.5,94.2,,82.5,84.9,87.1,90.2,94.3,95.0,89.5
06-06,87.1,83.2,86.9,89.3,89.1,85.0,95.1,90.4,94.1,,83.2,84.6,87.0,89.9,94.3,95.1,89.1
06-07,86.6,82.5,86.8,88.7,88.5,84.3,95.3,90.1,95.3,,82.5,84.0,86.7,89.6,95.3,95.3,88.5
06-08,86.1,82.2,86.4,88.5,88.3,83.4,96.1,89.6,95.0,,82.2,83.2,86.2,89.1,95.2,96.1,88.3
06-09,85.6,81.3,86.4,87.8,88.0,82.5,95.8,89.3,93.9,,81.3,82.3,85.9,88.8,94.3,95.8,87.8
06-10,85.3,80.1,86.2,87.2,87.6,81.6,95.6,89.0,93.7,,80.1,81.3,85.6,88.5,94.1,95.6,87.2
06-11,84.4,79.5,86.4,86.7,87.5,79.9,95.5,88.5,94.4,,79.5,79.9,85.2,88.1,94.6,95.5,86.7
06-12,83.0,78.3,89.0,86.0,87.1,78.4,95.1,87.7,94.3,,78.3,78.4,84.2,88.5,94.5,95.1,87.1
06-13,81.9,77.1,88.3,85.5,87.0,76.6,95.1,86.4,93.7,,76.6,77.0,83.3,87.8,94.0,95.1,86.4
06-14,81.2,75.3,88.1,85.0,86.8,74.6,95.4,86.3,93.3,,74.6,75.2,82.7,87.6,93.7,95.4,86.3
06-15,79.6,73.7,87.5,84.7,86.2,72.7,95.4,85.9,94.1,,72.7,73.5,81.6,87.0,94.3,95.4,85.9
06-16,77.5,71.9,87.5,84.0,86.1,70.7,95.3,85.1,94.2,,70.7,71.6,80.1,86.9,94.4,95.3,85.1
06-17,75.7,70.0,87.3,83.2,85.9,69.7,95.2,83.2,93.0,,69.7,70.0,78.7,86.8,93.4,95.2,83.2
06-18,74.9,68.7,86.6,82.3,85.5,68.3,94.1,81.7,92.6,,68.3,68.6,77.6,86.2,92.9,94.1,82.3
06-19,72.7,68.6,85.6,81.3,84.9,66.9,94.5,80.8,92.4,,66.9,68.3,76.0,85.3,92.8,94.5,81.3
06-20,71.6,67.8,85.2,79.6,84.5,65.7,95.3,80.4,92.2,,65.7,67.4,74.8,84.9,92.8,95.3,80.4
06-21,70.5,66.6,84.1,78.1,83.7,64.4,95.1,79.7,92.0,,64.4,66.2,73.5,84.0,92.6,95.1,79.7
06-22,68.6,64.6,83.1,75.3,82.2,63.1,92.1,79.1,91.8,,63.1,64.3,71.3,82.8,91.9,92.1,79.1
06-23,67.0,63.8,81.7,73.1,81.3,61.9,90.0,77.8,91.5,,61.9,63.4,69.4,81.5,90.3,91.5,77.8
06-24,65.5,62.6,80.5,70.5,80.4,60.6,89.5,77.0,91.2,,60.6,62.2,67.5,80.5,89.8,91.2,77.0
06-25,63.5,62.3,79.4,68.0,79.3,59.8,86.1,76.3,91.0,,59.8,61.8,65.3,79.3,87.1,91.0,76.3
06-26,62.6,61.9,77.5,66.3,78.1,58.2,85.7,75.5,90.4,,58.2,61.2,64.1,77.9,86.6,90.4,75.5
06-27,62.0,61.0,76.5,63.6,76.9,56.8,85.6,75.1,89.7,,56.8,60.1,62.6,76.7,86.4,89.7,75.1
06-28,60.1,60.1,75.0,62.0,75.5,56.0,85.4,74.5,89.1,,56.0,59.3,60.9,75.3,86.2,89.1,74.5
06-29,58.1,59.8,73.1,60.4,74.4,54.6,85.4,73.7,88.5,,54.6,57.4,60.1,74.1,86.0,88.5,73.1
06-30,57.1,58.8,71.0,59.7,73.0,53.5,85.9,73.1,87.8,,53.5,56.3,59.2,73.0,86.3,87.8,71.0
07-01,55.9,58.3,69.9,58.5,71.6,52.4,86.3,73.0,87.2,,52.4,55.2,58.4,72.5,86.5,87.2,69.9
07-02,55.3,57.0,67.5,57.4,69.7,51.6,86.4,72.7,86.4,,51.6,54.6,57.2,71.5,86.4,86.4,67.5
07-03,58.0,56.5,66.2,57.1,69.0,51.0,86.5,72.4,85.2,,51.0,55.4,57.5,71.1,85.5,86.5,66.2
07-04,58.4,55.6,63.8,56.9,67.4,50.2,86.6,71.5,83.5,,50.2,54.5,57.5,69.9,84.1,86.6,63.8
07-05,57.3,54.5,62.8,55.4,65.8,49.8,86.1,71.0,82.1,,49.8,53.5,56.2,68.9,82.9,86.1,62.8
07-06,56.9,54.2,61.9,54.6,63.6,49.7,86.0,70.6,80.5,,49.7,53.3,55.5,67.8,81.6,86.0,61.9
07-07,55.7,54.0,60.8,53.2,62.3,48.7,85.8,69.9,78.9,,48.7,52.3,54.7,66.8,80.3,85.8,60.8
07-08,64.3,52.7,59.3,52.4,60.2,48.6,85.5,69.3,77.4,,48.6,51.6,55.3,67.3,79.0,85.5,60.2
07-09,63.2,52.4,58.8,51.0,59.3,48.4,85.0,69.1,75.5,,48.4,50.5,55.0,66.7,77.4,85.0,59.3
07-10,62.7,51.8,59.1,50.5,58.0,48.6,84.4,68.6,74.0,,48.6,50.1,54.3,66.2,76.1,84.4,59.1
07-11,61.8,52.2,63.6,49.9,57.1,48.1,83.7,67.6,72.3,,48.1,49.5,54.2,66.0,74.6,83.7,61.8
07-12,60.6,57.0,65.3,48.6,56.8,47.5,82.8,67.1,70.7,,47.5,48.4,56.9,66.4,73.1,82.8,60.6
07-13,59.4,56.0,65.9,47.8,56.1,48.3,82.3,66.0,68.9,,47.8,48.2,56.0,65.9,71.6,82.3,59.4
07-14,59.4,56.0,65.6,47.3,55.8,47.9,81.9,65.7,67.2,,47.3,47.8,55.9,65.7,70.1,81.9,59.4
07-15,59.6,55.2,64.6,47.0,55.9,47.5,80.8,65.5,65.3,,47.0,47.4,55.5,65.0,68.6,80.8,59.6
07-16,59.3,54.3,63.9,46.1,55.3,48.0,79.9,67.6,64.4,,46.1,47.6,54.7,64.2,70.1,79.9,59.3
07-17,58.4,52.7,62.6,45.5,55.0,48.3,78.5,67.3,63.6,,45.5,47.8,53.6,63.2,69.6,78.5,58.4
07-18,57.2,52.3,61.7,44.7,54.6,48.6,77.5,67.3,62.7,,44.7,47.8,53.2,62.3,69.3,77.5,57.2
07-19,57.6,50.6,61.3,44.4,53.9,48.6,75.8,67.0,62.1,,44.4,47.7,51.9,61.8,68.7,75.8,57.6
07-20,58.2,50.4,60.8,44.3,53.8,48.4,74.3,66.1,62.0,,44.3,47.6,51.8,61.5,67.7,74.3,58.2
07-21,58.6,49.7,59.7,44.0,53.2,48.2,73.1,65.3,61.4,,44.0,47.4,51.1,60.7,66.9,73.1,58.6
07-22,58.1,49.2,59.8,44.2,53.8,48.6,71.5,64.8,61.1,,44.2,47.7,51.0,60.6,66.1,71.5,58.1
07-23,57.4,49.1,59.0,44.2,53.5,48.6,70.3,64.6,60.9,,44.2,47.7,50.8,60.2,65.7,70.3,57.4
07-24,56.5,48.2,58.5,44.1,53.9,48.3,69.1,63.7,60.7,,44.1,47.4,50.6,59.8,64.8,69.1,56.5
07-25,55.3,48.6,58.1,43.7,53.6,48.4,67.8,63.2,59.8,,43.7,47.5,50.6,59.1,64.1,67.8,55.3
07-26,54.9,48.2,57.4,43.4,62.4,48.4,67.3,62.8,59.1,,43.4,47.2,51.0,61.1,63.7,67.3,57.4
07-27,55.1,47.6,56.5,43.5,62.5,47.8,67.1,62.9,58.9,,43.5,46.8,50.7,61.1,63.8,67.1,56.5
07-28,52.7,46.8,55.3,43.5,62.3,47.9,66.3,62.3,58.6,,43.5,46.2,49.8,60.8,63.1,66.3,55.3
07-29,52.2,46.8,54.5,43.0,62.4,48.0,65.5,61.2,58.5,,43.0,46.0,49.7,60.1,63.0,65.5,54.5
07-30,51.9,54.1,53.6,43.1,61.9,47.5,63.8,60.9,58.0,,43.1,46.6,52.6,59.7,62.3,63.8,54.1
07-31,51.9,53.7,53.3,42.0,60.7,47.3,63.1,60.7,57.8,,42.0,46.2,52.5,59.5,61.2,63.1,53.7
08-01,51.8,54.1,52.6,42.2,60.6,47.0,62.6,60.8,56.6,,42.2,46.1,52.1,59.0,61.1,62.6,54.1
08-02,51.3,52.8,51.8,42.1,60.3,46.6,62.2,60.7,56.1,,42.1,45.7,51.5,58.6,61.0,62.2,52.8
08-03,52.0,52.5,51.2,42.1,59.3,46.0,61.4,61.1,55.7,,42.1,45.2,51.5,57.9,61.1,61.4,52.5
08-04,52.5,51.8,51.2,41.9,59.3,46.1,61.2,61.4,51.6,,41.9,45.3,51.3,56.6,61.2,61.4,51.8
08-05,52.5,56.6,51.9,41.5,58.4,45.5,60.5,61.3,52.4,,41.5,44.7,52.1,57.7,60.6,61.3,52.5
08-06,51.8,56.5,51.7,40.9,56.9,45.4,59.6,64.2,52.7,,40.9,44.5,51.7,56.7,60.5,64.2,52.7
08-07,51.6,56.9,51.5,41.2,56.8,45.7,58.5,63.8,53.1,,41.2,44.8,51.5,56.9,59.6,63.8,53.1
08-08,50.6,56.8,51.8,40.9,56.8,45.8,58.3,63.8,53.1,,40.9,44.8,51.1,56.8,59.4,63.8,53.1
08-09,49.9,56.4,51.7,41.5,56.6,45.4,57.7,63.3,53.0,,41.5,44.6,50.6,56.5,58.8,63.3,53.0
08-10,49.4,57.1,52.0,41.5,56.3,44.9,57.5,62.8,52.6,,41.5,44.2,50.4,56.8,58.6,62.8,52.6
08-11,49.0,56.6,51.7,41.7,56.2,45.0,57.2,62.5,52.5,,41.7,44.4,50.1,56.5,58.2,62.5,52.5
08-12,48.7,55.8,51.4,41.3,56.2,45.2,57.2,61.9,52.1,,41.3,44.4,49.8,56.1,58.1,61.9,52.1
08-13,64.1,56.0,50.6,41.1,55.5,44.7,56.9,64.7,51.9,,41.1,44.0,51.1,56.5,64.2,64.7,55.5
08-14,49.6,54.6,50.9,40.7,54.9,45.4,56.1,65.8,51.9,,40.7,44.5,50.1,54.8,58.0,65.8,51.9
08-15,49.8,55.3,52.1,40.9,54.6,44.9,55.2,65.3,51.5,,40.9,44.1,50.5,54.9,57.3,65.3,52.1
08-16,50.2,55.9,51.9,41.0,54.0,44.4,44.3,64.6,51.2,,41.0,43.6,46.7,53.2,57.6,64.6,51.2
08-17,49.5,55.9,51.3,40.1,53.6,44.6,42.2,63.6,50.9,,40.1,41.8,46.5,52.7,57.4,63.6,50.9
08-18,48.7,56.0,51.0,41.0,52.9,44.6,53.2,63.8,50.5,,41.0,43.9,49.5,53.1,57.5,63.8,51.0
08-19,49.0,55.3,49.6,41.1,52.5,44.1,52.4,62.3,50.1,,41.1,43.5,49.2,52.4,56.7,62.3,50.1
08-20,47.5,54.5,49.7,40.2,52.5,44.2,51.5,61.1,50.8,,40.2,43.4,48.4,52.1,55.8,61.1,50.8
08-21,47.9,53.6,49.1,40.2,51.4,43.6,39.8,64.6,50.8,,39.8,40.1,45.3,51.1,55.8,64.6,49.1
08-22,48.7,54.3,48.5,40.3,51.4,43.2,41.8,64.4,50.2,,40.3,41.5,45.3,50.9,56.3,64.4,48.7
08-23,47.9,57.2,48.5,40.0,51.4,42.9,49.6,64.0,49.9,,40.0,42.4,48.1,50.8,58.6,64.0,49.6
08-24,55.1,57.1,48.4,39.8,50.6,43.2,49.1,63.9,50.7,,39.8,42.6,48.7,53.3,58.5,63.9,50.6
08-25,56.7,56.5,47.5,40.3,50.3,44.0,49.3,63.2,50.3,,40.3,43.2,48.2,54.0,58.0,63.2,50.3
08-26,55.6,55.6,46.8,39.1,50.5,44.2,47.7,62.7,51.2,,39.1,43.2,47.1,53.8,57.0,62.7,50.5
08-27,57.6,56.2,46.3,39.1,49.5,39.2,47.4,62.8,50.9,,39.1,39.2,46.8,54.1,58.6,62.8,49.5
08-28,57.4,55.8,47.1,39.0,49.0,39.6,47.5,62.3,51.2,,39.0,39.5,47.3,53.9,58.4,62.3,49.0
08-29,58.8,55.9,46.3,38.8,48.7,39.9,46.1,62.1,51.0,,38.8,39.7,46.2,54.0,59.4,62.1,48.7
08-30,58.7,56.1,47.0,38.4,48.2,39.9,40.7,61.9,51.0,,38.4,39.6,43.2,54.1,59.4,61.9,48.2
08-31,61.1,56.1,46.2,39.2,47.7,39.9,40.2,61.2,51.2,,39.2,39.8,42.6,54.1,61.1,61.2,47.7
09-01,60.2,56.1,46.7,39.5,47.4,39.8,54.3,60.5,50.8,,39.5,39.8,47.0,55.4,60.2,60.5,50.8
09-02,60.4,56.6,45.9,38.8,47.5,39.4,42.6,59.9,49.5,,38.8,39.3,43.9,53.7,60.0,60.4,47.5
09-03,61.5,56.7,46.0,38.9,46.5,39.8,24.6,59.2,49.6,,24.6,36.1,42.3,53.9,59.7,61.5,46.5
09-04,60.4,55.7,46.0,38.4,46.8,40.2,44.4,58.8,49.7,,38.4,39.8,45.0,53.3,59.1,60.4,46.8
09-05,89.5,55.1,45.6,38.7,46.4,39.4,44.3,58.1,69.2,,38.7,39.3,44.8,56.9,73.2,89.5,46.4
09-06,61.4,53.9,45.1,38.5,46.0,38.7,44.4,57.4,69.4,,38.5,38.6,44.7,56.0,63.0,69.4,46.0
09-07,60.7,54.9,45.3,37.8,45.8,38.8,44.3,56.7,68.5,,37.8,38.6,44.7,56.0,62.3,68.5,45.8
09-08,60.0,53.9,44.8,38.7,45.4,38.8,44.4,56.1,67.7,,38.7,38.8,44.5,55.2,61.6,67.7,45.4
09-09,61.0,53.4,44.7,38.3,45.4,39.2,43.5,55.6,66.9,,38.3,39.0,44.0,54.7,62.2,66.9,45.4
09-10,60.5,52.9,44.6,38.6,44.7,39.3,37.2,54.9,65.6,,37.2,38.3,41.4,54.1,61.5,65.6,44.7
09-11,61.2,53.3,44.1,39.0,44.3,39.3,42.3,54.3,64.7,,39.0,39.3,43.0,53.9,61.9,64.7,44.3
09-12,61.7,53.0,44.2,38.6,45.3,38.9,42.4,53.8,63.8,,38.6,38.9,43.1,53.5,62.2,63.8,45.3
09-13,63.2,52.9,43.9,38.2,44.6,38.6,42.4,53.6,62.7,,38.2,38.5,43.0,53.3,62.8,63.2,44.6
09-14,66.3,53.5,43.2,37.8,45.2,38.6,42.8,52.6,62.0,,37.8,38.4,43.0,53.2,62.8,66.3,45.2
09-15,72.3,53.3,43.2,37.4,44.8,38.8,43.2,59.2,61.3,,37.4,38.5,43.2,56.8,63.5,72.3,44.8
09-16,73.1,54.2,42.7,37.3,65.5,38.7,43.6,59.4,60.8,,37.3,38.4,43.1,60.2,67.0,73.1,54.2
09-17,73.5,54.4,43.1,37.8,65.1,38.1,43.2,59.7,60.3,,37.8,38.0,43.2,60.0,66.8,73.5,54.4
09-18,72.3,54.0,43.0,37.8,64.2,38.1,43.9,60.0,59.3,,37.8,38.0,43.3,59.7,65.8,72.3,54.0
09-19,72.0,54.0,43.0,37.8,63.9,37.8,44.0,59.7,58.2,,37.8,37.8,43.4,59.1,65.5,72.0,54.0
09-20,70.9,52.7,42.7,38.1,62.7,38.0,42.5,59.8,57.6,,38.0,38.1,42.6,58.9,64.3,70.9,52.7
09-21,70.5,53.2,42.3,38.3,62.7,37.8,42.6,59.7,56.5,,37.8,38.2,42.4,58.4,64.3,70.5,53.2
09-22,69.9,51.6,42.6,39.9,62.3,37.7,37.1,60.4,55.0,,37.1,37.6,41.0,58.2,63.8,69.9,51.6
09-23,68.6,52.2,43.1,55.6,61.8,37.5,34.9,81.8,54.3,,34.9,36.9,46.7,59.3,71.2,81.8,54.3
09-24,68.2,53.4,43.2,57.0,60.8,37.1,43.2,80.7,53.5,,37.1,41.9,47.3,59.3,70.7,80.7,53.5
09-25,67.7,53.9,42.5,65.4,60.6,37.1,43.0,79.6,52.9,,37.1,41.4,47.0,63.5,70.1,79.6,53.9
09-26,66.5,53.7,42.8,81.0,60.7,36.0,43.5,78.8,52.4,,36.0,41.4,47.1,64.2,79.2,81.0,53.7
09-27,66.4,54.1,43.4,82.1,72.7,36.2,43.7,78.0,52.1,,36.2,41.9,47.1,70.2,78.8,82.1,54.1
09-28,64.4,81.1,42.7,81.5,72.8,36.2,43.4,77.1,49.3,,36.2,41.4,45.8,75.4,81.2,81.5,64.4
09-29,65.3,81.2,42.8,80.6,72.8,36.5,43.7,76.3,48.8,,36.5,41.5,45.7,74.9,80.7,81.2,65.3
09-30,79.3,81.2,42.9,79.8,72.6,36.3,33.5,75.9,48.2,,33.5,35.8,45.0,78.0,80.1,81.2,72.6
