date,2008,2009,2010,2011,2012,2013,2014,2015,2016,2017,2018,2019,2020,2021,2022,2023,2024,Min,10%,30%,70%,90%,Max,Median (POR)
10-01,31.1,30.3,31.7,30.4,29.5,28.7,42.5,74.8,47.9,55.7,52.1,26.6,58.0,26.9,28.4,36.9,50.1,26.6,27.7,29.9,45.2,56.8,74.8,31.4
10-02,30.4,30.0,31.4,30.4,31.2,29.4,43.2,73.4,48.7,55.3,53.1,26.4,56.9,27.3,29.1,36.5,50.2,26.4,28.2,30.2,46.0,56.1,73.4,31.3
10-03,30.7,28.7,31.3,30.4,30.6,30.1,42.6,72.5,47.9,56.1,53.2,27.0,56.1,27.2,28.2,36.5,55.8,27.0,27.7,30.2,45.2,56.1,72.5,31.0
10-04,31.5,29.5,31.4,30.4,30.1,28.9,42.6,71.7,49.3,56.0,53.9,28.4,55.8,27.0,28.7,35.8,57.7,27.0,28.5,29.8,46.0,55.9,71.7,31.4
10-05,30.7,26.2,31.8,30.1,30.6,27.7,42.8,71.2,50.5,56.1,54.5,34.6,55.5,27.3,28.1,35.2,60.1,26.2,27.5,30.3,46.7,55.8,71.2,33.2
10-06,31.3,28.5,30.8,30.3,30.3,27.7,42.7,70.3,51.0,56.0,54.4,35.6,55.9,27.3,29.1,35.5,59.6,27.3,28.1,30.3,46.8,56.0,70.3,33.4
10-07,31.0,28.7,31.0,30.4,31.4,24.3,43.5,70.1,54.5,55.4,53.7,34.9,55.3,27.1,28.7,35.0,59.1,24.3,27.9,30.7,48.6,55.3,70.1,33.2
10-08,32.7,25.3,31.4,30.0,30.6,24.7,44.2,69.5,55.5,55.2,53.8,36.3,54.8,26.6,28.6,35.5,58.7,24.7,25.9,30.3,49.0,55.4,69.5,34.1
10-09,51.3,29.6,33.0,29.6,31.5,24.2,44.0,69.1,55.1,55.1,54.1,36.6,54.4,26.7,35.0,34.9,58.2,24.2,28.1,32.3,52.7,55.1,69.1,35.8
10-10,54.8,30.0,33.8,30.8,34.4,24.1,44.9,69.1,54.8,54.6,54.0,36.0,54.7,27.0,37.8,34.0,57.8,24.1,28.5,33.9,54.3,54.8,69.1,36.9
10-11,54.4,30.3,36.4,30.6,44.9,24.9,40.5,68.8,54.6,54.3,53.6,36.6,54.6,26.2,41.4,34.9,57.1,24.9,28.3,35.6,54.0,54.6,68.8,41.0
10-12,54.2,29.3,37.6,31.0,50.7,25.4,47.3,68.1,54.0,54.1,53.4,37.8,53.2,30.1,42.9,34.3,58.1,25.4,29.7,35.9,53.3,54.2,68.1,45.1
10-13,52.3,27.9,38.6,30.8,52.0,25.3,47.6,68.1,53.6,54.0,52.6,42.4,53.2,31.6,45.4,34.4,58.2,25.3,29.3,36.5,52.4,53.8,68.1,46.5
10-14,51.9,31.0,40.8,30.1,52.7,24.8,48.3,68.0,53.3,53.6,52.4,43.6,52.4,33.1,46.5,33.4,58.9,24.8,30.6,37.1,52.4,53.4,68.0,47.4
10-15,53.2,33.7,50.3,30.5,53.4,25.5,49.1,68.2,53.2,55.8,52.1,44.1,52.4,39.0,47.0,34.0,58.9,25.5,32.1,41.5,52.8,54.6,68.2,49.7
10-16,52.0,33.6,51.4,30.4,53.6,24.2,49.0,67.9,52.8,59.8,52.8,44.5,51.8,37.8,48.5,33.7,,24.2,32.0,41.1,52.4,56.7,67.9,50.2
10-17,51.7,34.6,50.6,30.5,54.5,28.6,48.3,67.5,52.8,70.7,52.7,46.2,51.8,37.5,49.7,33.3,,28.6,31.9,41.8,52.3,61.0,70.7,50.2
10-18,50.9,35.8,50.3,30.4,56.5,28.1,47.9,67.9,52.6,73.2,52.5,45.4,52.2,37.3,52.1,33.2,,28.1,31.8,41.4,52.3,62.2,73.2,50.6
10-19,52.6,35.7,50.5,30.8,56.5,27.9,48.2,67.6,53.0,74.4,53.0,46.5,51.4,37.0,54.6,33.2,,27.9,32.0,41.8,53.0,62.0,74.4,51.0
10-20,59.6,33.7,51.3,30.2,56.7,27.5,47.5,67.3,53.5,74.8,53.1,46.2,52.7,36.9,59.8,33.5,,27.5,31.9,41.5,55.1,63.6,74.8,52.0
10-21,58.3,39.3,50.7,30.3,57.3,28.6,47.7,67.0,53.1,74.4,52.7,46.8,52.7,36.3,60.0,32.7,,28.6,31.5,43.0,55.2,63.5,74.4,51.7
10-22,57.4,40.2,50.8,30.2,57.2,28.7,47.7,66.8,52.6,74.1,53.1,47.6,53.2,36.6,60.2,32.5,,28.7,31.3,43.9,55.2,63.5,74.1,51.7
10-23,56.6,39.1,50.0,30.2,57.0,33.1,48.4,66.5,52.5,74.8,53.7,49.6,54.4,36.3,60.4,32.6,,30.2,32.9,43.8,55.5,63.4,74.8,51.2
10-24,57.5,38.2,51.7,30.0,57.0,35.4,48.2,66.2,52.6,75.1,53.7,53.2,55.4,35.7,60.1,32.6,,30.0,34.0,43.2,56.2,63.2,75.1,52.9
10-25,58.9,38.4,53.8,57.2,56.8,36.1,48.3,66.0,52.8,77.8,52.7,54.6,55.0,35.2,63.3,32.5,,32.5,35.6,50.5,57.0,64.7,77.8,54.2
10-26,59.6,37.5,53.1,57.4,56.9,37.6,48.3,66.4,52.9,77.6,52.5,55.7,55.0,35.0,70.2,31.8,,31.8,36.2,50.4,57.1,68.3,77.6,54.1
10-27,59.4,38.2,53.3,58.1,56.7,38.9,48.5,67.6,51.6,76.3,52.8,55.6,55.3,33.9,70.4,31.8,,31.8,36.1,50.0,57.4,69.0,76.3,54.3
10-28,58.7,37.2,53.3,58.1,55.3,40.2,47.8,67.6,52.8,76.2,52.5,55.5,54.9,33.8,70.9,32.5,,32.5,35.5,50.2,56.8,69.3,76.2,54.1
10-29,59.5,37.8,52.7,58.4,55.7,40.9,47.9,67.0,52.1,79.6,52.5,56.1,54.6,34.3,71.5,33.3,,33.3,36.1,50.0,57.2,69.3,79.6,53.6
10-30,61.6,37.1,52.8,59.9,55.7,43.2,48.1,66.5,52.1,77.9,52.0,55.1,54.4,34.3,71.3,33.7,,33.7,35.7,50.1,57.8,68.9,77.9,53.6
10-31,62.8,37.1,52.8,60.2,55.2,44.7,47.8,66.6,52.1,79.3,51.8,55.0,54.4,34.3,71.0,33.7,,33.7,35.7,49.8,57.7,68.8,79.3,53.6
11-01,57.5,37.7,52.4,62.4,54.3,45.0,47.6,66.8,52.6,78.5,51.8,54.7,53.9,33.7,71.6,34.0,,33.7,35.8,49.7,56.1,69.2,78.5,53.2
11-02,61.3,37.8,53.2,63.0,55.1,46.6,48.5,66.7,52.6,76.6,51.9,54.2,54.0,33.3,72.2,33.4,,33.3,35.6,50.2,58.2,69.4,76.6,53.6
11-03,60.9,45.2,53.2,62.9,55.1,47.0,48.7,66.4,54.1,75.9,52.6,55.6,54.0,33.7,72.6,34.5,,33.7,39.8,50.6,58.3,69.5,75.9,54.1
11-04,61.3,45.4,52.7,62.7,54.6,47.1,48.9,66.6,55.5,74.6,56.6,55.5,53.7,33.9,71.4,34.7,,33.9,40.0,50.8,59.0,69.0,74.6,55.0
11-05,58.6,44.7,52.7,63.1,54.2,47.4,48.5,66.2,56.9,74.1,59.0,55.0,53.5,33.5,71.3,35.5,,33.5,40.1,50.6,58.8,68.7,74.1,54.6
11-06,58.0,44.7,53.2,63.0,54.4,47.1,49.6,66.0,56.3,74.0,58.3,55.3,53.8,33.7,70.4,37.9,,33.7,41.3,51.4,58.2,68.2,74.0,54.8
11-07,58.4,44.3,53.1,63.8,54.0,48.4,49.0,66.2,56.4,73.4,58.8,55.6,53.3,34.2,70.3,38.5,,34.2,41.4,51.0,58.6,68.2,73.4,54.8
11-08,58.0,44.8,53.2,64.1,52.9,48.4,48.7,65.5,56.2,73.0,58.5,55.8,53.5,34.6,70.2,41.5,,34.6,43.2,50.8,58.3,67.8,73.0,54.6
11-09,57.3,47.7,52.6,63.4,52.7,47.8,48.8,65.6,56.3,73.1,59.0,55.8,53.5,35.3,70.1,43.9,,35.3,45.8,50.7,58.1,67.9,73.1,54.7
11-10,58.0,46.6,52.5,63.8,51.5,48.5,49.6,65.8,56.0,72.6,58.8,54.9,53.3,34.9,70.9,42.9,,34.9,44.7,50.5,58.4,68.3,72.6,54.1
11-11,56.7,48.7,52.2,63.3,51.3,48.2,50.1,65.7,57.0,72.7,58.9,55.3,53.3,35.6,71.1,43.4,,35.6,45.8,50.7,58.0,68.4,72.7,54.3
11-12,57.2,47.7,51.7,62.7,51.5,48.9,49.6,64.8,57.1,72.1,58.4,55.1,53.4,35.2,71.5,44.5,,35.2,46.1,50.6,57.8,68.1,72.1,54.2
11-13,58.2,48.6,52.0,63.5,51.2,47.7,49.5,64.8,57.0,72.3,59.0,54.7,53.1,36.0,73.4,43.9,,36.0,45.8,50.3,58.6,68.6,73.4,53.9
11-14,57.5,54.6,52.3,62.6,50.8,48.6,49.6,64.5,56.6,72.2,58.3,54.4,53.1,36.3,73.4,43.7,,36.3,46.1,51.5,57.9,68.4,73.4,54.5
11-15,57.0,56.7,51.8,63.2,50.7,48.8,49.5,63.5,56.2,71.8,58.7,53.7,52.8,36.7,73.3,44.0,,36.7,46.4,51.3,57.9,67.7,73.3,54.9
11-16,57.4,56.3,51.6,63.0,50.7,47.5,49.5,63.1,56.8,71.5,59.0,53.9,52.9,36.7,72.5,44.6,,36.7,46.1,51.2,58.2,67.3,72.5,55.1
11-17,56.7,56.2,51.5,64.3,50.5,48.7,50.1,62.9,56.9,70.9,73.7,53.7,52.6,37.1,72.6,42.9,,37.1,45.8,51.0,59.9,71.8,73.7,55.0
11-18,57.2,56.1,51.0,65.3,51.1,49.4,48.8,63.1,55.8,70.7,69.5,53.3,53.0,37.7,72.1,43.0,,37.7,45.9,51.0,60.1,70.1,72.1,54.5
11-19,58.0,55.4,50.9,64.6,51.0,53.1,49.7,63.3,56.5,70.4,68.7,53.6,52.6,44.2,71.0,44.1,,44.1,47.0,51.8,60.7,69.5,71.0,54.5
11-20,58.3,56.5,51.2,64.5,50.8,54.3,49.7,62.3,55.6,70.1,68.2,53.1,52.6,46.0,70.8,43.8,,43.8,47.8,51.9,60.3,69.2,70.8,54.9
11-21,56.8,54.9,49.5,65.0,50.6,55.5,49.2,62.8,57.2,70.0,67.9,52.3,53.0,48.0,70.3,44.1,,44.1,48.6,51.4,60.0,68.9,70.3,55.2
11-22,57.0,54.8,49.2,64.9,51.2,54.8,50.0,62.3,57.6,71.4,72.1,52.6,52.6,48.6,70.0,43.8,,43.8,48.9,51.9,59.9,70.7,72.1,54.8
11-23,51.4,56.1,49.6,64.6,50.5,55.3,50.1,63.0,56.3,71.3,73.5,52.3,53.2,48.4,69.3,44.1,,44.1,49.0,50.9,59.6,70.3,73.5,54.2
11-24,49.2,53.8,49.6,65.4,51.0,55.9,49.8,62.6,57.0,71.5,74.1,52.6,53.0,48.1,69.0,44.1,,44.1,48.6,50.4,59.8,70.3,74.1,53.4
11-25,48.4,53.0,50.0,65.0,51.1,53.1,50.0,62.3,56.0,71.2,73.7,52.9,52.7,47.9,68.7,44.7,,44.7,48.1,50.6,59.1,70.0,73.7,53.0
11-26,48.3,55.6,49.5,65.4,50.6,55.6,50.1,63.1,55.8,71.2,73.0,52.5,52.5,47.9,68.3,44.4,,44.4,48.1,50.3,59.4,69.8,73.0,54.0
11-27,47.6,55.0,49.7,64.9,51.0,55.0,50.1,62.5,56.0,70.8,72.5,52.2,52.4,47.5,67.9,44.7,,44.7,47.5,50.6,59.2,69.3,72.5,53.7
11-28,45.8,52.9,49.0,64.7,51.2,54.6,49.9,62.9,56.5,70.7,73.8,52.9,52.6,47.6,67.5,44.8,,44.8,46.7,50.6,59.7,69.1,73.8,52.9
11-29,46.3,54.7,48.4,65.2,51.1,55.1,50.2,63.1,56.0,70.5,72.8,52.6,52.3,46.9,67.3,44.9,,44.9,46.6,50.7,59.6,68.9,72.8,53.6
11-30,46.9,54.7,48.2,64.8,51.3,54.5,50.1,62.9,56.2,70.6,72.3,52.2,52.2,47.6,67.1,44.4,,44.4,47.2,50.7,59.5,68.9,72.3,53.3
12-01,46.2,52.3,48.5,64.3,50.8,55.6,49.8,63.1,56.2,70.3,71.6,52.3,52.2,47.3,67.0,45.3,,45.3,46.8,50.3,59.7,68.6,71.6,52.3
12-02,45.7,54.6,48.1,65.4,51.0,56.7,50.0,63.2,56.3,70.1,71.1,52.3,52.3,46.9,66.5,45.0,,45.0,46.3,50.5,60.0,68.3,71.1,53.5
12-03,46.8,54.2,48.6,65.2,51.7,59.1,50.0,63.4,55.5,70.6,70.6,52.8,52.3,46.5,66.1,45.4,,45.4,46.6,50.9,61.2,68.3,70.6,53.5
12-04,45.8,52.9,48.1,65.5,51.2,59.1,50.6,63.4,55.4,70.7,70.3,52.9,52.1,46.8,66.0,46.1,,45.8,46.5,50.9,61.2,68.2,70.7,52.9
12-05,46.7,52.0,47.0,64.7,51.7,60.2,50.9,64.0,56.2,70.2,70.0,53.1,51.9,46.6,65.2,47.3,,46.6,46.8,51.3,62.1,67.6,70.2,52.6
12-06,47.1,52.5,45.2,65.2,51.7,63.3,50.2,64.6,55.6,70.8,70.0,52.8,52.1,46.2,64.5,47.0,,45.2,46.6,51.0,63.9,67.6,70.8,52.7
12-07,47.6,53.1,46.3,65.5,51.3,64.7,50.5,64.6,55.6,70.5,69.6,53.2,52.5,45.8,64.2,47.8,,45.8,47.0,50.9,64.4,67.6,70.5,53.2
12-08,47.3,54.2,45.4,65.5,51.1,65.1,50.4,65.5,55.0,70.3,69.5,53.2,52.3,46.2,63.6,47.9,,45.4,46.8,50.8,64.4,67.5,70.3,53.7
12-09,47.0,53.2,46.0,65.9,51.6,65.0,50.4,65.5,56.6,69.9,69.5,53.9,52.7,46.5,63.6,47.7,,46.0,46.7,51.0,64.3,67.7,69.9,53.5
12-10,47.8,53.8,45.9,66.1,51.8,65.3,49.9,65.5,56.9,69.9,69.1,53.5,53.1,46.1,63.6,48.6,,45.9,46.9,50.9,64.4,67.6,69.9,53.6
12-11,47.8,53.0,45.9,66.2,51.5,65.0,50.0,65.2,56.4,69.9,69.0,53.5,53.1,46.1,63.4,48.6,,45.9,46.9,50.8,64.2,67.6,69.9,53.3
12-12,47.4,54.3,45.7,66.3,51.0,66.0,50.3,65.6,57.3,69.5,69.3,53.4,53.4,45.8,63.3,49.2,,45.7,46.6,50.7,64.4,67.8,69.5,53.9
12-13,46.8,54.2,45.8,66.7,51.4,66.1,50.0,65.6,56.8,70.2,68.9,54.2,53.1,45.8,63.5,49.4,,45.8,46.3,50.7,64.6,67.8,70.2,54.2
12-14,47.6,52.9,45.3,67.4,51.3,66.7,49.4,65.8,57.3,70.2,68.7,53.6,53.2,45.8,63.6,49.6,,45.3,46.7,50.4,64.7,68.1,70.2,53.4
12-15,47.0,52.4,45.3,68.3,51.1,65.8,49.5,65.4,57.2,69.9,68.3,53.5,53.2,45.6,63.3,49.6,,45.3,46.3,50.4,64.3,68.3,69.9,53.4
12-16,47.6,52.2,45.2,68.5,51.3,66.3,49.0,65.3,56.7,72.0,68.3,53.9,53.2,45.5,63.4,49.6,,45.2,46.5,50.4,64.3,68.4,72.0,53.5
12-17,47.8,52.4,45.3,68.9,51.6,66.3,49.4,65.9,57.6,72.5,68.7,53.6,53.2,45.2,63.0,50.1,,45.2,46.6,50.8,64.4,68.8,72.5,53.4
12-18,48.1,54.0,45.5,69.4,51.1,66.4,49.0,65.6,57.4,72.4,67.8,53.7,53.4,44.7,63.4,50.6,,44.7,46.8,50.8,64.5,68.6,72.4,53.8
12-19,47.5,51.7,46.2,69.5,50.5,66.3,49.2,65.7,57.1,71.4,67.9,54.1,53.5,44.7,63.4,51.3,,44.7,46.9,50.9,64.5,68.7,71.4,53.8
12-20,47.1,53.9,45.8,69.3,50.9,66.1,48.9,65.3,56.5,71.8,67.3,53.9,53.2,45.2,63.6,51.8,,45.2,46.5,51.3,64.5,68.3,71.8,53.9
12-21,47.4,52.6,45.9,70.2,50.8,65.8,49.2,65.2,57.1,71.3,67.9,53.7,53.6,45.3,63.3,51.5,,45.3,46.7,51.1,64.2,69.1,71.3,53.6
12-22,47.9,52.6,45.3,70.1,50.7,66.5,48.6,65.4,57.2,71.5,68.2,54.3,53.5,44.9,63.4,52.5,,44.9,46.6,51.6,64.4,69.2,71.5,53.9
12-23,48.3,52.4,45.8,70.2,51.0,66.2,49.0,66.0,57.5,70.8,67.8,54.3,53.9,45.0,63.3,52.1,,45.0,47.0,51.6,64.6,69.0,70.8,54.1
12-24,47.4,52.9,46.1,70.2,50.9,66.2,49.2,65.5,56.9,71.1,67.6,54.1,53.8,45.1,63.4,52.6,,45.1,46.8,51.8,64.5,68.9,71.1,54.0
12-25,48.0,51.8,45.3,70.4,50.5,66.3,49.3,65.2,56.9,71.1,67.6,54.3,53.6,45.1,63.2,52.7,,45.1,46.7,51.1,64.2,69.0,71.1,54.0
12-26,48.0,51.5,46.2,70.3,50.4,65.9,48.9,66.2,57.2,71.1,67.9,54.0,53.8,45.1,63.6,53.3,,45.1,47.1,51.0,64.7,69.1,71.1,53.9
12-27,48.3,52.9,45.9,70.5,50.3,65.5,49.1,66.5,58.7,70.8,67.2,54.4,54.0,44.8,63.5,52.2,,44.8,47.1,51.2,64.5,68.9,70.8,54.2
12-28,48.2,52.4,45.2,70.4,51.1,66.4,48.9,67.2,58.3,71.5,67.7,54.3,53.9,45.2,63.9,55.4,,45.2,46.7,51.8,65.1,69.1,71.5,54.8
12-29,48.2,53.2,44.9,70.7,50.4,66.2,49.5,67.0,57.5,71.1,67.7,54.2,53.9,45.4,63.9,54.0,,44.9,46.8,51.8,65.1,69.2,71.1,54.1
12-30,48.8,53.5,45.7,69.5,50.4,66.3,49.2,67.3,57.9,71.3,67.1,54.1,54.4,46.0,64.6,54.6,,45.7,47.4,51.9,65.4,68.4,71.3,54.5
12-31,48.3,51.6,45.3,70.7,50.5,66.5,49.1,68.0,58.0,71.4,67.1,54.6,54.3,45.3,64.5,53.7,,45.3,46.8,51.1,65.5,69.3,71.4,54.5
01-01,48.6,53.5,45.0,70.1,49.0,65.6,49.5,68.1,58.0,71.3,67.7,54.7,54.4,45.0,64.5,53.8,,45.0,46.8,51.5,65.1,69.1,71.3,54.6
01-02,48.3,53.9,45.3,70.8,50.8,66.3,49.3,67.2,59.1,70.8,67.7,54.3,54.6,46.6,64.4,55.1,,45.3,47.5,52.3,65.4,69.2,70.8,54.9
01-03,48.8,52.8,45.9,70.6,50.5,66.7,49.8,67.5,58.8,71.5,67.9,54.5,54.7,45.1,65.1,55.0,,45.1,47.3,51.7,65.9,69.2,71.5,54.8
01-04,48.3,53.4,45.1,70.7,50.9,66.3,49.6,67.5,58.7,71.2,67.2,54.7,54.7,46.4,64.7,54.5,,45.1,47.3,52.2,65.5,69.1,71.2,54.7
01-05,48.9,52.0,42.3,70.8,50.4,67.0,49.5,67.8,57.9,70.9,67.7,53.8,54.5,45.4,65.2,54.2,,42.3,47.1,51.2,66.1,69.3,70.9,54.3
01-06,48.4,54.2,45.9,72.7,50.9,66.6,49.7,67.2,59.0,71.0,67.8,54.1,54.7,44.7,64.7,55.3,,44.7,47.1,52.5,65.7,69.4,72.7,55.0
01-07,48.7,54.4,45.7,70.8,51.1,66.5,49.6,67.8,58.9,71.4,67.3,54.2,54.6,45.1,65.5,55.3,,45.1,47.2,52.7,66.0,69.3,71.4,55.0
01-08,48.6,54.4,45.4,70.6,50.4,66.9,49.5,67.4,58.5,71.4,67.2,54.0,54.9,45.5,65.6,55.2,,45.4,47.1,52.2,66.3,69.0,71.4,55.1
01-09,48.9,53.7,46.2,70.5,50.5,66.8,50.3,68.0,58.4,71.0,67.2,54.5,55.1,45.7,65.9,55.3,,45.7,47.6,52.1,66.3,69.2,71.0,55.2
01-10,48.9,53.4,46.2,70.5,50.3,67.0,49.6,67.9,57.6,71.5,67.6,54.7,54.9,45.5,66.2,56.2,,45.5,47.5,51.9,66.6,69.2,71.5,55.5
01-11,49.0,53.7,45.9,70.5,50.7,67.2,49.5,67.9,58.0,71.9,69.9,54.5,55.0,45.2,66.0,56.1,,45.2,47.5,52.2,66.6,70.2,71.9,55.6
01-12,49.3,54.2,46.0,70.4,50.5,67.0,49.8,68.3,58.6,71.7,69.3,54.9,54.8,45.5,66.4,56.4,,45.5,47.6,52.4,66.7,69.9,71.7,55.6
01-13,48.8,52.1,46.5,70.2,53.4,67.3,49.8,68.2,58.8,71.7,69.4,54.8,54.9,45.6,66.3,56.4,,45.6,47.6,52.8,66.8,69.8,71.7,55.7
01-14,48.4,52.3,46.6,70.1,50.4,67.5,50.0,67.9,58.1,71.5,69.5,54.9,55.3,45.9,66.7,55.9,,45.9,47.5,51.4,67.1,69.8,71.5,55.6
01-15,49.3,52.4,46.3,70.1,50.4,67.2,50.3,68.3,58.4,71.8,69.4,54.8,55.6,45.5,66.4,57.1,,45.5,47.8,51.4,66.8,69.7,71.8,56.3
01-16,49.2,53.3,46.4,70.3,50.2,65.4,50.3,68.1,57.4,71.7,69.7,55.0,55.5,45.9,66.7,57.0,,45.9,47.8,51.8,66.0,70.0,71.7,56.3
01-17,49.4,53.9,46.5,71.4,50.1,66.8,49.7,68.5,58.8,71.7,69.7,54.5,55.4,45.5,66.5,56.6,,45.5,48.0,52.0,66.6,70.6,71.7,56.0
01-18,49.5,53.6,45.6,72.5,50.7,67.2,50.1,68.4,57.6,71.5,69.6,55.1,55.7,46.2,66.6,56.9,,45.6,47.9,52.1,66.9,70.5,72.5,56.3
01-19,49.7,52.3,46.3,72.0,50.4,67.0,50.0,68.7,58.6,72.0,69.3,54.8,55.6,46.0,66.7,57.2,,46.0,48.0,51.4,66.8,70.6,72.0,56.4
01-20,49.4,54.1,46.2,71.6,49.7,66.9,50.6,67.9,58.5,72.4,69.2,55.2,55.6,43.7,66.6,57.7,,43.7,47.8,52.4,66.8,70.4,72.4,56.6
01-21,49.6,54.4,46.5,71.9,49.7,65.3,50.4,68.5,59.0,72.0,69.5,55.1,55.7,46.4,66.7,57.0,,46.4,48.1,52.4,66.0,70.7,72.0,56.3
01-22,49.5,53.8,46.9,72.0,50.3,66.5,50.6,68.9,58.4,71.7,70.0,55.2,55.6,45.9,66.5,57.3,,45.9,48.2,52.2,66.5,70.9,72.0,56.5
01-23,49.4,52.6,46.4,71.6,49.9,65.8,50.7,68.7,57.9,72.3,69.4,55.5,55.7,45.7,67.0,57.2,,45.7,47.9,51.7,66.4,70.5,72.3,56.4
01-24,49.2,52.5,47.2,71.4,51.0,65.7,50.5,68.6,58.5,72.0,69.8,55.5,56.0,46.3,67.2,57.5,,46.3,48.2,51.7,66.4,70.6,72.0,56.7
01-25,49.8,52.2,48.0,71.7,50.1,65.8,50.6,68.8,58.0,72.0,69.1,55.7,56.3,45.9,67.0,57.2,,45.9,48.9,51.4,66.4,70.4,72.0,56.7
01-26,49.9,54.5,47.0,71.8,50.0,65.7,50.5,68.4,58.2,72.4,69.6,55.9,56.3,46.0,67.1,57.9,,46.0,48.4,52.5,66.4,70.7,72.4,57.1
01-27,49.8,54.0,47.8,71.7,50.1,65.8,50.7,68.3,58.9,71.6,69.4,55.9,56.5,46.1,67.2,57.0,,46.1,48.8,52.4,66.5,70.5,71.7,56.8
01-28,49.6,53.5,47.4,71.8,50.0,66.4,50.5,68.3,59.4,72.3,69.2,55.5,57.2,46.5,66.8,57.4,,46.5,48.5,52.0,66.6,70.5,72.3,57.3
01-29,50.2,54.2,48.3,71.7,50.1,66.2,50.9,68.4,59.6,72.6,69.7,55.8,57.7,46.7,66.8,57.1,,46.7,49.2,52.6,66.5,70.7,72.6,57.4
01-30,50.1,54.7,48.6,71.6,49.9,66.0,50.5,69.2,58.7,72.5,68.9,56.1,57.7,46.1,67.0,57.9,,46.1,49.2,52.6,66.5,70.4,72.5,57.8
01-31,49.7,55.1,47.8,71.4,50.8,66.1,50.7,69.1,58.9,72.2,69.6,56.1,57.6,46.6,66.8,58.0,,46.6,48.8,52.9,66.4,70.5,72.2,57.8
02-01,49.7,53.2,47.5,69.9,49.3,65.4,50.9,68.9,58.5,72.5,68.9,56.2,58.4,47.1,66.9,57.1,,47.1,48.4,52.0,66.1,69.4,72.5,57.8
02-02,49.4,53.1,47.9,71.5,50.1,66.3,50.8,69.1,58.7,72.4,69.7,56.3,58.7,46.6,66.5,57.5,,46.6,48.7,52.0,66.4,70.6,72.4,58.1
02-03,50.0,53.0,47.7,71.6,50.0,66.9,50.9,69.0,58.5,72.4,69.8,56.1,59.0,47.1,66.7,57.3,,47.1,48.8,52.0,66.8,70.7,72.4,57.9
02-04,49.5,55.5,48.9,71.6,50.5,66.5,51.2,72.8,58.7,72.8,70.7,56.2,58.8,47.0,66.5,57.8,,47.0,49.2,53.3,66.5,72.2,72.8,58.2
02-05,50.9,54.7,48.4,71.2,50.0,66.6,50.8,72.4,60.1,72.8,71.5,56.1,58.6,47.2,66.5,57.8,,47.2,49.2,52.8,66.6,72.0,72.8,58.2
02-06,50.1,55.3,48.1,71.4,50.4,66.6,50.7,71.8,59.7,72.0,70.9,56.1,58.7,47.7,66.0,58.2,,47.7,49.1,53.0,66.3,71.6,72.0,58.5
02-07,50.3,54.6,48.0,71.7,50.6,66.7,51.3,71.9,58.9,72.6,71.2,56.2,58.9,47.5,66.2,57.7,,47.5,49.1,53.0,66.4,71.8,72.6,58.3
02-08,50.2,53.3,48.4,71.6,50.4,66.6,51.0,72.6,59.9,72.8,70.7,56.4,59.0,46.9,66.3,57.3,,46.9,49.3,52.1,66.5,72.1,72.8,58.1
02-09,50.5,53.8,48.8,70.1,50.5,67.1,51.0,71.0,59.8,72.8,71.1,56.6,59.4,47.5,66.1,58.1,,47.5,49.6,52.4,66.6,71.0,72.8,58.7
02-10,50.0,55.9,49.1,71.1,50.7,66.6,51.2,72.6,59.6,74.6,71.3,56.9,59.5,49.4,65.9,57.4,,49.1,49.7,53.5,66.2,71.9,74.6,58.5
02-11,49.8,53.9,48.8,71.2,50.8,66.9,51.4,72.3,60.0,75.8,71.2,56.5,59.0,47.4,65.7,58.6,,47.4,49.3,52.6,66.3,71.8,75.8,58.8
02-12,50.2,53.6,49.3,71.1,50.1,66.8,51.6,72.0,60.3,75.6,71.2,57.0,59.3,47.5,65.7,57.6,,47.5,49.7,52.6,66.3,71.6,75.6,58.4
02-13,50.2,55.3,48.8,71.4,50.8,66.6,52.0,72.1,59.7,74.8,70.7,57.0,59.2,47.5,65.6,57.7,,47.5,49.5,53.7,66.1,71.8,74.8,58.5
02-14,50.7,55.7,49.4,71.2,51.2,67.0,52.0,72.2,59.9,74.7,70.1,56.7,59.7,48.3,65.3,58.2,,48.3,50.1,53.8,66.1,71.7,74.7,58.9
02-15,50.2,55.5,49.0,71.2,50.7,67.0,53.0,72.2,58.9,74.7,70.5,56.8,59.7,48.0,65.6,58.4,,48.0,49.6,54.2,66.3,71.7,74.7,58.6
02-16,50.7,55.5,49.4,71.1,50.9,67.0,55.3,72.3,60.6,74.9,70.2,56.9,59.3,48.6,65.4,58.5,,48.6,50.1,55.4,66.2,71.7,74.9,58.9
02-17,51.1,55.6,48.8,70.9,50.7,66.5,56.1,72.4,61.6,74.2,70.5,56.7,59.9,48.3,65.5,58.6,,48.3,49.8,55.8,66.0,71.6,74.2,59.3
02-18,50.8,56.0,49.2,71.1,51.0,66.7,55.6,72.0,61.5,74.7,70.3,57.2,59.4,47.9,65.2,58.6,,47.9,50.0,55.8,66.0,71.5,74.7,59.0
02-19,50.9,55.7,49.5,71.1,50.7,66.8,55.9,72.1,62.3,74.5,69.8,57.0,59.7,48.5,65.2,58.7,,48.5,50.1,55.8,66.0,71.6,74.5,59.2
02-20,51.0,56.1,48.6,70.6,50.9,66.8,56.0,71.7,63.2,74.5,70.3,57.3,60.3,48.2,65.3,59.4,,48.2,49.8,56.0,66.1,71.2,74.5,59.9
02-21,50.4,53.9,49.8,70.7,50.4,66.7,56.0,71.6,63.4,74.8,69.6,57.3,59.9,48.2,65.1,58.8,,48.2,50.1,54.9,65.9,71.1,74.8,59.3
02-22,50.1,55.8,50.2,71.2,50.8,67.0,56.2,71.5,63.2,74.3,70.3,57.2,59.6,49.2,65.7,59.3,,49.2,50.1,56.0,66.3,71.3,74.3,59.5
02-23,50.5,54.1,48.9,71.0,51.4,66.9,56.5,71.8,63.1,74.8,70.3,57.5,59.6,49.0,65.5,59.0,,48.9,49.8,55.3,66.2,71.4,74.8,59.3
02-24,50.7,53.3,49.5,70.9,51.3,66.6,55.9,71.5,63.7,74.6,69.6,57.9,59.5,49.3,65.6,59.5,,49.3,50.1,54.6,66.1,71.2,74.6,59.5
02-25,51.1,54.3,49.5,70.9,51.0,66.2,56.4,71.4,63.1,74.7,70.4,57.8,59.5,48.7,65.4,59.9,,48.7,50.2,55.4,65.8,71.1,74.7,59.7
02-26,50.9,56.1,49.1,70.4,50.9,66.8,56.9,71.4,63.2,74.7,70.2,57.6,60.2,48.7,65.6,59.7,,48.7,50.0,56.5,66.2,70.9,74.7,60.0
02-27,50.9,55.0,49.0,70.9,51.7,66.9,56.5,71.1,63.7,74.3,69.5,58.3,59.1,49.0,65.5,59.8,,49.0,49.9,55.7,66.2,71.0,74.3,59.5
02-28,50.8,56.9,48.9,70.9,51.3,66.8,57.4,71.2,62.8,74.5,69.6,58.5,60.1,49.0,65.4,59.8,,48.9,49.9,57.1,66.1,71.1,74.5,59.9
02-29,50.9,,,,51.1,,,,62.5,,,,60.1,,,,,48.9,49.9,57.1,66.1,71.1,74.5,59.9
03-01,51.2,56.4,49.3,70.6,50.5,65.6,56.9,71.1,62.8,74.5,70.0,59.4,60.1,49.2,65.1,59.9,,49.2,49.9,56.7,65.4,70.8,74.5,60.0
03-02,51.1,56.3,49.7,71.0,51.0,66.6,57.5,71.2,62.9,74.6,70.0,59.5,60.1,49.3,64.9,59.6,,49.3,50.4,56.9,65.8,71.1,74.6,59.8
03-03,51.0,54.8,49.6,71.3,51.9,67.0,57.5,71.0,63.8,74.5,70.1,59.6,60.3,49.5,65.3,59.7,,49.5,50.3,56.2,66.1,71.2,74.5,60.0
03-04,51.2,56.1,50.2,70.8,51.7,66.3,57.6,71.2,63.8,74.0,70.1,59.7,59.7,49.9,66.2,59.5,,49.9,50.7,56.8,66.2,71.0,74.0,59.7
03-05,51.5,54.8,50.4,70.8,51.9,67.1,58.3,71.0,65.0,74.5,70.3,60.0,60.2,50.1,65.9,59.9,,50.1,50.9,56.5,66.5,70.9,74.5,60.1
03-06,49.9,56.4,50.5,71.2,52.3,66.5,58.3,70.9,65.2,74.1,69.9,59.9,60.4,50.5,66.0,60.3,,49.9,50.5,57.3,66.2,71.1,74.1,60.3
03-07,51.6,56.2,50.2,70.8,52.3,67.2,58.9,70.8,66.3,74.7,70.6,60.4,60.4,51.4,66.2,59.9,,50.2,51.5,57.6,66.8,70.8,74.7,60.4
03-08,51.3,55.9,50.3,70.8,51.5,66.7,59.1,71.0,66.2,74.6,70.0,60.7,60.8,51.3,66.2,60.5,,50.3,51.3,57.5,66.5,70.9,74.6,60.7
03-09,51.6,57.1,50.0,71.1,51.6,67.0,58.7,71.8,66.7,74.1,69.9,60.5,60.6,51.5,66.1,60.0,,50.0,51.6,57.9,66.8,71.5,74.1,60.6
03-10,51.5,55.2,50.1,70.6,51.7,67.4,59.0,72.5,66.0,74.7,69.7,60.9,61.2,52.5,66.3,60.5,,50.1,51.6,57.1,66.9,71.6,74.7,61.1
03-11,51.6,54.8,50.9,71.1,52.7,67.2,59.5,72.5,65.8,74.5,69.9,61.2,60.9,52.1,66.5,59.9,,50.9,51.8,57.1,66.9,71.8,74.5,61.0
03-12,51.4,54.6,50.2,71.0,52.4,68.0,59.5,72.7,66.7,74.7,70.1,60.7,60.8,52.3,66.6,60.4,,50.2,51.8,57.1,67.4,71.8,74.7,60.7
03-13,51.8,55.1,51.0,69.7,52.7,67.5,59.6,73.0,66.7,74.8,70.7,61.4,60.9,52.5,68.0,60.7,,51.0,52.1,57.4,67.8,71.9,74.8,61.1
03-14,51.7,56.8,51.1,71.5,54.6,68.4,60.0,73.7,66.6,75.0,71.3,61.0,61.1,52.0,67.0,60.9,,51.1,51.9,58.4,67.7,72.6,75.0,61.1
03-15,52.5,56.4,50.6,71.8,55.9,70.1,59.9,74.1,66.8,75.7,72.4,61.0,61.6,53.3,66.7,60.9,,50.6,52.9,58.2,68.5,73.3,75.7,61.3
03-16,52.2,56.6,51.1,71.6,57.0,71.2,60.0,74.9,67.1,75.8,72.6,60.8,61.8,53.8,67.5,60.4,,51.1,53.0,58.5,69.4,73.8,75.8,61.3
03-17,52.6,54.7,51.2,72.9,56.9,71.7,60.1,77.7,67.3,77.0,72.4,61.4,61.3,53.8,67.7,60.9,,51.2,53.2,58.5,69.7,74.9,77.7,61.4
03-18,51.9,56.0,52.5,73.1,58.0,70.9,59.9,78.7,67.0,77.0,72.8,61.9,63.0,54.1,67.5,61.1,,51.9,53.3,58.9,69.2,75.0,78.7,62.4
03-19,52.3,57.6,51.8,72.9,58.5,70.5,60.7,78.2,66.7,77.7,73.1,61.7,63.3,55.6,67.7,60.6,,51.8,53.9,59.6,69.1,75.4,78.2,62.5
03-20,52.8,56.2,52.9,72.7,58.1,70.4,60.3,78.1,67.1,77.9,72.8,61.7,63.0,55.9,67.2,61.4,,52.8,54.4,59.2,68.8,75.3,78.1,62.4
03-21,52.8,59.5,51.8,72.5,58.5,69.9,60.5,78.3,67.2,78.2,72.5,62.3,62.3,56.7,67.2,61.8,,51.8,54.8,60.0,68.6,75.3,78.3,62.3
03-22,53.6,61.8,51.8,72.7,58.5,70.3,61.3,78.7,66.9,78.3,73.3,62.2,63.1,56.7,67.4,61.8,,51.8,55.2,61.6,68.8,75.8,78.7,62.7
03-23,52.6,62.5,52.6,72.3,59.2,69.8,61.6,78.3,67.2,80.9,79.3,62.9,63.4,56.6,68.0,61.6,,52.6,54.6,61.6,68.9,78.8,80.9,63.1
03-24,53.4,64.1,53.0,72.4,59.7,69.8,61.3,78.0,67.0,79.4,77.7,62.8,62.8,56.2,68.4,61.7,,53.0,54.8,61.5,69.1,77.8,79.4,63.5
03-25,53.5,62.1,52.3,72.6,62.8,69.9,62.1,77.8,66.9,79.1,76.6,62.9,63.2,56.6,68.9,62.1,,52.3,55.1,62.1,69.4,77.2,79.1,63.1
03-26,53.7,63.6,52.1,72.5,64.1,69.9,61.9,77.8,67.1,78.6,76.5,62.7,63.1,57.2,70.8,61.9,,52.1,55.4,62.3,70.3,77.2,78.6,63.8
03-27,54.1,61.4,52.5,72.7,63.9,69.7,62.2,77.6,67.1,78.2,76.2,63.6,62.8,57.4,72.4,62.5,,52.5,55.7,62.3,71.0,76.9,78.2,63.7
03-28,54.2,61.6,52.8,72.7,64.3,70.9,61.7,78.5,67.1,77.7,75.7,63.5,63.3,57.6,74.8,62.1,,52.8,55.9,61.9,71.8,76.7,78.5,63.9
03-29,55.0,61.4,54.3,72.7,65.1,71.8,61.5,79.8,67.5,77.8,76.1,63.6,63.5,59.1,75.6,62.9,,54.3,57.0,62.2,72.3,76.9,79.8,64.4
03-30,55.5,63.6,54.8,72.6,65.7,72.8,62.1,79.5,67.6,77.7,76.2,63.9,64.0,59.6,76.5,62.8,,54.8,57.5,63.2,72.7,77.1,79.5,64.8
03-31,56.8,61.4,56.4,72.4,69.2,74.3,61.9,80.3,71.3,77.9,76.3,63.7,64.7,59.9,76.6,62.2,,56.4,58.4,62.1,73.4,77.2,80.3,67.0
04-01,56.4,64.3,55.0,74.0,73.5,74.6,62.3,81.0,71.6,81.0,77.3,64.0,65.6,60.3,76.1,63.2,,55.0,58.3,63.6,74.3,79.2,81.0,68.6
04-02,56.3,63.2,56.3,74.5,73.4,74.1,62.3,79.1,67.2,81.9,79.1,64.3,65.5,61.6,75.6,63.0,,56.3,59.0,63.1,74.3,79.1,81.9,66.4
04-03,53.0,62.6,56.2,75.2,72.7,76.8,62.4,78.3,68.3,81.6,78.1,64.3,66.1,68.0,77.2,62.8,,53.0,59.3,63.6,76.0,78.2,81.6,68.1
04-04,57.8,64.3,55.3,75.1,73.7,77.8,62.5,77.7,67.6,79.8,77.3,65.2,66.3,73.1,78.3,63.3,,55.3,60.2,64.7,76.2,78.0,79.8,70.3
04-05,56.3,63.8,55.6,74.5,74.6,78.2,62.2,77.8,68.3,78.3,76.8,64.6,66.1,74.4,77.2,63.0,,55.6,59.3,64.2,75.7,78.0,78.3,71.3
04-06,56.7,62.8,55.9,74.5,74.3,78.3,62.7,79.7,68.4,77.8,78.5,65.9,66.4,75.1,76.8,63.3,,55.9,59.7,64.6,76.0,78.4,79.7,71.3
04-07,56.7,64.1,56.4,74.5,74.2,78.0,62.7,79.5,70.0,78.0,79.7,66.2,67.6,72.7,76.3,63.5,,56.4,59.7,65.2,75.4,78.8,79.7,71.4
04-08,57.8,63.7,56.8,74.6,74.3,77.2,62.9,78.8,70.3,81.3,81.1,66.9,71.5,74.4,78.0,63.2,,56.8,60.3,65.3,75.9,79.9,81.3,72.9
04-09,57.3,62.3,57.8,74.5,76.6,76.7,63.5,78.4,73.2,82.8,79.1,69.0,74.1,76.1,80.4,63.3,,57.3,60.0,66.2,76.6,79.7,82.8,74.3
04-10,57.4,64.2,58.6,74.3,77.8,75.9,65.5,78.4,76.6,80.8,78.5,72.2,74.6,76.4,80.2,63.6,,57.4,61.1,68.8,77.2,79.4,80.8,75.2
04-11,58.1,62.6,57.9,74.2,78.3,76.2,66.6,80.3,78.7,79.0,79.0,73.3,74.9,77.5,78.5,64.0,,57.9,60.3,69.9,78.4,79.0,80.3,75.5
04-12,56.9,62.7,58.7,75.0,79.3,76.0,68.2,80.2,78.8,79.0,80.3,73.1,75.5,77.4,77.4,64.5,,56.9,60.7,70.7,78.1,79.8,80.3,75.7
04-13,57.4,64.7,59.3,75.1,77.9,77.0,70.9,79.4,78.5,84.4,78.9,73.3,74.6,77.2,76.4,67.4,,57.4,62.0,72.1,77.5,79.1,84.4,75.8
04-14,57.7,63.8,58.7,75.1,77.4,76.4,72.0,80.6,79.1,86.5,78.0,72.5,74.2,76.7,75.9,66.9,,57.7,61.2,72.2,77.1,79.9,86.5,75.5
04-15,58.7,65.2,58.4,75.2,77.0,75.6,71.9,80.4,78.1,84.0,78.1,73.4,74.1,75.9,75.3,67.1,,58.4,62.0,72.6,76.4,79.3,84.0,75.2
04-16,57.4,62.7,60.1,74.8,78.1,75.4,72.5,78.5,77.2,82.2,79.2,74.6,73.7,75.5,75.7,67.1,,57.4,61.4,73.1,76.4,78.8,82.2,75.1
04-17,59.2,63.2,61.9,76.0,78.2,75.1,74.3,78.3,76.9,84.6,80.5,75.2,73.0,75.1,76.4,67.8,,59.2,62.6,73.7,76.7,79.4,84.6,75.1
04-18,58.9,64.7,63.7,77.7,79.0,74.9,76.5,80.8,77.5,86.7,78.9,74.8,73.7,75.7,77.1,67.8,,58.9,64.2,74.3,77.6,79.9,86.7,76.1
04-19,59.3,63.2,65.8,77.1,79.3,74.3,77.1,80.7,77.5,88.4,78.6,76.2,76.4,77.6,78.5,69.2,,59.3,64.5,75.3,78.0,80.0,88.4,77.1
04-20,61.1,63.4,73.4,76.3,78.9,74.5,77.1,80.9,79.0,88.1,79.9,77.7,76.0,76.7,78.1,70.4,,61.1,66.9,75.2,78.5,80.4,88.1,76.9
04-21,62.4,64.0,76.1,75.8,80.6,74.9,77.6,81.6,80.3,84.6,80.6,79.6,78.0,77.2,78.1,70.6,,62.4,67.3,75.9,79.9,81.1,84.6,77.8
04-22,63.2,64.2,77.1,75.6,83.0,75.3,77.9,81.5,81.4,83.5,81.1,79.5,78.7,78.7,78.8,70.4,,63.2,67.3,76.3,80.3,82.2,83.5,78.7
04-23,63.1,66.0,74.7,75.6,83.6,75.3,78.6,82.1,82.6,85.4,81.7,78.4,79.2,79.6,77.9,70.1,,63.1,68.1,75.5,80.6,83.1,85.4,78.5
04-24,64.0,65.2,75.8,75.6,83.8,75.6,77.2,81.3,82.3,85.3,82.4,79.5,78.4,79.6,77.6,70.3,,64.0,67.8,75.7,80.4,83.1,85.3,78.0
04-25,64.4,66.7,77.1,75.5,84.1,76.1,79.2,81.7,80.0,84.0,82.5,80.2,81.4,79.6,77.5,70.2,,64.4,68.5,76.6,80.8,83.3,84.1,79.4
04-26,64.7,70.4,76.9,76.0,83.8,77.9,79.8,81.2,79.6,82.8,83.1,81.3,82.9,79.3,78.8,70.8,,64.7,70.6,77.4,81.3,83.0,83.8,79.5
04-27,64.5,70.6,77.4,75.7,84.0,81.6,80.4,80.3,80.9,81.9,83.8,82.5,83.9,78.1,79.7,70.9,,64.5,70.7,77.7,81.7,83.8,84.0,80.3
04-28,65.6,72.7,78.2,75.6,81.4,79.7,78.7,80.6,81.6,81.8,84.4,83.5,84.3,78.9,80.9,72.7,,65.6,72.7,78.5,81.5,83.9,84.4,80.1
04-29,66.9,75.2,76.6,76.1,80.6,79.9,78.5,80.6,80.4,80.9,84.7,83.0,84.7,80.3,81.0,73.9,,66.9,74.5,77.6,80.7,83.8,84.7,80.4
04-30,74.7,76.4,77.0,76.5,80.5,80.2,77.7,81.4,79.6,80.2,83.6,80.7,86.0,81.1,79.2,74.6,,74.6,75.5,77.4,80.6,82.5,86.0,79.9
05-01,70.8,76.6,77.0,76.5,81.2,80.0,79.0,82.4,80.4,80.3,82.1,79.2,86.7,81.2,79.9,74.9,,70.8,75.7,78.0,80.8,82.3,86.7,80.0
05-02,73.6,77.6,77.4,76.2,83.1,79.1,81.2,81.9,81.2,83.1,82.4,79.1,86.0,81.1,80.5,75.5,,73.6,75.8,78.3,81.6,83.1,86.0,80.8
05-03,73.5,82.2,77.2,77.3,83.0,79.7,82.6,81.7,82.4,84.0,82.4,80.6,86.1,80.3,80.8,75.2,,73.5,76.2,80.0,82.4,83.5,86.1,81.2
05-04,75.5,83.1,78.7,77.6,82.5,80.1,83.4,81.6,83.3,84.1,83.1,82.7,85.7,79.0,79.2,76.5,,75.5,77.1,79.1,83.1,83.7,85.7,82.1
05-05,76.4,82.8,78.8,78.3,82.5,80.6,83.5,79.8,83.8,84.4,83.7,83.9,85.3,79.9,79.7,77.9,,76.4,78.1,79.7,83.6,84.1,85.3,81.6
05-06,77.9,83.4,77.8,80.4,81.7,80.5,83.6,80.3,83.8,85.1,84.0,84.8,85.9,80.2,80.8,78.2,,77.8,78.1,80.4,83.7,84.9,85.9,81.3
05-07,78.4,83.5,77.0,82.9,80.9,82.4,83.4,80.8,85.7,85.2,85.0,84.8,87.1,81.6,82.2,77.0,,77.0,77.7,81.3,84.2,85.4,87.1,82.6
05-08,80.4,83.7,78.0,85.6,81.7,82.8,81.9,83.3,83.8,86.8,84.2,83.6,85.4,82.7,82.3,77.5,,77.5,79.2,82.1,83.7,85.5,86.8,83.0
05-09,81.2,84.3,78.3,85.5,81.4,82.9,82.4,81.7,85.4,86.2,84.0,84.0,86.0,81.0,80.6,78.5,,78.3,79.5,81.3,84.2,85.7,86.2,82.6
05-10,78.9,84.2,81.1,84.1,82.4,83.1,82.7,82.5,85.8,87.5,83.6,82.0,86.0,79.7,79.2,82.5,,78.9,79.5,82.2,83.8,85.9,87.5,82.6
05-11,80.6,85.1,82.7,85.4,81.7,83.1,82.7,82.6,82.4,87.4,83.2,82.9,85.9,78.8,78.9,82.9,,78.8,79.8,82.5,83.1,85.6,87.4,82.8
05-12,83.7,86.3,81.2,86.4,78.6,83.6,81.8,82.0,82.5,88.7,82.4,84.3,87.3,78.3,81.7,84.5,,78.3,79.9,81.9,84.4,86.8,88.7,83.1
05-13,82.8,86.3,80.7,87.4,81.0,83.4,81.1,81.3,83.9,88.6,83.2,85.1,86.1,79.0,81.0,84.1,,79.0,80.8,81.2,84.6,86.9,88.6,83.3
05-14,84.8,86.4,80.3,88.0,81.0,82.6,82.1,81.6,84.3,88.2,83.8,85.6,83.3,80.0,81.2,85.2,,80.0,80.6,81.9,85.0,87.2,88.2,83.6
05-15,83.6,87.6,81.8,88.4,80.4,82.1,83.0,81.7,84.2,87.4,83.3,86.3,82.9,80.2,81.7,85.8,,80.2,81.0,82.0,85.0,87.5,88.4,83.2
05-16,86.4,88.9,83.4,89.0,80.0,82.4,85.0,80.8,84.2,88.3,84.2,85.5,82.4,80.0,83.0,87.7,,80.0,80.4,82.7,86.0,88.6,89.0,84.2
05-17,87.0,90.0,83.7,88.1,78.8,80.0,84.9,82.8,84.5,87.7,84.5,85.7,83.1,80.1,83.1,89.1,,78.8,80.1,83.1,86.4,88.6,90.0,84.5
05-18,87.5,90.3,83.7,87.4,78.2,81.5,84.7,81.8,82.6,85.3,84.0,84.0,82.9,79.8,82.5,89.4,,78.2,80.7,82.6,85.0,88.4,90.3,83.8
05-19,88.1,90.8,83.9,88.1,77.6,81.3,84.3,84.9,82.9,83.7,84.2,82.7,84.2,79.7,81.9,89.2,,77.6,80.5,82.8,84.6,88.6,90.8,84.0
05-20,88.0,93.1,84.2,87.9,77.0,79.8,83.9,85.8,87.1,82.9,84.1,82.3,84.0,78.7,79.9,88.2,,77.0,79.2,82.6,86.4,88.1,93.1,84.0
05-21,88.0,94.2,84.1,87.1,76.2,80.2,84.0,85.0,87.9,83.4,83.6,81.7,82.3,78.5,78.3,87.2,,76.2,78.4,82.0,86.1,87.9,94.2,83.8
05-22,86.4,93.9,83.8,86.1,76.2,80.5,83.2,84.5,86.9,84.0,83.3,82.3,82.3,77.7,78.9,87.3,,76.2,78.3,82.3,85.3,87.1,93.9,83.6
05-23,85.6,93.0,82.8,85.2,75.8,80.1,83.0,84.6,83.5,85.5,84.2,82.2,81.7,77.2,78.8,88.2,,75.8,78.0,82.0,84.9,86.9,93.0,83.3
05-24,85.6,92.6,82.7,85.2,74.3,79.2,82.9,87.0,82.9,87.3,84.7,82.6,81.3,77.3,78.2,89.9,,74.3,77.8,81.9,85.4,88.6,92.6,82.9
05-25,85.5,92.9,82.7,84.7,76.5,78.6,82.6,85.2,82.0,87.6,83.9,83.1,81.5,76.8,78.3,89.2,,76.5,77.5,81.8,85.0,88.4,92.9,82.9
05-26,85.9,91.8,83.8,84.9,73.2,77.9,83.3,84.6,82.8,88.8,83.7,84.7,81.3,76.6,79.2,88.7,,73.2,77.3,82.1,84.8,88.8,91.8,83.7
05-27,85.6,96.4,82.8,84.7,73.2,77.1,82.7,84.1,82.2,87.2,82.2,83.9,81.8,76.7,80.1,88.0,,73.2,76.9,82.0,84.4,87.6,96.4,82.8
05-28,87.0,90.4,83.6,83.9,76.1,76.6,82.1,84.5,82.2,86.1,81.0,83.8,83.2,76.5,80.8,88.2,,76.1,76.5,81.6,84.2,87.6,90.4,83.4
05-29,87.3,90.1,84.7,83.6,78.6,75.4,81.7,84.8,82.9,85.9,80.2,83.5,83.3,75.9,81.0,87.8,,75.4,77.2,81.3,84.8,87.5,90.1,83.4
05-30,87.4,89.3,82.5,83.2,80.5,74.9,80.8,82.9,82.7,85.9,79.3,84.0,82.6,74.8,82.1,87.5,,74.8,77.1,81.4,83.6,87.5,89.3,82.7
05-31,86.6,88.7,84.1,82.9,79.7,74.9,79.7,83.3,83.0,85.3,76.1,83.4,82.6,74.2,80.3,86.9,,74.2,75.5,80.0,83.7,86.7,88.7,82.9
06-01,86.4,89.0,83.8,83.9,77.3,74.7,79.6,82.5,82.1,84.9,79.0,83.1,81.9,73.3,80.3,86.0,,73.3,76.0,79.9,83.9,86.2,89.0,82.3
06-02,87.5,89.3,84.2,84.8,77.8,74.2,78.6,81.7,82.0,84.3,77.9,82.7,81.0,72.5,80.1,85.6,,72.5,76.0,79.3,84.2,86.6,89.3,81.8
06-03,90.7,89.4,83.9,84.5,77.3,73.9,77.3,80.9,81.2,83.6,76.9,82.5,80.0,72.1,81.3,84.4,,72.1,75.4,78.7,83.7,87.0,90.7,81.3
06-04,90.6,88.9,84.2,85.8,76.3,73.2,77.4,80.1,80.4,82.6,75.6,83.1,79.2,71.1,80.4,84.5,,71.1,74.4,78.3,83.6,87.4,90.6,80.4
06-05,89.7,86.7,86.0,86.1,75.3,72.6,76.3,78.6,79.5,82.0,74.6,82.7,76.7,69.8,79.5,84.1,,69.8,73.6,76.5,83.4,86.4,89.7,79.5
06-06,93.8,85.5,85.0,86.3,74.1,70.8,74.6,77.6,77.8,81.0,73.3,83.1,75.1,69.2,78.9,83.8,,69.2,72.0,74.8,83.4,85.9,93.8,78.3
06-07,89.2,84.9,85.9,86.8,72.8,71.3,73.2,76.9,77.1,80.3,71.4,83.0,76.9,67.9,78.6,83.4,,67.9,71.4,75.0,83.2,86.3,89.2,77.9
06-08,88.0,87.3,85.1,86.2,72.1,69.5,71.2,76.1,76.7,79.3,70.5,83.1,78.3,66.0,76.9,82.7,,66.0,70.0,74.1,82.9,86.7,88.0,77.6
06-09,85.8,85.4,84.8,87.4,70.7,68.6,70.0,75.0,75.4,78.1,69.2,82.5,78.0,64.2,75.8,82.2,,64.2,68.9,72.9,82.4,85.6,87.4,76.9
06-10,88.0,84.8,84.6,85.9,70.7,67.3,69.2,73.9,73.8,77.3,67.1,82.4,77.3,62.8,75.5,81.3,,62.8,67.2,72.2,81.9,85.4,88.0,76.4
06-11,86.6,87.4,85.2,87.0,69.1,66.1,68.2,73.1,72.3,76.7,66.7,82.0,76.5,61.7,74.4,80.7,,61.7,66.4,70.7,81.3,86.8,87.4,75.5
06-12,84.1,86.7,85.2,88.2,69.4,64.5,67.0,72.6,70.5,74.6,65.2,81.1,75.5,60.8,73.6,80.6,,60.8,64.8,70.0,80.9,86.0,88.2,74.1
06-13,83.6,84.8,87.4,87.6,68.7,63.1,65.9,71.7,69.6,74.2,63.3,81.1,74.7,59.8,72.3,82.0,,59.8,63.2,69.1,81.5,86.1,87.6,73.3
06-14,84.3,84.9,86.6,87.5,67.8,61.9,64.5,70.9,70.4,75.0,62.3,80.1,73.3,58.5,71.9,81.2,,58.5,62.1,69.1,80.7,85.8,87.5,72.6
06-15,86.3,84.4,85.8,88.0,66.4,60.9,62.9,70.2,69.2,76.6,60.1,78.8,72.3,57.2,71.0,81.6,,57.2,60.5,67.8,80.2,86.1,88.0,71.6
06-16,86.7,83.3,84.9,88.4,66.3,59.8,61.4,68.9,68.2,75.9,58.6,78.2,71.0,55.5,70.1,82.5,,55.5,59.2,67.2,80.4,85.8,88.4,70.6
06-17,86.9,82.3,83.8,87.1,64.9,58.3,60.4,68.0,66.8,76.4,57.0,77.0,73.5,53.6,68.2,80.5,,53.6,57.7,65.8,78.8,85.4,87.1,70.8
06-18,86.3,82.7,83.9,86.4,63.2,57.2,60.0,66.5,65.9,76.5,56.5,76.0,78.5,52.0,67.1,80.1,,52.0,56.9,64.6,79.3,85.1,86.4,71.5
06-19,85.2,83.2,83.1,86.1,61.9,55.9,61.4,64.9,64.7,75.9,58.1,76.3,77.2,50.3,65.9,79.9,,50.3,57.0,63.3,78.6,84.2,86.1,70.9
06-20,83.4,81.1,82.5,86.0,60.8,54.7,61.5,63.2,63.7,75.4,57.3,75.2,76.3,49.1,65.0,79.9,,49.1,56.0,62.4,78.1,82.9,86.0,70.1
06-21,82.1,81.0,81.6,86.2,59.3,54.4,60.0,61.4,62.9,74.1,56.4,73.4,75.3,47.0,64.1,79.1,,47.0,55.4,60.7,77.2,81.8,86.2,68.7
06-22,81.1,82.9,80.0,86.0,58.5,53.1,59.8,59.6,61.5,72.6,56.9,72.2,74.5,46.7,63.9,77.7,,46.7,55.0,59.7,76.1,82.0,86.0,68.0
06-23,80.4,81.1,78.9,85.4,56.9,52.4,59.2,57.8,60.0,71.1,55.8,70.4,73.5,45.6,62.8,76.9,,45.6,54.1,58.5,75.2,80.7,85.4,66.6
06-24,79.1,78.8,78.3,85.5,55.5,51.4,58.6,56.4,58.7,69.6,55.2,69.8,72.7,44.1,61.7,75.9,,44.1,53.3,57.5,74.3,79.0,85.5,65.6
06-25,79.0,77.5,77.4,87.6,54.0,51.0,57.9,54.8,57.1,67.7,53.5,68.8,71.7,43.6,61.1,75.0,,43.6,52.3,56.0,73.4,78.3,87.6,64.4
06-26,77.8,77.0,76.0,84.0,52.2,49.5,57.1,53.4,55.8,66.8,52.6,67.1,70.5,43.2,59.5,74.1,,43.2,50.9,54.6,72.3,77.4,84.0,63.2
06-27,76.8,75.8,74.2,82.8,50.7,48.8,56.7,51.5,54.2,65.6,52.7,66.3,69.3,42.0,58.3,73.2,,42.0,49.8,53.4,71.3,76.3,82.8,61.9
06-28,76.0,75.1,73.5,81.7,50.2,48.3,57.7,50.2,53.3,64.6,51.0,65.2,68.5,41.8,56.5,72.2,,41.8,49.2,52.1,70.4,75.6,81.7,61.2
06-29,74.9,73.9,72.1,81.6,48.3,47.4,58.0,48.7,52.4,63.6,48.9,64.2,67.6,41.3,54.9,71.1,,41.3,47.8,50.6,69.3,74.4,81.6,60.8
06-30,73.6,73.1,70.2,80.3,47.0,46.4,58.2,48.0,50.6,62.9,47.6,62.9,67.3,41.3,54.4,70.5,,41.3,46.7,49.3,68.7,73.4,80.3,60.5
07-01,72.5,70.1,67.7,79.2,42.9,45.8,57.5,46.8,49.7,62.2,46.9,62.8,69.9,39.9,52.8,69.2,,39.9,44.3,48.3,68.5,71.3,79.2,59.9
07-02,69.3,70.4,67.7,78.4,44.8,45.3,56.4,45.8,49.2,61.5,46.3,60.9,69.8,39.3,52.8,68.4,,39.3,45.1,47.7,68.1,70.1,78.4,58.6
07-03,67.3,70.5,66.3,78.3,44.5,44.2,56.4,44.7,48.4,60.3,45.3,60.0,69.4,39.6,51.5,67.6,,39.6,44.3,46.8,66.8,69.9,78.3,58.2
07-04,68.1,70.2,65.7,76.7,42.8,43.5,55.4,44.0,47.6,58.1,44.4,59.2,67.9,38.9,50.4,66.9,,38.9,43.1,46.0,66.3,69.1,76.7,56.7
07-05,64.8,69.2,63.2,75.9,42.0,43.0,54.8,41.9,47.5,58.0,43.0,58.1,67.0,37.4,48.8,65.8,,37.4,41.9,45.3,64.0,68.1,75.9,56.4
07-06,64.3,69.1,63.1,74.0,41.1,42.2,53.9,41.7,46.9,56.4,42.9,56.5,65.7,37.6,47.8,65.1,,37.6,41.4,44.9,63.7,67.4,74.0,55.2
07-07,62.2,67.0,62.4,73.5,41.3,41.5,52.9,41.6,45.4,54.1,42.0,54.7,64.7,36.2,46.4,63.6,,36.2,41.4,43.7,62.3,65.9,73.5,53.5
07-08,62.5,65.6,61.1,72.8,40.5,41.0,51.9,40.3,44.8,52.4,41.3,54.3,67.3,36.2,45.2,62.7,,36.2,40.4,43.1,61.8,66.4,72.8,52.1
07-09,59.6,65.2,59.3,72.3,40.3,40.4,51.3,40.0,43.8,52.0,39.7,53.2,61.7,34.9,43.8,61.5,,34.9,39.8,42.1,59.4,63.4,72.3,51.7
07-10,60.7,62.6,59.3,72.1,40.4,39.6,50.6,41.5,43.0,50.9,38.9,50.6,60.1,34.8,42.8,60.1,,34.8,39.2,42.2,59.7,61.6,72.1,50.6
07-11,56.1,61.0,58.1,70.7,39.0,38.9,49.7,41.8,42.6,48.9,38.4,49.5,58.5,33.1,42.7,59.2,,33.1,38.6,42.2,57.1,60.1,70.7,49.2
07-12,56.0,60.6,57.1,69.5,38.9,38.6,49.1,42.2,41.7,48.8,37.7,47.9,56.8,33.2,41.2,57.6,,33.2,38.1,41.4,56.4,59.1,69.5,48.3
07-13,54.7,60.2,55.6,68.8,38.1,37.6,48.5,41.0,41.1,46.7,36.6,47.0,55.4,32.8,40.2,56.0,,32.8,37.1,40.6,55.0,58.1,68.8,46.9
07-14,54.2,59.1,54.4,68.3,37.6,37.3,48.3,41.2,40.6,45.2,36.1,46.0,53.5,32.9,38.7,53.9,,32.9,36.7,39.6,53.7,56.7,68.3,45.6
07-15,50.1,58.2,53.2,67.2,37.3,37.0,47.7,40.1,39.8,45.6,35.5,45.4,51.7,32.4,37.8,52.6,,32.4,36.3,38.8,50.9,55.7,67.2,45.5
07-16,49.6,57.1,52.2,65.5,37.5,37.0,46.9,40.9,39.7,44.6,34.9,43.4,50.5,31.6,37.6,51.2,,31.6,35.9,38.6,50.1,54.6,65.5,44.0
07-17,47.4,56.5,50.9,63.8,37.1,36.5,46.1,40.5,37.8,43.7,34.7,42.6,49.2,32.0,36.4,49.7,,32.0,35.5,37.5,48.3,53.7,63.8,43.1
07-18,46.1,54.8,50.1,62.5,36.6,36.4,45.1,39.0,38.6,43.1,33.3,42.0,48.0,30.9,35.9,48.4,,30.9,34.6,37.6,47.0,52.5,62.5,42.6
07-19,46.7,53.5,49.0,61.9,36.7,35.8,44.4,39.4,37.9,42.4,32.9,40.9,46.6,30.6,35.0,47.4,,30.6,33.9,37.3,46.6,51.2,61.9,41.7
07-20,45.9,52.5,48.3,61.2,36.9,35.4,43.9,39.8,36.3,41.6,32.5,40.5,45.3,30.4,34.4,46.3,,30.4,33.5,36.6,45.6,50.4,61.2,41.0
07-21,44.7,51.4,46.2,59.6,36.8,35.1,43.0,38.5,37.3,41.1,33.3,39.5,43.6,30.2,33.6,45.0,,30.2,33.4,37.1,44.2,48.8,59.6,40.3
07-22,44.3,49.4,46.6,58.8,36.1,36.2,42.5,38.8,35.8,40.0,32.0,39.1,42.6,29.9,33.8,44.2,,29.9,32.9,36.1,43.4,48.0,58.8,39.6
07-23,39.0,48.9,46.0,58.0,35.2,34.2,42.1,39.1,35.2,40.1,31.7,38.4,41.8,29.9,33.1,43.8,,29.9,32.4,35.2,42.0,47.5,58.0,39.0
07-24,43.3,47.8,44.3,56.5,34.8,34.3,41.7,38.7,35.2,39.1,32.1,37.9,41.7,29.9,32.2,42.7,,29.9,32.2,35.0,42.2,46.0,56.5,38.9
07-25,41.5,46.7,43.7,55.9,35.3,33.2,40.8,39.4,33.9,38.6,32.1,37.7,41.3,28.9,32.0,41.7,,28.9,32.0,34.6,41.4,45.2,55.9,39.0
07-26,41.2,44.8,43.0,55.1,34.1,32.4,40.0,39.5,33.5,37.7,31.0,36.8,40.2,29.1,31.8,41.0,,29.1,31.4,33.8,40.6,43.9,55.1,38.6
07-27,40.4,44.1,42.8,54.2,34.1,32.5,39.4,37.6,34.0,38.1,31.6,36.8,39.7,29.1,31.2,40.3,,29.1,31.4,34.0,40.0,43.5,54.2,37.8
07-28,39.5,44.7,42.1,52.4,34.7,31.7,38.9,38.1,33.4,37.5,30.4,36.4,40.2,28.8,30.7,39.5,,28.8,30.6,34.0,39.5,43.4,52.4,37.8
07-29,39.0,42.6,41.6,51.9,33.5,32.0,38.5,37.7,33.0,37.9,30.3,35.7,39.2,31.0,29.9,38.5,,29.9,30.7,33.3,38.8,42.1,51.9,37.8
07-30,38.4,42.6,41.5,50.8,33.2,32.1,37.8,36.3,32.3,36.9,31.2,35.3,39.0,29.3,29.8,37.7,,29.3,30.5,32.7,38.1,42.1,50.8,36.6
07-31,38.1,41.6,40.6,49.8,33.0,32.5,40.2,36.8,32.3,37.3,30.8,34.8,39.2,29.5,29.7,37.4,,29.5,30.3,32.7,38.7,41.1,49.8,37.0
08-01,37.1,37.0,39.5,48.1,31.6,31.4,40.7,36.5,31.8,36.4,30.2,34.6,38.6,29.7,30.3,40.0,,29.7,30.2,31.7,37.9,40.4,48.1,36.5
08-02,36.5,39.4,40.1,52.3,33.3,32.2,40.3,35.8,33.9,35.8,30.7,34.1,38.4,33.0,29.6,43.4,,29.6,31.4,33.6,38.9,41.8,52.3,35.8
08-03,36.9,39.5,39.8,51.8,33.3,32.5,40.0,35.5,33.3,36.6,30.4,34.1,37.9,34.5,29.8,45.9,,29.8,31.4,33.7,38.7,43.0,51.8,36.1
08-04,35.9,39.6,39.1,51.5,32.9,31.3,39.9,35.1,33.7,36.0,29.9,33.4,37.3,34.9,29.5,55.0,,29.5,30.6,33.5,38.2,45.7,55.0,35.5
08-05,35.3,37.4,38.8,51.2,33.0,31.6,39.2,35.0,33.2,34.6,30.0,33.4,36.5,34.7,30.4,55.7,,30.0,31.0,33.3,36.9,45.2,55.7,34.8
08-06,35.8,38.2,38.2,50.9,32.0,31.0,43.2,35.6,30.1,34.9,29.5,33.1,35.7,33.7,30.2,56.8,,29.5,30.1,32.5,37.0,47.0,56.8,35.3
08-07,34.2,37.3,38.1,50.6,32.4,30.1,44.2,35.6,30.9,34.0,29.7,32.9,35.2,33.6,37.5,57.1,,29.7,30.5,33.3,37.4,47.4,57.1,34.7
08-08,35.7,36.2,37.9,49.8,32.4,31.0,44.4,36.3,29.8,32.8,29.3,32.2,35.0,32.6,36.3,56.6,,29.3,30.4,32.5,36.3,47.1,56.6,35.3
08-09,34.1,34.8,37.3,49.5,31.8,30.6,44.9,36.5,29.5,32.7,29.4,31.9,34.1,32.9,36.1,56.4,,29.4,30.1,32.3,36.3,47.2,56.4,34.1
08-10,35.3,34.5,36.8,49.3,31.9,30.4,43.9,37.1,29.7,32.4,29.2,32.4,33.4,32.1,36.0,55.7,,29.2,30.0,32.3,36.4,46.6,55.7,33.9
08-11,34.0,35.4,36.1,48.2,31.2,30.6,44.4,37.1,29.3,32.3,29.8,31.9,33.1,32.1,34.7,54.5,,29.3,30.2,32.0,35.7,46.3,54.5,33.5
08-12,33.8,34.6,35.9,47.5,30.7,29.6,44.3,37.8,29.3,33.0,29.4,31.5,32.5,31.6,34.1,53.3,,29.3,29.5,31.5,35.3,45.9,53.3,33.4
08-13,34.0,35.3,35.2,47.0,31.5,29.1,44.1,38.1,30.0,32.6,29.5,31.6,32.5,32.0,34.0,52.2,,29.1,29.7,31.8,35.3,45.6,52.2,33.3
08-14,33.6,35.9,35.1,46.1,31.4,29.8,45.5,37.7,29.0,32.2,29.4,31.0,32.1,31.4,37.8,50.6,,29.0,29.6,31.4,36.8,45.8,50.6,32.9
08-15,33.2,34.2,34.4,45.6,30.5,30.7,46.5,37.5,29.4,31.7,29.2,31.0,31.2,31.7,37.0,49.3,,29.2,30.0,31.1,35.7,46.0,49.3,32.4
08-16,34.3,34.8,34.4,45.0,30.6,30.2,46.8,37.4,30.0,32.0,29.3,31.4,31.1,31.3,36.3,47.9,,29.3,30.1,31.2,35.6,45.9,47.9,33.2
08-17,33.5,33.8,34.1,44.2,31.4,29.0,47.5,37.5,28.8,31.1,29.1,30.6,30.6,30.3,35.9,47.1,,28.8,29.0,30.6,35.0,45.6,47.5,32.4
08-18,33.1,34.2,34.0,43.0,30.9,29.3,46.6,37.3,29.8,31.9,28.8,31.0,30.7,30.3,35.3,46.2,,28.8,29.5,30.8,34.7,44.6,46.6,32.5
08-19,34.1,33.1,33.6,42.6,30.5,29.1,45.3,36.1,29.1,30.9,28.5,31.1,30.4,29.2,34.0,44.8,,28.5,29.1,30.4,34.1,43.7,45.3,32.1
08-20,33.8,33.3,33.5,41.7,30.6,30.1,44.7,36.0,28.1,31.0,28.2,30.5,30.2,28.4,34.1,44.0,,28.1,28.3,30.4,33.9,42.8,44.7,32.2
08-21,32.3,34.1,33.3,41.1,30.4,29.4,44.6,35.9,29.4,30.4,28.0,30.4,30.6,29.8,33.8,43.7,,28.0,29.4,30.4,33.9,42.4,44.6,31.5
08-22,32.6,33.4,33.0,40.7,30.6,29.2,45.5,35.4,29.4,31.0,28.1,29.8,29.8,40.1,32.5,43.0,,28.1,29.3,30.2,34.4,41.9,45.5,32.5
08-23,32.1,33.6,33.0,39.9,29.9,29.1,55.8,35.3,28.8,30.8,27.9,29.7,29.6,40.4,34.0,43.1,,27.9,28.9,29.8,34.7,41.7,55.8,32.6
08-24,33.3,34.3,31.8,39.3,30.2,29.2,56.6,34.9,28.0,30.7,28.5,30.0,29.9,39.7,32.8,42.4,,28.0,28.9,30.1,34.6,41.1,56.6,32.3
08-25,33.1,33.2,32.3,38.4,30.1,28.9,57.6,34.9,28.6,30.2,28.4,29.9,29.3,39.8,33.3,42.4,,28.4,28.7,30.0,34.1,41.1,57.6,32.7
08-26,31.6,34.2,32.1,37.5,29.7,29.2,58.6,34.7,27.8,30.4,28.5,29.2,28.6,38.9,32.3,42.2,,27.8,28.6,29.5,34.5,40.5,58.6,31.8
08-27,31.8,34.2,32.3,37.2,30.1,29.6,59.7,34.2,27.8,29.8,28.9,29.4,29.0,39.0,32.6,44.4,,27.8,28.9,29.7,34.2,41.7,59.7,32.1
08-28,33.0,34.0,32.0,36.5,29.2,29.3,60.5,34.2,28.0,29.6,28.4,28.9,29.0,37.5,31.7,43.9,,28.0,28.6,29.2,34.1,40.7,60.5,31.9
08-29,30.5,35.1,31.8,36.3,29.9,29.3,60.6,34.0,27.0,29.3,27.8,28.8,28.2,37.5,31.5,42.5,,27.0,28.0,29.3,34.6,40.0,60.6,31.0
08-30,31.7,34.3,31.8,35.7,29.8,29.7,60.1,34.1,27.8,29.1,28.1,29.1,28.3,36.7,30.5,42.3,,27.8,28.2,29.4,34.2,39.5,60.1,31.1
08-31,30.9,34.2,31.5,35.8,29.4,29.5,59.5,34.4,27.8,29.3,28.3,29.1,27.3,34.3,30.9,42.2,,27.3,28.1,29.4,34.2,39.0,59.5,30.9
09-01,31.8,35.2,30.9,33.2,28.0,29.6,59.2,34.2,27.3,29.0,28.4,28.9,27.3,34.4,30.4,41.1,,27.3,27.7,29.0,33.7,38.2,59.2,30.7
09-02,29.3,34.3,31.6,34.2,29.3,29.9,59.0,34.2,28.1,28.6,28.4,28.9,27.1,35.5,30.3,40.6,,27.1,28.3,29.1,34.2,38.0,59.0,30.1
09-03,31.3,35.0,31.1,34.2,28.8,29.4,58.5,33.5,28.3,29.4,28.4,28.9,27.1,35.8,29.4,40.5,,27.1,28.4,29.2,33.8,38.1,58.5,30.3
09-04,32.2,33.9,32.1,33.6,28.6,29.2,58.2,33.6,27.0,29.1,28.2,28.9,27.5,34.2,29.7,41.1,,27.0,27.8,29.0,33.6,37.7,58.2,30.9
09-05,32.5,34.3,32.1,33.3,28.8,29.8,56.7,34.1,27.1,29.2,28.3,28.6,27.3,34.1,30.0,52.4,,27.1,27.8,29.0,33.7,43.4,56.7,31.0
09-06,32.9,33.7,31.7,32.7,28.0,29.7,56.1,34.0,27.3,28.8,28.4,28.5,27.0,33.6,29.3,51.7,,27.0,27.7,28.7,33.2,42.9,56.1,30.7
09-07,33.1,33.6,31.5,32.9,29.4,29.5,56.1,32.2,26.7,29.0,27.8,28.6,27.2,33.0,28.8,50.8,,26.7,27.5,28.9,32.9,42.2,56.1,30.5
09-08,32.5,33.9,31.4,32.3,28.8,30.0,55.7,32.5,26.8,28.5,28.1,28.4,27.0,33.4,28.8,50.1,,26.8,27.5,28.6,32.5,42.0,55.7,30.7
09-09,33.6,33.5,31.7,32.3,29.1,28.8,55.3,32.8,27.1,28.5,28.2,28.7,26.9,33.4,28.2,49.5,,26.9,27.6,28.6,33.1,41.5,55.3,30.4
09-10,32.5,33.7,31.4,32.4,28.0,29.0,54.9,32.8,26.0,28.6,28.1,28.6,29.4,32.0,28.6,48.7,,26.0,28.1,28.6,32.5,41.2,54.9,30.4
09-11,32.3,32.5,30.5,32.3,28.2,29.3,54.6,32.7,26.5,28.0,27.6,28.6,29.1,32.3,27.8,48.4,,26.5,27.7,28.4,32.3,40.6,54.6,29.9
09-12,32.0,32.8,30.4,32.3,28.7,37.8,53.6,32.1,26.6,28.5,27.8,37.4,28.5,31.9,28.4,46.9,,26.6,28.1,28.6,32.5,42.3,53.6,31.9
09-13,32.1,32.8,31.1,32.0,28.0,37.7,53.1,33.3,26.4,28.1,28.3,37.0,28.8,31.5,27.6,46.7,,26.4,27.8,28.6,33.0,42.2,53.1,31.7
09-14,32.3,32.2,31.0,31.4,28.8,37.5,52.5,33.0,26.3,28.1,27.4,36.8,28.9,32.4,25.8,46.2,,25.8,26.9,28.8,32.7,41.8,52.5,31.8
09-15,32.1,32.1,31.2,31.6,27.9,42.2,52.4,32.9,26.2,30.0,27.2,35.6,28.8,31.0,26.2,46.1,,26.2,26.7,29.4,32.5,44.1,52.4,31.4
09-16,33.1,31.6,31.4,31.1,28.3,43.7,52.0,35.1,27.0,30.4,27.5,35.8,28.6,31.5,30.9,45.3,,27.0,27.9,30.6,34.1,44.5,52.0,31.4
09-17,33.2,32.1,31.0,31.1,28.1,43.6,51.4,48.2,27.3,29.4,28.3,35.0,29.1,31.4,32.1,45.2,,27.3,28.2,30.2,34.1,46.7,51.4,31.8
09-18,32.6,31.9,30.9,31.2,27.8,44.0,51.1,51.8,27.0,29.0,27.2,35.1,28.4,30.5,35.4,44.5,,27.0,27.5,29.8,35.2,47.8,51.8,31.6
09-19,30.9,32.2,31.5,30.4,28.4,43.1,50.7,51.4,28.3,31.7,27.1,34.5,28.7,31.0,35.4,44.1,,27.1,28.3,30.6,35.0,47.4,51.4,31.6
09-20,31.6,32.7,31.1,31.4,27.9,41.9,51.3,50.7,27.5,43.1,27.4,33.6,28.3,30.2,36.1,43.9,,27.4,27.7,30.7,39.0,47.3,51.3,32.2
09-21,31.1,33.0,31.4,31.0,27.4,42.4,50.1,50.6,28.9,44.3,26.7,33.9,27.8,29.6,35.4,43.2,,26.7,27.6,30.3,38.9,47.2,50.6,32.2
09-22,31.0,32.6,30.6,31.0,28.1,41.8,50.5,50.0,30.6,44.2,26.7,34.4,27.9,29.0,38.4,43.9,,26.7,28.0,30.6,40.1,47.1,50.5,31.8
09-23,31.0,31.1,30.7,31.0,28.1,41.7,50.2,50.2,41.7,43.0,27.2,33.6,28.2,29.0,38.9,52.1,,27.2,28.1,30.8,41.7,50.2,52.1,32.3
09-24,29.5,31.7,30.4,31.1,27.9,41.4,49.9,49.6,53.0,43.3,26.4,33.9,28.3,29.7,39.1,51.7,,26.4,28.1,30.1,42.3,50.8,53.0,32.8
09-25,31.5,31.6,30.8,30.3,27.6,40.7,49.5,49.2,54.4,45.2,25.7,34.0,28.8,30.0,39.1,51.1,,25.7,28.2,30.5,42.9,50.3,54.4,32.8
09-26,31.6,32.4,30.6,31.3,27.8,41.0,49.2,49.6,53.6,45.9,25.4,33.7,28.1,28.9,39.2,51.3,,25.4,28.0,31.0,43.5,50.5,53.6,33.1
09-27,30.8,31.6,30.5,31.1,27.3,41.7,48.9,49.0,54.2,47.5,26.1,33.2,27.9,29.6,39.3,52.0,,26.1,27.6,30.7,44.6,50.5,54.2,32.4
09-28,31.2,31.6,30.9,30.7,30.2,41.9,65.6,49.3,55.1,49.5,25.9,33.8,27.7,29.2,38.8,51.6,,25.9,28.4,30.8,45.6,53.3,65.6,32.7
09-29,31.1,31.4,30.9,30.2,29.7,42.4,69.1,48.9,55.8,48.8,26.0,48.2,26.8,29.4,38.4,51.4,,26.0,28.1,30.6,48.5,53.6,69.1,34.9
09-30,31.5,31.1,30.7,31.1,30.1,42.7,71.5,47.8,55.4,49.3,25.9,59.0,26.8,28.8,38.1,50.4,,25.9,27.8,30.9,48.5,57.2,71.5,34.8
