date,2007,2008,2009,2010,2011,2012,2013,2014,2015,2016,2017,2018,2019,2020,2021,2022,2023,2024,Min,10%,30%,70%,90%,Max,Median (POR)
10-01,36.1,33.2,24.6,23.0,28.8,37.9,51.5,62.3,77.7,64.8,72.4,34.6,36.6,29.7,29.9,41.0,33.3,44.3,23.0,27.1,32.5,43.1,67.8,77.7,36.1
10-02,36.2,34.4,25.1,22.1,28.2,37.4,50.0,60.8,75.9,61.9,73.0,33.3,36.2,28.2,29.4,40.3,33.8,43.0,22.1,26.9,32.5,42.3,66.3,75.9,36.2
10-03,34.7,34.1,24.7,21.8,28.8,36.6,49.1,60.5,77.2,61.5,71.3,32.5,35.5,28.0,28.9,40.3,33.1,41.9,21.8,26.7,31.8,42.1,65.4,77.2,34.7
10-04,35.0,33.7,24.5,23.2,28.9,36.0,49.0,59.8,76.4,61.9,71.9,32.6,36.7,29.7,29.2,39.7,32.8,40.8,23.2,27.1,32.0,41.6,65.9,76.4,35.0
10-05,34.1,33.5,23.1,21.4,26.9,35.5,47.5,59.1,75.4,60.7,71.9,34.3,33.5,29.3,28.6,39.7,33.1,40.8,21.4,25.4,32.3,41.3,65.2,75.4,34.1
10-06,34.4,32.8,24.2,21.7,86.9,34.2,47.3,59.1,73.9,65.8,71.7,33.9,34.8,29.0,28.5,38.9,32.7,40.3,21.7,26.8,32.8,49.7,72.6,86.9,34.4
10-07,32.0,32.3,24.0,20.9,85.3,35.6,46.4,58.3,73.0,68.5,70.0,32.8,34.7,28.4,28.4,38.8,33.0,40.7,20.9,26.6,32.3,48.8,71.2,85.3,34.7
10-08,36.2,33.2,23.0,21.1,81.5,38.3,45.8,56.8,73.4,66.3,70.9,32.1,32.7,29.0,27.7,38.7,33.1,41.0,21.1,25.8,32.6,48.0,71.9,81.5,36.2
10-09,38.8,33.7,24.1,21.3,79.7,47.3,45.9,57.6,73.1,66.0,69.2,33.2,31.3,29.5,28.0,37.9,32.4,40.0,21.3,26.4,32.2,49.4,70.8,79.7,37.9
10-10,40.4,34.0,24.5,21.2,78.7,55.5,44.4,57.3,72.0,65.4,69.5,31.3,31.7,29.3,28.7,38.2,32.2,39.9,21.2,27.0,31.6,55.9,70.5,78.7,38.2
10-11,47.5,34.4,23.6,21.2,76.8,66.3,44.3,55.8,72.0,65.5,69.3,33.1,31.0,29.0,27.4,37.8,31.7,40.3,21.2,25.9,31.6,57.8,70.4,76.8,37.8
10-12,47.4,35.2,22.3,20.9,75.9,65.7,42.9,54.3,71.0,65.9,69.7,32.3,32.4,28.3,27.7,37.8,32.2,39.0,20.9,25.6,32.3,56.6,70.2,75.9,37.8
10-13,47.2,33.6,22.7,20.0,74.5,64.8,41.6,56.1,69.7,64.9,67.7,33.2,32.9,27.8,27.6,36.7,32.1,37.6,20.0,25.6,32.7,57.8,68.5,74.5,36.7
10-14,47.5,33.9,21.2,21.4,74.3,63.8,44.0,55.8,69.5,65.0,67.4,30.7,35.5,29.0,27.3,36.2,31.9,36.7,21.2,25.0,31.7,57.4,68.3,74.3,36.2
10-15,74.1,34.9,22.6,20.2,72.9,63.0,44.9,56.3,68.2,63.8,65.9,32.1,36.7,27.9,27.0,36.7,31.8,35.5,20.2,25.2,32.1,63.2,70.1,74.1,36.7
10-16,79.7,34.0,22.8,21.6,72.4,61.5,45.0,53.8,69.5,65.0,68.5,30.3,34.9,29.2,27.1,37.2,31.7,,21.6,25.4,31.4,62.2,70.6,79.7,37.2
10-17,77.4,33.0,22.7,20.9,71.4,61.4,44.7,54.8,69.6,63.1,66.3,30.8,32.5,29.2,28.0,38.1,31.2,,20.9,25.9,31.1,61.7,70.3,77.4,38.1
10-18,78.9,33.9,22.2,20.9,71.0,60.2,44.2,53.8,68.1,70.0,65.7,31.6,33.7,28.7,27.4,39.5,31.3,,20.9,25.3,31.5,61.3,70.4,78.9,39.5
10-19,78.6,32.3,23.3,20.6,72.3,59.2,44.3,54.6,66.8,77.0,67.5,30.6,32.2,28.3,27.2,39.8,31.4,,20.6,25.7,31.3,60.7,74.2,78.6,39.8
10-20,77.5,33.5,22.6,21.4,72.9,58.5,43.2,54.3,67.5,80.7,66.2,32.2,34.7,28.8,27.3,41.1,31.2,,21.4,25.4,32.0,60.0,74.7,80.7,41.1
10-21,76.2,33.6,23.0,21.2,71.8,58.0,44.3,53.3,68.0,81.1,65.2,29.4,37.4,28.0,26.3,41.9,31.0,,21.2,25.0,30.7,59.4,73.5,81.1,41.9
10-22,75.5,33.5,22.1,19.8,72.1,57.5,43.4,53.6,68.3,79.0,65.1,30.3,36.1,28.0,26.6,42.7,30.8,,19.8,24.8,30.7,59.0,73.5,79.0,42.7
10-23,73.8,32.7,23.3,20.0,71.9,57.0,43.4,52.4,66.7,76.9,64.2,30.2,52.4,27.6,26.2,42.9,30.7,,20.0,25.1,30.6,58.4,72.7,76.9,43.4
10-24,72.6,33.7,22.6,19.8,71.6,56.7,42.7,52.6,66.4,75.2,65.3,29.8,53.4,28.6,26.1,43.6,29.5,,19.8,24.7,29.7,58.4,72.0,75.2,43.6
10-25,72.5,33.0,22.2,20.1,71.0,56.1,43.3,52.9,64.9,75.4,63.9,31.8,55.1,27.6,26.9,44.0,29.0,,20.1,25.0,31.3,57.6,71.6,75.4,44.0
10-26,73.2,33.5,22.6,20.5,71.8,55.3,41.3,53.8,67.0,75.5,62.6,30.7,59.8,27.1,25.8,44.5,28.9,,20.5,24.5,30.3,60.3,72.3,75.5,44.5
10-27,73.2,33.1,23.0,20.2,71.3,53.8,42.2,52.4,65.3,75.4,63.8,31.6,60.3,26.8,24.7,44.1,28.9,,20.2,24.0,31.1,61.0,72.0,75.4,44.1
10-28,72.5,32.8,23.9,19.2,70.5,53.4,41.7,52.6,66.0,74.8,63.5,29.0,60.3,27.8,23.3,44.5,28.4,,19.2,23.6,28.9,60.9,71.3,74.8,44.5
10-29,71.8,33.2,23.3,19.4,69.7,53.2,41.4,53.3,62.8,73.1,63.0,30.9,60.5,26.1,24.2,45.3,28.3,,19.4,23.9,30.4,61.0,70.6,73.1,45.3
10-30,71.3,33.3,23.2,18.4,69.5,52.5,42.0,53.1,63.9,72.1,64.8,30.2,60.9,26.6,23.2,45.7,28.3,,18.4,23.2,29.8,61.5,70.2,72.1,45.7
10-31,70.9,32.5,23.4,19.2,69.6,52.2,41.9,52.1,64.6,74.5,63.8,30.3,60.4,26.0,24.6,46.0,28.9,,19.2,24.1,30.0,61.1,70.1,74.5,46.0
11-01,70.3,32.8,23.0,18.8,69.7,52.5,41.8,51.4,65.4,74.0,63.6,30.3,59.8,25.5,24.2,46.3,29.2,,18.8,23.7,30.1,60.5,70.0,74.0,46.3
11-02,69.8,32.3,22.8,18.8,68.7,51.5,42.2,51.9,63.3,71.7,62.4,30.5,59.0,26.1,24.6,46.7,29.3,,18.8,23.9,30.2,59.7,69.2,71.7,46.7
11-03,69.4,31.4,23.2,19.3,69.1,51.3,41.6,51.9,61.3,73.8,62.9,29.8,58.6,26.6,25.5,46.9,28.9,,19.3,24.6,29.6,59.1,69.2,73.8,46.9
11-04,68.8,31.6,22.8,19.1,69.0,51.1,41.6,52.9,63.6,73.1,62.2,28.7,58.6,26.1,23.8,46.9,28.4,,19.1,23.4,28.6,59.3,68.9,73.1,46.9
11-05,68.6,31.4,21.8,20.0,68.6,51.3,42.0,54.3,62.4,74.8,60.9,28.2,60.0,25.4,25.2,47.3,28.7,,20.0,23.8,28.6,60.2,68.6,74.8,47.3
11-06,68.4,31.4,21.2,21.0,68.6,50.5,41.9,56.6,62.7,75.0,62.8,28.2,60.2,26.4,24.3,47.2,28.4,,21.0,23.1,28.3,60.7,68.5,75.0,47.2
11-07,68.3,30.7,21.2,21.3,68.4,49.8,41.0,55.1,63.5,76.2,63.1,29.4,59.6,26.1,24.6,47.4,28.7,,21.2,23.3,29.3,60.3,68.3,76.2,47.4
11-08,67.7,31.2,20.4,21.3,68.1,49.5,41.5,57.1,61.2,74.8,60.4,29.4,59.5,26.8,23.3,47.7,28.7,,20.4,22.5,29.3,59.7,67.9,74.8,47.7
11-09,68.2,32.3,20.9,21.1,66.7,49.6,41.1,57.6,61.2,73.6,62.2,27.9,58.9,25.6,24.3,47.7,29.2,,20.9,23.0,28.9,59.3,67.3,73.6,47.7
11-10,67.4,31.6,21.7,19.7,66.5,49.6,40.1,60.0,62.6,74.8,62.1,27.8,58.9,26.1,22.9,47.9,29.4,,19.7,22.4,29.1,60.5,66.9,74.8,47.9
11-11,66.3,31.5,20.6,19.8,65.8,50.3,39.4,64.0,61.0,74.0,61.1,29.5,58.2,25.6,23.3,48.0,31.1,,19.8,22.2,30.8,61.1,66.0,74.0,48.0
11-12,65.8,31.6,21.9,19.8,66.1,50.3,39.1,66.5,61.4,73.0,61.9,27.7,58.4,26.5,22.2,47.8,34.2,,19.8,22.1,30.8,61.5,66.3,73.0,47.8
11-13,66.6,31.6,21.4,20.4,65.7,49.7,40.0,67.2,61.9,72.7,60.9,28.3,58.8,25.7,23.2,47.8,38.0,,20.4,22.5,30.9,61.1,66.8,72.7,47.8
11-14,65.8,31.5,22.1,19.2,65.8,50.4,39.4,67.7,59.9,73.0,59.9,28.7,56.7,26.5,22.0,47.6,40.6,,19.2,22.1,31.0,59.9,66.6,73.0,47.6
11-15,66.3,30.9,21.6,19.3,65.6,49.9,39.2,67.2,61.6,71.4,60.5,29.0,57.0,25.2,22.5,47.9,42.5,,19.3,22.2,30.5,60.7,66.7,71.4,47.9
11-16,65.4,30.4,20.6,19.1,66.3,49.9,40.7,67.7,60.3,72.9,60.1,28.5,56.5,25.6,22.0,48.3,46.0,,19.1,21.4,30.0,60.2,66.9,72.9,48.3
11-17,65.9,30.8,21.5,18.7,65.4,49.3,40.6,67.5,60.0,73.0,61.5,27.5,56.3,26.2,22.4,48.4,51.1,,18.7,22.0,30.1,60.3,66.6,73.0,49.3
11-18,66.1,30.3,21.3,18.3,,49.8,41.3,68.0,61.3,72.4,59.8,28.5,57.0,26.4,21.7,48.0,54.4,,18.3,21.5,29.4,58.4,67.0,72.4,48.9
11-19,65.7,30.5,20.8,18.4,65.7,51.3,42.7,67.0,59.3,74.0,59.0,27.9,56.8,26.1,22.9,47.9,56.3,,18.4,22.1,30.0,59.0,66.2,74.0,51.3
11-20,65.1,30.3,21.4,18.2,65.5,51.2,47.5,65.3,60.0,72.7,59.2,26.3,56.6,25.2,21.5,48.0,57.1,,18.2,21.5,29.5,59.4,65.3,72.7,51.2
11-21,65.1,30.2,20.4,17.8,64.8,51.3,51.1,67.2,59.9,74.3,60.2,26.8,56.5,25.6,22.5,47.9,57.9,,17.8,21.7,29.5,60.0,65.9,74.3,51.3
11-22,65.2,28.9,20.6,17.7,65.2,52.1,52.7,67.5,59.7,73.6,60.4,28.3,55.3,25.9,22.7,47.5,57.8,,17.7,21.8,28.8,59.8,66.1,73.6,52.7
11-23,64.8,29.0,19.9,17.9,65.0,51.5,53.5,68.7,60.4,72.8,59.9,27.7,55.3,25.6,22.4,47.2,58.2,,17.9,21.4,28.7,60.0,66.5,72.8,53.5
11-24,65.3,28.9,21.3,17.9,65.2,52.5,56.6,69.2,59.2,72.2,57.8,27.5,55.8,24.6,22.4,47.5,58.6,,17.9,22.0,28.6,58.7,66.9,72.2,55.8
11-25,64.2,27.9,21.1,17.4,65.0,52.1,60.2,67.2,60.2,74.1,59.2,28.2,55.3,24.5,22.0,47.2,58.4,,17.4,21.7,28.1,60.2,65.9,74.1,55.3
11-26,64.9,27.9,20.4,17.4,65.2,52.9,60.8,68.7,59.0,74.1,59.3,27.4,54.8,23.7,21.4,47.0,58.5,,17.4,21.0,27.8,59.6,66.6,74.1,54.8
11-27,64.0,28.5,20.4,17.4,65.2,52.2,61.4,68.5,59.8,73.1,59.8,27.8,54.2,23.7,20.6,46.9,59.1,,17.4,20.6,28.4,60.1,66.5,73.1,54.2
11-28,63.9,28.2,20.9,17.2,65.7,52.3,61.0,71.5,60.2,71.3,57.2,28.0,54.2,24.9,20.7,46.6,58.9,,17.2,20.8,28.2,60.4,68.0,71.5,54.2
11-29,63.2,28.1,20.5,17.7,65.0,51.2,60.4,71.2,59.3,73.9,57.7,27.5,53.8,25.0,20.7,47.0,58.9,,17.7,20.6,28.0,59.5,67.5,73.9,53.8
11-30,63.9,28.0,20.8,17.7,65.4,52.0,60.6,71.0,59.0,73.0,58.7,26.5,55.7,24.7,20.7,47.2,58.9,,17.7,20.8,27.7,59.3,67.6,73.0,55.7
12-01,63.7,27.7,20.8,17.4,66.4,53.1,61.1,71.5,59.4,72.6,58.5,26.9,55.3,25.3,20.7,47.2,58.9,,17.4,20.8,27.6,59.8,68.4,72.6,55.3
12-02,63.5,28.1,20.8,17.4,65.6,51.9,61.0,72.0,59.2,71.4,59.3,27.0,54.2,26.0,20.5,47.0,59.0,,17.4,20.7,27.9,59.6,67.9,72.0,54.2
12-03,63.2,28.1,20.6,17.1,65.7,53.0,61.8,73.0,59.7,71.8,60.3,26.4,54.7,24.1,20.4,47.5,59.0,,17.1,20.5,27.8,60.6,68.2,73.0,54.7
12-04,63.0,27.1,20.6,16.1,66.0,52.1,62.0,72.0,58.6,71.5,59.5,26.5,53.9,23.7,19.9,47.2,59.1,,16.1,20.3,27.0,60.0,68.2,72.0,53.9
12-05,62.3,27.8,,16.1,67.1,53.1,61.6,73.2,59.2,71.2,57.6,25.7,54.1,26.3,20.4,46.9,59.0,,16.1,23.1,37.3,60.4,69.2,73.2,55.8
12-06,62.5,28.0,20.9,16.1,67.1,53.6,60.6,74.9,59.1,72.1,57.0,25.4,54.1,24.1,20.0,46.9,59.4,,16.1,20.6,27.5,59.6,69.1,74.9,54.1
12-07,61.9,27.8,20.9,16.3,67.4,53.2,60.9,74.7,59.7,72.4,58.9,25.6,54.6,24.8,20.1,47.0,60.1,,16.3,20.6,27.3,60.3,69.4,74.7,54.6
12-08,61.9,28.1,21.3,16.0,68.0,53.0,60.6,74.2,59.3,72.2,57.7,25.1,54.2,25.2,20.4,47.1,60.6,,16.0,21.0,27.5,60.6,69.7,74.2,54.2
12-09,62.0,27.9,21.8,17.2,67.6,52.2,59.6,73.4,57.8,71.9,58.0,25.6,55.0,26.5,20.8,47.0,60.6,,17.2,21.4,27.6,59.8,69.3,73.4,55.0
12-10,61.8,27.6,22.1,17.0,67.4,51.7,60.2,74.2,60.9,71.4,57.1,25.5,54.1,25.8,20.4,47.0,61.1,,17.0,21.4,27.3,61.0,69.0,74.2,54.1
12-11,61.4,27.0,21.2,16.9,68.5,52.0,59.2,73.7,58.1,70.1,58.9,25.5,52.2,28.2,20.5,47.0,61.5,,16.9,20.9,27.9,59.6,69.1,73.7,52.2
12-12,61.3,27.8,21.6,17.4,68.1,53.3,58.2,73.2,57.4,71.0,56.6,24.9,54.2,29.0,20.7,47.0,61.5,,17.4,21.2,28.7,58.8,69.3,73.2,54.2
12-13,61.5,28.6,22.9,16.8,68.9,53.3,58.1,73.0,59.7,71.6,57.9,26.4,55.0,30.4,19.9,46.9,61.9,,16.8,21.7,30.0,60.0,70.0,73.0,55.0
12-14,60.4,28.5,22.6,17.2,68.4,52.1,57.4,73.0,58.4,69.2,58.8,25.0,54.7,29.2,19.9,47.0,61.9,,17.2,21.5,29.1,59.1,68.7,73.0,54.7
12-15,60.9,29.0,23.3,17.4,69.5,52.5,56.7,73.4,59.6,69.7,57.0,25.5,55.0,30.1,20.3,47.0,62.4,,17.4,22.1,29.9,59.8,69.6,73.4,55.0
12-16,60.5,29.7,22.4,17.3,68.7,52.8,56.5,73.9,57.7,71.7,57.7,25.6,52.9,33.5,19.6,46.9,62.6,,17.3,21.3,32.7,58.3,69.9,73.9,52.9
12-17,60.4,29.9,23.4,17.8,69.7,53.8,56.4,72.7,57.3,70.2,58.3,25.9,55.1,35.8,20.5,46.9,63.0,,17.8,22.2,34.6,58.8,69.9,72.7,55.1
12-18,61.0,29.5,22.5,17.2,69.4,53.0,56.2,72.7,59.0,70.7,57.8,24.5,54.8,36.9,20.4,46.7,63.0,,17.2,21.7,35.5,59.4,69.9,72.7,54.8
12-19,60.8,30.9,23.2,17.5,69.5,53.7,55.9,73.4,59.4,70.8,59.4,24.1,54.6,39.4,20.5,46.9,63.1,,17.5,22.1,37.7,59.7,70.0,73.4,54.6
12-20,60.8,30.7,23.5,17.4,70.0,54.2,56.2,72.7,57.8,71.9,59.7,25.5,54.8,39.1,20.0,46.5,63.3,,17.4,22.1,37.4,59.9,70.7,72.7,54.8
12-21,60.4,30.3,23.2,17.5,71.1,53.1,55.8,73.9,58.9,70.0,59.3,25.5,54.7,39.8,20.5,46.7,63.3,,17.5,22.1,37.9,59.5,70.4,73.9,54.7
12-22,60.5,31.1,23.4,17.7,71.6,53.6,56.2,74.4,59.6,70.6,58.8,25.0,52.6,41.9,20.4,46.6,63.3,,17.7,22.2,39.7,59.8,71.0,74.4,53.6
12-23,60.0,31.8,24.5,17.5,73.4,52.6,55.6,74.2,60.3,70.8,59.5,25.0,53.6,41.1,20.4,47.0,63.3,,17.5,22.9,39.2,60.1,71.9,74.2,53.6
12-24,60.2,32.1,25.0,17.2,73.4,53.7,56.0,73.9,60.0,69.7,58.3,26.4,52.4,43.3,20.0,47.1,63.4,,17.2,23.0,41.0,60.0,71.2,73.9,53.7
12-25,60.3,32.1,24.2,16.5,74.8,53.5,56.2,73.4,59.9,70.0,58.5,26.4,54.4,44.0,19.4,46.7,63.5,,16.5,22.3,41.6,60.0,71.4,74.8,54.4
12-26,59.8,32.1,25.9,17.3,74.4,53.5,55.4,72.5,58.0,70.2,60.4,26.5,53.0,47.8,19.7,46.9,63.6,,17.3,23.4,43.9,59.9,71.1,74.4,53.5
12-27,60.5,31.5,25.6,17.0,74.9,52.3,56.3,73.0,59.0,71.0,60.9,26.3,52.6,49.6,19.4,46.7,63.6,,17.0,23.1,43.7,60.6,71.8,74.9,52.6
12-28,60.9,32.1,26.1,17.3,75.3,53.6,56.3,73.2,57.8,70.2,60.8,25.0,53.6,51.3,20.2,46.7,64.1,,17.3,23.1,43.8,60.8,71.4,75.3,53.6
12-29,60.4,33.4,26.4,17.3,75.5,53.7,55.3,72.2,59.7,69.9,62.3,24.9,54.3,51.6,20.0,46.8,64.3,,17.3,22.9,44.2,60.8,70.8,75.5,54.3
12-30,60.3,33.9,28.1,17.2,75.8,51.8,56.4,72.2,58.8,70.6,61.0,26.0,53.1,52.3,20.3,47.0,64.6,,17.2,23.7,44.4,60.4,71.2,75.8,53.1
12-31,60.7,33.1,28.5,17.3,75.5,53.4,54.9,71.7,58.4,71.5,60.3,25.7,52.7,53.9,20.4,46.8,65.2,,17.3,23.6,44.1,60.3,71.6,75.5,53.9
01-01,60.7,32.9,28.2,17.3,75.5,52.0,55.4,71.7,58.0,71.7,63.6,24.7,54.5,55.3,19.7,46.8,65.3,,17.3,22.7,44.1,61.2,71.7,75.5,55.3
01-02,60.1,33.4,30.4,17.4,75.6,53.1,55.6,72.2,59.5,69.8,62.3,24.8,52.9,55.5,20.0,47.0,65.7,,17.4,22.9,44.3,60.6,70.8,75.6,55.5
01-03,60.9,33.1,29.7,18.4,76.1,54.0,54.8,71.5,59.3,70.0,62.8,25.0,53.6,55.6,20.0,46.8,66.5,,18.4,23.0,44.1,61.3,70.6,76.1,54.8
01-04,59.9,33.0,30.0,17.5,76.3,53.2,55.9,70.2,57.9,69.8,64.3,24.6,52.9,55.9,20.5,46.8,66.9,,17.5,23.0,44.1,60.8,70.0,76.3,55.9
01-05,60.9,33.3,31.4,17.9,75.9,53.6,54.9,70.7,57.8,69.1,63.4,24.0,53.2,57.5,20.8,46.8,67.4,,17.9,22.7,44.1,61.4,69.7,75.9,54.9
01-06,60.5,33.4,31.5,18.0,75.3,53.1,55.7,71.7,59.3,70.9,62.4,25.0,54.5,56.7,20.9,47.1,67.8,,18.0,23.4,44.4,60.9,71.2,75.3,55.7
01-07,60.4,32.5,33.3,17.5,75.4,53.7,55.5,69.5,57.6,71.2,63.9,25.1,54.1,58.3,20.8,47.1,68.2,,17.5,23.4,44.3,61.1,70.2,75.4,55.5
01-08,61.2,33.4,32.8,17.5,75.3,53.8,55.0,70.7,58.4,70.2,65.6,25.3,53.4,57.7,20.4,47.2,68.7,,17.5,23.3,44.5,62.0,70.4,75.3,55.0
01-09,60.4,34.0,33.3,17.3,75.3,52.7,54.6,71.0,58.4,70.2,65.8,25.4,52.8,59.4,20.6,47.2,68.5,,17.3,23.4,44.6,61.5,70.5,75.3,54.6
01-10,60.5,33.9,32.6,17.5,74.9,53.8,55.2,69.0,58.9,69.2,65.4,25.8,54.7,57.9,20.2,47.4,68.7,,17.5,23.5,44.7,61.5,69.1,74.9,55.2
01-11,60.1,33.0,33.9,17.7,75.0,53.6,55.4,68.7,58.0,71.5,66.2,26.3,54.0,59.5,20.7,47.4,68.8,,17.7,24.0,44.7,61.4,69.9,75.0,55.4
01-12,60.7,34.9,33.8,17.7,74.8,52.6,55.2,69.5,59.9,71.4,66.6,26.8,54.3,58.2,20.0,47.9,68.9,,17.7,24.1,45.3,61.8,70.2,74.8,55.2
01-13,60.3,35.6,33.9,17.8,74.8,52.8,55.4,69.7,56.4,71.6,66.4,26.0,53.6,58.2,20.3,47.7,69.3,,17.8,23.7,45.3,61.5,70.5,74.8,55.4
01-14,60.9,35.0,34.3,17.8,74.9,53.5,54.7,69.0,59.9,70.2,66.0,25.0,53.7,57.9,20.4,47.9,69.3,,17.8,23.2,45.3,61.9,69.7,74.9,54.7
01-15,60.7,34.7,33.8,17.7,74.3,51.8,54.8,68.7,59.0,70.2,68.5,25.0,55.1,58.9,19.8,48.0,69.3,,17.7,22.9,45.3,62.2,69.7,74.3,55.1
01-16,60.5,36.1,34.4,18.0,74.5,52.1,54.7,70.0,57.5,69.9,67.2,26.5,53.1,58.4,20.7,48.1,69.5,,18.0,24.2,45.7,61.9,70.0,74.5,54.7
01-17,61.0,35.7,34.4,18.4,73.8,52.8,54.3,69.0,59.4,70.2,68.8,25.8,53.0,60.3,20.7,48.4,69.5,,18.4,23.7,45.8,62.6,69.8,73.8,54.3
01-18,60.9,35.1,34.2,18.3,74.1,52.6,54.3,68.7,59.3,69.8,69.0,25.9,53.8,59.0,20.9,48.3,69.9,,18.3,23.9,45.6,62.5,69.9,74.1,54.3
01-19,60.4,36.0,34.8,17.9,74.9,52.5,54.5,68.0,58.2,70.1,69.2,25.9,54.9,58.6,20.8,48.8,70.0,,17.9,23.8,46.2,61.9,70.1,74.9,54.9
01-20,60.3,36.5,34.1,18.0,74.4,52.6,54.0,69.5,56.9,69.9,68.2,25.9,53.3,59.4,20.8,48.9,69.9,,18.0,23.8,46.4,61.8,69.9,74.4,54.0
01-21,59.6,37.1,35.1,18.1,74.5,52.6,54.3,69.5,56.5,70.5,70.6,26.2,54.5,59.2,20.5,49.1,70.2,,18.1,23.9,46.7,61.6,70.5,74.5,54.5
01-22,60.1,37.5,35.1,18.2,74.3,53.1,54.0,69.5,57.3,72.1,70.5,26.0,53.5,60.7,20.8,49.6,70.2,,18.2,23.9,47.2,62.4,71.1,74.3,54.0
01-23,60.1,37.1,34.9,18.3,74.5,51.6,53.1,67.5,58.7,71.7,70.6,25.8,53.0,58.6,20.8,49.5,70.2,,18.3,23.8,47.0,61.6,71.1,74.5,53.1
01-24,59.8,36.7,36.1,18.2,74.3,52.3,54.3,67.2,57.7,70.2,70.7,25.3,52.7,58.7,20.9,49.8,70.0,,18.2,23.5,47.2,61.3,70.4,74.3,54.3
01-25,60.0,36.2,37.7,17.8,74.1,52.7,53.5,66.3,58.3,69.6,71.2,26.0,53.5,61.3,20.4,49.6,70.0,,17.8,23.8,47.3,62.3,70.5,74.1,53.5
01-26,60.4,37.1,38.0,18.2,73.8,52.2,52.6,67.5,59.2,70.5,70.1,25.1,54.2,59.1,21.0,50.0,70.2,,18.2,23.5,47.6,61.8,70.3,73.8,54.2
01-27,59.4,36.4,39.0,18.0,73.9,52.1,53.1,66.7,58.7,69.9,70.2,25.4,53.6,60.1,20.7,50.3,70.0,,18.0,23.5,48.0,61.5,70.1,73.9,53.6
01-28,60.4,37.7,39.1,18.8,73.9,52.2,53.9,65.3,59.4,71.4,71.1,25.5,54.0,60.1,20.9,50.8,70.3,,18.8,23.7,48.4,61.4,71.2,73.9,54.0
01-29,60.1,38.1,38.5,18.3,73.6,52.2,53.9,65.0,58.3,70.7,71.6,25.6,55.0,61.3,21.0,50.8,70.3,,18.3,23.8,48.3,62.0,71.1,73.6,55.0
01-30,60.0,37.0,39.4,18.4,73.5,53.2,53.6,65.0,59.4,72.0,71.7,25.1,54.9,61.0,21.0,50.9,70.2,,18.4,23.5,48.6,61.8,71.8,73.5,54.9
01-31,60.0,37.5,39.6,18.6,73.5,52.9,52.7,66.3,59.3,70.2,71.3,26.1,54.7,60.4,21.1,51.0,70.3,,18.6,24.1,48.7,61.5,70.7,73.5,54.7
02-01,60.1,38.4,42.7,18.7,73.1,52.3,53.8,65.0,58.0,70.5,71.4,25.1,52.4,61.2,21.6,51.3,70.3,,18.7,23.7,49.6,61.9,70.8,73.1,53.8
02-02,59.9,36.5,47.8,18.9,73.6,52.8,52.8,67.0,58.6,71.6,70.3,25.5,52.6,60.1,21.6,51.2,70.2,,18.9,23.9,50.5,61.5,70.8,73.6,52.8
02-03,59.6,38.0,50.5,18.4,73.3,51.4,54.7,66.5,58.4,71.7,69.8,25.6,54.6,62.2,21.0,51.1,70.2,,18.4,23.8,51.0,63.0,70.8,73.3,54.7
02-04,59.5,38.8,52.3,18.2,72.9,52.8,53.4,65.0,59.4,71.2,70.3,24.9,55.0,61.9,21.4,51.3,70.2,,18.2,23.5,52.1,62.5,70.7,72.9,55.0
02-05,59.9,39.0,53.2,18.2,72.0,51.4,53.8,66.5,60.1,71.7,70.1,25.9,54.9,60.8,21.7,51.4,70.2,,18.2,24.2,51.4,61.9,70.8,72.0,54.9
02-06,59.1,39.4,53.5,18.6,72.4,52.3,54.2,66.0,58.7,72.0,69.8,25.8,53.1,61.0,21.3,51.5,70.2,,18.6,24.0,52.2,62.0,70.9,72.4,54.2
02-07,59.6,39.8,53.6,18.9,71.7,53.2,54.2,65.5,60.1,70.8,70.2,26.7,55.0,60.9,21.6,51.5,70.2,,18.9,24.6,52.9,61.8,70.4,71.7,55.0
02-08,59.5,39.4,54.4,18.7,71.3,52.4,54.2,65.3,59.4,70.9,71.1,26.0,55.1,59.9,21.4,51.8,70.2,,18.7,24.2,52.3,60.9,71.0,71.3,55.1
02-09,59.6,39.2,54.7,19.8,71.8,52.3,54.2,66.5,58.9,71.5,72.1,26.7,53.9,62.0,21.9,51.5,70.3,,19.8,24.8,52.2,62.9,71.6,72.1,54.7
02-10,59.0,39.1,54.2,20.2,71.1,52.9,53.9,66.0,58.3,70.7,76.7,26.2,55.0,61.5,21.6,51.5,70.2,,20.2,24.3,52.6,62.4,70.9,76.7,55.0
02-11,59.9,38.8,54.2,19.5,71.1,52.0,54.0,65.3,59.3,72.1,77.0,25.9,55.6,61.8,22.1,51.8,70.2,,19.5,24.4,51.9,62.5,71.5,77.0,55.6
02-12,59.3,39.9,54.6,21.0,71.2,52.0,54.3,66.3,58.8,72.0,74.9,26.4,54.4,61.2,21.2,51.5,70.0,,21.0,24.3,51.9,62.2,71.5,74.9,54.6
02-13,59.0,40.4,55.5,20.6,71.4,51.6,54.2,66.3,60.2,71.0,74.3,25.3,55.4,62.4,21.3,51.5,70.2,,20.6,23.7,51.6,63.2,71.1,74.3,55.5
02-14,60.1,39.4,54.4,22.4,71.1,51.8,54.7,66.3,60.2,72.4,74.3,,54.5,60.6,21.8,51.8,70.2,,21.8,30.9,53.1,63.4,71.7,74.3,57.4
02-15,59.6,40.4,54.9,22.9,71.2,53.2,53.2,67.0,59.7,71.2,74.3,25.2,56.5,61.0,21.8,51.9,70.0,,21.8,24.3,52.9,62.2,71.2,74.3,56.5
02-16,59.7,41.4,55.5,23.3,70.9,53.2,54.3,68.0,59.2,71.0,75.0,25.5,55.7,60.7,21.7,51.6,70.2,,21.7,24.6,52.9,62.2,70.9,75.0,55.7
02-17,59.3,41.9,56.0,25.2,70.7,53.2,53.4,67.7,58.7,71.9,73.8,26.8,57.1,63.4,21.3,51.9,70.0,,21.3,26.2,52.9,64.3,71.2,73.8,57.1
02-18,60.4,43.7,55.5,26.5,70.7,53.2,53.7,68.0,58.8,71.3,74.9,26.1,55.9,63.7,21.0,51.8,70.2,,21.0,26.4,52.9,64.5,71.0,74.9,55.9
02-19,60.3,44.4,55.6,27.5,71.0,53.1,54.3,69.2,61.5,73.0,74.1,26.4,57.0,64.4,21.9,51.8,70.2,,21.9,27.1,52.8,65.4,71.8,74.1,57.0
02-20,60.2,46.2,55.6,27.7,71.0,53.6,53.3,70.2,61.9,72.1,72.9,26.6,55.2,64.9,21.9,51.8,69.9,,21.9,27.3,53.0,65.9,71.4,72.9,55.6
02-21,59.5,47.9,55.8,29.1,70.9,52.6,53.7,71.0,60.3,73.6,73.3,25.1,57.8,64.1,21.7,51.6,70.2,,21.7,27.5,52.4,65.4,71.9,73.6,57.8
02-22,60.1,49.1,55.4,30.4,71.2,53.2,52.4,71.5,63.2,74.8,73.2,26.3,58.0,64.7,22.6,51.6,70.2,,22.6,28.7,52.3,65.8,72.2,74.8,58.0
02-23,59.6,49.4,55.7,31.0,71.2,53.2,54.5,73.4,62.5,73.0,75.2,26.6,57.8,63.5,21.7,51.6,70.2,,21.7,29.3,52.9,64.8,73.2,75.2,57.8
02-24,59.8,51.3,55.6,30.6,71.3,51.6,53.9,74.4,62.1,73.6,74.3,26.0,57.9,63.0,21.7,51.9,70.2,,21.7,28.8,51.8,64.4,73.9,74.4,57.9
02-25,59.6,51.1,56.9,30.8,71.5,52.8,52.4,78.2,61.6,74.6,74.6,24.7,57.9,62.7,21.7,51.6,70.2,,21.7,28.4,52.3,64.2,74.6,78.2,57.9
02-26,60.4,51.8,56.9,32.2,71.3,53.0,53.7,80.9,64.6,73.2,74.5,25.5,57.9,63.1,22.3,51.9,70.2,,22.3,29.5,52.8,65.7,73.7,80.9,57.9
02-27,60.3,52.4,58.1,32.5,71.9,53.8,54.4,82.4,64.2,75.5,74.5,25.8,57.5,63.6,21.9,52.0,70.2,,21.9,29.8,53.5,65.4,74.9,82.4,58.1
02-28,60.1,53.1,58.9,32.7,71.8,53.1,53.9,79.7,62.2,76.6,74.6,26.3,58.4,63.6,21.7,51.6,70.4,,21.7,30.1,53.1,65.0,75.4,79.7,58.9
02-29,,52.9,,,,53.1,,,,77.1,,,,64.5,,,,,21.7,30.1,53.1,65.0,75.4,79.7,58.9
03-01,60.2,54.4,59.1,34.2,72.2,52.8,53.7,78.4,65.2,79.0,72.7,26.4,58.5,64.8,22.0,51.9,70.0,,22.0,31.1,53.5,66.2,75.0,79.0,59.1
03-02,60.0,53.7,59.7,32.8,72.3,53.5,52.9,77.9,65.3,80.2,73.2,25.9,59.8,63.0,21.9,52.0,70.2,,21.9,30.1,53.3,66.3,75.1,80.2,59.8
03-03,60.4,55.3,60.1,34.5,72.5,53.2,53.9,77.7,63.0,79.8,72.6,26.9,60.7,64.7,21.9,52.0,70.4,,21.9,31.4,53.8,65.8,74.6,79.8,60.4
03-04,60.8,55.3,63.6,35.4,72.0,54.0,53.8,78.2,64.7,77.7,73.2,25.0,60.8,65.2,21.9,51.8,70.4,,21.9,31.2,53.9,66.2,75.0,78.2,60.8
03-05,59.9,55.4,67.1,33.9,72.6,,54.5,77.2,63.6,79.1,73.0,26.8,59.9,64.1,21.5,52.0,70.3,,21.5,30.3,55.0,68.7,75.1,79.1,61.7
03-06,60.0,55.8,67.7,34.7,72.6,54.3,53.4,77.2,65.7,79.0,73.1,24.6,61.4,63.5,22.3,52.0,70.3,,22.3,30.7,54.1,68.3,74.7,79.0,61.4
03-07,60.3,56.7,68.5,34.3,72.8,54.1,52.4,75.4,64.7,79.0,71.1,26.4,62.5,64.5,22.2,52.2,70.4,,22.2,31.1,53.8,68.9,73.8,79.0,62.5
03-08,60.4,56.3,68.7,36.0,73.3,54.4,53.5,76.2,64.1,77.9,71.3,25.8,62.5,63.4,22.7,52.3,70.8,,22.7,31.9,54.2,69.1,74.4,77.9,62.5
03-09,60.0,57.3,68.9,35.8,73.5,54.6,52.8,76.4,66.0,77.4,72.2,25.9,62.3,63.4,21.2,52.4,70.5,,21.2,31.8,54.2,69.2,74.7,77.4,62.3
03-10,59.9,56.6,68.4,35.9,72.8,54.4,54.1,75.7,65.7,76.1,75.1,25.4,60.6,63.6,22.1,52.8,70.5,,22.1,31.7,54.3,68.8,75.3,76.1,60.6
03-11,60.4,57.0,68.6,35.7,73.5,58.4,53.2,74.2,67.4,79.4,75.3,26.4,62.9,66.4,22.1,52.7,70.7,,22.1,32.0,56.2,69.0,74.6,79.4,62.9
03-12,63.6,57.1,69.1,36.5,73.0,67.8,54.3,75.9,65.3,80.7,77.2,25.7,64.0,65.4,21.9,52.8,70.7,,21.9,32.2,56.6,69.4,76.4,80.7,65.3
03-13,80.3,57.8,69.2,37.0,73.1,71.0,53.6,75.7,66.3,80.0,78.3,24.5,64.3,66.0,21.4,52.7,70.7,,21.4,32.0,56.9,71.4,79.0,80.3,66.3
03-14,84.3,56.9,69.0,36.1,73.9,77.0,54.4,75.4,65.9,80.8,81.7,27.2,62.3,67.5,22.7,53.0,70.8,,22.7,32.5,56.4,74.2,81.2,84.3,67.5
03-15,83.9,58.4,69.2,35.4,73.4,81.9,56.9,73.9,67.8,80.5,82.9,26.2,63.8,69.6,22.1,52.9,70.8,,22.1,31.7,58.1,73.5,82.3,83.9,69.2
03-16,84.0,58.5,68.6,36.9,74.1,83.0,60.8,74.4,65.7,80.2,82.5,27.4,64.7,67.6,22.3,53.2,71.0,,22.3,33.1,60.4,74.2,82.7,84.0,67.6
03-17,84.1,58.5,68.6,35.9,76.3,82.8,71.0,78.2,68.3,80.0,83.4,25.3,65.5,70.1,22.1,53.5,71.0,,22.1,31.7,64.1,76.6,83.0,84.1,70.1
03-18,83.4,58.7,71.8,36.6,77.5,79.6,76.3,81.4,72.2,81.2,84.0,25.8,65.0,70.7,22.5,53.5,71.2,,22.5,32.2,63.8,77.9,82.2,84.0,71.8
03-19,82.9,58.6,82.5,36.4,76.8,78.3,77.6,80.6,73.6,80.9,83.6,26.4,65.7,69.7,22.8,53.8,71.2,,22.8,32.4,64.3,78.7,82.7,83.6,73.6
03-20,81.5,59.5,83.9,37.7,77.8,77.6,77.6,78.4,74.8,81.3,82.6,28.8,66.3,69.8,22.5,53.8,71.2,,22.5,34.1,64.9,77.9,81.9,83.9,74.8
03-21,79.1,59.5,84.2,37.7,76.8,77.1,80.1,80.9,76.7,81.9,83.0,26.3,66.0,71.7,22.0,54.3,71.2,,22.0,33.1,64.7,79.3,82.3,84.2,76.7
03-22,80.6,60.5,84.2,38.2,76.9,77.9,80.4,81.9,78.5,81.3,85.2,26.0,64.9,70.8,22.1,54.9,71.2,,22.1,33.3,64.0,80.5,82.8,85.2,76.9
03-23,79.5,60.5,81.3,39.4,76.4,81.8,79.9,82.9,79.0,79.8,84.2,80.6,64.9,71.7,22.7,54.9,71.4,,22.7,48.7,70.1,80.1,82.2,84.2,79.0
03-24,80.5,61.3,79.5,40.9,76.1,82.2,78.4,83.1,80.3,78.8,81.1,80.6,65.9,72.1,22.6,55.3,71.5,,22.6,49.6,70.4,80.3,81.5,83.1,78.4
03-25,79.5,62.1,80.6,44.5,76.1,83.7,77.3,84.1,77.6,79.0,82.7,80.2,66.2,71.8,22.6,55.7,71.4,,22.6,51.2,70.4,79.6,83.1,84.1,77.3
03-26,78.4,66.6,82.5,47.6,76.0,83.3,78.3,84.6,79.4,81.4,81.4,80.0,65.2,71.4,22.2,63.0,71.4,,22.2,56.9,70.5,80.3,82.8,84.6,78.3
03-27,77.1,76.1,79.6,49.6,76.0,81.2,79.8,83.1,79.6,78.9,81.0,79.7,66.0,72.7,22.3,80.7,71.5,,22.3,59.5,75.3,79.7,81.0,83.1,78.9
03-28,75.6,78.1,80.0,52.2,75.8,83.2,82.2,83.1,80.6,79.5,81.8,80.6,66.5,72.7,23.2,81.1,71.4,,23.2,60.8,75.0,80.7,82.6,83.2,79.5
03-29,75.5,79.6,84.3,52.6,76.0,83.0,82.8,84.1,80.8,79.2,82.7,81.3,67.0,72.3,22.5,77.8,71.4,,22.5,61.3,74.8,81.6,83.5,84.3,79.2
03-30,75.7,80.7,83.9,54.1,75.9,83.3,83.2,84.4,81.7,78.9,84.4,82.3,67.8,72.2,22.8,77.0,71.6,,22.8,62.3,75.0,82.5,84.1,84.4,78.9
03-31,77.4,80.4,79.5,54.0,78.0,82.7,83.3,81.1,81.3,77.4,83.6,81.6,70.0,71.9,22.4,79.5,71.5,,22.4,63.6,76.3,81.2,82.9,83.6,79.5
04-01,77.0,79.2,78.1,54.0,82.7,80.4,82.8,79.4,81.1,76.4,80.1,80.5,70.0,71.8,23.2,79.6,71.7,,23.2,63.6,75.4,80.2,81.7,82.8,79.2
04-02,76.3,80.5,78.0,54.9,83.7,77.9,82.6,79.7,80.2,78.9,79.6,77.8,69.2,78.7,23.6,81.2,71.3,,23.6,63.5,77.5,79.8,81.8,83.7,78.7
04-03,75.8,80.9,83.9,55.4,84.7,77.1,81.9,79.7,79.2,81.6,80.1,74.9,70.1,77.8,55.7,81.5,71.7,,55.4,64.3,75.7,81.0,82.7,84.7,79.2
04-04,75.0,81.0,80.0,56.2,82.0,76.8,82.7,81.1,78.1,80.3,80.0,75.5,73.3,78.3,79.2,80.4,71.5,,56.2,72.6,76.5,80.3,81.5,82.7,79.2
04-05,75.1,80.9,78.0,56.0,82.4,74.6,81.3,81.6,82.0,77.7,78.5,74.1,76.6,80.4,81.5,81.5,71.7,,56.0,73.1,76.3,81.3,81.8,82.4,78.5
04-06,74.3,81.9,77.2,56.4,84.9,74.0,79.5,83.9,81.9,77.0,77.7,73.8,77.1,79.4,81.6,81.6,71.4,,56.4,72.9,76.5,81.6,82.7,84.9,77.7
04-07,73.7,82.1,76.5,56.7,82.0,72.5,77.6,83.6,80.1,76.7,78.5,72.7,78.4,80.0,80.8,81.4,71.7,,56.7,72.2,75.9,80.3,82.1,83.6,78.4
04-08,73.0,81.7,83.3,58.2,81.5,71.9,76.0,81.6,79.9,75.6,81.0,72.2,80.8,81.2,80.6,81.2,71.6,,58.2,71.7,75.1,81.2,81.7,83.3,80.6
04-09,72.3,80.7,83.2,57.6,81.3,71.6,76.3,80.4,78.1,77.4,81.5,72.4,81.7,81.6,77.7,80.7,71.7,,57.6,71.7,75.5,80.9,81.6,83.2,78.1
04-10,73.2,79.1,82.1,59.5,80.2,71.5,75.4,77.2,77.5,81.9,81.5,71.8,82.0,78.7,76.2,77.5,71.7,,59.5,71.6,75.0,79.3,82.0,82.1,77.5
04-11,71.8,78.0,80.4,76.0,79.0,71.6,78.2,78.2,74.7,80.3,82.0,72.7,78.5,80.6,74.9,75.3,71.5,,71.5,71.7,74.9,78.6,80.5,82.0,78.0
04-12,71.2,77.1,80.2,79.1,78.7,70.1,81.9,74.4,75.5,77.5,83.6,72.5,77.8,82.0,74.0,73.5,71.7,,70.1,71.5,73.9,78.7,82.0,83.6,77.1
04-13,70.4,80.6,78.1,78.8,80.0,69.2,80.7,75.7,75.3,76.9,83.2,70.7,77.4,79.6,73.7,72.5,71.8,,69.2,70.6,73.4,79.0,80.6,83.2,76.9
04-14,71.7,83.0,76.5,79.1,82.8,69.6,77.9,73.4,72.9,77.6,84.2,70.4,76.0,80.2,72.8,72.8,71.9,,69.6,71.2,72.8,78.1,82.9,84.2,76.0
04-15,72.5,83.5,76.3,79.9,81.3,69.3,76.4,74.2,74.5,75.4,82.6,70.7,81.0,79.2,72.1,73.1,71.8,,69.3,71.4,72.9,79.4,81.8,83.5,75.4
04-16,71.6,83.6,77.0,82.0,81.5,73.3,74.6,73.0,73.9,76.0,80.4,70.2,82.4,82.6,71.5,73.1,72.1,,70.2,71.6,73.0,80.6,82.5,83.6,74.6
04-17,71.7,80.9,76.5,82.4,85.1,80.2,73.7,70.7,71.1,80.4,77.8,69.0,79.9,81.0,70.9,72.4,72.3,,69.0,70.8,72.2,80.2,81.5,85.1,76.5
04-18,71.7,82.5,76.0,83.0,86.5,78.2,73.7,70.7,70.5,77.5,76.7,69.2,82.9,81.8,70.3,72.0,75.2,,69.2,70.4,72.0,78.9,83.0,86.5,76.0
04-19,70.7,83.4,82.5,83.0,87.5,77.3,75.5,70.7,72.3,77.0,76.7,69.8,83.2,81.1,70.5,71.7,76.3,,69.8,70.6,72.1,81.4,83.3,87.5,76.7
04-20,70.7,84.0,82.9,83.5,86.5,76.3,74.6,70.5,72.9,77.1,76.3,68.0,83.7,82.6,70.5,71.0,75.4,,68.0,70.5,72.5,82.7,83.8,86.5,76.3
04-21,70.5,83.9,80.4,83.8,86.7,75.8,74.6,68.7,71.8,74.6,73.8,68.1,83.3,83.0,70.4,71.2,75.6,,68.1,69.7,71.6,80.9,83.8,86.7,74.6
04-22,70.4,84.3,78.1,81.0,86.2,75.0,74.3,69.7,70.5,75.1,74.1,68.3,83.4,82.7,70.0,70.7,78.4,,68.3,69.9,70.6,79.0,83.8,86.2,75.0
04-23,69.3,83.8,76.3,79.6,86.6,74.0,72.9,68.7,72.1,75.0,73.5,67.8,84.2,84.0,69.7,70.0,79.3,,67.8,69.1,71.7,79.4,84.1,86.6,74.0
04-24,70.5,82.5,75.0,78.7,84.8,72.7,72.7,68.5,70.9,74.8,72.6,69.5,84.2,83.9,69.8,69.5,79.5,,68.5,69.5,70.8,78.9,84.0,84.8,72.7
04-25,76.9,80.6,73.6,81.7,82.7,72.1,72.0,66.7,71.0,72.8,73.1,66.3,83.1,81.8,69.9,69.3,80.2,,66.3,68.3,71.8,80.3,82.2,83.1,73.1
04-26,77.1,78.5,72.6,83.6,86.2,71.1,71.1,68.0,69.6,71.9,71.7,67.9,83.7,78.4,69.7,69.0,79.8,,67.9,68.6,70.8,78.5,83.7,86.2,71.9
04-27,76.7,76.6,71.1,83.9,86.0,70.6,70.5,65.3,74.5,73.1,72.6,68.1,84.0,78.5,69.7,68.9,80.8,,65.3,68.6,70.6,77.1,83.9,86.0,73.1
04-28,76.1,75.5,71.0,83.7,86.0,70.9,70.5,66.5,74.6,72.4,70.9,68.1,83.1,76.7,68.5,69.2,81.1,,66.5,68.3,70.8,76.2,83.3,86.0,72.4
04-29,74.9,74.5,70.9,83.7,86.1,69.9,70.0,66.5,75.3,72.6,71.0,66.2,81.5,75.1,69.5,68.6,81.2,,66.2,67.8,70.0,75.1,82.4,86.1,72.6
04-30,74.4,73.9,70.4,80.6,85.7,69.7,69.5,67.2,75.3,78.0,70.1,65.7,82.7,75.6,69.7,68.5,81.3,,65.7,68.0,69.7,76.1,81.9,85.7,73.9
05-01,73.7,73.0,69.9,81.1,84.7,69.0,68.3,67.7,75.0,80.0,71.0,67.2,81.7,74.8,70.6,68.3,81.7,,67.2,68.1,69.7,76.0,81.7,84.7,73.0
05-02,72.5,71.7,69.1,83.8,84.3,68.3,68.2,66.7,73.4,81.5,70.7,64.2,82.1,73.4,69.7,67.5,82.0,,64.2,67.2,69.0,75.0,82.8,84.3,71.7
05-03,72.3,71.6,68.9,80.5,85.7,67.6,67.4,65.5,72.2,78.5,69.7,64.0,80.5,72.8,69.4,67.3,82.1,,64.0,66.6,68.6,73.9,81.1,85.7,71.6
05-04,71.8,71.0,68.2,83.5,85.6,66.6,66.7,65.8,72.0,77.5,70.6,64.7,78.4,72.2,69.0,66.9,82.2,,64.7,66.2,68.0,73.2,82.8,85.6,71.0
05-05,70.4,70.9,68.2,83.2,84.3,66.2,66.4,63.3,73.0,76.4,70.1,67.0,77.6,74.0,69.4,66.4,81.7,,63.3,66.3,68.0,74.4,82.3,84.3,70.4
05-06,69.7,70.2,68.1,81.3,81.7,65.2,65.0,64.0,74.9,75.3,68.9,65.7,76.6,71.9,69.9,65.9,81.6,,64.0,65.1,67.7,75.0,81.4,81.7,69.9
05-07,69.2,70.0,67.6,78.5,79.4,64.2,65.1,63.0,75.0,76.3,68.4,66.8,75.7,71.9,69.4,65.6,81.7,,63.0,64.7,67.5,75.1,78.9,81.7,69.4
05-08,69.1,69.6,66.7,76.8,78.0,62.9,64.3,62.5,73.5,74.3,68.3,65.3,75.8,72.8,69.3,65.0,81.4,,62.5,63.7,66.4,73.7,77.3,81.4,69.3
05-09,69.2,70.1,65.7,74.7,76.9,61.9,63.8,60.3,73.0,73.3,67.2,65.4,79.2,70.9,68.5,64.2,81.0,,60.3,63.0,65.7,73.0,77.8,81.0,69.2
05-10,68.8,69.6,65.2,74.0,80.6,61.8,63.3,60.5,72.5,75.3,66.4,66.7,80.0,70.6,68.3,63.6,80.1,,60.5,62.7,66.2,72.8,80.0,80.6,68.8
05-11,68.2,70.2,64.6,72.7,82.9,60.8,64.0,60.8,74.1,75.1,66.8,65.5,85.4,69.8,67.9,62.5,77.7,,60.8,61.8,65.4,73.0,79.8,85.4,68.2
05-12,67.3,69.8,63.7,72.1,84.2,58.9,64.4,58.6,74.5,73.2,65.9,66.1,82.2,69.8,67.8,61.7,76.6,,58.6,60.6,65.6,72.3,78.8,84.2,67.8
05-13,66.0,69.1,62.7,71.5,82.4,57.0,64.6,69.5,72.9,74.4,66.2,63.6,81.4,69.8,67.7,61.2,75.3,,57.0,62.1,65.8,71.8,77.7,82.4,69.1
05-14,65.8,68.2,61.6,70.9,79.9,57.1,63.4,83.4,72.5,72.7,65.7,64.3,79.5,70.2,67.5,60.3,74.2,,57.1,61.1,65.4,72.5,79.7,83.4,68.2
05-15,65.0,68.2,61.0,70.6,78.6,55.1,62.6,80.4,71.9,71.8,64.8,63.7,78.8,69.2,67.0,58.9,75.2,,55.1,60.1,64.6,71.8,78.7,80.4,68.2
05-16,64.2,67.2,59.8,71.1,77.4,54.2,61.8,77.2,80.8,72.4,63.9,64.0,78.2,68.7,66.4,57.6,75.3,,54.2,58.9,64.0,73.0,77.7,80.8,67.2
05-17,62.8,67.4,58.6,70.1,75.4,52.2,61.3,75.4,78.1,70.2,65.2,62.6,75.8,67.0,65.9,55.9,75.0,,52.2,57.5,62.8,71.1,75.6,78.1,67.0
05-18,61.5,67.2,58.3,70.2,74.6,50.8,60.1,74.4,79.2,70.5,62.7,60.0,75.9,67.5,65.6,54.3,75.7,,50.8,56.7,61.2,71.3,75.8,79.2,67.2
05-19,60.7,66.7,57.2,70.2,76.4,49.7,59.3,72.0,77.8,70.6,63.0,60.5,76.3,66.5,65.4,52.5,75.7,,49.7,55.3,60.7,70.9,76.4,77.8,66.5
05-20,60.8,66.5,55.4,70.1,79.2,48.1,58.1,68.7,77.1,69.9,62.4,60.6,74.9,65.5,64.6,50.7,75.2,,48.1,53.6,60.7,70.0,76.0,79.2,65.5
05-21,59.9,65.1,54.3,70.0,83.9,47.3,57.5,67.2,77.8,70.7,63.9,59.4,77.7,64.9,63.6,49.5,75.5,,47.3,52.4,59.8,70.1,77.8,83.9,64.9
05-22,59.1,64.3,53.7,69.7,82.2,45.4,56.7,65.5,74.6,69.2,63.3,58.3,83.2,64.6,64.0,48.0,75.1,,45.4,51.4,59.0,69.3,77.9,83.2,64.3
05-23,57.5,63.2,53.0,69.0,79.9,44.1,55.9,64.8,74.9,68.8,64.4,59.0,82.6,64.3,63.1,46.7,74.1,,44.1,50.5,58.7,68.8,76.9,82.6,64.3
05-24,56.4,62.4,51.0,68.1,77.8,42.9,54.4,64.8,74.3,67.8,62.4,57.3,81.8,63.0,62.7,45.6,73.6,,42.9,48.8,57.1,67.8,75.7,81.8,62.7
05-25,56.3,62.1,52.0,67.6,76.8,40.8,53.0,63.0,75.1,66.8,63.0,58.1,82.8,61.5,62.4,44.9,72.6,,40.8,49.2,57.8,67.0,75.8,82.8,62.4
05-26,55.6,62.7,50.5,67.6,76.4,40.9,52.1,62.5,74.7,68.0,61.0,56.3,81.1,61.3,61.6,44.2,71.9,,40.9,48.0,56.2,67.7,75.4,81.1,61.6
05-27,54.7,61.9,50.9,67.4,74.9,39.3,49.8,61.3,74.2,67.2,59.7,54.6,80.0,61.9,61.5,42.9,71.2,,39.3,47.1,54.7,67.2,74.5,80.0,61.5
05-28,54.3,62.0,50.3,67.1,74.5,38.6,49.3,62.0,74.9,66.3,59.4,54.3,80.9,61.0,60.8,42.4,70.5,,38.6,46.6,54.3,66.4,74.7,80.9,61.0
05-29,53.1,61.3,50.8,66.9,73.3,38.0,47.9,60.0,75.3,65.1,59.5,53.6,85.0,59.7,60.0,41.6,69.9,,38.0,45.4,53.5,65.5,74.1,85.0,60.0
05-30,52.1,61.1,49.9,66.6,71.9,37.4,46.9,60.3,73.5,65.7,58.6,52.0,82.1,58.1,59.0,40.9,69.4,,37.4,44.5,52.1,65.9,72.5,82.1,59.0
05-31,50.4,60.9,48.9,66.0,71.8,36.6,45.7,59.6,72.2,63.6,55.4,51.4,79.3,57.7,58.8,40.3,68.3,,36.6,43.5,51.2,64.1,71.9,79.3,58.8
06-01,48.2,60.7,48.4,65.7,70.3,36.8,43.9,59.3,72.4,64.0,54.4,49.5,78.8,56.7,58.4,40.1,67.0,,36.8,42.4,49.3,64.4,71.1,78.8,58.4
06-02,45.4,59.3,47.6,65.0,69.2,36.1,42.5,56.8,72.0,62.1,55.3,49.2,78.8,55.9,56.5,39.9,66.3,,36.1,41.5,48.9,62.7,70.3,78.8,56.5
06-03,43.6,58.9,47.9,64.3,68.3,36.2,41.5,56.3,71.8,62.0,52.6,47.1,75.9,53.5,55.9,39.3,65.8,,36.2,40.6,47.7,62.4,69.7,75.9,55.9
06-04,42.3,57.4,46.6,64.1,68.4,35.6,41.5,54.3,69.9,59.7,51.7,46.1,76.1,53.8,55.2,39.1,65.0,,35.6,40.6,46.5,60.6,69.0,76.1,54.3
06-05,40.6,56.2,46.6,63.8,67.2,35.5,40.5,54.1,69.9,58.2,49.8,44.6,75.7,52.2,54.6,38.6,63.7,,35.5,39.8,46.2,59.3,68.3,75.7,54.1
06-06,39.6,55.5,44.9,63.2,66.0,34.5,38.2,51.6,69.2,56.0,47.6,43.3,75.6,50.6,53.5,38.6,63.0,,34.5,38.5,44.6,57.4,67.3,75.6,51.6
06-07,38.9,55.9,44.6,62.2,64.5,34.6,38.6,50.1,69.1,55.4,45.3,43.8,74.8,49.9,52.2,38.4,61.5,,34.6,38.5,44.5,57.0,66.3,74.8,50.1
06-08,38.5,54.6,43.8,61.7,62.8,34.1,37.6,48.1,67.3,53.1,45.7,41.7,74.1,50.1,50.1,38.2,65.3,,34.1,38.0,43.4,56.1,66.1,74.1,50.1
06-09,38.6,54.3,42.5,60.7,62.2,33.0,37.4,45.4,68.9,53.4,43.3,42.2,72.6,48.4,48.8,38.6,63.8,,33.0,38.1,42.4,55.6,65.8,72.6,48.4
06-10,38.8,52.9,42.2,59.3,61.0,33.0,37.2,44.4,66.6,51.5,42.2,41.2,71.3,48.0,47.6,38.0,62.2,,33.0,37.7,42.0,54.2,64.0,71.3,47.6
06-11,37.3,51.6,41.2,58.0,58.9,33.0,36.3,40.7,66.7,49.9,41.3,40.8,69.9,47.2,46.5,38.0,60.4,,33.0,36.9,40.8,52.9,62.9,69.9,46.5
06-12,37.0,51.1,41.0,56.4,56.9,32.3,35.5,40.0,67.6,47.4,39.9,41.4,69.8,47.0,47.3,37.9,58.4,,32.3,36.4,39.9,52.2,62.1,69.8,47.0
06-13,36.1,50.2,40.2,55.0,54.9,32.7,35.2,37.0,67.7,44.9,40.8,41.5,67.2,46.1,45.3,37.2,57.3,,32.7,35.7,39.6,51.1,61.3,67.7,44.9
06-14,36.0,48.6,38.9,54.2,53.5,32.6,34.6,35.5,67.6,45.0,39.8,39.3,66.0,44.7,44.7,36.8,56.8,,32.6,35.1,38.5,49.6,60.5,67.6,44.7
06-15,36.3,47.7,38.4,54.2,52.3,31.8,34.2,35.0,64.3,43.6,40.3,38.0,65.1,44.7,44.1,36.5,55.5,,31.8,34.7,37.7,48.6,59.0,65.1,43.6
06-16,35.4,46.9,38.9,53.5,50.1,32.5,28.0,32.8,64.6,42.2,39.8,39.7,61.1,44.3,44.8,36.5,54.2,,28.0,32.6,38.5,47.5,57.0,64.6,42.2
06-17,35.0,44.8,38.1,52.1,48.6,31.4,26.8,32.8,65.6,42.3,38.8,38.1,60.2,43.7,42.1,36.3,53.5,,26.8,32.2,37.7,45.5,56.2,65.6,42.1
06-18,34.7,44.0,37.4,49.8,46.6,30.3,26.6,31.8,64.1,42.2,38.5,39.3,60.7,43.2,41.6,36.1,53.2,,26.6,31.2,37.1,44.5,56.2,64.1,41.6
06-19,34.2,42.6,37.3,48.6,45.4,30.7,26.8,31.0,61.0,41.5,38.4,38.3,60.7,42.5,42.2,35.8,52.2,,26.8,30.9,37.0,43.2,55.6,61.0,41.5
06-20,33.3,41.9,37.7,48.1,43.3,30.4,26.8,29.5,58.7,40.4,37.9,37.9,60.3,42.1,41.2,35.8,50.4,,26.8,30.1,37.3,42.3,53.7,60.3,40.4
06-21,33.1,41.1,36.9,46.9,42.0,30.8,25.8,29.8,55.2,40.8,37.8,37.8,59.4,41.4,41.7,35.1,49.4,,25.8,30.4,36.5,41.8,51.7,59.4,40.8
06-22,33.6,39.9,37.3,45.2,41.6,30.5,25.3,28.5,53.0,40.8,38.4,38.7,60.2,41.3,42.6,35.1,47.8,,25.3,29.7,36.8,41.8,49.9,60.2,39.9
06-23,33.1,38.2,36.5,44.2,40.7,30.7,25.6,28.3,51.7,39.2,36.7,37.7,59.1,39.8,40.4,34.6,46.8,,25.6,29.7,36.1,40.4,48.8,59.1,38.2
06-24,32.6,38.3,35.8,43.0,38.7,29.2,25.8,28.8,49.8,38.5,35.5,37.9,57.5,40.9,40.2,34.3,46.0,,25.8,29.0,35.3,40.4,47.5,57.5,38.3
06-25,32.1,35.7,36.7,40.9,38.3,28.6,24.8,27.3,46.0,38.8,37.1,37.7,56.2,41.7,40.7,34.7,44.7,,24.8,28.1,35.5,40.8,45.2,56.2,37.7
06-26,31.6,35.9,35.4,39.9,36.9,29.9,25.1,27.3,44.4,38.3,35.2,37.4,53.6,40.3,39.2,33.8,44.2,,25.1,28.9,34.9,39.4,44.3,53.6,36.9
06-27,31.7,36.0,34.5,39.0,36.0,30.4,24.8,27.3,41.9,37.9,36.1,36.9,52.7,39.6,38.6,33.2,44.0,,24.8,29.2,34.2,38.7,42.8,52.7,36.1
06-28,30.4,34.4,35.5,38.9,35.5,29.5,24.8,26.1,39.8,38.0,36.1,36.4,51.4,39.5,40.4,33.7,43.4,,24.8,28.1,34.3,39.0,41.6,51.4,36.1
06-29,31.0,34.1,35.0,37.9,34.6,28.8,25.6,25.8,40.2,38.7,36.9,36.0,49.6,39.2,39.6,33.4,43.2,,25.6,27.6,34.0,38.8,41.4,49.6,36.0
06-30,29.9,32.6,34.4,37.1,34.7,29.1,24.3,26.3,38.2,37.8,34.9,36.1,46.1,38.2,38.8,28.5,42.2,,24.3,27.6,32.1,37.9,40.2,46.1,34.9
07-01,29.4,32.2,34.0,36.3,33.9,29.0,24.8,26.3,39.1,38.1,36.8,36.1,46.2,39.0,39.1,30.6,42.2,,24.8,27.9,31.9,38.3,40.3,46.2,36.1
07-02,29.7,32.0,34.0,36.0,32.8,28.4,23.8,25.3,37.6,37.5,35.2,35.2,46.7,38.5,38.0,31.1,41.9,,23.8,27.2,31.8,37.5,39.9,46.7,35.2
07-03,29.6,33.2,32.8,36.0,33.9,28.3,24.1,24.6,41.8,37.4,35.6,34.6,44.5,38.9,39.3,31.7,42.4,,24.1,26.8,32.6,37.7,42.0,44.5,34.6
07-04,29.3,31.8,32.5,35.0,32.7,28.6,24.1,25.3,40.0,36.5,34.0,35.7,43.3,38.3,39.5,31.7,44.2,,24.1,27.3,31.8,36.8,41.3,44.2,34.0
07-05,29.9,32.2,33.0,34.7,32.3,27.1,24.1,24.3,38.5,37.0,33.2,34.0,43.3,38.6,38.2,31.5,44.2,,24.1,26.0,32.1,37.2,40.5,44.2,33.2
07-06,29.2,31.2,33.6,35.0,32.2,27.5,23.3,23.6,39.5,37.9,33.5,33.9,42.9,37.7,38.7,31.7,43.5,,23.3,25.9,31.6,37.8,40.9,43.5,33.6
07-07,27.7,30.8,33.0,34.6,31.4,27.6,23.6,22.8,82.1,37.0,34.4,35.2,42.6,38.1,39.0,31.8,43.8,,22.8,26.0,31.3,37.2,43.0,82.1,34.4
07-08,28.4,30.3,32.5,34.0,31.3,26.5,23.1,25.1,80.2,37.8,34.2,33.1,39.5,37.9,39.1,32.1,43.5,,23.1,25.9,31.1,37.8,41.1,80.2,33.1
07-09,27.9,31.7,33.5,33.7,30.4,27.1,23.3,23.6,83.0,35.0,34.0,34.0,39.9,37.9,38.9,32.5,43.1,,23.3,25.7,31.5,35.6,41.2,83.0,33.7
07-10,27.8,32.0,32.7,32.6,35.7,26.5,23.8,23.8,80.0,36.4,33.8,34.1,40.8,37.1,38.9,32.7,43.3,,23.8,25.4,32.5,36.6,41.8,80.0,33.8
07-11,28.3,30.7,32.2,32.6,39.3,26.6,23.6,23.1,77.7,36.0,33.8,34.1,38.8,38.3,38.1,32.1,43.6,,23.1,25.4,31.8,38.1,41.0,77.7,33.8
07-12,26.5,30.4,31.4,32.1,40.5,26.3,23.6,24.8,74.2,34.7,32.8,34.7,38.5,37.5,38.4,31.6,43.8,,23.6,25.7,31.2,37.7,41.8,74.2,32.8
07-13,27.3,29.9,31.2,33.6,41.6,26.4,23.6,25.6,73.5,36.8,31.7,32.3,38.1,36.9,38.0,30.7,44.0,,23.6,26.0,30.5,37.1,42.6,73.5,32.3
07-14,26.6,28.9,31.2,33.7,41.3,26.2,22.6,26.6,72.3,36.2,49.2,30.5,39.0,36.4,37.2,31.0,44.4,,22.6,26.4,30.1,37.6,46.3,72.3,33.7
07-15,27.1,29.8,31.3,33.3,41.7,25.3,23.3,24.8,70.1,35.1,47.1,77.9,38.9,36.9,36.7,30.8,44.6,,23.3,25.1,30.6,39.5,56.3,77.9,35.1
07-16,25.5,29.3,31.5,32.0,40.6,25.6,24.3,24.6,67.4,35.5,46.6,77.6,37.7,35.7,34.9,31.5,44.5,,24.3,25.1,31.0,38.3,54.9,77.6,34.9
07-17,27.5,31.2,31.2,32.6,40.9,25.9,21.3,27.3,64.7,34.6,46.3,77.0,37.8,36.5,35.0,31.2,44.4,,21.3,26.7,31.2,38.4,53.7,77.0,34.6
07-18,26.5,30.8,30.8,32.2,40.2,30.9,21.8,27.0,65.0,35.5,45.1,78.2,37.9,35.2,36.1,31.2,44.7,,21.8,26.8,30.9,38.3,53.0,78.2,35.2
07-19,26.9,30.4,29.6,32.3,39.9,33.3,53.8,26.3,82.9,32.1,43.0,77.2,35.6,35.6,36.8,31.7,44.9,,26.3,28.5,32.0,40.5,63.2,82.9,35.6
07-20,26.7,32.1,30.4,32.3,40.4,33.4,64.3,26.1,80.8,34.5,43.1,75.8,37.0,36.2,37.7,32.7,44.6,,26.1,28.9,32.6,41.0,68.9,80.8,36.2
07-21,27.0,30.3,29.3,32.0,39.2,35.1,63.0,26.6,79.4,33.1,43.4,76.5,37.4,34.7,36.3,31.8,44.3,,26.6,28.4,31.9,40.1,68.4,79.4,35.1
07-22,26.1,31.1,28.2,32.1,39.1,35.7,63.8,26.6,78.5,34.9,47.9,75.5,36.0,35.2,36.3,31.8,43.7,,26.1,27.5,32.0,40.0,68.5,78.5,35.7
07-23,26.3,31.6,29.6,33.1,38.0,34.7,62.5,26.8,76.0,33.5,44.7,74.0,36.8,34.3,35.8,32.1,43.5,,26.3,28.5,32.9,39.1,67.1,76.0,34.7
07-24,26.9,32.9,29.7,33.1,37.2,40.0,61.5,27.8,74.3,33.0,43.8,72.0,36.3,34.1,36.2,32.1,44.1,,26.9,28.9,33.0,40.7,65.7,74.3,36.2
07-25,25.6,32.0,29.8,31.8,35.0,44.5,61.0,27.3,72.5,34.1,43.6,71.3,35.4,33.7,35.8,32.1,44.6,,25.6,28.8,32.1,43.8,65.1,72.5,35.0
07-26,25.2,31.7,30.2,31.8,35.0,43.7,58.6,26.6,68.1,34.0,41.0,70.6,35.2,40.5,36.1,31.1,44.5,,25.2,28.7,31.8,41.6,62.4,70.6,35.2
07-27,25.3,31.1,30.3,32.1,34.0,43.6,58.3,26.1,66.3,33.2,40.5,69.7,36.1,37.9,41.6,30.9,44.6,,25.3,28.6,31.9,42.0,61.5,69.7,36.1
07-28,27.0,31.2,29.2,31.6,33.6,43.8,55.3,25.1,65.1,32.5,42.7,68.7,35.4,39.0,46.1,30.9,45.1,,25.1,28.3,31.5,44.1,59.2,68.7,35.4
07-29,27.5,31.7,29.1,34.8,33.8,43.6,61.8,25.8,62.5,33.5,41.0,67.8,36.4,37.4,47.5,30.9,45.0,,25.8,28.4,33.1,43.8,62.1,67.8,36.4
07-30,27.2,31.5,28.3,47.9,34.0,41.7,67.0,25.1,60.3,44.3,41.0,67.8,35.5,39.3,49.2,30.8,45.6,,25.1,27.9,33.5,46.1,63.0,67.8,41.0
07-31,26.4,32.3,28.4,64.9,33.6,42.0,66.7,25.3,59.3,36.7,39.3,67.4,34.6,39.8,51.7,31.2,45.2,,25.3,27.6,33.4,46.5,65.6,67.4,39.3
08-01,27.1,32.1,29.2,74.7,33.1,43.8,64.3,25.8,57.2,35.4,39.5,65.6,34.2,39.2,52.6,31.2,44.2,,25.8,28.4,32.9,45.9,64.8,74.7,39.2
08-02,26.0,32.6,28.7,74.0,33.6,49.1,62.5,25.8,55.9,35.3,40.0,65.1,33.6,39.3,52.9,31.4,42.8,,25.8,27.6,33.4,49.9,63.6,74.0,39.3
08-03,26.7,31.8,29.2,75.8,32.9,65.7,61.0,26.1,54.3,34.7,38.5,66.3,33.4,39.6,54.4,31.7,42.1,,26.1,28.2,32.7,54.3,65.9,75.8,38.5
08-04,27.6,31.5,28.7,74.6,31.7,65.0,59.3,23.6,51.8,34.5,38.4,70.4,35.4,39.2,53.8,31.5,41.9,,23.6,28.3,31.7,52.2,67.2,74.6,38.4
08-05,29.4,30.8,29.9,71.3,32.5,66.7,58.8,26.6,51.0,36.8,39.0,68.9,33.5,39.3,51.4,31.6,42.6,,26.6,29.7,32.3,51.1,67.6,71.3,39.0
08-06,30.6,30.9,28.8,70.3,32.7,67.9,57.6,22.8,50.5,32.0,40.2,69.9,35.9,39.2,51.3,32.1,43.5,,22.8,29.9,32.1,50.7,68.7,70.3,39.2
08-07,31.0,29.8,29.3,68.4,32.3,72.6,56.3,24.1,46.0,33.5,39.0,68.7,34.5,38.8,51.3,32.3,43.7,,24.1,29.6,32.3,47.0,68.5,72.6,38.8
08-08,32.8,30.2,29.1,67.2,31.8,72.2,54.3,24.8,47.4,33.9,39.7,66.4,35.5,37.5,50.2,33.4,44.2,,24.8,29.7,33.2,48.0,66.7,72.2,37.5
08-09,32.4,30.2,29.7,66.8,31.5,70.3,53.6,24.8,43.2,35.9,38.8,65.1,37.3,37.6,50.4,33.1,44.0,,24.8,30.0,33.0,45.2,65.8,70.3,37.6
08-10,33.0,29.5,29.4,65.1,31.7,68.3,51.9,25.6,46.0,33.8,37.4,62.8,36.4,37.2,49.7,33.2,44.0,,25.6,29.5,33.2,46.8,63.7,68.3,37.2
08-11,33.3,29.6,29.3,64.1,31.8,66.0,52.1,25.1,42.8,33.9,39.1,61.5,36.1,38.1,48.7,33.2,43.2,,25.1,29.5,33.3,44.3,62.6,66.0,38.1
08-12,33.6,31.1,29.2,63.0,31.4,64.9,50.4,25.3,44.4,33.6,35.8,60.8,38.8,37.3,48.5,33.6,42.6,,25.3,30.3,33.6,45.2,61.7,64.9,37.3
08-13,33.1,31.3,27.4,61.8,30.3,64.4,50.1,26.6,43.8,32.3,36.4,59.0,35.2,36.5,47.6,32.6,41.8,,26.6,29.1,32.5,44.6,60.1,64.4,36.4
08-14,32.2,29.9,28.9,60.5,30.7,62.5,48.4,24.6,67.8,34.1,35.9,58.5,36.4,37.2,46.7,32.6,40.7,,24.6,29.5,32.5,47.0,61.3,67.8,36.4
08-15,31.7,32.2,28.4,58.9,29.6,62.3,47.6,25.6,63.5,35.4,36.0,56.2,37.3,36.5,46.2,32.7,41.3,,25.6,29.1,32.6,46.5,60.2,63.5,36.5
08-16,31.5,32.5,28.8,58.2,29.9,62.3,46.7,27.0,63.5,34.0,35.9,57.6,36.9,36.1,46.2,32.7,42.1,,27.0,29.5,32.7,46.3,59.9,63.5,36.1
08-17,30.5,31.3,27.8,56.5,30.6,61.1,44.9,27.0,60.9,35.9,35.4,55.8,35.6,35.2,45.2,32.5,42.0,,27.0,29.4,32.2,45.0,58.2,61.1,35.6
08-18,30.2,31.3,28.9,55.5,30.1,62.5,43.9,27.0,58.5,33.5,34.8,56.0,35.4,36.1,53.7,32.6,42.3,,27.0,29.6,32.3,45.9,57.0,62.5,35.4
08-19,30.2,30.8,28.4,53.6,29.4,63.4,41.2,27.8,56.2,32.7,34.7,55.0,36.4,36.0,76.1,32.7,40.9,,27.8,29.0,32.3,43.7,59.1,76.1,36.0
08-20,30.7,31.5,27.9,51.9,29.9,62.0,42.7,27.0,55.9,32.6,34.7,52.6,35.9,35.5,73.7,32.6,41.1,,27.0,29.1,32.4,44.5,58.4,73.7,35.5
08-21,31.7,30.6,28.0,51.2,30.1,61.8,41.4,26.8,52.5,33.3,35.5,50.7,35.8,34.5,71.9,32.5,40.2,,26.8,29.2,32.3,43.3,56.2,71.9,35.5
08-22,31.2,31.0,28.3,51.4,30.3,61.0,41.4,25.8,50.1,34.4,34.0,51.3,35.9,35.5,70.8,32.3,39.6,,25.8,29.5,32.1,43.2,55.3,70.8,35.5
08-23,31.3,30.6,28.2,50.8,29.6,61.8,40.0,24.3,48.1,31.7,40.3,49.4,35.4,35.1,69.5,33.2,61.6,,24.3,29.0,31.6,48.4,61.7,69.5,35.4
08-24,32.3,31.1,27.1,50.7,28.9,61.0,39.0,26.1,47.3,46.6,40.0,67.2,34.7,34.2,68.2,33.7,61.3,,26.1,28.2,33.5,48.0,63.7,68.2,39.0
08-25,32.1,29.8,27.4,49.0,28.5,61.5,40.0,26.1,45.7,51.0,38.1,65.0,35.3,34.2,67.4,34.0,61.2,,26.1,28.1,33.6,49.4,62.9,67.4,38.1
08-26,30.3,29.1,26.4,48.5,27.9,62.7,39.2,25.3,43.9,52.3,35.3,64.6,34.7,32.9,66.6,33.7,61.5,,25.3,27.3,32.4,49.3,63.5,66.6,35.3
08-27,31.5,28.7,26.1,47.6,31.6,64.8,81.6,25.8,44.3,51.0,35.2,64.0,35.5,33.8,65.7,33.5,61.5,,25.8,27.6,33.1,53.1,65.2,81.6,35.5
08-28,29.0,29.4,26.4,46.2,30.9,64.4,81.1,54.3,46.6,51.7,34.9,62.5,34.7,34.5,65.0,33.9,61.0,,26.4,29.3,34.3,55.7,64.6,81.1,46.2
08-29,29.9,29.1,27.5,44.5,32.4,63.9,78.4,56.3,44.7,55.5,34.5,61.8,34.6,33.7,64.1,34.1,60.5,,27.5,29.6,34.0,57.2,64.0,78.4,44.5
08-30,30.7,29.7,27.6,44.0,33.1,62.5,75.2,57.1,47.3,54.8,35.8,60.7,33.1,35.0,62.8,34.4,60.0,,27.6,30.3,34.1,57.7,62.6,75.2,44.0
08-31,30.1,28.7,26.4,43.1,33.3,65.5,80.6,56.6,46.4,53.8,35.4,60.2,34.0,33.7,61.9,34.8,59.5,,26.4,29.5,33.9,57.2,63.4,80.6,43.1
09-01,30.1,27.5,26.0,41.7,34.1,66.5,78.4,56.1,44.4,53.9,34.4,58.5,33.8,33.4,60.9,35.6,59.1,,26.0,29.1,34.0,56.6,63.1,78.4,41.7
09-02,30.6,27.8,26.5,41.4,34.5,68.5,77.9,55.1,44.8,53.9,33.1,58.6,34.3,34.0,60.9,35.6,58.1,,26.5,29.5,34.3,55.7,63.9,77.9,41.4
09-03,30.3,27.8,25.4,41.8,34.2,68.3,76.7,53.3,45.5,53.9,34.5,56.8,33.6,32.8,61.3,35.6,60.1,,25.4,29.3,34.1,54.5,64.1,76.7,41.8
09-04,30.0,27.1,25.5,40.4,34.8,67.0,73.4,53.3,43.9,51.6,33.0,57.3,34.0,33.6,61.0,35.6,60.4,,25.5,28.9,33.9,54.1,63.4,73.4,40.4
09-05,31.2,28.2,25.0,38.8,34.3,65.1,72.2,52.9,42.9,52.3,34.2,56.9,34.5,34.3,60.5,35.9,60.5,,25.0,30.0,34.3,53.7,62.4,72.2,38.8
09-06,30.3,28.7,25.7,39.2,33.8,64.4,69.7,51.4,42.7,51.9,34.6,53.9,33.6,33.3,60.4,36.0,59.2,,25.7,29.7,33.8,52.3,62.0,69.7,39.2
09-07,29.8,29.3,25.7,37.8,32.3,62.1,67.7,51.1,45.4,50.8,33.6,55.1,34.0,33.3,59.9,36.0,59.0,,25.7,29.6,33.6,51.9,60.8,67.7,37.8
09-08,30.1,27.5,25.1,35.7,32.8,60.8,66.5,49.9,44.8,50.2,35.4,53.9,33.6,33.1,59.1,35.6,58.2,,25.1,29.0,33.5,50.9,59.8,66.5,35.7
09-09,30.8,27.9,25.3,35.1,32.4,58.9,65.5,48.1,42.9,50.1,34.0,53.0,33.8,31.3,58.2,35.1,57.6,,25.3,29.7,33.6,50.7,58.5,65.5,35.1
09-10,29.7,27.4,24.1,34.1,32.0,57.0,64.5,83.4,41.4,50.0,32.1,53.3,32.2,30.1,57.4,34.5,57.4,,24.1,28.8,32.1,54.0,60.3,83.4,34.5
09-11,29.3,27.4,25.0,34.4,30.9,55.6,86.6,78.2,42.3,49.5,33.2,50.9,33.6,30.8,56.6,34.0,56.7,,25.0,28.5,32.8,51.9,65.3,86.6,34.4
09-12,28.8,26.5,24.3,34.2,31.0,78.5,87.1,74.7,42.1,48.0,34.4,49.7,31.8,31.0,55.7,33.7,55.9,,24.3,27.9,31.6,50.9,76.2,87.1,34.4
09-13,29.5,26.3,24.7,33.3,33.0,75.8,83.9,72.5,40.5,47.6,32.4,48.3,33.0,30.7,54.7,33.8,55.5,,24.7,28.2,32.8,49.6,73.8,83.9,33.8
09-14,30.2,26.8,25.0,33.5,34.3,72.7,81.6,69.5,41.6,46.5,32.5,46.0,30.4,32.2,53.9,33.6,54.7,,25.0,28.8,32.4,48.0,70.8,81.6,34.3
09-15,29.6,27.0,23.8,33.0,35.9,69.8,79.7,68.5,54.3,46.1,46.1,46.1,31.6,30.8,52.4,33.5,53.4,,23.8,28.5,32.7,52.6,69.0,79.7,46.1
09-16,28.5,27.0,23.8,33.2,38.5,68.3,78.7,65.8,81.7,45.6,43.6,43.2,31.6,30.4,51.5,32.8,53.5,,23.8,27.9,32.6,51.9,72.4,81.7,43.2
09-17,27.9,26.6,23.8,33.0,40.9,66.1,76.9,64.0,78.8,44.4,41.1,43.9,32.5,30.8,49.9,33.1,53.1,,23.8,27.4,32.9,50.5,70.4,78.8,41.1
09-18,27.6,27.0,24.7,32.6,41.0,63.9,75.2,63.8,76.7,43.3,39.5,43.3,32.0,31.5,49.0,33.5,52.9,,24.7,27.4,32.5,49.8,68.4,76.7,41.0
09-19,27.4,25.6,24.5,32.3,41.7,62.2,72.7,62.5,75.2,43.5,38.8,42.6,30.6,30.3,48.1,33.5,52.9,,24.5,26.7,32.0,49.1,66.6,75.2,41.7
09-20,27.0,26.4,24.0,31.6,40.5,61.2,72.2,62.3,73.8,44.3,39.6,40.9,31.6,32.3,47.4,33.6,52.4,,24.0,26.8,32.2,48.4,66.3,73.8,40.5
09-21,27.2,26.4,24.2,31.7,41.3,59.1,70.5,61.8,72.3,41.4,40.4,39.6,32.2,31.8,46.9,33.2,51.6,,24.2,26.8,32.1,47.8,65.3,72.3,40.4
09-22,26.2,26.6,23.3,31.6,40.8,57.4,68.5,62.0,70.9,40.3,36.6,40.4,30.4,30.8,46.1,33.2,51.2,,23.3,26.5,31.4,47.1,64.6,70.9,40.3
09-23,25.2,26.1,23.5,29.9,39.6,55.8,68.5,64.8,69.9,78.9,35.9,39.5,31.7,29.9,45.6,33.5,49.8,,23.5,25.8,31.3,51.0,69.0,78.9,39.5
09-24,28.3,25.7,24.2,29.5,40.3,54.4,67.2,63.3,69.4,78.3,36.8,39.0,30.5,31.5,44.9,33.0,49.0,,24.2,27.3,31.3,50.1,68.1,78.3,39.0
09-25,30.6,26.3,24.4,29.7,39.5,52.6,66.3,63.8,68.6,78.2,35.6,37.2,31.2,31.4,44.5,33.0,48.3,,24.4,28.3,31.4,49.1,67.2,78.2,37.2
09-26,31.3,25.9,24.5,29.9,40.1,52.5,64.8,61.8,67.8,76.9,35.4,37.3,31.0,29.4,43.6,33.3,47.5,,24.5,28.0,31.2,48.5,66.0,76.9,37.3
09-27,32.5,24.7,23.9,30.1,38.9,51.1,63.8,59.9,67.8,74.5,33.6,36.6,30.1,29.6,43.4,33.5,47.0,,23.9,27.7,32.0,47.8,65.4,74.5,36.6
09-28,33.2,25.4,23.3,29.5,38.4,51.6,64.0,82.2,65.9,72.1,33.8,37.1,30.3,29.9,42.9,33.5,46.7,,23.3,27.9,32.6,47.7,68.4,82.2,37.1
09-29,34.0,24.5,23.6,29.9,39.1,51.1,63.0,80.2,65.9,73.0,34.3,36.7,30.3,29.9,42.5,33.3,46.1,,23.6,27.7,32.7,47.1,68.8,80.2,36.7
09-30,33.1,24.6,24.4,29.3,38.3,50.7,62.8,78.3,63.5,72.0,32.5,36.3,28.4,29.4,41.6,33.5,45.6,,24.4,26.9,31.9,46.6,66.9,78.3,36.3
