date,2010,2011,2012,2013,2014,2015,2016,2017,2018,2019,2020,2021,2022,2023,2024,Min,10%,30%,70%,90%,Max,Median (POR)
10-01,45.9,51.5,58.3,50.4,75.2,88.6,51.5,84.9,71.4,26.7,76.0,42.6,74.2,62.5,64.7,26.7,43.6,51.4,74.3,82.3,88.6,60.4
10-02,45.6,51.0,57.6,49.6,74.5,86.4,51.0,84.1,70.0,27.2,74.1,41.6,73.7,59.8,76.3,27.2,42.8,50.8,73.8,81.2,86.4,58.7
10-03,43.3,50.3,56.4,48.7,74.0,86.1,50.6,85.5,68.6,38.8,71.8,41.3,72.9,62.0,77.5,38.8,41.9,50.2,71.9,82.1,86.1,59.2
10-04,44.2,49.8,55.5,46.7,73.5,85.6,65.5,83.9,69.4,47.4,70.5,40.1,72.2,59.2,76.9,40.1,45.0,49.6,70.7,80.8,85.6,62.3
10-05,44.0,49.7,55.7,46.6,73.3,85.1,64.4,82.4,68.4,47.1,69.4,39.6,71.1,58.3,76.0,39.6,44.8,49.4,69.6,79.7,85.1,61.3
10-06,43.5,49.3,57.0,45.9,75.9,85.0,64.1,81.2,68.3,45.6,68.0,39.0,72.7,57.2,75.8,39.0,44.2,49.0,68.7,79.6,85.0,60.7
10-07,43.2,52.0,56.6,44.9,76.3,84.9,63.7,80.6,67.5,44.4,66.8,38.1,74.7,56.7,75.8,38.1,43.6,51.3,68.2,79.3,84.9,60.2
10-08,42.7,48.0,58.0,44.0,75.7,84.5,62.9,79.9,67.7,43.9,65.9,38.1,74.8,56.2,76.6,38.1,43.0,47.6,68.5,78.6,84.5,60.5
10-09,43.0,60.1,60.0,44.1,75.1,84.2,61.9,79.7,68.0,43.7,65.0,37.6,76.6,55.9,76.0,37.6,43.2,54.7,68.7,78.7,84.2,61.0
10-10,42.7,60.0,62.1,44.0,74.6,83.9,61.4,79.4,67.0,43.4,64.5,36.9,75.2,55.4,75.4,36.9,42.9,54.2,67.8,78.1,83.9,61.8
10-11,42.2,60.5,64.2,43.2,74.2,83.2,60.3,79.4,68.5,49.5,63.5,36.6,74.2,55.8,75.6,36.6,42.5,55.2,69.1,77.8,83.2,62.0
10-12,42.6,59.1,65.6,42.2,75.4,82.4,59.5,79.0,71.4,51.6,62.5,35.7,73.2,55.0,74.8,35.7,42.3,54.7,71.6,78.0,82.4,61.0
10-13,42.9,57.5,67.1,42.8,74.2,82.1,59.0,78.5,70.7,52.2,61.7,35.5,72.8,54.4,74.3,35.5,42.9,54.2,70.9,77.2,82.1,60.4
10-14,42.3,54.9,68.9,43.2,74.0,81.5,58.3,78.0,69.6,53.8,60.2,35.3,72.3,54.5,73.0,35.3,42.6,54.5,69.9,76.8,81.5,59.3
10-15,43.0,54.2,71.5,44.3,73.7,80.8,57.7,78.0,68.5,53.9,59.7,34.8,71.6,53.7,71.9,34.8,43.4,53.9,71.5,76.7,80.8,58.7
10-16,43.2,53.6,73.6,44.0,73.6,80.6,56.9,77.9,67.4,53.1,59.3,34.7,70.7,53.5,,34.7,43.5,53.4,71.0,76.6,80.6,58.1
10-17,42.7,53.0,75.5,47.9,73.1,79.4,56.4,77.6,66.6,52.3,59.0,33.9,70.6,53.3,,33.9,44.2,53.0,70.8,77.0,79.4,57.7
10-18,43.5,53.0,76.8,46.3,72.8,78.9,56.1,77.3,65.9,52.4,58.9,34.2,70.2,53.0,,34.2,44.3,52.9,70.5,77.1,78.9,57.5
10-19,42.1,52.5,77.7,46.1,72.1,78.7,58.8,76.8,65.4,52.2,58.5,33.7,70.5,57.0,,33.7,43.3,52.5,70.6,77.4,78.7,58.6
10-20,43.0,52.5,78.4,45.4,71.7,78.4,63.4,75.8,64.9,52.2,58.0,33.8,70.3,57.3,,33.8,43.7,52.5,70.4,77.6,78.4,60.7
10-21,43.7,51.1,79.4,48.3,71.1,78.3,63.5,74.8,64.6,51.7,57.9,33.5,69.7,56.8,,33.5,45.1,51.7,69.8,77.3,79.4,60.7
10-22,43.4,51.7,80.1,51.6,70.9,78.6,63.9,74.5,63.9,54.3,57.4,33.7,71.2,57.0,,33.7,45.8,54.0,70.9,77.4,80.1,60.6
10-23,43.3,50.5,81.0,53.0,69.7,77.7,64.1,74.7,63.8,54.6,57.3,32.7,72.7,57.1,,32.7,45.5,54.5,70.0,76.8,81.0,60.5
10-24,43.1,51.3,81.5,50.8,69.4,77.0,63.0,74.8,63.4,55.1,56.6,32.4,72.7,56.9,,32.4,45.4,54.7,69.8,76.4,81.5,60.0
10-25,43.2,51.4,82.1,48.7,67.8,76.4,61.1,76.8,62.6,55.1,56.4,32.5,72.7,56.8,,32.5,44.9,54.7,68.3,76.7,82.1,58.9
10-26,43.1,52.6,82.7,48.6,67.7,76.2,60.9,75.6,62.4,55.1,56.4,32.4,80.4,57.2,,32.4,44.7,54.9,68.5,79.2,82.7,59.0
10-27,42.4,52.5,82.6,47.5,66.6,75.8,60.5,74.2,62.2,54.9,56.1,32.2,84.9,56.8,,32.2,43.9,54.7,67.4,80.6,84.9,58.6
10-28,42.2,51.9,82.4,46.4,66.8,73.9,58.7,74.1,61.6,68.4,56.1,32.5,84.4,57.5,,32.5,43.5,55.7,69.0,79.9,84.4,60.1
10-29,42.2,52.0,81.4,46.2,65.9,70.9,57.5,75.3,61.2,68.1,55.6,32.4,84.5,57.2,,32.4,43.4,55.2,68.3,79.6,84.5,59.4
10-30,42.4,51.0,81.3,45.9,66.3,68.7,56.9,74.7,60.8,66.9,55.0,32.0,83.5,56.8,,32.0,43.5,54.6,67.1,79.3,83.5,58.9
10-31,41.8,50.5,81.2,45.7,65.8,67.7,56.0,75.1,60.3,66.5,54.2,31.2,84.1,56.9,,31.2,43.0,53.8,66.6,79.4,84.1,58.6
11-01,42.4,51.9,81.4,45.1,65.8,67.8,56.8,74.4,59.6,65.5,53.7,30.8,84.4,56.4,,30.8,43.2,53.5,66.0,79.3,84.4,58.2
11-02,41.2,49.3,81.1,45.2,65.2,70.0,56.2,74.1,59.1,65.4,53.4,31.4,84.4,56.3,,31.4,42.4,53.0,65.8,79.0,84.4,57.7
11-03,42.5,51.3,80.6,44.7,65.4,71.9,56.1,73.6,59.5,65.2,53.0,30.5,84.6,56.3,,30.5,43.2,52.9,66.1,78.5,84.6,57.9
11-04,41.6,50.2,80.7,43.7,64.9,72.3,55.6,72.9,58.8,64.8,52.9,30.8,84.3,56.2,,30.8,42.2,52.6,65.7,78.4,84.3,57.5
11-05,42.1,50.7,80.9,43.5,64.9,72.0,55.4,72.9,58.2,63.9,52.8,30.7,83.9,56.3,,30.7,42.5,52.6,65.6,78.5,83.9,57.3
11-06,41.9,50.7,80.9,43.6,64.5,71.7,55.0,72.7,57.7,64.1,52.8,31.2,83.3,57.2,,31.2,42.4,52.6,65.2,78.4,83.3,57.5
11-07,42.6,50.0,80.7,43.4,64.2,71.4,54.6,72.6,57.6,63.1,50.8,30.2,83.3,56.7,,30.2,42.8,50.7,64.9,78.3,83.3,57.1
11-08,42.6,50.7,80.8,43.0,63.9,71.2,54.5,72.5,57.9,62.7,50.3,30.8,83.3,56.6,,30.8,42.7,50.7,64.6,78.3,83.3,57.2
11-09,43.4,49.4,80.6,42.6,63.7,70.9,54.0,71.9,57.0,62.4,49.4,31.5,83.3,56.7,,31.5,42.8,49.4,64.4,78.0,83.3,56.9
11-10,42.8,48.7,79.9,42.9,63.4,70.7,53.7,71.9,56.6,61.9,48.7,30.7,82.6,56.5,,30.7,42.9,48.7,64.1,77.5,82.6,56.5
11-11,43.3,49.7,79.4,42.1,62.9,70.9,53.7,71.5,57.4,60.6,47.4,31.3,82.5,56.5,,31.3,42.5,49.5,63.7,77.0,82.5,57.0
11-12,43.5,49.3,79.2,42.4,62.7,70.8,53.5,71.4,56.7,58.6,47.5,31.5,82.0,56.9,,31.5,42.8,49.1,63.5,76.9,82.0,56.8
11-13,43.1,48.9,79.1,42.4,62.8,70.4,53.1,71.0,55.8,57.6,46.0,31.3,82.0,56.5,,31.3,42.6,48.6,63.6,76.6,82.0,56.2
11-14,43.7,50.1,78.6,42.8,62.1,69.8,53.3,71.2,54.5,56.7,45.4,30.9,82.0,56.6,,30.9,43.1,49.6,62.8,76.4,82.0,55.6
11-15,43.6,49.1,78.4,42.2,62.3,69.6,53.1,70.9,54.0,55.5,44.3,31.5,81.7,56.8,,31.5,42.6,48.6,63.0,76.2,81.7,54.7
11-16,43.8,49.3,78.2,43.2,62.4,68.9,53.0,70.5,51.9,55.3,44.0,30.6,81.8,56.7,,30.6,43.4,48.8,63.0,75.9,81.8,54.2
11-17,43.8,48.7,77.4,42.1,61.6,68.1,52.7,70.2,51.5,53.9,44.4,31.1,81.7,56.2,,31.1,42.6,48.3,62.3,75.3,81.7,53.3
11-18,43.5,49.8,76.4,41.8,61.5,67.2,52.7,70.4,51.8,54.7,44.0,31.6,80.3,56.6,,31.6,42.3,49.2,62.1,74.6,80.3,53.7
11-19,43.7,50.0,75.4,42.1,61.6,66.8,53.0,70.1,52.8,54.2,44.3,30.6,79.4,56.5,,30.6,42.6,49.4,62.1,73.8,79.4,53.6
11-20,43.7,49.4,74.6,42.9,61.2,66.1,52.7,70.1,51.4,52.9,44.2,30.4,79.0,56.0,,30.4,43.2,48.9,61.7,73.3,79.0,52.8
11-21,43.3,50.4,73.6,41.9,61.3,65.5,52.7,69.6,51.0,52.8,44.8,30.0,79.1,56.3,,30.0,42.3,49.8,61.7,72.4,79.1,52.7
11-22,43.8,49.1,72.7,42.2,61.1,65.3,52.8,69.6,52.3,52.3,44.5,31.6,78.4,56.4,,31.6,42.7,48.6,61.5,71.7,78.4,52.5
11-23,43.3,49.0,71.9,42.3,60.7,65.2,52.8,69.8,52.7,51.5,44.8,30.9,76.7,56.0,,30.9,42.6,48.6,61.2,71.2,76.7,52.7
11-24,43.5,49.7,71.7,41.5,60.7,64.5,52.5,69.6,52.8,51.8,43.2,31.0,75.8,55.9,,31.0,42.1,49.1,61.0,71.0,75.8,52.6
11-25,43.5,49.7,71.5,42.4,60.8,64.3,52.3,69.2,53.8,51.4,42.0,29.9,73.6,55.8,,29.9,42.1,49.1,61.1,70.8,73.6,53.0
11-26,43.4,48.9,70.7,41.2,60.3,64.0,52.5,68.8,53.4,51.0,41.9,30.4,68.1,55.4,,30.4,41.4,48.4,60.7,68.6,70.7,53.0
11-27,43.3,48.1,70.3,40.9,60.2,64.1,52.1,68.2,52.3,51.4,41.9,30.2,66.7,55.7,,30.2,41.2,47.6,60.6,67.7,70.3,52.2
11-28,43.2,49.1,69.9,40.5,59.7,64.0,52.3,68.0,53.1,50.4,42.2,29.7,65.7,55.9,,29.7,41.0,48.6,60.1,67.3,69.9,52.7
11-29,43.1,49.5,69.6,40.7,60.1,63.5,51.9,67.8,52.5,50.6,41.9,29.5,64.9,55.7,,29.5,41.0,48.8,60.4,66.9,69.6,52.2
11-30,42.5,49.0,69.4,40.2,59.8,63.5,52.1,67.4,48.7,50.2,41.6,28.9,64.8,56.0,,28.9,40.6,48.1,60.2,66.6,69.4,51.1
12-01,42.6,48.6,69.2,40.7,59.5,63.0,52.1,66.6,46.1,49.9,41.9,28.9,64.0,55.9,,28.9,41.1,45.7,59.9,65.8,69.2,51.0
12-02,43.6,48.2,69.0,38.9,59.9,62.9,51.6,66.1,44.4,50.2,42.6,28.2,63.7,55.9,,28.2,40.0,44.4,60.2,65.4,69.0,50.9
12-03,42.8,48.7,68.8,40.7,59.1,62.7,51.4,65.2,43.2,49.6,42.2,28.2,63.4,56.1,,28.2,41.2,43.1,59.5,64.6,68.8,50.5
12-04,43.0,49.5,68.5,39.2,59.3,62.8,51.5,64.3,43.5,49.6,42.7,29.4,62.6,56.0,,29.4,40.3,43.4,59.6,63.8,68.5,50.5
12-05,42.9,47.8,68.2,39.8,59.1,62.8,51.3,64.0,43.9,49.0,42.7,29.1,61.2,56.0,,29.1,40.7,43.8,59.3,63.6,68.2,50.1
12-06,43.2,48.5,67.9,40.4,68.2,62.3,51.4,63.7,39.9,48.5,43.4,28.3,60.9,55.7,,28.3,40.0,43.4,61.0,66.6,68.2,49.9
12-07,42.6,49.1,67.6,39.3,58.9,61.9,51.0,63.0,37.1,46.1,42.4,28.3,60.4,55.9,,28.3,37.8,42.6,59.1,62.7,67.6,50.1
12-08,42.4,49.1,67.5,39.7,58.6,62.3,51.5,62.9,36.4,45.6,43.9,28.8,60.0,55.9,,28.8,37.4,43.8,58.8,62.7,67.5,50.3
12-09,41.5,48.6,67.6,39.6,58.9,61.5,51.1,62.0,35.7,45.8,44.2,28.0,58.8,55.9,,28.0,36.9,43.9,58.8,61.9,67.6,49.8
12-10,40.8,48.2,67.6,40.5,58.7,61.7,51.0,61.4,34.7,45.2,44.3,27.6,55.7,56.0,,27.6,36.5,43.9,56.3,61.6,67.6,49.6
12-11,41.1,48.8,67.1,39.9,58.7,61.4,51.1,61.1,33.8,44.2,43.7,28.2,53.1,55.7,,28.2,35.7,43.4,56.0,61.3,67.1,49.9
12-12,40.1,48.9,66.9,40.2,58.5,61.1,51.1,60.6,33.4,44.2,43.9,28.4,52.2,55.4,,28.4,35.4,43.5,55.7,61.0,66.9,50.0
12-13,40.3,49.1,67.2,38.3,50.4,60.7,51.0,60.5,33.2,44.0,44.1,27.1,51.4,55.5,,27.1,34.7,43.6,51.8,60.7,67.2,49.7
12-14,40.3,48.8,66.8,39.2,50.1,61.2,51.0,60.4,33.3,44.5,44.4,27.2,51.3,55.4,,27.2,35.0,44.0,51.7,61.0,66.8,49.4
12-15,39.9,48.6,66.9,37.9,49.9,61.2,50.6,60.5,32.2,43.8,44.6,27.9,51.7,55.4,,27.9,33.9,43.4,52.0,61.0,66.9,49.2
12-16,40.3,49.3,66.5,38.6,50.0,60.4,50.9,60.3,32.7,43.3,44.9,26.7,51.4,56.0,,26.7,34.5,43.0,51.9,60.4,66.5,49.6
12-17,39.5,49.3,66.2,38.0,49.9,60.9,50.8,59.6,32.7,42.7,44.9,27.4,51.4,55.7,,27.4,34.3,42.4,51.8,60.5,66.2,49.6
12-18,39.8,48.7,66.3,39.1,48.0,60.5,50.6,59.8,32.7,43.3,44.0,27.7,51.1,56.0,,27.7,34.6,42.9,51.6,60.3,66.3,48.3
12-19,40.2,48.1,66.3,42.6,49.9,60.7,50.7,59.6,32.9,43.1,44.7,27.3,51.1,55.9,,27.3,35.1,43.1,51.6,60.4,66.3,49.0
12-20,39.8,48.7,66.0,39.0,49.9,60.0,50.9,59.1,31.8,42.8,44.2,28.0,50.9,55.5,,28.0,34.0,42.5,51.4,59.7,66.0,49.3
12-21,40.2,48.8,65.8,38.9,49.7,60.2,50.8,59.1,31.8,42.4,43.7,27.4,50.4,55.3,,27.4,34.0,42.2,51.2,59.9,65.8,49.3
12-22,40.0,48.7,65.6,39.8,49.7,59.9,50.8,59.0,31.7,42.9,44.2,28.2,50.3,55.5,,28.2,34.1,42.6,51.3,59.6,65.6,49.2
12-23,40.1,48.4,65.5,39.9,49.7,60.6,50.7,58.8,31.4,43.1,43.7,27.2,50.5,55.5,,27.2,34.0,42.8,51.1,60.0,65.5,49.0
12-24,38.9,48.0,65.5,39.1,49.4,59.9,50.5,59.1,31.7,42.2,44.4,27.4,50.1,55.9,,27.4,33.9,41.9,51.1,59.6,65.5,48.7
12-25,40.3,48.5,65.5,38.2,49.5,60.0,50.4,58.7,32.3,42.9,44.3,27.0,50.6,55.5,,27.0,34.1,42.7,51.1,59.6,65.5,49.0
12-26,40.2,48.5,65.5,38.1,49.6,59.8,50.7,58.5,31.7,42.2,44.3,28.2,50.1,55.5,,28.2,33.6,42.0,51.2,59.4,65.5,49.1
12-27,39.4,48.7,65.0,39.1,49.4,60.0,50.5,58.5,31.2,42.0,44.1,27.8,50.8,55.4,,27.8,33.6,41.7,51.2,59.5,65.0,49.0
12-28,39.9,48.9,65.3,38.6,49.5,60.3,50.5,58.0,31.1,42.0,44.2,28.2,50.6,55.5,,28.2,33.4,41.8,51.1,59.6,65.3,49.2
12-29,39.9,47.9,64.9,38.0,49.5,59.7,50.5,58.2,31.4,42.7,44.6,28.4,50.8,55.6,,28.4,33.4,42.4,51.3,59.2,64.9,48.7
12-30,39.3,49.0,65.0,39.0,49.2,59.7,50.3,57.9,31.6,41.9,45.0,27.4,50.9,55.7,,27.4,33.9,41.7,51.4,59.1,65.0,49.1
12-31,39.5,49.2,65.1,38.3,49.6,59.2,50.0,58.0,32.1,42.2,44.2,27.8,50.8,55.9,,27.8,34.0,42.0,51.3,58.8,65.1,49.4
01-01,39.7,49.1,65.0,38.4,49.1,59.0,50.4,58.1,31.8,41.6,44.8,27.3,51.3,55.9,,27.3,33.8,41.4,51.8,58.8,65.0,49.1
01-02,39.4,48.9,64.8,38.6,49.0,58.9,50.2,58.0,31.5,42.3,44.6,27.0,50.6,55.8,,27.0,33.6,42.0,51.1,58.6,64.8,49.0
01-03,39.4,49.3,64.9,37.6,49.2,58.3,50.2,58.0,31.4,41.5,45.0,27.9,50.4,55.7,,27.9,33.3,41.3,51.0,58.2,64.9,49.2
01-04,39.4,49.1,64.9,38.8,49.1,57.9,50.1,58.0,30.6,41.9,45.4,28.0,50.3,56.2,,28.0,33.0,41.6,50.9,58.0,64.9,49.1
01-05,39.3,48.8,64.6,38.5,49.3,58.1,50.0,57.4,30.7,41.0,45.1,27.1,50.3,56.3,,27.1,33.0,40.8,50.9,57.9,64.6,49.0
01-06,39.5,48.4,64.4,38.1,49.2,58.0,49.9,58.1,30.5,41.4,45.5,26.9,50.1,55.8,,26.9,32.8,41.2,50.7,58.1,64.4,48.8
01-07,38.7,48.7,64.6,39.0,49.2,57.5,49.7,57.3,30.1,40.6,44.8,27.1,50.5,56.1,,27.1,32.7,40.4,51.1,57.5,64.6,48.9
01-08,39.8,48.2,64.7,38.8,49.0,58.1,49.8,57.3,30.4,40.7,45.3,28.2,49.9,56.2,,28.2,32.9,40.6,50.6,57.8,64.7,48.6
01-09,39.5,48.9,64.3,38.8,49.3,57.9,49.8,57.8,30.1,41.4,45.3,27.1,50.1,55.9,,27.1,32.7,41.2,50.6,57.8,64.3,49.1
01-10,39.2,48.8,64.6,37.5,49.1,57.8,49.6,57.7,30.0,41.3,45.3,27.1,50.2,56.0,,27.1,32.2,41.1,50.8,57.8,64.6,48.9
01-11,39.2,48.8,64.4,38.4,48.9,57.5,50.0,57.7,30.3,41.0,45.5,27.4,49.6,56.1,,27.4,32.7,40.8,50.6,57.6,64.4,48.9
01-12,38.7,48.7,64.7,37.1,48.9,57.0,49.4,57.1,30.9,41.7,45.4,26.7,49.9,56.2,,26.7,32.7,41.4,50.5,57.1,64.7,48.8
01-13,39.2,48.5,64.0,37.6,48.8,57.9,49.8,57.2,30.4,41.5,44.9,27.4,49.8,55.8,,27.4,32.6,41.3,50.4,57.7,64.0,48.6
01-14,39.2,48.1,63.9,37.3,49.1,57.1,49.6,57.2,30.8,41.0,45.9,27.2,49.9,55.9,,27.2,32.8,40.9,50.5,57.1,63.9,48.6
01-15,39.2,47.8,64.1,37.5,49.0,57.6,49.7,57.4,30.2,40.9,45.5,26.4,49.7,56.1,,26.4,32.4,40.7,50.4,57.5,64.1,48.4
01-16,39.0,48.4,64.2,38.2,49.2,57.9,49.8,57.3,30.7,41.4,45.5,27.1,49.2,56.3,,27.1,32.9,41.2,50.5,57.7,64.2,48.8
01-17,38.2,48.0,64.0,37.3,49.0,57.6,49.7,57.2,30.2,41.1,44.9,27.0,49.2,56.1,,27.0,32.4,40.8,50.4,57.5,64.0,48.5
01-18,38.1,47.9,64.3,37.2,48.8,57.4,49.4,56.8,29.4,40.8,44.8,26.5,49.0,57.0,,26.5,31.7,40.6,50.1,57.3,64.3,48.3
01-19,38.0,47.9,64.1,37.6,46.8,56.5,49.6,57.0,30.0,40.9,44.8,26.7,49.0,56.6,,26.7,32.3,40.6,50.3,56.9,64.1,47.3
01-20,38.5,48.0,63.8,37.4,49.1,57.0,49.8,57.0,29.6,40.6,44.5,26.3,48.9,56.2,,26.3,31.9,40.4,50.4,57.0,63.8,48.4
01-21,38.8,48.5,63.8,37.1,48.8,56.9,49.3,56.9,29.7,40.2,45.6,27.1,48.4,56.5,,27.1,31.9,40.0,50.0,56.9,63.8,48.4
01-22,39.2,48.0,63.4,36.9,48.9,55.6,49.6,57.1,29.0,40.6,45.2,26.1,48.4,56.4,,26.1,31.4,40.5,50.2,56.9,63.4,48.2
01-23,38.4,48.4,63.4,36.2,48.8,55.6,49.4,56.2,29.7,40.7,44.6,26.6,48.7,56.2,,26.6,31.6,40.4,50.0,56.2,63.4,48.6
01-24,38.9,48.2,63.4,35.6,46.7,55.0,49.5,56.7,30.3,40.5,44.9,27.0,48.0,56.2,,27.0,31.9,40.4,50.1,56.6,63.4,47.4
01-25,38.8,48.2,63.5,37.3,48.3,55.1,49.4,56.4,30.7,41.3,44.7,26.1,48.2,56.2,,26.1,32.6,41.0,50.0,56.4,63.5,48.2
01-26,38.0,47.9,63.6,36.1,48.2,55.4,49.6,56.5,30.0,40.2,44.8,26.9,48.5,56.7,,26.9,31.8,40.0,50.2,56.6,63.6,48.0
01-27,38.3,48.0,63.7,36.9,48.1,55.2,49.5,56.3,30.1,41.2,44.6,26.1,48.5,56.6,,26.1,32.1,40.9,50.1,56.5,63.7,48.1
01-28,38.3,48.0,63.6,36.0,48.1,54.8,49.5,56.0,29.9,41.5,45.0,26.4,47.5,56.5,,26.4,31.8,41.2,50.0,56.3,63.6,47.7
01-29,38.1,48.0,63.4,35.9,48.1,55.1,49.8,56.3,30.1,41.9,45.5,26.1,47.8,56.2,,26.1,31.8,41.5,50.3,56.2,63.4,47.9
01-30,38.3,48.3,63.6,36.7,48.0,54.7,49.6,56.1,30.6,41.7,45.4,26.6,47.8,56.5,,26.6,32.4,41.4,50.1,56.4,63.6,47.9
01-31,38.2,47.4,63.8,36.4,48.1,54.5,49.7,55.9,30.3,41.0,45.3,27.1,47.4,56.4,,27.1,32.1,40.8,50.2,56.3,63.8,47.4
02-01,37.7,47.7,63.4,37.2,48.0,55.2,49.5,56.1,30.4,41.9,44.9,26.2,47.8,56.1,,26.2,32.4,41.4,50.1,56.1,63.4,47.7
02-02,38.8,48.1,63.0,36.5,48.0,54.8,49.4,56.4,30.8,41.5,44.8,26.4,47.8,56.2,,26.4,32.5,41.2,49.9,56.3,63.0,47.9
02-03,38.8,48.1,63.4,36.3,48.0,54.6,49.3,56.0,30.5,41.3,46.2,27.0,47.9,56.1,,27.0,32.2,41.0,49.9,56.0,63.4,48.0
02-04,38.8,47.5,63.1,35.6,47.8,55.0,49.6,56.0,30.6,40.9,46.0,26.1,47.5,56.2,,26.1,32.1,40.7,50.2,56.2,63.1,47.5
02-05,38.3,47.5,62.9,35.8,47.8,55.3,49.9,55.8,30.9,41.4,45.4,26.5,47.4,56.4,,26.5,32.3,41.1,50.4,56.2,62.9,47.5
02-06,37.8,47.9,63.3,35.4,47.8,54.9,49.6,55.8,30.7,41.0,46.2,26.3,47.1,56.4,,26.3,32.1,40.7,50.1,56.3,63.3,47.4
02-07,38.7,47.8,63.4,36.7,47.4,55.4,49.6,56.0,30.6,41.7,45.7,26.4,47.1,56.4,,26.4,32.4,41.4,50.2,56.3,63.4,47.3
02-08,38.3,47.7,63.0,36.4,47.4,55.0,49.7,55.1,30.9,41.3,46.3,27.3,46.6,56.6,,27.3,32.5,41.0,50.2,56.1,63.0,47.0
02-09,38.1,47.9,63.1,35.9,47.6,55.3,49.6,55.1,31.5,41.7,46.2,26.7,46.8,56.4,,26.7,32.8,41.3,50.1,56.0,63.1,47.2
02-10,38.2,47.6,62.8,37.3,47.4,55.6,49.6,55.6,30.9,41.1,45.8,26.7,46.6,56.2,,26.7,32.8,40.8,50.2,56.0,62.8,47.0
02-11,37.8,47.9,62.9,36.2,47.7,55.2,49.9,55.8,31.4,41.4,46.6,26.6,46.4,56.1,,26.6,32.9,41.1,50.4,56.0,62.9,47.2
02-12,38.0,47.5,62.8,35.9,47.4,54.8,49.8,55.9,31.2,41.5,46.6,27.2,46.6,56.2,,27.2,32.6,41.1,50.3,56.1,62.8,47.0
02-13,37.7,47.7,62.7,35.7,47.3,55.3,49.5,55.4,30.0,41.5,46.2,26.9,46.9,56.7,,26.9,31.7,41.2,50.1,56.3,62.7,47.1
02-14,37.8,47.5,62.6,36.4,46.9,55.5,49.8,55.2,30.1,41.4,46.5,26.9,46.1,55.8,,26.9,32.0,41.1,50.3,55.7,62.6,46.7
02-15,38.0,47.7,63.0,35.6,47.3,54.9,49.8,55.4,30.2,41.7,46.1,27.5,46.4,56.2,,27.5,31.8,41.4,50.3,56.0,63.0,46.9
02-16,37.3,47.7,62.9,36.2,46.9,55.2,49.8,55.6,30.3,40.8,46.3,27.5,46.4,56.0,,27.5,32.1,40.4,50.3,55.9,62.9,46.7
02-17,38.0,48.0,62.9,35.3,47.2,55.1,49.8,55.7,30.4,41.8,47.1,27.6,46.3,55.5,,27.6,31.9,41.4,50.3,55.6,62.9,47.1
02-18,37.6,47.7,62.7,36.9,47.1,55.0,49.6,55.5,29.7,41.5,46.5,27.3,46.3,56.2,,27.3,31.8,41.2,50.1,56.0,62.7,46.8
02-19,37.3,47.5,62.5,35.5,47.3,54.8,49.7,56.1,30.5,41.3,46.8,27.4,46.4,56.6,,27.4,32.0,40.9,50.2,56.4,62.5,47.0
02-20,37.6,47.0,62.9,35.2,47.3,54.8,49.5,55.8,29.9,41.2,47.2,27.4,46.0,56.3,,27.4,31.5,40.8,50.1,56.1,62.9,47.1
02-21,37.5,47.6,63.0,35.7,46.7,54.7,50.0,55.4,30.8,41.7,47.1,27.2,46.2,55.8,,27.2,32.3,41.3,50.4,55.7,63.0,46.9
02-22,38.3,47.5,62.5,36.8,46.8,55.2,49.8,56.0,30.4,40.7,47.0,27.3,46.2,55.6,,27.3,32.3,40.5,50.3,55.9,62.5,46.9
02-23,38.5,48.2,62.6,35.7,46.9,54.4,49.8,55.6,30.4,41.2,46.2,27.8,46.4,56.4,,27.8,32.0,40.9,50.2,56.1,62.6,46.7
02-24,37.3,48.2,62.7,36.7,46.6,55.1,49.7,55.8,30.0,41.1,47.0,27.6,45.7,56.3,,27.6,32.0,40.7,50.3,56.1,62.7,46.8
02-25,37.8,47.4,63.1,35.2,47.0,54.8,49.7,55.6,29.5,41.4,47.2,26.7,46.2,55.9,,26.7,31.2,41.1,50.2,55.8,63.1,47.1
02-26,37.6,47.7,62.8,34.6,46.7,54.9,50.0,55.6,29.6,41.1,47.2,27.5,45.8,55.9,,27.5,31.1,40.8,50.5,55.8,62.8,46.9
02-27,38.6,47.9,62.7,35.0,46.6,54.5,50.0,55.8,29.3,41.5,46.4,27.4,45.9,56.0,,27.4,31.0,41.2,50.5,55.9,62.7,46.5
02-28,37.6,47.7,63.0,37.0,46.3,54.4,50.2,56.0,29.3,40.6,46.7,27.6,45.8,55.4,,27.6,31.6,40.3,50.6,55.8,63.0,46.5
02-29,,,63.0,,,,50.2,,,,46.1,,,,,27.6,31.6,40.3,50.6,55.8,63.0,46.5
03-01,37.8,48.1,62.8,36.2,46.6,54.3,50.3,55.8,30.3,41.3,45.7,27.5,45.7,55.4,,27.5,32.1,40.9,50.7,55.7,62.8,46.2
03-02,37.6,47.7,62.8,36.0,46.8,54.2,49.8,55.5,29.2,41.0,46.2,27.7,45.8,56.1,,27.7,31.2,40.6,50.3,55.9,62.8,46.5
03-03,38.5,48.2,62.9,35.5,46.2,54.3,50.1,55.7,29.8,41.4,46.4,27.3,46.0,56.2,,27.3,31.5,41.1,50.5,56.1,62.9,46.3
03-04,37.3,47.5,62.5,35.3,46.6,54.1,49.7,55.6,30.3,41.2,46.4,27.2,46.0,56.5,,27.2,31.8,40.8,50.2,56.2,62.5,46.5
03-05,38.0,48.3,62.7,35.6,46.6,54.0,50.1,55.6,29.7,41.4,46.1,27.6,46.3,55.9,,27.6,31.4,41.0,50.5,55.8,62.7,46.4
03-06,38.2,47.7,62.6,35.7,46.4,53.6,50.3,55.8,29.7,40.9,46.1,27.6,46.4,56.1,,27.6,31.5,40.6,50.6,56.0,62.6,46.4
03-07,38.1,48.2,62.5,35.8,46.4,53.5,49.9,55.5,30.9,40.7,46.5,27.1,46.7,55.8,,27.1,32.4,40.4,50.3,55.7,62.5,46.6
03-08,38.2,47.9,62.6,35.9,46.3,54.1,50.1,55.7,30.0,40.8,45.9,26.9,46.3,55.7,,26.9,31.8,40.6,50.5,55.7,62.6,46.3
03-09,38.6,47.3,62.5,36.0,46.4,54.1,50.2,55.9,30.0,41.1,46.4,26.9,46.5,55.7,,26.9,31.8,40.9,50.5,55.8,62.5,46.5
03-10,38.5,48.0,62.7,36.4,46.4,54.2,50.1,55.7,29.8,41.2,46.1,27.6,46.3,56.1,,27.6,31.8,41.0,50.5,55.9,62.7,46.4
03-11,37.7,47.9,62.8,36.0,46.7,54.0,50.2,55.8,30.6,41.9,45.8,27.0,46.1,55.7,,27.0,32.2,41.5,50.6,55.8,62.8,46.4
03-12,39.1,47.4,65.8,36.8,46.2,53.9,50.2,55.5,29.8,41.0,46.7,26.9,46.6,55.7,,26.9,31.9,40.9,50.5,55.6,65.8,46.6
03-13,38.2,47.7,70.6,36.7,46.7,54.3,50.2,56.0,30.2,41.8,46.5,27.5,46.3,55.7,,27.5,32.2,41.4,50.6,55.9,70.6,46.6
03-14,38.3,47.7,70.4,30.3,46.5,54.1,50.3,57.0,30.9,42.1,46.5,28.1,46.4,56.2,,28.1,30.5,41.7,50.7,56.7,70.4,46.5
03-15,38.6,48.3,70.4,36.8,46.2,53.8,50.5,60.9,30.9,40.8,46.6,28.1,46.5,56.1,,28.1,32.6,40.6,50.8,59.5,70.4,46.5
03-16,39.0,47.8,70.6,53.0,46.3,60.9,50.5,70.2,30.7,41.5,46.7,26.8,46.7,55.7,,26.8,33.2,45.8,53.2,67.4,70.6,47.2
03-17,39.0,48.0,70.6,49.7,46.5,59.1,50.4,70.1,30.9,41.8,47.4,27.5,46.5,56.2,,27.5,33.3,46.0,51.0,66.8,70.6,47.7
03-18,42.2,47.4,70.2,47.6,46.8,58.8,50.5,70.4,31.1,42.0,47.4,28.3,46.7,56.4,,28.3,34.4,46.2,51.1,66.8,70.4,47.4
03-19,41.4,48.4,70.4,47.3,46.6,58.4,50.2,70.4,31.7,41.2,47.2,27.6,46.7,56.1,,27.6,34.6,46.1,50.8,66.8,70.4,47.2
03-20,42.0,47.8,70.5,45.9,46.5,59.3,50.3,70.5,31.9,42.2,48.1,28.1,46.7,56.3,,28.1,34.9,45.5,50.9,67.1,70.5,47.2
03-21,41.3,48.4,70.6,45.1,46.1,58.4,50.4,71.1,31.4,41.7,47.9,31.8,46.5,56.2,,31.4,34.6,44.7,50.9,66.9,71.1,47.2
03-22,40.9,48.2,71.0,45.2,46.4,58.0,51.8,71.1,32.5,42.5,48.3,32.2,46.9,56.1,,32.2,35.0,44.9,52.2,67.1,71.1,47.5
03-23,41.8,48.6,70.8,44.8,46.8,58.1,51.5,71.6,32.6,42.7,48.1,32.4,47.3,56.4,,32.4,35.4,44.5,52.0,67.0,71.6,47.7
03-24,40.4,48.0,71.0,45.0,46.3,59.6,51.7,71.4,32.9,41.8,48.1,32.2,47.2,55.8,,32.2,35.2,44.7,52.1,67.6,71.4,47.6
03-25,40.6,48.5,71.0,44.6,46.5,62.7,51.7,71.8,33.6,42.9,49.0,31.9,47.3,56.2,,31.9,35.7,44.5,52.1,68.5,71.8,47.9
03-26,41.0,48.0,71.1,43.6,46.8,64.8,51.7,71.9,33.1,42.4,48.7,32.0,47.5,56.1,,32.0,35.5,43.5,52.2,69.2,71.9,47.7
03-27,41.1,48.4,71.1,44.0,46.4,65.6,51.7,71.7,33.5,42.8,48.5,32.1,47.8,56.1,,32.1,35.8,43.9,52.2,69.5,71.7,48.1
03-28,41.1,48.7,71.3,42.7,46.8,68.4,51.8,71.8,33.9,43.1,49.0,31.9,47.7,56.2,,31.9,36.1,43.1,52.2,70.4,71.8,48.2
03-29,41.4,48.4,71.4,43.0,46.8,68.7,51.6,71.8,34.5,43.7,48.9,32.5,48.0,56.0,,32.5,36.6,43.6,52.0,70.6,71.8,48.2
03-30,41.4,48.2,71.6,42.3,46.6,68.1,51.6,72.0,33.6,42.9,48.9,32.4,47.9,56.1,,32.4,35.9,42.9,52.0,70.5,72.0,48.1
03-31,41.1,48.2,71.6,43.3,46.6,68.7,52.1,72.1,35.1,42.7,48.7,32.7,48.0,56.0,,32.7,36.9,43.2,52.5,70.8,72.1,48.1
04-01,40.8,48.0,72.0,43.6,46.4,69.3,51.8,72.7,35.1,43.9,49.1,32.6,48.3,56.5,,32.6,36.8,43.8,52.3,71.2,72.7,48.2
04-02,40.7,66.2,72.6,43.3,46.6,68.8,52.0,72.9,35.6,43.3,48.6,32.7,48.7,56.7,,32.7,37.2,43.3,57.7,71.5,72.9,48.6
04-03,40.4,72.0,73.0,42.8,46.6,68.8,51.8,73.1,34.4,43.2,49.6,36.0,48.6,56.7,,34.4,37.3,43.1,57.9,72.7,73.1,49.1
04-04,40.4,72.6,72.9,42.8,46.5,69.9,66.7,73.3,35.7,44.0,49.7,49.9,48.7,56.6,,35.7,41.1,46.3,67.0,72.8,73.3,49.8
04-05,41.9,72.4,73.3,60.3,46.5,69.7,70.4,73.3,34.9,44.7,49.0,52.6,48.8,56.1,,34.9,42.8,48.6,69.7,73.0,73.3,54.4
04-06,41.6,72.7,78.5,60.8,46.9,69.9,70.3,73.7,36.1,44.0,48.4,52.5,49.4,56.7,,36.1,42.3,48.3,69.9,73.4,78.5,54.6
04-07,41.1,74.0,80.5,60.2,46.7,70.0,70.4,74.1,35.2,44.7,61.8,52.6,49.5,56.4,,35.2,42.2,49.2,70.0,74.1,80.5,58.3
04-08,40.2,74.4,81.2,61.1,46.9,70.0,70.3,74.6,36.5,45.5,65.9,52.9,49.2,56.3,,36.5,41.8,49.0,70.1,74.6,81.2,58.7
04-09,41.9,73.9,83.2,61.7,68.1,70.3,70.5,75.2,36.6,47.7,66.0,53.0,49.5,56.5,,36.6,43.6,52.6,70.3,74.8,83.2,63.9
04-10,40.9,73.9,84.6,60.4,68.3,70.3,70.6,75.9,35.9,47.9,66.8,53.1,50.1,56.6,,35.9,43.0,52.8,70.3,75.3,84.6,63.6
04-11,40.4,73.9,85.4,59.0,68.4,70.4,70.9,76.2,36.5,47.6,66.9,53.1,50.2,79.6,,36.5,42.5,52.8,71.2,78.6,85.4,67.7
04-12,40.8,73.8,87.0,61.4,68.4,70.6,71.1,77.2,36.7,47.7,66.9,53.3,50.4,79.7,,36.7,42.9,53.0,71.4,79.0,87.0,67.7
04-13,42.1,73.7,86.6,61.3,68.5,70.8,71.1,78.8,36.3,48.5,66.8,52.8,50.6,79.6,,36.3,44.0,52.6,71.3,79.4,86.6,67.6
04-14,41.6,73.6,86.4,61.6,68.8,71.0,71.2,82.0,37.4,48.4,67.5,53.5,50.6,80.3,,37.4,43.7,53.2,71.5,81.5,86.4,68.2
04-15,42.0,73.7,86.2,60.8,91.2,71.9,71.3,84.3,37.3,48.9,66.5,52.9,50.7,80.4,,37.3,44.1,52.7,74.4,85.6,91.2,68.9
04-16,55.3,73.9,86.3,60.5,69.1,73.7,71.7,84.9,37.5,49.2,66.5,52.8,51.0,80.2,,37.5,49.7,55.1,73.7,83.5,86.3,67.8
04-17,57.4,73.8,86.4,59.6,69.4,74.6,71.6,85.0,37.6,49.4,66.5,53.0,51.4,80.4,,37.6,50.0,56.9,73.9,83.6,86.4,67.9
04-18,61.5,74.8,86.4,59.1,69.7,74.5,71.7,85.6,38.8,49.6,67.6,53.5,51.8,80.0,,38.8,50.3,58.5,74.5,83.9,86.4,68.7
04-19,62.4,75.7,86.4,59.7,69.9,74.8,71.8,90.2,38.3,50.0,67.4,53.3,51.7,80.5,,38.3,50.5,59.1,74.9,84.6,90.2,68.7
04-20,63.5,76.9,86.3,60.0,71.4,74.8,71.9,93.0,43.1,49.8,67.4,53.5,52.3,80.5,,43.1,50.5,59.4,75.0,84.5,93.0,69.4
04-21,71.1,77.3,86.6,60.5,72.6,75.4,72.2,93.0,43.1,50.2,67.5,53.0,62.0,80.8,,43.1,51.1,61.9,75.6,84.8,93.0,71.6
04-22,76.8,78.0,86.9,61.0,77.9,76.4,72.3,93.0,42.8,49.7,67.4,53.1,66.1,80.9,,42.8,50.7,65.6,77.9,85.1,93.0,74.4
04-23,77.3,78.3,87.1,60.5,84.8,76.6,73.0,93.0,46.6,50.5,67.9,53.8,66.8,80.6,,46.6,51.5,66.2,78.6,86.4,93.0,74.8
04-24,76.8,78.5,92.7,60.9,85.0,77.2,73.7,93.2,50.0,50.4,67.4,54.0,66.2,80.6,,50.0,51.5,65.6,78.7,90.4,93.2,75.3
04-25,77.1,78.9,92.7,62.5,85.0,78.2,73.9,92.9,49.8,50.8,68.5,54.3,64.2,81.2,,49.8,51.8,64.0,79.1,90.4,92.9,75.5
04-26,77.1,79.2,92.7,62.4,86.6,79.4,74.1,93.1,57.0,55.0,68.4,55.3,64.5,81.1,,55.0,55.8,64.2,79.6,90.9,93.1,75.6
04-27,77.3,79.1,92.8,62.6,85.7,78.7,74.3,93.0,59.0,59.9,68.2,55.9,66.1,81.6,,55.9,59.3,65.8,79.3,90.7,93.0,75.8
04-28,77.9,79.2,92.8,62.6,85.2,78.6,74.4,93.0,60.0,62.5,68.1,57.5,75.2,81.8,,57.5,60.8,67.6,79.5,90.5,93.0,76.5
04-29,77.8,79.6,92.7,62.5,84.7,85.6,74.4,92.4,59.3,68.1,68.8,58.6,77.6,81.9,,58.6,60.2,68.7,82.2,90.4,92.7,77.7
04-30,77.9,79.9,92.1,64.0,84.5,89.2,74.4,91.2,60.7,74.3,71.1,59.8,82.5,82.1,,59.8,61.7,74.0,82.7,90.6,92.1,78.9
05-01,78.0,79.9,91.9,65.0,84.1,92.9,74.6,90.7,61.0,79.5,75.4,67.7,86.0,85.2,,61.0,65.8,75.3,85.3,91.5,92.9,79.7
05-02,78.0,79.8,91.7,64.8,84.5,92.7,74.6,90.5,62.7,83.0,80.9,70.7,85.7,85.4,,62.7,66.6,77.6,85.4,91.4,92.7,82.0
05-03,77.6,79.9,92.0,65.5,86.0,92.7,74.8,90.5,62.4,82.9,89.3,71.3,87.0,95.8,,62.4,67.2,77.3,89.4,92.5,95.8,84.5
05-04,78.0,79.9,91.6,65.9,90.5,92.4,75.9,89.4,62.7,82.9,93.7,74.1,84.7,96.0,,62.7,68.3,77.7,90.6,93.3,96.0,83.8
05-05,78.0,79.8,91.6,65.7,91.6,92.6,78.6,92.1,66.2,83.9,93.7,75.6,84.0,96.1,,65.7,69.0,78.6,91.6,93.4,96.1,84.0
05-06,78.4,80.9,91.5,66.3,92.1,92.7,82.7,92.9,68.2,85.1,93.9,79.8,85.3,96.4,,66.3,71.3,80.8,92.1,93.6,96.4,85.2
05-07,78.9,85.6,91.4,67.6,92.1,92.6,85.7,92.9,69.0,92.4,93.8,90.3,87.0,96.6,,67.6,72.0,85.7,92.4,93.5,96.6,90.8
05-08,80.2,86.1,91.4,73.3,91.8,92.9,85.8,93.2,68.9,92.9,93.8,91.9,87.2,96.6,,68.9,75.4,86.1,92.9,93.6,96.6,91.6
05-09,83.6,86.7,91.0,74.0,89.4,92.7,86.1,93.2,70.6,92.8,94.0,92.2,85.7,96.7,,70.6,76.9,86.1,92.8,93.7,96.7,90.2
05-10,83.5,86.6,91.0,74.9,88.6,90.9,86.3,93.2,71.3,92.6,94.0,91.8,83.8,96.9,,71.3,77.5,86.1,91.9,93.7,96.9,89.8
05-11,83.5,87.4,91.1,80.3,87.9,90.5,88.5,93.4,76.2,92.3,94.0,91.9,83.4,96.9,,76.2,81.2,87.0,92.0,93.8,96.9,89.5
05-12,83.4,87.4,91.1,83.9,85.5,91.3,89.5,93.6,79.4,92.1,93.9,91.9,84.1,97.0,,79.4,83.6,85.3,91.9,93.8,97.0,90.3
05-13,83.5,87.8,90.4,84.9,84.4,92.7,94.2,93.6,79.9,92.9,94.1,92.1,84.2,97.2,,79.9,83.7,84.9,93.0,94.1,97.2,91.3
05-14,83.8,87.8,90.0,86.7,84.5,92.5,94.4,93.5,80.6,93.1,94.1,93.8,84.8,97.3,,80.6,84.0,86.5,93.5,94.3,97.3,91.3
05-15,83.5,88.0,90.4,91.9,84.5,92.5,94.6,92.9,81.5,93.1,94.1,96.7,87.1,97.3,,81.5,83.8,87.9,93.2,96.1,97.3,92.2
05-16,83.7,93.0,89.9,94.5,84.8,90.7,94.6,92.5,82.3,93.2,94.1,96.8,86.5,97.4,,82.3,84.0,89.6,94.2,96.2,97.4,92.7
05-17,83.8,93.0,89.2,94.6,86.7,90.4,94.7,92.3,83.1,93.0,94.1,96.9,86.7,97.4,,83.1,84.6,89.0,94.2,96.2,97.4,92.6
05-18,84.3,90.9,88.1,94.7,88.7,90.5,94.8,92.9,83.6,93.0,94.0,97.0,86.3,97.5,,83.6,84.9,88.6,94.1,96.3,97.5,91.9
05-19,85.7,90.3,87.1,94.6,88.6,90.5,94.9,93.2,85.9,93.0,93.3,97.1,85.6,97.5,,85.6,85.8,88.4,93.4,96.4,97.5,91.7
05-20,86.4,89.6,86.5,94.4,88.7,90.3,95.1,93.1,87.8,92.7,92.8,97.0,85.1,97.6,,85.1,86.4,88.6,93.3,96.4,97.6,91.5
05-21,93.8,89.4,86.1,94.8,88.8,90.5,95.0,93.3,89.7,92.7,92.6,96.9,82.7,97.6,,82.7,86.9,89.6,93.9,96.3,97.6,92.6
05-22,94.0,89.4,85.7,94.9,88.9,92.5,95.2,93.4,90.8,92.8,92.2,97.3,82.5,97.6,,82.5,86.7,90.7,94.1,96.7,97.6,92.6
05-23,94.1,89.4,85.6,94.1,89.1,90.7,95.3,93.5,91.5,92.2,92.2,97.2,82.0,97.7,,82.0,86.6,90.6,94.1,96.6,97.7,92.2
05-24,94.1,89.4,84.4,93.8,89.2,92.0,95.2,93.0,91.7,91.4,91.9,97.2,82.2,97.7,,82.2,85.8,91.2,93.8,96.6,97.7,92.0
05-25,94.1,89.5,83.5,93.7,89.5,90.3,95.3,92.4,92.3,91.8,91.1,97.2,81.7,97.8,,81.7,85.3,90.2,93.8,96.6,97.8,92.1
05-26,94.5,89.5,82.8,93.2,89.7,90.7,95.4,92.2,92.1,92.4,91.3,96.3,83.6,97.8,,82.8,85.4,90.6,93.3,96.0,97.8,92.1
05-27,94.4,89.5,82.1,93.5,89.7,92.1,95.4,92.1,91.6,92.4,91.1,95.9,83.2,97.8,,82.1,85.1,91.0,93.6,95.7,97.8,92.1
05-28,93.8,90.4,81.9,93.5,89.7,92.4,95.5,92.2,91.7,92.8,91.1,95.7,83.5,97.7,,81.9,85.4,91.1,93.5,95.6,97.7,92.3
05-29,93.5,92.1,81.8,93.1,89.4,92.4,95.6,92.0,92.7,92.9,91.4,95.6,82.9,97.3,,81.8,84.8,92.0,93.1,95.6,97.3,92.5
05-30,94.2,90.0,81.2,93.0,88.7,92.5,95.7,91.9,92.1,92.9,91.1,95.6,84.1,97.5,,81.2,85.5,91.0,93.2,95.6,97.5,92.3
05-31,93.8,89.5,80.5,93.1,86.8,92.5,95.7,91.8,92.3,92.9,91.1,95.4,84.2,97.1,,80.5,85.0,90.9,93.2,95.6,97.1,92.4
06-01,93.6,89.6,79.9,92.8,85.3,92.5,95.7,91.9,92.5,93.2,90.7,95.5,83.9,96.7,,79.9,84.3,90.6,93.2,95.6,96.7,92.5
06-02,93.5,91.9,79.6,92.9,84.2,92.5,94.5,91.7,92.4,93.2,90.6,95.4,85.2,97.6,,79.6,84.5,91.6,93.2,95.1,97.6,92.4
06-03,93.5,93.0,78.7,92.5,83.6,92.5,94.3,91.8,91.7,93.3,90.5,95.4,86.8,97.6,,78.7,84.6,91.6,93.3,95.0,97.6,92.5
06-04,93.2,92.7,78.1,92.2,83.1,92.3,94.3,91.5,91.6,93.5,90.4,95.2,86.2,97.7,,78.1,84.0,91.4,93.2,94.9,97.7,92.2
06-05,93.0,92.6,76.3,92.2,82.4,92.2,94.4,91.4,90.4,93.5,90.2,95.1,85.9,97.6,,76.3,83.4,90.4,93.0,94.9,97.6,92.2
06-06,93.2,92.4,76.1,91.9,82.0,92.1,94.6,91.3,89.9,93.6,90.1,94.6,85.4,97.7,,76.1,83.0,90.1,93.2,94.6,97.7,92.0
06-07,92.9,91.9,75.1,90.9,81.5,92.0,94.8,91.3,89.4,93.2,89.6,94.6,84.6,97.1,,75.1,82.4,89.6,92.9,94.7,97.1,91.6
06-08,93.9,91.8,74.9,90.3,80.6,92.0,95.6,91.1,88.6,92.5,90.0,94.0,84.2,96.8,,74.9,81.7,89.8,92.7,95.1,96.8,91.5
06-09,93.6,91.8,72.8,89.7,80.0,92.1,95.4,91.4,87.8,92.4,92.8,93.1,83.9,96.6,,72.8,81.2,89.5,92.8,94.8,96.6,91.9
06-10,92.9,91.8,70.9,88.2,79.2,92.0,94.9,91.0,85.9,92.2,93.4,92.3,83.9,96.4,,70.9,80.6,88.0,92.4,94.4,96.4,91.9
06-11,92.2,91.7,69.9,86.9,78.4,90.7,94.8,90.8,84.8,92.1,93.6,91.7,83.8,96.5,,69.9,80.0,86.7,92.1,94.4,96.5,91.3
06-12,91.5,91.7,68.4,86.4,77.7,90.6,94.8,90.5,83.9,92.1,92.8,90.4,83.5,96.3,,68.4,79.5,86.2,91.7,94.2,96.3,90.6
06-13,93.1,91.5,66.7,84.9,77.6,90.8,94.7,90.3,82.7,91.8,92.4,89.8,83.4,96.0,,66.7,79.1,84.8,91.9,94.2,96.0,90.6
06-14,91.1,90.7,65.2,83.9,76.0,90.7,94.4,90.0,80.6,91.4,92.1,89.0,82.5,95.8,,65.2,77.3,83.7,91.1,93.8,95.8,90.4
06-15,90.4,89.9,64.2,82.9,75.0,90.6,94.4,89.9,78.7,91.6,91.6,88.4,82.0,97.4,,64.2,76.1,82.8,90.7,93.6,97.4,89.9
06-16,89.4,90.4,63.4,81.9,74.2,90.6,94.3,89.7,76.1,91.7,91.3,87.7,80.3,97.6,,63.4,74.8,81.7,90.7,93.5,97.6,89.6
06-17,89.3,89.9,62.8,80.2,73.1,91.3,94.4,89.4,73.5,91.4,91.0,86.9,79.6,97.6,,62.8,73.2,80.1,91.0,93.5,97.6,89.4
06-18,90.0,89.5,60.0,78.8,72.8,90.9,94.5,89.0,77.0,91.6,90.6,84.9,79.2,97.6,,60.0,74.0,79.2,90.7,93.6,97.6,89.3
06-19,89.6,89.4,58.8,77.2,73.9,90.2,94.5,88.1,76.9,91.5,90.6,83.9,84.0,97.4,,58.8,74.8,83.2,90.2,93.6,97.4,88.7
06-20,89.1,90.5,57.6,73.3,72.2,89.8,94.4,86.6,76.2,91.0,90.4,82.8,87.8,96.8,,57.6,72.5,82.2,90.4,93.4,96.8,88.4
06-21,88.9,90.2,55.6,70.3,70.8,89.6,94.3,85.7,74.1,91.0,90.1,80.9,84.8,96.6,,55.6,70.4,80.2,90.1,93.3,96.6,87.3
06-22,88.4,90.3,55.0,68.6,69.7,89.2,93.9,84.5,70.8,90.9,89.8,78.6,84.0,96.5,,55.0,68.9,77.8,89.8,93.0,96.5,86.4
06-23,87.8,90.2,53.0,64.7,68.2,88.3,93.5,83.5,68.0,90.5,87.9,76.7,84.3,96.2,,53.0,65.7,75.8,88.5,92.6,96.2,86.1
06-24,87.6,89.9,52.2,61.5,67.3,87.9,93.1,82.0,65.4,90.6,87.5,74.9,85.5,95.8,,52.2,62.7,74.2,88.1,92.3,95.8,86.5
06-25,87.0,89.8,51.2,59.3,66.3,87.7,92.7,80.4,63.2,90.5,86.6,79.0,85.5,95.5,,51.2,60.5,77.7,87.9,92.0,95.5,86.1
06-26,86.2,89.2,49.4,57.0,64.5,87.3,92.3,78.9,61.1,90.6,85.2,78.8,84.3,95.5,,49.4,58.2,77.4,87.5,91.8,95.5,84.7
06-27,85.4,89.4,47.8,55.8,61.7,86.7,91.7,77.3,59.3,90.5,84.4,78.9,82.6,95.4,,47.8,56.8,75.8,86.9,91.3,95.4,83.5
06-28,83.4,89.2,46.8,54.4,61.2,86.0,91.2,75.3,56.9,90.4,83.3,77.1,83.1,95.0,,46.8,55.1,73.9,86.3,90.9,95.0,83.2
06-29,81.7,88.4,45.1,53.2,58.5,85.0,90.5,72.7,54.8,90.0,82.5,76.5,84.2,94.7,,45.1,53.7,71.3,85.4,90.4,94.7,82.1
06-30,79.5,87.3,44.3,57.0,56.1,84.0,89.9,70.0,53.1,89.3,82.6,75.5,81.4,94.5,,44.3,54.0,68.7,84.3,89.7,94.5,80.5
07-01,80.0,87.4,43.2,54.7,54.0,85.1,93.7,67.7,51.7,89.0,81.6,73.4,85.4,94.2,,43.2,52.4,66.4,85.6,92.3,94.2,80.8
07-02,78.9,86.6,41.6,52.9,52.4,84.0,94.6,65.6,49.6,88.3,80.5,72.6,85.2,94.0,,41.6,50.4,64.3,85.4,92.3,94.6,79.7
07-03,77.1,86.0,40.7,52.0,50.7,82.8,93.5,63.7,47.9,87.9,79.0,76.7,84.8,93.8,,40.7,48.7,62.5,84.9,91.8,93.8,78.0
07-04,75.9,85.1,38.6,51.3,49.1,79.9,92.6,62.2,46.2,87.5,77.6,75.2,84.3,93.3,,38.6,47.1,61.1,84.4,91.1,93.3,76.7
07-05,74.7,83.5,38.2,50.6,48.6,82.3,91.9,60.4,44.0,86.4,76.4,73.8,83.5,93.1,,38.2,45.4,59.4,83.5,90.3,93.1,75.5
07-06,73.1,83.8,37.4,49.0,49.5,83.5,90.5,58.7,42.4,85.8,74.8,73.5,83.1,93.0,,37.4,44.4,57.7,83.6,89.1,93.0,74.1
07-07,73.1,84.1,37.2,48.4,46.4,86.1,88.5,56.6,41.3,85.1,72.0,71.9,84.1,92.4,,37.2,42.8,55.8,84.2,87.8,92.4,72.5
07-08,74.1,89.3,38.0,49.6,45.1,87.2,87.4,60.3,41.0,84.3,68.4,70.4,83.4,92.2,,38.0,42.2,59.2,84.6,88.8,92.2,72.2
07-09,74.0,88.5,37.9,49.6,43.7,86.9,85.8,57.4,40.5,83.0,65.7,68.4,83.0,92.1,,37.9,41.4,56.6,83.3,88.1,92.1,71.2
07-10,73.0,87.2,37.9,48.7,42.4,86.9,84.4,58.3,40.2,81.5,63.6,64.9,82.9,90.8,,37.9,40.9,57.4,83.0,87.1,90.8,68.9
07-11,72.5,91.0,36.9,48.6,65.3,86.8,81.1,64.5,40.0,80.2,61.3,61.8,80.8,90.2,,36.9,42.6,61.8,80.8,89.1,91.0,68.9
07-12,71.1,92.1,37.2,48.6,63.3,86.5,78.3,71.3,43.5,78.8,59.5,59.8,82.9,88.1,,37.2,45.0,59.7,79.2,87.6,92.1,71.2
07-13,71.6,91.6,36.4,55.5,60.7,85.9,75.5,69.6,43.0,79.9,58.4,58.4,83.0,87.3,,36.4,46.7,58.4,80.2,86.9,91.6,70.6
07-14,70.3,91.0,35.8,55.5,58.1,85.8,72.7,67.1,42.1,78.1,56.5,57.0,82.0,85.9,,35.8,46.1,56.9,78.5,85.9,91.0,68.7
07-15,69.4,89.6,58.7,57.4,55.5,85.6,70.2,64.9,42.0,76.7,54.9,55.9,81.4,84.9,,42.0,55.1,57.3,77.2,85.4,89.6,67.2
07-16,67.7,87.9,53.2,57.8,53.3,85.9,68.4,62.8,41.1,73.9,53.5,56.7,83.3,83.9,,41.1,53.2,56.3,74.9,85.3,87.9,65.3
07-17,67.3,86.7,50.6,61.0,51.0,85.4,66.3,60.2,41.5,71.4,52.6,56.2,79.0,83.0,,41.5,50.7,55.8,72.2,84.7,86.7,63.6
07-18,66.9,86.1,50.3,66.9,49.4,84.9,64.3,65.9,40.9,67.2,51.4,55.2,78.9,81.3,,40.9,49.7,54.8,68.4,83.8,86.1,66.4
07-19,66.2,85.0,48.7,65.4,48.2,86.2,61.9,65.2,40.1,63.9,50.2,54.5,77.6,82.0,,40.1,48.4,54.1,67.3,84.1,86.2,64.5
07-20,64.7,84.2,48.1,62.8,46.3,85.0,60.1,82.7,39.4,60.8,49.3,53.5,78.0,86.4,,39.4,46.8,53.1,78.4,84.7,86.4,61.8
07-21,62.7,83.9,46.0,60.4,44.7,84.9,72.6,79.0,38.6,58.8,47.6,52.7,76.2,81.9,,38.6,45.1,52.2,76.5,83.3,84.9,61.5
07-22,72.4,81.5,45.5,56.9,42.9,84.4,68.1,77.7,37.6,56.9,46.4,55.9,76.1,80.5,,37.6,43.6,55.0,76.3,81.2,84.4,62.5
07-23,69.6,79.3,43.4,54.7,41.0,85.0,66.9,74.1,48.0,55.9,45.4,68.7,75.8,79.1,,41.0,44.0,54.0,74.3,79.3,85.0,67.8
07-24,68.0,78.5,42.9,52.7,39.1,82.8,65.2,71.0,46.8,56.3,49.1,66.9,76.9,81.8,,39.1,44.1,52.3,71.6,80.8,82.8,66.1
07-25,66.7,77.7,62.6,52.1,37.4,80.4,61.4,71.9,45.7,59.5,47.2,65.9,75.5,78.7,,37.4,46.1,58.7,72.3,78.4,80.4,64.2
07-26,66.0,77.3,54.9,51.7,36.0,78.1,58.8,78.8,47.0,59.3,46.7,65.2,74.5,82.0,,36.0,46.8,54.5,74.8,78.6,82.0,62.3
07-27,65.1,78.9,51.8,51.2,35.7,76.1,57.0,78.3,47.7,58.4,45.7,65.0,72.7,79.8,,35.7,46.3,51.7,73.1,78.7,79.8,61.7
07-28,63.6,76.1,49.0,53.1,35.1,74.5,55.5,75.9,46.1,64.4,44.1,63.4,71.5,78.1,,35.1,44.7,52.7,71.8,76.0,78.1,63.5
07-29,64.6,75.9,47.3,51.5,46.8,72.8,53.7,74.8,45.6,62.5,43.4,64.9,71.0,77.3,,43.4,45.9,51.1,71.2,75.6,77.3,63.6
07-30,63.2,74.0,44.8,58.7,50.3,71.3,52.2,72.5,43.7,60.8,42.3,73.0,69.2,76.9,,42.3,44.0,52.0,71.4,73.7,76.9,62.0
07-31,63.3,73.3,44.1,57.3,53.1,69.9,51.1,69.0,42.3,58.1,41.5,70.2,68.3,76.5,,41.5,42.9,52.9,69.1,72.4,76.5,60.7
08-01,68.6,72.6,52.3,56.5,52.1,68.8,55.0,66.5,40.6,62.3,40.5,70.5,67.0,77.0,,40.5,44.1,54.7,68.6,72.0,77.0,64.4
08-02,71.7,72.6,48.7,55.5,51.1,67.5,53.3,64.8,40.1,66.0,39.4,71.9,65.9,76.2,,39.4,42.7,53.1,67.9,72.4,76.2,65.3
08-03,78.5,70.7,45.9,53.9,50.0,66.3,52.3,63.0,39.7,65.2,38.6,71.0,64.7,76.2,,38.6,41.5,52.1,66.7,74.6,78.5,63.9
08-04,75.3,72.7,43.7,52.9,49.0,66.5,59.9,61.1,39.6,65.0,38.1,69.8,60.9,75.3,,38.1,40.8,52.5,66.8,74.5,75.3,61.0
08-05,80.8,79.0,41.6,52.2,49.9,66.3,56.7,61.9,38.9,64.8,37.1,68.2,68.4,74.2,,37.1,39.7,52.0,68.2,77.6,80.8,63.3
08-06,78.4,76.7,39.4,50.8,58.1,65.8,54.9,59.6,38.6,66.4,36.7,69.4,68.4,74.6,,36.7,38.8,54.5,68.5,76.1,78.4,62.7
08-07,77.1,74.3,38.3,49.7,58.4,65.0,53.8,58.2,37.4,67.6,36.2,66.5,67.3,87.9,,36.2,37.6,53.4,67.3,76.2,87.9,61.7
08-08,75.1,72.3,38.1,49.9,62.0,75.2,52.8,67.8,36.7,66.1,35.8,66.5,65.8,85.2,,35.8,37.2,52.5,68.2,75.2,85.2,66.0
08-09,74.7,70.4,36.7,49.1,61.8,74.7,51.9,74.0,35.8,64.9,35.1,66.0,64.3,83.3,,35.1,36.1,51.7,70.7,74.7,83.3,64.6
08-10,72.8,69.3,36.1,48.6,61.3,72.1,50.8,74.4,35.5,62.8,34.6,65.6,62.5,81.3,,34.6,35.7,50.6,69.5,73.9,81.3,62.7
08-11,70.4,68.7,35.7,46.6,59.4,69.5,49.9,72.7,34.3,59.7,34.1,64.7,61.3,79.8,,34.1,34.8,49.6,68.8,72.0,79.8,60.5
08-12,68.8,67.4,42.6,46.0,58.0,67.9,49.1,70.9,33.8,57.4,33.5,64.7,59.6,82.9,,33.5,36.4,48.8,67.5,70.2,82.9,58.8
08-13,66.5,66.4,40.0,47.1,55.9,73.5,48.0,69.4,33.1,54.9,33.3,64.1,59.3,81.4,,33.1,35.3,47.9,66.4,72.3,81.4,57.6
08-14,65.4,63.8,38.9,47.0,55.0,71.9,47.3,67.9,32.5,54.1,33.2,63.7,58.0,79.1,,32.5,34.9,47.3,64.0,70.7,79.1,56.5
08-15,64.0,61.7,37.5,46.4,61.8,69.3,46.3,67.9,32.7,53.1,32.3,64.1,65.6,77.0,,32.3,34.1,46.4,64.3,68.9,77.0,61.8
08-16,62.5,62.8,37.2,45.7,60.2,75.1,44.8,79.5,31.5,51.9,32.5,63.5,63.1,76.0,,31.5,33.9,45.6,63.1,75.8,79.5,61.4
08-17,67.2,61.3,36.2,46.1,57.6,75.2,44.1,76.1,31.8,50.7,31.9,62.4,61.3,75.5,,31.8,33.2,45.9,62.8,75.4,76.1,59.4
08-18,64.3,60.5,35.7,45.2,55.9,71.4,43.0,72.1,31.4,49.5,31.5,62.2,60.2,74.5,,31.4,32.8,45.0,62.4,71.9,74.5,58.1
08-19,61.9,58.8,35.8,44.8,54.5,68.7,46.0,68.3,33.8,48.4,31.9,75.4,59.3,75.3,,31.9,34.4,45.9,62.6,73.3,75.4,56.7
08-20,78.0,64.3,34.3,48.4,54.3,66.7,45.1,65.5,33.2,47.4,31.4,86.4,68.0,73.1,,31.4,33.6,47.2,66.8,76.5,86.4,59.3
08-21,74.7,79.6,34.4,47.0,53.3,65.0,45.0,63.8,32.0,46.2,30.8,84.2,63.2,72.1,,30.8,32.7,46.1,65.7,78.1,84.2,58.2
08-22,71.9,78.9,32.8,45.8,58.2,63.7,44.6,62.2,36.3,45.0,30.8,93.8,61.7,74.4,,30.8,33.8,45.0,64.5,77.5,93.8,60.0
08-23,74.2,77.4,32.8,45.8,63.2,62.8,43.9,64.0,41.8,43.9,30.7,89.6,61.8,73.9,,30.7,35.5,43.9,65.0,76.4,89.6,62.3
08-24,71.2,75.7,32.4,45.2,63.8,61.7,43.3,70.9,39.9,42.7,30.5,88.0,60.7,71.7,,30.5,34.6,43.2,70.9,74.5,88.0,61.2
08-25,68.1,73.4,32.2,45.4,62.7,61.0,42.5,68.8,45.2,40.9,30.4,86.7,59.8,74.2,,30.4,34.8,44.9,68.2,74.0,86.7,60.4
08-26,65.3,73.7,31.5,45.4,63.2,60.6,42.3,65.5,46.9,39.8,30.8,85.7,59.6,74.9,,30.8,34.0,45.1,65.3,74.6,85.7,60.1
08-27,63.9,73.5,38.4,45.3,62.9,59.9,41.8,62.3,44.4,38.5,31.2,85.7,59.7,73.0,,31.2,38.4,44.1,63.0,73.3,85.7,59.8
08-28,63.0,71.5,35.6,44.2,67.6,59.4,41.7,60.4,42.9,37.5,31.1,84.0,58.7,73.0,,31.1,36.2,42.8,63.5,72.5,84.0,59.1
08-29,73.8,71.6,35.0,52.2,66.8,58.9,41.6,58.9,41.3,37.0,30.6,82.5,58.3,72.5,,30.6,35.6,41.6,67.3,73.4,82.5,58.6
08-30,85.2,70.4,33.7,52.8,68.2,57.7,41.5,57.6,40.0,36.5,30.4,80.8,57.5,71.1,,30.4,34.5,41.4,68.4,77.9,85.2,57.5
08-31,84.5,68.2,41.8,52.1,67.4,64.7,40.7,56.4,38.7,38.9,30.4,79.8,56.5,70.1,,30.4,38.8,41.7,67.5,76.9,84.5,56.4
09-01,82.5,64.9,43.2,51.3,66.4,61.5,40.4,55.9,37.6,37.0,30.4,83.8,56.1,69.9,,30.4,37.2,42.9,65.1,78.7,83.8,56.0
09-02,78.9,62.6,58.1,50.9,65.4,60.1,39.0,55.5,36.6,36.8,30.2,81.3,55.5,71.2,,30.2,36.6,49.8,62.9,76.6,81.3,56.8
09-03,76.2,60.1,49.3,49.6,64.5,59.1,38.9,54.9,35.9,36.6,30.4,80.5,55.1,69.8,,30.4,36.1,48.3,60.5,74.3,80.5,55.0
09-04,74.1,58.6,47.6,50.2,63.9,57.6,51.0,54.4,34.7,36.1,30.3,81.3,53.8,72.2,,30.3,35.1,50.0,59.1,73.6,81.3,54.1
09-05,71.4,57.6,46.7,49.7,65.5,56.9,50.8,53.2,33.9,35.5,30.4,78.9,53.3,83.1,,30.4,34.4,49.4,58.4,76.7,83.1,53.2
09-06,68.1,56.3,45.5,48.6,65.9,59.2,49.0,52.7,32.9,35.0,29.7,77.6,52.1,80.7,,29.7,33.6,48.3,59.9,74.7,80.7,52.4
09-07,66.2,78.3,44.6,48.0,65.4,58.5,47.8,52.0,32.9,35.2,30.3,76.9,51.1,78.1,,30.3,33.6,47.5,65.5,77.8,78.3,51.6
09-08,64.0,74.8,45.0,48.4,66.0,57.5,46.9,51.3,32.2,34.5,29.8,76.2,49.9,76.8,,29.8,32.9,46.7,64.2,75.8,76.8,50.6
09-09,63.9,72.3,43.4,46.7,65.6,56.5,46.0,50.5,32.0,46.8,29.0,75.7,49.0,75.3,,29.0,35.4,46.6,64.0,74.4,75.7,49.8
09-10,71.4,70.3,42.9,48.2,71.1,55.7,45.0,49.9,31.5,44.2,28.3,74.9,47.4,74.1,,28.3,34.9,44.9,70.4,73.3,74.9,49.0
09-11,69.7,66.8,42.3,48.3,73.1,54.9,44.6,53.2,31.1,42.1,33.5,74.4,46.5,75.4,,31.1,36.1,44.3,67.1,74.0,75.4,50.8
09-12,68.0,65.2,50.5,55.3,72.5,53.8,43.9,51.9,30.7,47.6,51.7,87.5,45.9,73.1,,30.7,44.5,50.2,65.5,72.9,87.5,52.8
09-13,65.2,73.8,47.6,54.0,71.5,53.1,42.7,50.7,30.5,69.7,60.8,84.5,45.2,72.1,,30.5,43.5,50.4,69.9,73.3,84.5,57.4
09-14,63.6,72.3,46.2,53.0,70.8,52.2,72.1,50.3,30.6,66.6,66.9,85.8,44.8,73.7,,30.6,45.2,52.0,70.9,73.3,85.8,65.1
09-15,61.8,74.4,45.8,62.6,69.9,54.0,74.3,50.2,30.1,64.5,64.3,83.0,57.6,72.7,,30.1,47.1,57.2,70.1,74.4,83.0,63.5
09-16,61.2,73.4,44.3,64.3,69.4,55.6,71.2,59.6,29.8,62.9,62.0,82.0,60.9,70.2,,29.8,47.7,60.8,69.5,72.7,82.0,62.5
09-17,59.0,71.9,43.5,63.6,68.7,58.0,67.5,56.9,29.4,61.1,60.0,81.1,59.1,69.6,,29.4,47.5,58.9,67.6,71.2,81.1,60.5
09-18,57.7,72.4,40.7,68.8,68.4,60.8,64.0,55.1,28.9,60.2,58.1,79.9,58.8,68.5,,28.9,45.0,58.0,68.4,71.3,79.9,60.5
09-19,56.7,70.1,42.7,67.0,67.9,59.2,61.0,54.0,29.3,59.0,56.8,83.1,57.4,67.9,,29.3,46.1,56.8,67.1,69.5,83.1,59.1
09-20,56.3,67.7,42.4,64.7,67.2,57.1,59.1,52.9,28.7,57.7,55.5,80.3,55.6,70.9,,28.7,45.6,55.6,64.9,69.9,80.3,57.4
09-21,54.9,66.4,40.5,62.6,65.8,56.2,57.5,52.4,28.6,56.3,53.7,78.6,59.6,68.9,,28.6,44.0,54.8,62.9,68.1,78.6,56.9
09-22,54.0,64.5,41.1,61.1,74.1,55.2,56.8,51.6,28.2,55.2,52.8,76.9,62.5,68.2,,28.2,44.2,53.9,62.7,72.4,76.9,56.0
09-23,56.7,64.1,40.1,69.2,73.2,54.2,90.3,53.8,28.0,54.6,51.1,76.4,58.5,69.4,,28.0,43.4,54.2,69.2,75.4,90.3,57.6
09-24,55.1,63.3,38.9,67.0,72.3,53.6,85.7,53.7,28.0,53.5,49.7,75.5,56.6,67.2,,28.0,42.2,53.5,67.1,74.5,85.7,55.9
09-25,54.2,62.8,38.6,65.8,70.0,53.2,88.8,57.1,27.9,52.6,48.4,74.6,55.1,66.3,,27.9,41.6,53.1,65.9,73.2,88.8,56.1
09-26,53.3,61.6,36.9,65.2,69.2,52.4,87.9,65.7,27.2,51.7,47.4,73.7,54.9,65.8,,27.2,40.1,52.3,65.7,72.3,87.9,58.3
09-27,53.9,60.9,58.1,69.4,68.1,51.9,87.7,69.9,27.2,50.3,46.1,72.8,54.9,65.8,,27.2,47.4,53.7,68.3,71.9,87.7,59.5
09-28,52.9,60.8,56.6,69.8,77.8,51.6,86.9,70.2,26.4,56.2,45.2,71.6,54.0,65.8,,26.4,47.1,53.9,69.8,75.9,86.9,58.7
09-29,52.5,60.0,52.9,70.2,84.6,53.3,86.2,69.8,26.5,63.0,43.6,71.3,53.7,65.6,,26.5,46.3,53.3,69.8,80.6,86.2,61.5
09-30,51.5,59.3,50.8,71.9,87.8,51.8,86.8,70.4,26.5,78.2,43.0,73.1,66.1,64.7,,26.5,45.3,51.8,72.0,84.3,87.8,65.4
