date,1990,1991,1992,1993,1994,1995,1996,1997,1998,1999,2000,2001,2002,2003,2004,2005,2006,2007,2008,2009,2010,2011,2012,2013,2014,2015,2016,2017,2018,2019,2020,2021,2022,2023,2024,Min,10%,30%,70%,90%,Max,Median ('91-'20),Median (POR),Median Peak SWE
10-01,0.0,0.0,0.0,0.0,0.0,0.0,0.0,0.0,0.0,0.0,0.0,0.0,0.0,0.2,0.0,0.0,0.0,0.0,0.0,0.0,0.6,0.0,0.0,0.0,0.0,0.0,0.0,0.0,0.0,0.0,0.2,0.0,0.0,0.0,0.0,0.0,0.0,0.0,0.0,0.0,0.6,0.0,0.0,29.3
10-02,0.0,0.0,0.0,0.0,0.0,0.0,0.0,0.0,0.0,0.0,0.0,0.0,0.0,1.1,0.0,0.0,0.0,0.0,0.0,0.0,0.6,0.0,0.0,0.0,0.0,0.0,0.0,0.0,0.1,0.0,0.0,0.0,0.0,0.0,0.0,0.0,0.0,0.0,0.0,0.0,1.1,0.0,0.0,29.3
10-03,0.0,0.0,0.0,0.0,0.0,0.0,0.0,0.0,0.0,0.0,0.0,0.0,0.0,1.1,0.0,0.0,0.0,0.0,0.0,0.0,0.5,0.0,0.0,0.0,0.0,0.0,0.0,0.0,0.3,0.0,0.0,0.0,0.0,0.0,0.2,0.0,0.0,0.0,0.0,0.0,1.1,0.0,0.0,29.3
10-04,0.0,0.0,0.0,0.0,0.0,0.4,0.2,0.0,0.0,0.4,0.0,0.0,0.0,0.9,0.0,0.0,0.0,0.0,0.0,0.0,0.5,0.0,0.0,0.0,0.5,0.0,0.0,0.3,0.3,0.0,0.0,0.0,0.0,0.0,0.2,0.0,0.0,0.0,0.0,0.4,0.9,0.0,0.0,29.3
10-05,0.0,0.0,0.0,0.0,0.0,0.4,0.8,0.0,0.0,0.7,0.0,0.0,0.0,0.8,0.0,0.0,0.3,0.0,0.0,0.0,1.4,0.0,0.0,0.0,0.5,0.0,0.0,0.2,0.2,0.0,0.0,0.0,0.0,0.0,0.1,0.0,0.0,0.0,0.0,0.6,1.4,0.0,0.0,29.3
10-06,0.0,0.0,0.0,0.0,0.0,0.6,0.6,0.0,0.0,0.6,0.0,0.0,0.0,0.6,0.0,0.0,0.2,0.0,0.8,0.0,1.4,0.0,0.4,0.0,0.5,0.0,0.0,0.3,0.2,0.0,0.0,0.0,0.0,0.0,0.0,0.0,0.0,0.0,0.2,0.6,1.4,0.0,0.0,29.3
10-07,0.0,0.0,0.0,0.0,0.0,0.7,0.6,0.0,0.0,0.6,0.1,0.0,0.0,0.4,0.0,0.0,0.0,0.0,1.1,0.0,1.0,0.0,0.6,0.0,0.4,0.0,0.0,0.2,0.2,0.0,0.0,0.0,0.0,0.0,0.0,0.0,0.0,0.0,0.1,0.6,1.1,0.0,0.0,29.3
10-08,0.0,0.0,0.0,0.0,0.2,0.6,0.6,0.0,0.0,0.4,0.0,0.0,0.0,0.2,0.0,0.0,0.0,0.0,0.9,0.0,0.8,0.0,0.6,0.0,0.0,0.0,0.0,0.2,0.2,0.2,0.0,0.0,0.0,0.0,0.0,0.0,0.0,0.0,0.2,0.6,0.9,0.0,0.0,29.3
10-09,0.0,0.0,0.0,0.0,0.2,0.6,0.6,0.0,0.0,0.1,0.0,0.0,0.0,0.0,0.0,0.0,0.2,0.0,0.8,0.0,0.8,0.0,0.8,0.0,0.0,0.0,0.0,0.1,0.2,0.4,0.0,0.0,0.4,0.0,0.0,0.0,0.0,0.0,0.1,0.6,0.8,0.0,0.0,29.3
10-10,0.0,0.0,0.0,0.0,0.2,0.4,0.4,0.0,0.0,0.0,0.0,0.0,0.2,0.0,0.0,0.0,0.2,0.0,0.6,0.0,0.8,0.0,0.8,0.0,0.0,0.0,0.0,0.0,0.0,1.0,0.1,0.0,0.6,0.0,0.0,0.0,0.0,0.0,0.1,0.6,1.0,0.0,0.0,29.3
10-11,0.0,0.0,0.0,0.0,0.0,0.2,0.1,0.0,0.0,0.0,0.0,0.9,0.1,0.0,0.0,0.0,0.0,0.0,0.2,0.0,0.8,0.0,0.8,0.0,0.2,0.0,0.0,0.0,0.0,1.5,0.1,0.0,0.6,0.0,0.0,0.0,0.0,0.0,0.1,0.8,1.5,0.0,0.0,29.3
10-12,0.0,0.0,0.0,0.0,0.0,0.0,0.0,0.0,1.5,0.0,0.0,1.0,0.4,0.0,0.0,0.0,0.0,0.0,0.1,0.2,1.0,0.0,0.8,0.0,0.2,0.0,0.0,0.0,0.0,1.4,0.0,0.0,1.5,0.0,0.4,0.0,0.0,0.0,0.1,1.0,1.5,0.0,0.0,29.3
10-13,0.0,0.0,0.0,0.0,0.0,0.0,0.0,0.0,1.6,0.0,0.0,0.8,0.2,0.0,0.0,0.0,0.0,0.0,0.0,0.2,1.1,0.0,0.6,0.0,0.2,0.0,0.0,0.0,0.0,1.1,0.0,0.0,1.8,0.0,0.8,0.0,0.0,0.0,0.0,1.0,1.8,0.0,0.0,29.3
10-14,0.0,0.0,0.0,0.0,0.0,0.0,0.0,0.0,1.4,0.0,0.0,0.8,0.2,0.0,0.0,0.0,0.0,0.0,0.2,0.2,1.4,0.0,0.6,0.0,0.4,0.0,0.0,0.0,0.0,1.0,0.0,0.0,1.8,0.0,0.8,0.0,0.0,0.0,0.0,0.9,1.8,0.0,0.0,29.3
10-15,0.0,0.0,0.0,0.0,0.1,1.4,0.0,0.0,1.2,0.0,0.0,0.8,0.0,0.0,0.0,0.0,0.0,0.0,0.1,0.1,1.2,0.0,0.4,0.0,0.6,0.0,0.0,0.0,0.2,1.0,0.0,0.0,2.1,0.0,0.7,0.0,0.0,0.0,0.1,1.1,2.1,0.0,0.0,29.3
10-16,0.0,0.0,0.0,0.0,0.4,1.6,0.0,0.0,1.0,0.3,0.0,0.7,0.0,0.0,0.0,0.0,0.0,0.0,0.0,0.0,1.0,0.0,0.0,0.0,0.6,0.0,0.0,0.0,0.1,1.0,0.0,0.0,2.1,0.0,,0.0,0.0,0.0,0.0,1.0,2.1,0.0,0.0,29.3
10-17,0.0,0.0,0.0,0.0,0.4,1.5,0.0,0.2,0.8,0.4,0.1,0.6,0.0,0.0,0.0,0.0,0.0,0.3,0.2,0.0,1.0,0.0,0.0,0.0,0.6,0.0,0.0,0.0,0.0,1.0,0.0,0.0,1.8,0.0,,0.0,0.0,0.0,0.3,0.9,1.8,0.0,0.0,29.3
10-18,0.0,0.0,0.0,0.0,0.7,1.8,0.0,0.2,0.6,0.4,0.0,0.6,0.0,0.0,0.0,0.5,0.0,0.5,1.0,0.0,0.8,0.0,0.0,0.0,0.6,0.0,0.0,0.2,0.0,1.0,0.3,0.0,1.6,0.0,,0.0,0.0,0.0,0.5,0.9,1.8,0.0,0.0,29.3
10-19,0.0,0.4,0.0,0.0,0.7,2.0,0.0,0.0,0.5,0.3,0.0,0.4,0.0,0.0,0.0,1.3,0.0,0.5,1.0,0.0,0.4,0.0,0.0,0.0,0.6,0.0,0.0,0.2,0.0,1.0,0.4,0.0,2.2,0.0,,0.0,0.0,0.0,0.4,1.0,2.2,0.0,0.0,29.3
10-20,0.0,0.5,0.0,0.0,0.7,2.0,0.0,0.4,0.4,0.0,0.0,0.2,0.0,0.0,0.0,3.2,0.0,0.5,1.0,0.0,0.0,0.0,0.0,0.0,0.6,0.0,0.0,0.2,0.0,1.0,1.1,0.0,2.5,0.0,,0.0,0.0,0.0,0.5,1.1,3.2,0.0,0.0,29.3
10-21,0.0,0.5,0.0,0.0,0.6,1.9,0.0,0.6,0.3,0.0,0.0,0.0,0.0,0.0,0.0,4.3,0.0,0.5,1.6,0.0,0.0,0.0,0.0,0.0,0.6,0.0,0.0,0.1,0.0,0.8,1.2,0.0,2.4,0.0,,0.0,0.0,0.0,0.5,1.5,4.3,0.0,0.0,29.3
10-22,0.0,0.5,0.0,0.0,0.5,1.4,0.2,0.8,0.2,0.0,0.0,0.4,0.0,0.0,0.0,4.7,0.0,0.5,1.7,0.0,0.0,0.0,0.0,0.0,0.6,0.0,0.0,0.0,0.0,0.8,1.3,0.0,2.3,0.0,,0.0,0.0,0.0,0.5,1.4,4.7,0.0,0.0,29.3
10-23,0.0,0.5,0.0,0.0,0.5,1.4,0.8,0.8,0.1,0.0,0.0,0.4,0.0,0.1,0.0,4.8,0.0,0.4,1.7,0.0,0.0,0.0,0.0,0.0,0.6,0.0,0.0,0.0,0.0,0.8,1.2,0.0,2.2,1.9,,0.0,0.0,0.0,0.5,1.6,4.8,0.0,0.0,29.3
10-24,0.0,0.5,0.5,0.0,0.5,1.5,0.7,0.8,0.9,0.0,0.0,0.2,0.0,0.2,0.0,5.7,0.0,0.4,1.6,0.0,0.0,0.2,0.0,0.1,0.6,0.0,0.0,0.0,0.0,0.6,1.2,0.0,2.3,2.1,,0.0,0.0,0.0,0.6,1.6,5.7,0.2,0.2,29.3
10-25,0.0,0.5,0.5,0.0,0.4,1.2,0.6,1.5,1.4,0.0,0.0,0.2,0.0,0.4,0.0,6.0,0.0,0.2,1.4,0.0,0.1,0.5,0.0,0.2,0.6,0.0,0.0,0.0,0.0,0.6,1.2,0.0,2.0,2.1,,0.0,0.0,0.0,0.6,1.5,6.0,0.2,0.2,29.3
10-26,0.4,0.4,0.6,0.0,0.3,1.2,0.6,2.6,1.5,0.2,0.0,0.0,0.0,0.2,0.0,7.2,0.0,1.0,1.4,0.0,0.1,1.0,0.0,0.7,0.6,0.0,0.0,0.0,0.0,0.6,1.2,0.3,2.2,2.2,,0.0,0.0,0.0,0.7,2.0,7.2,0.2,0.4,29.3
10-27,0.6,0.2,1.8,0.0,0.3,1.1,0.6,2.7,1.2,0.1,0.0,0.0,0.0,0.2,0.0,7.2,0.0,1.0,1.4,0.0,0.0,1.8,0.0,0.8,0.6,0.0,0.0,0.0,0.0,0.6,1.2,0.3,2.8,2.6,,0.0,0.0,0.0,1.0,2.4,7.2,0.2,0.3,29.3
10-28,1.0,0.0,2.1,0.0,0.2,1.0,0.6,2.7,1.2,0.0,0.0,0.2,0.0,0.2,0.0,7.4,0.2,0.8,1.4,0.0,0.5,1.8,0.0,0.6,0.6,0.0,0.0,0.0,0.0,0.4,1.5,0.3,2.7,2.6,,0.0,0.0,0.0,1.0,2.4,7.4,0.2,0.4,29.3
10-29,1.2,0.0,2.3,0.0,0.2,1.0,0.5,2.8,1.2,0.0,0.0,0.2,0.0,0.2,0.0,8.1,0.6,0.8,1.4,0.0,0.6,1.8,0.0,0.6,1.5,0.0,0.0,0.0,0.0,0.2,1.6,0.2,2.6,2.6,,0.0,0.0,0.0,1.2,2.5,8.1,0.2,0.4,29.3
10-30,1.2,0.0,2.4,1.2,0.4,1.0,0.4,2.8,1.2,0.6,0.3,0.4,0.0,0.4,0.0,8.2,0.8,0.8,1.3,0.0,0.6,1.8,0.0,0.5,1.5,0.0,0.0,0.0,0.0,0.2,2.0,0.1,2.3,2.6,,0.0,0.0,0.1,1.2,2.4,8.2,0.4,0.5,29.3
10-31,1.2,0.0,2.4,2.6,0.4,1.0,0.3,2.8,1.2,0.6,0.1,1.2,0.2,0.4,0.2,8.3,0.8,0.8,1.3,0.0,0.6,2.1,0.0,0.6,1.8,0.0,0.0,0.0,0.0,0.2,2.0,0.0,2.2,2.6,,0.0,0.0,0.2,1.3,2.6,8.3,0.5,0.6,29.3
11-01,1.2,0.0,2.5,3.2,0.4,1.0,0.2,3.2,1.6,0.4,0.0,1.8,0.4,0.4,0.8,9.0,0.8,0.8,1.4,0.0,0.6,1.9,0.0,0.4,1.8,0.0,0.0,0.2,0.0,0.3,2.0,0.0,2.2,2.6,,0.0,0.0,0.3,1.6,2.6,9.0,0.5,0.7,29.3
11-02,1.2,0.2,2.8,3.9,0.4,1.0,0.2,3.2,1.6,0.3,0.0,2.1,0.4,0.4,1.4,9.0,0.7,0.8,1.4,0.0,0.6,1.8,0.3,0.4,1.7,0.6,0.0,0.4,0.0,0.5,2.0,0.0,2.2,2.6,,0.0,0.0,0.4,1.6,2.7,9.0,0.5,0.7,29.3
11-03,1.2,0.3,2.8,4.4,0.4,1.3,0.4,3.2,1.6,0.6,0.0,2.1,0.4,0.4,1.4,9.0,0.4,0.8,1.4,0.3,0.6,1.8,0.2,0.4,1.6,1.1,0.0,0.4,0.0,0.6,2.0,0.0,2.2,3.8,,0.0,0.1,0.4,1.6,3.1,9.0,0.6,0.7,29.3
11-04,1.2,0.4,3.0,5.3,0.4,1.6,0.4,3.2,1.6,0.8,0.0,2.1,0.4,0.4,2.0,8.8,0.4,0.8,1.4,0.5,0.6,1.6,0.4,0.4,1.8,1.0,0.2,0.3,0.1,0.7,2.0,0.0,2.2,3.8,,0.0,0.3,0.4,1.7,3.1,8.8,0.6,0.8,29.3
11-05,1.2,0.7,3.0,5.4,0.4,1.7,0.5,4.2,1.6,0.8,0.0,2.2,0.4,0.4,2.2,8.8,0.7,0.8,1.4,1.6,0.6,1.6,0.6,0.4,1.7,0.9,0.4,0.2,0.2,0.8,2.0,0.0,2.2,3.8,,0.0,0.3,0.6,1.7,3.5,8.8,0.8,0.9,29.3
11-06,1.2,1.4,3.0,5.5,0.5,2.2,0.5,4.6,1.6,1.2,0.0,2.4,0.2,0.4,2.2,8.8,0.8,0.8,1.4,2.4,0.6,1.4,0.8,0.4,1.8,0.8,0.4,0.1,0.4,0.8,2.0,0.0,2.2,4.6,,0.0,0.3,0.6,2.1,4.1,8.8,1.0,1.2,29.3
11-07,1.2,1.4,2.8,5.6,0.5,2.2,0.5,4.6,1.6,1.6,0.0,2.6,0.0,0.4,2.2,8.8,0.7,0.8,1.4,2.4,0.6,1.4,1.0,0.4,1.8,0.6,0.4,0.0,0.8,0.8,2.0,0.0,2.2,4.7,,0.0,0.2,0.6,2.0,4.0,8.8,0.9,1.3,29.3
11-08,1.2,1.5,2.7,5.6,0.6,2.2,0.5,4.6,1.6,1.7,0.0,2.6,0.4,0.4,2.2,8.8,0.6,0.8,1.3,2.4,0.6,1.4,1.0,0.4,1.8,0.6,0.5,0.0,0.7,0.8,1.9,0.4,2.1,4.8,,0.0,0.4,0.6,1.9,4.0,8.8,0.9,1.2,29.3
11-09,1.0,1.6,2.6,5.7,0.6,2.2,0.5,4.6,2.2,2.9,0.0,2.8,0.4,2.4,2.2,8.8,0.6,0.6,1.2,2.4,0.6,2.9,1.0,0.4,1.8,0.6,0.5,0.0,0.7,0.8,1.9,1.5,2.1,6.4,,0.0,0.5,0.6,2.2,4.1,8.8,1.4,1.5,29.3
11-10,1.0,1.6,2.6,5.7,0.6,2.2,1.3,4.6,2.2,3.3,0.0,3.2,0.4,3.0,2.8,9.1,0.6,1.2,1.2,2.7,0.6,3.0,1.0,1.9,1.8,0.6,0.5,0.0,0.8,0.8,1.9,2.2,3.2,7.8,,0.0,0.5,1.0,2.7,4.2,9.1,1.6,1.9,29.3
11-11,1.0,1.6,2.1,5.7,0.6,2.2,1.8,4.6,2.4,3.3,0.0,3.3,0.4,3.4,3.1,9.1,0.6,1.2,1.2,2.8,0.6,3.2,1.1,2.8,1.8,0.6,1.0,0.0,0.7,0.8,1.9,2.2,3.2,7.8,,0.0,0.6,1.0,2.9,4.2,9.1,1.8,1.9,29.3
11-12,1.0,1.6,2.0,5.7,0.6,2.2,1.8,4.5,3.1,3.3,0.0,3.3,0.4,3.6,3.1,9.4,0.6,1.6,1.4,2.9,0.6,3.2,1.1,2.8,1.8,0.6,1.2,0.0,0.7,0.9,1.8,2.6,3.2,7.8,,0.0,0.6,1.1,3.1,4.2,9.4,1.8,1.8,29.3
11-13,1.0,1.6,2.0,5.8,0.6,3.2,2.0,4.4,3.1,3.3,0.0,3.4,0.4,3.6,3.1,9.4,0.8,1.6,1.4,3.0,0.8,3.2,2.0,2.9,1.8,0.6,1.2,0.0,0.6,0.9,1.8,2.6,3.1,7.8,,0.0,0.6,1.2,3.1,4.1,9.4,1.8,2.0,29.3
11-14,1.0,1.5,2.2,5.8,0.6,3.8,1.8,4.4,3.1,3.3,0.0,3.4,0.4,3.7,4.4,9.4,1.4,2.4,1.4,3.2,0.8,3.2,2.8,2.8,1.7,0.8,1.3,0.0,0.5,1.0,1.8,3.6,3.0,7.8,,0.0,0.5,1.4,3.2,4.4,9.4,2.1,2.3,29.3
11-15,1.0,1.5,2.8,5.8,0.6,3.8,1.6,4.3,3.1,3.3,0.0,3.4,0.4,3.7,4.4,9.4,2.0,3.2,1.4,3.2,1.2,3.8,2.8,2.8,1.7,1.2,1.2,0.0,0.3,1.0,1.7,3.9,2.8,7.8,,0.0,0.5,1.4,3.3,4.4,9.4,2.1,2.8,29.3
11-16,1.0,1.4,2.8,5.8,0.6,3.8,1.6,4.4,3.1,3.3,0.0,3.6,0.4,3.7,4.4,9.4,2.0,3.2,1.4,3.2,1.2,4.6,2.7,2.8,1.8,1.6,1.8,0.0,0.3,1.0,1.7,4.1,2.8,7.8,,0.0,0.5,1.5,3.3,4.5,9.4,2.2,2.7,29.3
11-17,1.0,1.2,2.8,5.8,0.6,5.2,1.6,4.4,3.1,3.3,0.0,3.6,0.4,3.7,5.0,9.4,2.0,3.2,1.4,3.2,1.2,4.6,2.6,3.2,2.4,1.6,2.3,0.0,0.4,1.0,1.7,4.1,2.9,7.8,,0.0,0.5,1.5,3.3,5.2,9.4,2.4,2.7,29.3
11-18,1.0,1.2,3.6,5.8,0.6,5.9,1.6,5.0,3.2,3.4,0.2,3.6,0.5,3.7,6.1,9.4,2.0,3.2,1.5,3.1,1.2,4.7,2.6,4.4,2.4,1.6,2.3,0.2,1.9,1.0,1.7,4.1,2.9,7.8,,0.2,0.7,1.6,3.7,5.9,9.4,2.6,2.8,29.3
11-19,1.0,1.2,4.6,5.8,0.8,6.3,1.5,5.4,3.2,3.5,0.2,3.6,0.6,3.7,6.1,9.4,1.9,3.2,1.5,3.1,1.2,4.6,3.5,4.9,2.6,1.7,2.3,0.2,1.9,1.0,1.7,4.0,2.8,7.8,,0.2,0.9,1.7,3.7,6.0,9.4,2.8,3.0,29.3
11-20,1.0,1.6,4.6,6.3,0.8,6.3,1.4,5.4,3.4,3.5,0.2,3.6,0.6,3.7,6.1,9.4,1.8,3.2,1.6,3.0,1.2,4.6,3.5,4.9,2.6,1.8,2.3,0.2,1.9,1.0,1.7,3.8,3.0,7.8,,0.2,0.9,1.7,3.7,6.2,9.4,2.8,3.0,29.3
11-21,1.0,4.0,5.0,6.4,0.8,6.5,1.4,5.4,3.6,3.5,0.4,3.6,0.6,3.7,6.1,9.4,1.8,3.1,1.6,3.0,1.2,6.2,3.5,4.9,2.8,1.8,2.4,0.4,1.9,1.0,2.0,3.8,3.0,7.8,,0.4,0.9,1.8,3.8,6.4,9.4,3.0,3.1,29.3
11-22,1.0,4.2,5.5,6.5,0.8,6.6,1.4,5.7,3.8,3.6,0.6,3.6,0.6,3.7,6.2,9.4,1.9,3.0,1.6,3.0,1.2,7.6,4.0,5.0,3.0,2.0,2.4,1.0,1.8,1.0,2.3,3.8,3.0,7.8,,0.6,1.0,1.9,4.0,6.5,9.4,3.0,3.0,29.3
11-23,1.0,4.2,5.5,7.7,2.5,6.6,1.4,6.8,3.8,3.6,0.8,3.6,2.6,3.6,6.2,9.4,1.9,3.0,1.6,3.0,1.6,8.0,3.8,5.0,3.0,3.1,2.5,1.0,1.8,1.6,2.3,3.8,2.8,7.8,,0.8,1.4,2.5,3.9,7.4,9.4,3.1,3.1,29.3
11-24,1.0,4.2,5.6,8.0,2.8,6.6,1.4,6.8,3.8,3.6,0.8,3.6,3.4,3.5,6.2,9.4,2.0,2.9,1.6,3.0,1.6,9.2,3.9,5.0,3.0,3.8,2.6,1.8,1.6,2.4,2.3,3.8,3.0,7.8,,0.8,1.6,2.6,3.9,7.5,9.4,3.3,3.4,29.3
11-25,2.1,4.2,5.6,8.0,3.0,6.6,1.4,6.8,3.8,3.6,0.8,3.6,4.2,3.7,6.2,9.6,2.0,2.9,1.6,3.0,1.6,9.2,3.8,5.0,3.0,4.5,2.6,1.8,1.6,3.2,2.3,3.8,3.0,7.8,,0.8,1.6,2.9,4.2,7.5,9.6,3.5,3.6,29.3
11-26,3.2,4.2,5.6,8.0,3.0,6.7,1.3,7.0,3.8,3.6,0.8,3.6,5.8,3.7,6.3,10.0,2.2,2.8,1.6,3.0,1.6,9.2,3.8,5.0,3.0,4.6,2.8,1.8,1.5,3.2,2.8,3.8,3.0,7.8,,0.8,1.6,2.9,4.7,7.6,10.0,3.5,3.6,29.3
11-27,7.0,4.6,5.8,8.0,3.0,7.4,2.4,7.0,4.0,3.6,0.8,3.6,5.8,3.7,7.0,10.4,3.2,2.8,1.6,3.0,1.6,9.2,3.7,5.0,3.0,4.6,2.8,2.0,1.4,3.2,2.8,3.8,3.0,7.8,,0.8,1.8,3.0,5.1,7.7,10.4,3.5,3.7,29.3
11-28,7.4,4.6,6.0,8.0,3.0,8.0,2.8,7.0,4.2,3.6,0.8,3.6,5.9,3.7,7.0,11.0,3.2,4.4,1.8,3.1,1.6,9.2,3.8,5.1,3.0,4.6,2.8,2.9,1.6,3.2,3.4,4.0,3.0,7.8,,0.8,2.1,3.1,5.2,8.0,11.0,4.0,3.8,29.3
11-29,7.4,4.7,6.0,8.0,3.0,8.8,3.1,7.0,4.2,3.8,0.8,3.7,5.9,3.6,7.0,11.4,3.3,4.8,2.0,3.2,1.6,9.6,3.8,5.2,3.0,4.4,3.0,4.2,1.6,3.6,4.6,4.0,3.0,8.1,,0.8,2.3,3.3,5.2,8.1,11.4,4.2,4.1,29.3
11-30,7.4,4.8,6.3,8.0,3.0,8.8,3.1,7.2,4.2,4.0,0.8,3.8,6.4,3.6,7.0,11.4,4.0,4.8,2.0,3.6,1.6,9.6,3.8,5.2,3.0,4.4,3.0,4.2,1.6,4.8,6.1,4.0,3.0,8.2,,0.8,2.3,3.6,6.1,8.2,11.4,4.3,4.2,29.3
12-01,7.4,4.8,6.3,8.1,3.0,8.8,3.1,7.2,4.2,4.0,0.8,3.8,6.6,3.6,7.0,11.4,4.2,4.8,3.0,3.8,1.6,9.7,3.8,5.9,3.0,4.4,3.0,4.2,1.6,5.4,6.2,4.1,3.0,8.6,,0.8,3.0,3.7,6.2,8.4,11.4,4.3,4.2,29.3
12-02,7.4,4.8,6.4,8.1,3.0,8.8,3.0,8.0,4.2,4.0,1.0,3.8,7.0,3.6,7.0,11.4,4.7,4.9,3.5,3.8,1.6,9.8,4.0,5.9,3.0,4.4,3.2,4.2,1.6,5.4,6.2,4.1,3.0,9.4,,1.0,3.0,3.7,6.2,8.6,11.4,4.4,4.3,29.3
12-03,7.4,5.0,7.0,8.1,3.2,8.8,2.6,8.0,4.2,4.0,1.5,3.8,7.4,3.6,7.0,11.4,5.8,4.8,3.6,4.2,1.6,10.2,4.0,7.4,3.2,4.4,3.2,4.2,1.6,5.8,6.2,4.1,3.0,9.8,,1.5,2.7,3.8,7.0,8.6,11.4,4.6,4.3,29.3
12-04,7.4,5.0,7.0,8.1,3.2,9.0,2.6,8.3,4.2,4.0,1.7,3.8,8.2,3.6,7.0,11.4,6.4,4.8,3.6,4.2,1.6,10.2,4.0,7.6,3.8,4.5,3.3,4.2,2.3,5.9,6.2,4.1,3.0,10.1,,1.6,2.7,3.8,7.0,8.8,11.4,4.6,4.4,29.3
12-05,7.4,5.0,7.0,8.2,3.4,9.4,4.0,8.4,4.2,5.0,1.7,3.8,8.4,3.6,6.9,11.4,6.6,4.8,3.6,4.3,1.6,10.4,4.4,7.8,3.8,4.4,3.3,4.3,2.3,5.9,6.6,4.1,3.0,10.8,,1.6,3.1,4.0,6.9,9.1,11.4,4.8,4.6,29.3
12-06,7.4,5.0,7.0,8.2,3.4,9.6,4.5,9.6,4.2,5.0,1.7,3.8,8.8,3.6,6.8,11.4,6.8,4.8,3.6,4.4,1.7,10.4,4.4,8.0,3.8,4.4,3.4,4.3,2.3,5.9,6.8,4.1,3.0,11.1,,1.7,3.1,4.1,6.9,9.6,11.4,4.8,4.7,29.3
12-07,7.6,5.0,7.0,8.2,3.4,10.4,4.8,10.0,4.2,5.0,1.7,3.8,9.6,3.6,6.8,11.6,7.6,4.8,4.2,4.4,1.8,11.2,4.4,8.0,3.8,4.4,3.4,4.3,2.3,5.9,6.8,4.1,3.0,11.1,,1.7,3.1,4.1,7.1,10.2,11.6,4.8,4.8,29.3
12-08,7.6,5.0,7.0,8.2,3.4,10.7,4.8,10.0,4.6,5.0,2.2,3.8,10.0,3.6,7.8,12.2,7.6,4.8,6.2,4.4,2.2,11.2,4.4,8.1,4.4,4.4,3.4,4.3,2.3,5.9,7.0,4.1,3.0,11.3,,2.2,3.1,4.3,7.6,10.5,12.2,5.2,4.9,29.3
12-09,7.6,5.0,7.1,8.4,3.4,10.7,4.8,10.0,5.9,5.2,2.2,3.8,10.0,3.6,8.1,13.4,7.6,4.8,7.0,4.6,2.3,11.2,4.4,8.4,4.4,4.4,3.4,4.7,2.3,5.9,7.8,4.1,3.0,11.3,,2.2,3.1,4.4,7.7,10.5,13.4,5.6,5.2,29.3
12-10,7.6,5.0,7.1,8.9,3.4,10.8,4.8,11.0,6.2,5.2,2.2,4.0,10.0,3.6,8.1,14.4,7.6,4.8,7.0,4.6,2.3,11.2,4.4,8.4,4.4,4.4,3.4,5.2,2.3,5.9,7.8,4.1,4.2,11.3,,2.2,3.4,4.4,7.7,11.0,14.4,5.7,5.2,29.3
12-11,7.7,5.0,7.1,9.0,3.4,10.8,4.8,12.8,6.2,5.2,2.6,5.4,10.0,3.6,8.2,14.4,7.6,5.1,7.0,4.6,2.4,12.0,4.4,8.7,4.4,4.6,3.6,6.6,2.3,5.9,7.8,4.1,4.6,11.3,,2.3,3.5,4.6,7.7,11.1,14.4,5.9,5.7,29.3
12-12,7.7,5.0,7.1,10.6,3.4,10.8,4.8,14.2,6.2,5.2,2.6,5.4,10.1,3.6,8.2,14.4,7.6,5.2,7.0,4.6,2.5,12.0,4.4,8.8,4.4,4.6,3.5,6.6,2.3,6.0,8.0,4.1,4.6,12.3,,2.3,3.5,4.6,7.7,11.6,14.4,5.9,5.7,29.3
12-13,7.7,5.0,7.2,10.8,4.7,11.0,5.4,14.5,6.2,5.3,2.6,5.6,10.2,3.6,8.2,14.4,7.6,5.4,7.1,4.6,3.8,12.0,4.6,8.9,4.4,4.7,3.6,6.6,2.3,6.8,8.9,4.7,4.6,12.4,,2.3,3.7,4.7,7.7,11.7,14.5,6.1,5.9,29.3
12-14,7.8,6.2,7.2,10.8,4.7,12.1,5.9,15.0,6.2,5.3,3.9,6.0,10.2,3.6,8.3,14.4,7.6,5.6,7.2,5.6,6.3,12.0,4.9,8.9,4.4,5.0,4.1,6.6,2.4,6.8,9.7,4.7,4.6,12.6,,2.4,4.2,5.3,7.8,12.1,15.0,6.4,6.3,29.3
12-15,7.8,6.2,7.2,10.9,4.7,12.2,5.9,15.3,6.2,5.3,3.9,6.2,10.8,3.6,8.9,14.4,7.6,5.8,7.2,5.8,6.3,12.5,4.9,9.2,4.4,5.2,4.6,7.0,2.4,6.8,10.3,4.8,5.9,12.6,,2.4,4.5,5.7,7.9,12.4,15.3,6.4,6.3,29.3
12-16,7.8,6.2,7.2,11.2,4.7,12.2,5.9,15.3,6.4,5.3,3.9,7.1,10.8,3.8,9.4,14.4,7.6,5.9,7.2,6.3,6.3,12.8,4.9,9.7,4.4,5.2,4.8,8.2,2.4,6.8,10.3,4.9,6.0,12.8,,2.4,4.5,5.8,8.3,12.6,15.3,6.6,6.6,29.3
12-17,8.0,6.6,7.2,11.2,4.8,12.2,5.9,16.0,6.4,5.3,4.0,7.1,10.8,4.0,9.4,14.4,7.6,6.4,7.3,7.2,6.3,12.8,4.9,10.0,4.4,5.3,5.4,11.2,2.4,6.8,10.4,4.9,6.5,12.8,,2.4,4.5,5.9,9.4,12.6,16.0,6.8,7.0,29.3
12-18,8.2,6.6,7.2,11.7,4.8,12.2,5.9,16.2,6.4,5.3,4.2,7.6,10.9,4.8,9.4,14.4,7.7,7.2,7.3,7.2,6.3,13.0,4.9,10.8,4.6,5.3,5.4,11.2,2.4,6.8,10.4,5.6,6.6,12.8,,2.4,4.8,5.9,9.5,12.6,16.2,6.9,7.2,29.3
12-19,8.2,7.0,7.5,11.9,4.8,12.4,5.9,16.2,6.4,5.3,4.4,7.6,10.9,4.9,9.4,14.3,8.2,7.2,7.4,7.7,6.3,14.2,4.9,11.0,4.8,5.3,5.5,11.2,2.4,6.8,10.4,5.6,6.6,12.8,,2.4,4.9,5.9,9.5,12.7,16.2,6.9,7.3,29.3
12-20,8.2,8.0,7.6,11.9,4.8,12.4,5.9,16.3,6.4,5.6,4.6,7.6,10.9,5.0,9.4,14.4,8.8,7.2,7.8,8.0,6.3,19.5,4.9,11.0,5.8,5.4,5.6,11.4,2.4,6.8,10.4,5.6,6.6,12.8,,2.4,4.9,5.9,9.5,12.7,19.5,7.3,7.6,29.3
12-21,8.2,8.2,7.7,11.9,4.8,12.4,5.9,16.4,6.4,5.6,4.8,7.6,10.9,5.1,9.4,14.4,8.9,7.1,9.8,8.0,6.3,20.8,4.9,11.0,5.8,5.6,6.2,11.4,2.7,6.8,10.4,5.9,6.6,12.8,,2.7,5.0,6.1,9.9,12.7,20.8,7.6,7.7,29.3
12-22,8.2,8.2,7.7,12.0,4.8,12.4,5.9,16.5,6.4,5.6,5.2,7.6,10.9,5.2,10.1,14.5,9.0,7.1,10.0,8.2,6.3,21.6,5.2,11.0,6.1,8.4,7.2,11.4,2.7,7.3,10.4,5.9,6.6,13.0,,2.7,5.2,6.4,10.2,12.8,21.6,8.0,8.0,29.3
12-23,8.2,8.2,7.7,12.0,4.8,12.4,5.9,18.0,6.4,5.6,5.2,7.6,10.9,5.2,10.2,14.6,9.4,7.2,10.2,9.2,6.6,23.6,5.2,11.0,6.6,9.6,8.4,11.4,2.8,7.3,10.4,6.1,6.6,13.0,,2.8,5.2,6.6,10.2,12.8,23.6,8.3,8.2,29.3
12-24,8.2,8.2,7.7,12.0,4.8,12.4,5.9,18.2,6.4,5.6,5.2,7.6,10.9,5.2,10.2,14.6,9.6,7.2,10.3,9.4,6.6,23.6,5.2,11.1,6.6,10.0,8.8,11.4,3.2,7.3,10.6,6.1,8.8,13.3,,3.2,5.2,6.6,10.3,13.0,23.6,8.3,8.5,29.3
12-25,8.2,8.2,7.7,12.0,4.8,12.8,5.9,18.2,6.4,5.6,5.2,7.9,10.9,5.2,10.2,14.8,9.6,7.2,10.8,10.0,6.6,23.6,5.2,11.5,6.7,10.6,9.2,12.9,3.6,7.4,11.0,6.4,9.4,13.3,,3.6,5.2,6.7,10.8,13.2,23.6,8.4,8.7,29.3
12-26,8.2,8.2,7.7,12.0,4.8,12.8,5.9,18.6,6.4,5.7,5.2,8.0,10.9,5.2,12.2,14.8,9.6,7.2,10.9,13.2,6.6,23.6,5.2,11.5,6.7,11.2,9.3,13.4,3.9,7.6,11.2,6.4,9.5,13.4,,3.9,5.2,6.7,11.3,13.4,23.6,8.7,8.8,29.3
12-27,8.2,8.2,7.7,12.0,4.8,12.8,5.9,19.8,6.4,5.8,5.2,8.0,10.9,5.2,13.8,14.8,10.8,7.2,11.0,13.3,6.6,23.6,5.2,12.3,6.7,11.4,9.3,13.4,3.9,7.8,11.2,6.4,10.6,13.4,,3.9,5.2,6.7,11.4,13.6,23.6,8.9,8.8,29.3
12-28,8.2,8.2,7.7,12.1,4.8,12.8,5.9,20.4,6.6,5.9,5.2,8.0,10.9,5.2,14.0,14.8,10.9,7.4,11.0,13.4,6.6,23.6,5.4,12.4,6.7,11.4,9.3,13.4,3.9,7.9,11.2,6.4,11.4,14.1,,3.9,5.3,6.7,11.4,14.1,23.6,8.9,8.8,29.3
12-29,8.4,8.2,7.7,13.0,4.8,12.8,5.9,20.4,6.6,6.0,5.2,8.0,10.9,5.2,14.1,15.0,11.4,7.4,11.2,13.4,6.6,23.6,5.4,12.4,6.7,11.7,9.4,13.4,3.9,8.1,11.2,6.6,11.4,14.6,,3.9,5.3,6.7,11.8,14.4,23.6,8.9,8.9,29.3
12-30,8.4,8.3,7.8,14.1,4.8,12.8,6.0,20.6,6.6,6.0,5.2,8.0,11.0,5.8,14.8,17.4,11.9,7.4,11.5,13.4,6.8,26.2,5.6,12.6,6.7,12.0,9.4,13.4,3.9,8.2,11.4,6.6,12.0,14.6,,3.9,5.6,6.7,12.1,14.7,26.2,8.9,8.9,29.3
12-31,8.4,8.4,7.8,15.0,4.8,12.8,7.0,20.7,6.6,6.0,5.2,8.0,11.0,5.8,15.2,18.4,13.1,7.4,12.4,13.4,7.4,26.6,5.6,12.6,6.8,12.0,9.4,13.4,3.9,8.4,11.4,6.6,13.7,15.4,,3.9,5.6,7.3,12.9,15.4,26.6,9.0,8.9,29.3
01-01,8.4,8.4,8.0,15.0,4.8,12.8,7.8,20.8,6.6,6.4,5.2,8.0,11.0,6.6,15.8,19.4,15.5,7.4,12.4,13.4,7.4,26.6,5.7,12.6,6.8,12.0,9.4,13.4,3.9,8.4,11.4,6.6,14.0,17.0,,3.9,5.9,7.4,12.9,16.7,26.6,9.2,8.9,29.3
01-02,8.4,8.4,8.0,15.0,5.0,12.8,8.1,20.8,6.6,6.6,5.2,8.0,11.0,6.6,17.7,19.8,15.8,7.4,12.4,13.4,7.6,26.6,5.7,12.6,6.8,12.0,9.4,13.5,3.9,8.4,12.2,6.6,14.2,19.2,,3.9,6.0,7.5,12.9,18.7,26.6,9.3,8.9,29.3
01-03,9.3,8.4,8.0,16.6,5.0,12.8,8.2,21.4,7.0,6.6,5.9,8.0,11.1,6.7,18.4,19.8,18.4,7.4,12.5,14.0,7.6,26.6,5.7,12.6,6.8,12.0,9.4,14.4,3.9,8.4,12.5,6.6,14.2,19.2,,3.9,6.1,7.6,13.0,18.9,26.6,9.3,9.4,29.3
01-04,9.3,8.4,8.1,16.6,5.0,12.9,8.2,22.4,7.2,6.6,6.2,8.0,11.1,6.8,18.5,20.0,20.0,7.4,12.2,14.0,7.6,26.6,5.7,12.6,6.8,12.0,9.4,14.7,3.9,8.4,12.5,6.9,14.2,19.2,,3.9,6.4,7.6,13.0,19.7,26.6,9.4,9.4,29.3
01-05,9.4,8.5,8.3,16.6,5.1,13.0,8.4,22.6,7.4,6.6,6.7,8.0,11.2,6.8,18.6,20.4,20.2,8.0,12.4,14.0,7.7,26.6,5.7,12.6,6.8,12.0,9.6,16.2,3.9,8.5,12.5,7.0,14.2,19.3,,3.9,6.6,7.9,13.1,19.9,26.6,9.4,9.5,29.3
01-06,9.6,8.5,8.3,16.6,6.2,13.3,8.5,22.8,7.8,6.6,7.0,8.0,11.2,7.0,19.0,21.0,20.2,8.1,14.8,14.6,7.7,26.6,5.7,12.6,6.8,12.0,9.8,16.2,3.9,8.5,12.7,7.6,16.2,20.0,,3.9,6.7,7.9,14.6,20.1,26.6,9.4,9.7,29.3
01-07,9.7,8.5,8.6,17.0,7.1,13.7,8.6,23.0,7.9,6.6,7.0,8.0,11.4,7.0,19.2,21.2,20.2,8.2,16.4,15.6,8.0,26.6,5.7,12.6,6.8,12.0,10.2,16.2,4.4,10.2,12.7,7.6,16.4,20.9,,4.4,6.9,8.0,15.6,20.7,26.6,10.0,10.2,29.3
01-08,9.9,8.8,8.6,18.2,7.1,13.9,8.6,23.4,7.9,6.6,7.0,8.0,11.5,7.0,19.6,21.8,20.4,8.2,16.5,15.6,8.0,26.6,6.0,12.6,7.0,12.0,10.7,16.5,4.4,11.2,12.7,7.6,16.4,20.9,,4.4,7.0,8.0,15.6,20.7,26.6,10.6,11.0,29.3
01-09,10.4,8.9,8.8,18.6,7.1,14.0,8.6,23.6,7.9,6.6,7.6,8.0,11.5,7.0,19.6,24.3,20.9,8.2,16.8,15.8,8.0,26.6,6.0,12.6,7.2,12.0,10.7,17.2,4.5,11.2,13.4,7.6,16.5,21.2,,4.5,7.1,8.0,15.8,21.1,26.6,10.6,11.0,29.3
01-10,10.4,9.0,8.8,20.2,7.4,14.4,8.6,23.8,7.9,6.6,7.6,8.0,11.5,7.2,19.6,27.2,21.0,8.2,17.8,16.0,8.0,26.6,6.0,12.6,7.5,12.0,10.7,19.8,5.8,11.2,13.7,7.6,16.5,22.8,,5.8,7.3,8.0,16.0,22.2,27.2,10.6,11.0,29.3
01-11,10.4,9.0,8.8,22.0,7.4,15.0,8.8,23.8,8.7,6.6,8.4,8.2,11.5,7.6,19.6,30.2,21.0,8.2,17.9,16.0,8.0,26.6,6.0,13.0,7.8,12.1,10.6,21.0,6.4,11.2,13.8,7.6,16.5,25.6,,6.0,7.4,8.4,16.1,23.3,30.2,10.7,10.9,29.3
01-12,10.5,9.0,8.8,22.6,7.4,15.9,8.8,25.5,9.8,6.6,9.1,8.7,11.5,7.6,19.6,32.2,21.5,8.6,18.5,16.0,8.0,26.6,6.0,13.2,7.9,12.1,10.6,22.5,6.5,11.2,14.4,7.6,16.5,26.4,,6.0,7.4,8.8,16.1,24.6,32.2,11.1,10.9,29.3
01-13,10.5,9.2,8.8,22.8,7.4,16.2,8.8,26.3,10.4,6.6,9.1,8.9,11.5,7.7,19.6,32.2,21.6,8.6,18.6,16.1,8.0,26.6,6.0,13.2,8.2,13.8,10.6,22.9,6.5,11.2,14.6,7.6,16.5,26.4,,6.0,7.5,8.8,16.2,25.3,32.2,11.2,10.9,29.3
01-14,12.2,9.6,9.0,23.2,7.4,16.8,8.8,26.6,11.5,6.6,9.1,9.2,11.6,7.7,19.6,32.2,21.6,8.6,18.6,16.1,8.0,27.4,6.0,13.2,8.3,14.0,10.6,22.9,6.5,11.2,15.2,7.6,16.5,26.4,,6.0,7.5,8.9,16.6,25.4,32.2,11.2,11.5,29.3
01-15,13.2,10.1,9.1,23.8,7.4,17.0,8.8,26.8,11.6,6.7,9.1,9.3,11.6,7.7,19.6,32.2,21.6,8.6,18.6,16.1,8.0,27.4,6.0,13.2,8.3,14.0,10.8,22.9,6.5,11.2,15.6,7.6,16.5,26.9,,6.0,7.5,9.1,16.6,25.9,32.2,11.2,11.6,29.3
01-16,13.6,12.0,9.2,24.0,7.5,19.3,8.8,26.8,13.2,6.9,9.1,9.4,11.6,7.7,19.6,32.2,22.4,8.6,18.8,16.1,8.0,27.4,6.0,13.2,8.3,14.0,11.4,22.9,6.5,11.6,15.6,7.7,16.5,28.0,,6.0,7.6,9.1,16.8,26.0,32.2,12.2,12.5,29.3
01-17,14.1,12.3,9.2,25.2,7.6,20.0,10.2,26.8,13.4,7.4,9.2,9.4,11.6,7.7,19.6,32.3,22.4,8.6,18.8,16.1,8.0,29.0,6.0,13.2,8.3,14.0,12.0,22.9,6.5,12.2,16.2,7.7,16.5,28.8,,6.0,7.6,9.2,16.8,26.4,32.3,12.7,12.7,29.3
01-18,14.2,12.3,9.2,25.6,7.6,20.4,11.6,26.8,13.8,7.6,9.2,9.4,11.6,7.7,19.6,32.4,22.5,8.6,18.9,16.1,8.0,29.1,6.0,13.2,8.3,14.0,12.2,22.9,6.5,14.7,17.2,7.7,16.5,29.3,,6.0,7.6,9.2,17.4,26.5,32.4,13.0,13.5,29.3
01-19,14.2,12.3,9.2,26.0,7.6,20.4,11.8,26.8,13.8,8.3,10.3,9.4,12.0,7.7,19.6,32.4,23.0,8.6,19.0,16.1,8.7,29.1,6.9,13.2,8.2,14.0,12.6,22.9,6.5,15.2,17.2,7.8,16.5,29.3,,6.5,7.7,9.4,17.4,26.6,32.4,13.2,13.5,29.3
01-20,14.2,12.3,9.2,26.1,7.6,20.4,13.0,26.8,15.0,8.6,10.4,9.5,12.0,7.7,19.6,32.4,23.4,8.6,19.0,16.1,9.7,30.5,7.6,13.2,8.2,14.0,13.0,23.2,6.8,15.7,17.2,7.8,16.5,29.4,,6.8,7.7,9.7,17.4,26.6,32.4,13.6,13.6,29.3
01-21,14.2,12.3,9.2,26.2,7.6,20.4,13.4,27.0,15.1,10.0,10.4,9.6,12.0,7.7,19.7,32.4,23.5,8.8,19.2,16.1,10.0,30.5,7.8,13.2,8.2,14.0,13.2,23.6,7.2,15.7,17.2,7.9,16.7,29.6,,7.2,7.9,10.0,17.4,26.7,32.4,13.6,13.7,29.3
01-22,14.2,12.4,9.2,26.4,7.6,20.4,14.2,28.0,15.1,11.4,11.0,9.6,12.1,7.7,19.7,32.3,23.5,8.8,20.2,16.2,11.6,30.5,10.8,13.2,8.1,14.0,13.2,24.5,7.4,17.6,17.6,7.9,16.7,29.6,,7.4,8.0,11.4,17.8,27.5,32.3,13.7,14.1,29.3
01-23,14.2,12.4,9.2,27.4,7.8,20.4,14.2,29.8,15.1,11.5,11.1,9.6,12.2,7.7,19.8,32.2,23.6,8.8,20.4,16.6,13.4,31.2,10.8,13.2,8.0,14.0,13.4,26.0,7.4,17.6,18.0,8.8,16.7,29.6,,7.4,8.3,11.5,18.1,28.9,32.2,14.0,14.1,29.3
01-24,14.4,12.4,9.2,27.4,7.8,20.4,14.5,31.3,15.1,11.5,11.1,9.6,12.2,7.8,19.8,32.2,23.7,8.8,20.4,17.2,13.8,31.2,11.2,13.2,8.0,14.0,14.1,28.8,7.4,18.2,18.1,9.3,16.7,29.6,,7.4,8.3,11.5,18.4,29.3,32.2,14.0,14.2,29.3
01-25,14.5,12.4,9.2,27.6,8.2,20.5,15.2,31.4,15.1,12.1,11.2,9.7,12.2,7.8,19.8,32.2,23.7,8.8,20.6,19.2,14.0,31.2,11.2,13.4,8.0,14.0,14.6,29.0,7.4,18.2,18.3,9.4,16.8,29.6,,7.4,8.3,12.0,19.3,29.4,32.2,14.2,14.6,29.3
01-26,14.6,12.4,9.2,27.8,8.2,20.7,16.4,33.6,15.1,12.1,12.2,10.3,12.4,7.9,20.6,32.2,24.0,8.8,20.8,20.6,14.0,31.4,11.2,13.6,8.0,14.1,14.8,29.0,7.7,18.2,18.3,9.4,16.8,29.8,,7.7,8.3,12.1,20.6,29.5,33.6,14.2,14.7,29.3
01-27,14.8,12.4,9.2,27.8,8.4,21.4,16.8,34.6,15.1,12.8,12.2,10.3,13.7,8.0,20.6,32.6,24.1,8.8,21.0,20.6,14.4,31.4,12.0,13.6,8.0,14.1,14.8,29.1,8.0,18.2,18.7,9.4,16.8,29.8,,8.0,8.6,12.4,20.6,29.6,34.6,14.5,14.8,29.3
01-28,15.0,12.4,9.2,27.8,8.6,21.7,17.5,35.0,15.1,12.9,12.2,10.3,15.3,8.2,20.8,33.0,24.6,8.8,21.9,20.7,14.6,31.4,12.0,14.4,8.0,14.1,14.8,29.2,8.0,18.2,19.2,9.7,16.8,30.2,,8.0,8.7,12.4,20.7,29.9,35.0,14.6,15.0,29.3
01-29,15.3,12.5,9.2,27.8,8.7,21.8,18.2,35.4,15.1,12.9,12.2,10.4,16.8,8.6,20.8,33.0,25.4,8.8,23.6,21.1,14.6,31.4,12.0,14.5,8.0,14.2,15.0,29.2,8.0,18.2,19.2,10.0,16.8,30.4,,8.0,8.7,12.5,20.9,30.0,35.4,14.8,15.2,29.3
01-30,15.6,12.5,9.2,27.8,8.8,21.8,18.4,35.5,15.1,12.9,12.2,10.4,16.8,8.6,20.9,33.2,25.4,8.8,24.0,21.1,14.6,31.4,12.0,15.0,8.8,14.2,15.5,29.2,8.0,18.2,19.2,11.2,16.8,30.7,,8.0,8.8,12.5,20.9,30.2,35.5,15.1,15.5,29.3
01-31,15.8,12.5,9.2,27.9,8.8,21.8,18.8,35.6,15.4,13.0,12.2,10.6,16.8,8.8,21.2,33.2,26.0,8.8,25.0,21.2,14.9,31.4,12.0,16.0,9.0,14.3,16.5,29.2,8.0,18.2,19.3,11.2,16.8,30.7,,8.0,8.9,12.5,21.2,30.2,35.6,16.0,16.2,29.3
02-01,16.0,12.5,9.2,28.1,8.8,22.4,19.3,35.6,15.4,13.3,12.6,10.6,16.8,8.8,21.2,33.2,26.2,8.8,25.5,21.2,15.1,31.8,12.0,16.0,9.0,14.3,17.0,29.2,8.0,18.2,19.4,11.2,16.8,30.7,,8.0,8.9,12.5,21.2,30.2,35.6,16.1,16.4,29.3
02-02,16.2,12.5,9.2,28.2,8.8,22.4,19.3,35.6,15.4,13.6,12.6,10.6,16.8,8.8,21.2,33.3,27.2,9.0,26.4,21.2,15.2,31.8,12.3,16.0,9.2,14.3,17.2,29.2,8.0,18.2,19.5,11.2,16.8,30.7,,8.0,9.1,12.5,21.2,30.2,35.6,16.2,16.5,29.3
02-03,16.2,12.5,9.2,28.3,8.8,22.4,19.3,36.5,15.7,13.6,12.6,10.6,16.8,10.0,21.4,33.3,27.6,9.0,26.8,21.2,15.2,31.8,12.3,16.0,9.2,14.6,17.3,29.2,8.0,18.6,19.5,11.3,16.8,30.7,,8.0,9.2,12.5,21.2,30.3,36.5,16.2,16.5,29.3
02-04,16.2,12.5,9.2,28.4,8.8,22.4,19.3,36.6,15.8,13.7,12.6,10.7,16.8,10.0,21.9,33.4,27.6,9.0,29.2,21.2,15.2,32.2,12.4,16.0,9.3,14.6,17.3,30.0,8.0,21.4,19.8,11.5,16.8,30.8,,8.0,9.2,12.5,21.4,30.6,36.6,16.2,16.5,29.3
02-05,16.2,12.5,9.2,28.4,8.8,22.5,19.8,36.8,15.8,14.0,12.6,10.7,16.8,10.2,22.2,33.4,27.8,9.0,29.4,21.2,15.2,32.4,12.4,16.0,9.4,14.6,17.6,30.0,8.0,22.5,19.8,11.6,16.8,30.8,,8.0,9.2,12.6,22.2,30.6,36.8,16.5,16.5,29.3
02-06,16.2,12.5,9.2,28.4,8.8,22.5,20.0,37.2,15.9,14.2,12.6,10.8,16.8,10.2,22.3,33.4,28.0,9.0,29.4,21.2,15.4,33.5,12.4,16.0,9.5,14.5,17.6,30.2,8.2,24.2,20.1,12.3,16.8,31.4,,8.2,9.3,12.6,22.3,31.0,37.2,16.6,16.5,29.3
02-07,16.8,12.5,9.2,28.4,9.2,22.5,20.0,37.4,16.4,14.4,12.6,10.8,16.8,10.3,22.4,34.0,28.0,9.0,29.6,22.2,15.6,33.5,12.4,16.0,9.6,14.4,17.6,31.0,8.3,25.0,22.8,12.4,16.8,31.6,,8.3,9.3,12.6,22.5,31.5,37.4,16.8,16.8,29.3
02-08,17.4,12.5,9.2,28.6,12.6,22.6,20.0,37.4,16.9,14.8,12.6,10.9,17.1,10.4,22.7,34.6,28.0,9.0,30.2,22.4,15.6,34.6,12.4,16.2,10.3,14.4,17.6,32.7,8.3,25.0,23.8,12.4,16.8,31.6,,8.3,10.3,12.6,22.8,32.4,37.4,17.0,17.0,29.3
02-09,17.6,12.5,9.2,29.6,13.4,22.8,20.0,37.4,17.9,15.4,12.6,11.0,18.1,10.4,22.9,34.6,27.9,9.0,30.5,22.7,15.6,34.6,12.4,16.8,11.4,14.4,17.6,32.7,8.3,25.0,23.8,12.4,16.8,31.8,,8.3,10.5,13.3,23.0,32.4,37.4,17.2,17.6,29.3
02-10,17.6,12.5,9.4,29.8,13.9,22.8,20.1,37.4,18.0,16.4,12.7,11.0,18.1,10.4,22.9,34.7,27.9,9.0,30.6,24.0,15.6,34.6,12.5,16.8,11.8,14.4,17.6,32.8,8.3,25.6,23.8,12.4,16.8,31.8,,8.3,10.6,13.8,23.8,32.5,37.4,17.2,17.6,29.3
02-11,17.8,12.5,9.8,30.2,15.2,23.0,20.2,37.5,18.0,17.0,13.2,11.4,18.2,10.4,23.0,34.7,27.9,9.6,30.6,24.2,15.6,34.6,12.5,16.8,12.0,14.4,17.6,34.6,8.6,26.6,23.8,12.4,16.8,31.8,,8.6,10.7,14.3,23.8,33.8,37.5,17.2,17.7,29.3
02-12,17.9,12.5,11.0,30.4,15.6,23.7,20.2,37.5,18.5,17.1,13.6,11.7,18.2,10.5,23.0,35.3,27.9,10.8,30.6,24.4,15.8,34.6,12.6,16.8,12.0,14.4,17.6,35.2,8.6,26.6,24.0,12.6,16.8,31.8,,8.6,11.2,14.3,24.0,33.8,37.5,17.3,17.8,29.3
02-13,19.1,12.6,11.1,30.4,15.6,24.2,20.2,38.0,18.5,17.1,15.4,12.2,18.2,10.5,23.0,35.8,27.9,11.0,30.7,24.5,16.0,34.6,13.7,17.1,12.6,14.4,17.6,35.2,8.8,26.6,24.0,13.0,16.8,31.8,,8.8,11.4,15.3,24.2,33.8,38.0,17.3,17.9,29.3
02-14,19.4,13.3,11.7,30.6,15.6,24.6,20.2,38.2,18.6,17.2,15.8,12.3,18.2,10.8,23.1,35.9,28.0,11.0,31.2,24.8,16.4,34.6,13.8,17.1,13.2,14.2,17.6,35.2,8.8,27.8,24.0,13.6,16.8,31.8,,8.8,11.9,15.5,24.6,33.8,38.2,17.4,17.9,29.3
02-15,19.4,13.4,11.8,30.7,15.6,26.8,20.2,38.2,19.0,17.2,17.0,12.3,18.2,11.1,23.1,37.0,28.1,11.1,31.4,25.2,16.4,34.6,13.8,17.2,13.2,14.2,18.2,35.2,9.1,29.6,24.0,13.6,16.8,31.9,,9.1,11.9,15.5,25.3,33.8,38.2,17.7,18.2,29.3
02-16,19.6,13.4,11.9,30.7,15.6,26.9,20.2,38.2,19.4,17.2,17.2,12.3,18.3,11.2,23.1,37.5,28.5,11.6,31.6,25.5,16.7,34.6,14.0,17.2,13.2,14.2,18.6,35.2,9.4,30.4,24.0,14.2,16.8,32.8,,9.4,12.0,15.5,25.6,34.1,38.2,18.0,18.5,29.3
02-17,20.0,14.6,12.6,30.8,15.6,26.9,20.3,38.3,19.4,17.2,17.7,12.3,18.4,11.6,23.2,37.6,28.6,12.0,31.6,26.0,16.8,35.9,14.0,17.3,13.4,14.2,18.6,35.2,9.4,30.4,24.8,15.6,17.0,32.9,,9.4,12.4,15.6,26.1,34.5,38.3,18.2,18.5,29.3
02-18,21.2,15.4,12.8,31.0,16.4,26.9,20.4,39.0,19.4,17.8,18.0,12.3,18.4,11.6,23.2,37.6,28.7,12.0,31.6,27.4,16.8,35.9,14.0,17.3,13.4,14.2,18.8,35.2,9.4,30.5,24.8,15.9,17.0,33.0,,9.4,12.5,16.3,27.0,34.5,39.0,18.2,18.6,29.3
02-19,21.8,15.4,12.9,32.1,16.8,26.9,20.6,39.4,19.7,18.1,18.0,12.5,18.6,11.6,23.3,37.8,29.2,12.2,31.8,27.6,16.8,35.9,14.2,17.4,13.2,14.3,20.0,35.4,10.0,30.5,24.8,16.0,17.0,33.0,,10.0,12.6,16.7,27.0,34.7,39.4,18.7,19.2,29.3
02-20,21.8,15.4,13.0,33.9,17.1,26.9,21.2,39.6,19.8,18.3,18.0,12.8,18.9,11.6,23.5,39.0,29.4,13.1,31.8,27.6,17.0,37.8,14.3,17.4,13.4,14.3,20.0,36.3,10.5,30.7,24.8,16.2,17.0,33.2,,10.5,13.0,16.9,27.0,35.6,39.6,18.9,19.3,29.3
02-21,21.8,15.4,13.6,35.5,17.7,26.9,23.0,39.8,19.8,18.6,18.0,13.2,19.7,11.6,23.6,40.2,29.4,13.2,31.8,27.6,17.0,39.0,14.4,17.5,13.6,14.3,20.0,37.3,10.5,30.8,25.0,16.4,17.0,33.2,,10.5,13.3,16.9,27.0,36.8,40.2,19.3,19.8,29.3
02-22,21.8,15.4,13.8,35.7,18.2,26.9,24.4,39.8,19.8,19.4,18.8,13.2,20.0,11.7,23.7,40.3,29.5,13.2,31.9,27.6,17.0,39.0,15.0,17.6,13.6,14.6,20.0,38.3,10.6,31.1,25.2,16.4,17.4,35.4,,10.6,13.4,17.0,27.0,37.5,40.3,19.6,19.9,29.3
02-23,21.9,15.4,14.2,36.1,18.4,26.9,25.5,40.0,20.6,19.6,18.8,13.6,20.0,12.3,24.3,40.4,29.6,13.3,32.7,27.6,17.1,39.2,15.6,17.7,13.6,14.6,20.2,38.8,10.9,31.1,25.2,16.5,17.6,35.7,,10.9,13.6,17.0,27.0,38.0,40.4,19.6,20.1,29.3
02-24,21.9,15.4,14.3,37.8,18.4,27.0,25.6,40.0,21.6,19.6,19.4,14.2,20.6,12.3,24.6,40.4,29.6,14.2,33.0,27.6,17.2,39.2,15.7,18.4,13.6,14.6,20.2,39.4,11.0,31.1,25.2,16.5,17.8,36.3,,11.0,14.2,17.1,27.0,38.8,40.4,19.9,20.4,29.3
02-25,22.0,15.4,14.4,38.2,18.4,27.0,26.0,40.0,22.7,19.6,20.7,14.5,20.8,12.6,24.6,40.4,29.6,14.2,34.6,27.6,17.7,39.2,15.7,18.4,13.6,14.6,20.2,39.5,11.3,31.2,25.3,16.6,18.0,36.6,,11.3,14.3,17.6,27.0,38.9,40.4,20.5,20.8,29.3
02-26,22.0,15.4,14.4,38.6,19.0,27.0,26.4,40.1,23.2,19.8,20.9,14.6,20.8,12.6,25.0,40.4,29.6,14.8,35.1,27.6,18.0,40.6,16.2,18.4,13.5,14.6,20.2,39.5,11.5,31.4,25.3,16.6,18.0,36.9,,11.5,14.4,17.9,27.0,39.2,40.6,20.8,20.9,29.3
02-27,22.2,15.3,14.5,38.7,19.2,26.9,27.2,40.3,23.6,19.8,21.0,14.6,21.0,12.6,27.0,40.4,30.1,15.2,35.2,27.6,18.0,41.6,16.2,18.6,13.5,14.6,20.2,39.5,11.6,31.4,25.3,16.8,18.0,36.9,,11.6,14.5,17.9,27.2,39.3,41.6,21.2,21.0,29.3
02-28,22.2,15.4,14.6,38.8,19.5,27.0,27.2,41.8,23.8,19.9,21.0,14.6,21.0,12.6,27.6,40.5,30.1,15.8,35.3,27.6,18.0,41.6,16.6,18.6,15.0,14.8,20.2,40.6,11.6,31.4,25.3,17.0,18.0,38.9,,11.6,14.7,17.9,27.6,40.0,41.8,21.2,21.0,29.3
02-29,,,14.6,,,,27.2,,,,21.5,,,,28.0,,,,35.4,,,,17.0,,,,20.2,,,,25.3,,,,,11.6,14.7,17.9,27.6,40.0,41.8,21.5,21.0,29.3
03-01,22.2,16.0,14.5,38.8,19.5,27.0,27.2,42.0,23.8,19.9,21.5,14.8,21.0,12.6,28.2,40.6,31.6,16.1,35.4,27.6,18.0,41.6,18.1,18.8,15.6,14.9,20.2,40.6,11.6,31.6,25.3,17.0,18.0,39.8,,11.6,14.9,18.0,27.7,40.3,42.0,21.5,21.3,29.3
03-02,22.4,17.2,14.4,38.8,19.6,27.2,27.2,42.1,23.9,20.0,21.7,14.9,21.0,12.8,28.2,40.6,31.6,16.5,36.0,27.6,18.0,41.6,18.6,18.8,17.3,15.2,20.3,40.6,11.9,31.7,25.8,17.2,18.0,40.3,,11.9,15.0,18.0,27.7,40.5,42.1,21.6,21.4,29.3
03-03,22.5,18.0,14.4,38.8,19.8,27.7,27.2,42.7,23.9,20.0,21.8,15.0,21.0,12.9,28.2,40.7,31.6,16.8,36.2,27.6,18.0,41.6,18.9,18.8,17.4,15.6,20.2,40.6,11.9,32.2,25.8,17.2,18.0,40.3,,11.9,15.2,18.0,27.8,40.5,42.7,21.6,21.4,29.3
03-04,22.8,18.2,14.4,38.8,19.8,29.8,27.2,42.9,24.2,20.3,21.8,15.0,21.1,13.1,28.4,40.7,31.6,16.8,36.4,27.8,18.2,42.2,18.9,19.4,17.4,16.2,20.0,40.6,12.0,32.4,25.8,17.2,18.0,40.5,,12.0,15.4,18.2,28.5,40.5,42.9,21.8,21.4,29.3
03-05,23.5,19.0,15.0,38.8,19.8,30.2,27.5,43.1,24.4,20.6,21.8,15.0,21.1,13.5,28.7,40.8,32.0,16.8,36.4,28.0,18.9,42.2,18.9,19.4,17.4,16.3,19.8,40.6,13.0,32.4,25.8,17.2,18.1,41.7,,13.0,15.4,18.9,28.8,40.7,43.1,21.8,21.5,29.3
03-06,24.5,19.6,15.0,38.9,19.9,30.4,29.2,43.2,24.6,20.6,22.0,15.1,21.1,13.7,29.0,40.8,32.0,16.9,36.6,28.2,19.2,42.2,19.0,19.4,17.5,16.5,19.8,41.1,13.0,33.2,25.8,17.3,18.6,43.0,,13.0,15.5,19.2,29.4,41.0,43.2,22.0,21.5,29.3
03-07,24.8,19.9,15.1,39.0,19.9,30.4,29.6,43.2,25.6,20.8,22.2,15.1,21.4,13.7,29.2,40.9,32.2,17.0,36.6,28.3,19.2,43.0,19.0,19.4,17.8,16.6,21.1,41.4,13.0,35.1,25.8,17.3,18.8,43.5,,13.0,15.6,19.2,29.7,41.2,43.5,22.4,21.8,29.3
03-08,24.8,20.0,15.2,39.0,19.9,30.4,29.6,43.2,25.6,20.8,22.2,15.1,22.6,13.7,29.3,41.0,32.8,17.2,36.7,28.4,19.5,44.2,19.0,19.4,18.0,16.6,21.2,41.4,13.0,35.8,25.8,17.3,18.8,43.6,,13.0,15.6,19.4,29.7,41.3,44.2,22.4,22.4,29.3
03-09,24.9,20.0,15.2,39.1,20.0,30.8,29.6,43.3,25.6,21.0,22.8,15.1,23.2,13.8,29.4,41.0,33.0,17.7,36.8,28.4,19.5,44.2,19.0,19.6,18.0,16.6,21.2,41.4,13.0,37.0,26.4,17.3,19.4,43.8,,13.0,15.6,19.5,29.8,41.3,44.2,22.8,23.0,29.3
03-10,25.2,20.0,15.2,39.2,20.0,31.2,29.8,43.4,25.6,22.0,23.8,15.4,23.8,13.8,29.4,41.0,33.6,17.8,36.8,29.6,19.9,44.2,19.0,19.8,18.0,16.6,21.6,41.4,13.0,37.0,26.4,17.4,20.2,44.2,,13.0,15.8,19.9,29.9,41.3,44.2,23.3,23.8,29.3
03-11,25.4,20.0,15.4,39.3,20.2,33.5,29.8,43.4,25.6,22.2,24.0,15.8,24.0,13.6,29.4,41.0,33.6,18.0,36.8,29.6,20.0,44.2,19.0,19.9,18.4,16.7,21.8,41.4,13.0,37.2,26.4,17.5,20.2,46.3,,13.0,16.0,20.0,30.1,41.3,46.3,23.4,24.0,29.3
03-12,26.2,20.8,15.2,39.4,20.8,34.8,29.8,43.4,25.6,22.4,24.2,16.0,24.1,13.5,29.4,41.1,33.8,18.0,36.9,29.6,20.0,44.2,19.0,19.9,18.7,16.7,21.6,41.4,13.0,37.3,26.3,17.6,20.2,46.4,,13.0,16.2,20.0,30.2,41.3,46.4,23.6,24.2,29.3
03-13,26.4,20.8,15.2,39.6,20.9,35.0,30.0,43.4,25.6,22.4,24.4,16.0,24.5,13.4,29.4,41.1,34.0,17.8,36.9,29.6,20.2,44.4,18.8,19.9,18.7,16.6,21.6,41.2,13.0,37.3,26.4,17.8,20.4,46.6,,13.0,16.2,20.1,30.4,41.2,46.6,23.7,24.4,29.3
03-14,26.6,20.8,15.1,39.6,21.0,35.0,30.4,43.6,25.6,22.4,24.4,16.1,25.5,13.2,29.3,41.1,34.2,17.8,37.4,29.6,20.8,44.6,18.8,19.9,18.7,16.6,21.8,41.2,13.0,38.1,26.4,18.4,20.8,46.7,,13.0,16.2,20.7,30.8,41.2,46.7,23.8,24.9,29.3
03-15,27.0,21.0,15.0,40.4,21.0,35.0,30.6,43.8,25.7,22.4,24.4,16.2,26.0,13.8,29.4,41.1,34.9,17.6,37.8,29.6,21.0,44.7,18.6,19.8,19.2,16.5,22.5,41.1,14.4,38.1,26.8,18.8,20.8,47.8,,13.8,16.3,20.7,31.0,41.1,47.8,23.8,25.0,29.3
03-16,27.2,21.2,15.0,40.7,21.0,35.0,30.6,43.6,25.7,22.4,24.6,16.3,26.2,14.6,29.3,41.1,35.6,17.5,38.0,29.6,21.0,44.8,18.4,19.4,19.2,16.2,22.8,41.0,14.8,38.1,27.0,18.8,21.0,49.8,,14.6,16.2,20.8,31.0,41.1,49.8,24.0,25.2,29.3
03-17,27.3,21.2,14.8,41.0,20.9,34.9,30.6,43.4,25.7,22.4,24.6,16.9,26.4,15.3,29.2,41.2,35.6,17.4,38.0,29.7,21.1,45.5,18.2,19.3,19.2,16.0,22.8,40.6,15.0,38.1,27.0,19.0,21.0,49.8,,14.8,16.3,20.7,31.0,41.1,49.8,24.0,25.2,29.3
03-18,27.4,21.4,15.1,42.2,20.8,34.8,30.6,43.6,26.2,22.2,25.2,17.0,27.0,16.0,29.2,41.4,36.2,17.2,38.0,29.7,21.0,45.6,18.8,19.2,19.6,15.8,22.8,40.2,16.0,38.1,27.0,19.1,21.0,49.8,,15.1,16.3,20.7,31.1,42.0,49.8,24.4,25.7,29.3
03-19,27.4,21.5,15.4,42.6,20.8,35.3,30.6,43.6,26.2,22.0,25.2,17.0,27.0,16.4,29.0,41.5,36.6,17.0,38.0,29.6,21.1,45.7,20.2,19.2,19.7,15.6,22.8,39.9,16.1,38.1,27.7,19.0,21.0,49.8,,15.4,16.5,20.7,31.1,42.2,49.8,24.3,25.8,29.3
03-20,27.4,22.1,15.4,42.6,22.0,35.6,30.6,43.2,26.2,21.8,26.0,17.0,27.0,16.4,28.8,42.0,37.2,16.6,38.0,29.6,21.2,45.9,20.8,19.1,19.7,15.5,22.8,39.5,16.1,38.1,27.8,18.9,21.0,50.1,,15.4,16.5,21.0,31.1,42.4,50.1,24.5,26.1,29.3
03-21,27.4,22.4,15.5,42.6,22.3,35.6,30.6,43.0,26.2,21.8,26.2,16.8,27.0,16.5,28.6,43.4,37.4,16.9,38.2,29.4,21.2,46.4,21.0,19.4,19.7,15.1,22.8,38.8,16.1,38.1,28.0,19.8,21.4,50.9,,15.1,16.6,21.2,31.1,42.9,50.9,24.6,26.2,29.3
03-22,27.4,22.8,15.5,42.6,22.3,36.8,30.8,42.8,26.2,22.0,26.2,16.4,27.2,16.5,28.5,43.7,38.1,17.4,38.2,29.1,21.3,47.1,21.0,20.0,19.8,14.9,22.9,38.6,16.2,38.6,28.0,20.2,21.4,51.6,,14.9,16.4,21.3,31.3,42.8,51.6,24.6,26.2,29.3
03-23,27.3,22.8,15.8,42.6,22.8,37.4,31.0,42.8,26.0,22.3,26.4,16.2,27.4,16.6,28.4,44.6,38.2,17.4,38.2,29.4,21.4,47.8,21.1,20.2,19.8,14.4,23.4,38.7,17.8,38.6,28.0,20.2,21.4,52.9,,14.4,16.8,21.3,31.7,42.7,52.9,24.9,26.2,29.3
03-24,27.2,22.9,16.0,42.6,23.0,38.3,31.7,42.6,26.0,22.4,26.4,15.9,27.6,16.8,28.0,46.0,38.2,17.4,38.2,30.1,21.4,47.8,21.0,20.2,19.8,15.2,23.6,39.0,17.7,39.0,28.4,20.4,21.4,53.8,,15.2,17.0,21.4,32.3,42.6,53.8,25.0,26.2,29.3
03-25,27.2,23.0,16.2,42.8,23.2,38.8,32.0,42.8,25.8,22.4,26.4,15.6,28.4,17.0,27.8,46.6,38.3,17.2,37.8,30.4,21.5,48.6,20.8,20.3,19.8,15.2,23.8,39.0,17.6,39.7,28.8,20.4,21.4,54.6,,15.2,17.0,21.3,32.5,42.8,54.6,24.9,26.1,29.3
03-26,27.2,23.2,16.4,42.5,23.3,38.8,32.1,43.0,25.6,22.1,26.4,15.2,28.5,17.0,27.6,46.8,38.6,16.9,37.4,31.4,21.5,49.6,20.7,20.5,19.8,15.0,23.7,39.3,17.8,39.7,29.6,21.1,21.2,54.8,,15.0,16.9,21.1,32.6,42.9,54.8,25.0,26.0,29.3
03-27,27.2,23.3,16.8,42.0,23.3,38.8,32.2,43.4,25.5,22.4,26.4,15.0,28.6,17.9,28.8,46.8,39.1,16.7,37.5,31.8,21.8,49.6,21.2,20.5,20.2,14.7,23.6,39.4,17.8,39.7,30.0,21.2,20.7,55.0,,14.7,17.1,21.2,32.7,43.0,55.0,25.3,25.9,29.3
03-28,27.3,23.5,16.8,41.9,23.4,38.9,32.2,43.4,27.4,22.5,26.4,15.0,28.6,18.4,29.3,47.1,39.2,17.2,37.6,32.0,22.0,50.4,21.3,20.5,20.6,14.2,23.6,40.2,18.0,39.7,30.0,21.2,20.2,55.6,,14.2,17.4,21.3,32.8,43.0,55.6,25.8,26.8,29.3
03-29,27.4,23.8,16.8,42.0,23.4,39.0,33.0,43.5,28.8,22.6,26.4,16.0,28.6,18.4,29.6,48.7,40.3,17.7,37.6,32.0,22.0,50.7,21.5,20.4,21.1,13.5,24.6,40.0,18.1,40.0,30.3,21.2,20.4,55.6,,13.5,17.8,21.5,33.5,43.0,55.6,26.2,26.9,29.3
03-30,27.6,24.0,16.6,42.4,23.4,39.0,33.1,43.8,29.4,22.6,26.4,16.8,28.5,18.6,29.8,49.2,41.8,18.0,37.6,32.6,22.0,50.7,21.4,20.0,21.1,13.0,25.0,40.1,17.9,40.8,30.5,21.2,21.2,56.5,,13.0,17.9,21.3,33.5,43.3,56.5,26.4,27.0,29.3
03-31,27.4,24.0,16.5,42.6,23.4,39.1,33.3,44.0,29.8,22.6,26.8,16.6,28.4,18.6,29.9,50.4,42.0,18.0,37.9,33.0,22.0,51.2,21.0,19.4,21.2,12.5,25.0,41.1,17.8,40.8,30.7,21.2,21.0,57.0,,12.5,17.8,21.2,33.8,43.6,57.0,26.8,27.0,29.3
04-01,27.2,24.1,16.6,42.8,23.4,39.0,33.3,44.4,30.0,23.2,26.9,16.4,28.1,18.3,29.6,50.4,42.4,18.0,38.3,33.6,23.6,51.2,20.6,19.0,21.5,12.1,25.1,41.2,17.6,40.8,30.7,21.2,21.2,57.6,,12.1,17.7,21.5,34.0,43.9,57.6,27.0,27.0,29.3
04-02,27.0,24.0,16.4,43.6,23.6,39.0,33.2,44.8,30.2,23.4,27.0,15.9,27.8,18.0,29.5,50.6,43.1,18.0,38.4,33.9,24.0,51.1,20.6,19.6,22.2,12.0,25.0,40.9,17.2,40.8,30.8,21.2,21.1,57.7,,12.0,17.5,22.1,34.4,44.5,57.7,27.2,27.0,29.3
04-03,26.6,24.0,15.9,43.8,23.6,39.0,33.7,45.2,30.4,23.6,26.7,17.0,27.5,18.4,29.0,50.6,43.1,17.7,38.5,34.8,24.4,52.3,20.6,20.0,22.4,11.9,25.0,40.8,17.3,41.1,30.9,20.9,20.8,58.0,,11.9,17.4,22.2,35.2,44.8,58.0,27.2,26.6,29.3
04-04,26.2,23.8,15.4,44.0,23.8,38.8,33.8,45.4,30.6,23.8,26.6,17.2,27.2,19.2,28.3,50.6,43.2,17.5,38.6,35.6,25.0,53.8,20.6,19.6,22.4,11.6,24.5,40.6,17.2,41.3,30.9,20.5,20.6,59.2,,11.6,17.3,22.2,35.9,44.9,59.2,27.4,26.4,29.3
04-05,26.1,23.4,15.0,44.2,24.0,38.6,34.0,45.7,31.4,24.0,26.4,17.9,26.9,19.4,27.6,50.8,43.6,17.1,38.7,35.9,25.4,53.7,20.2,19.2,22.5,11.2,24.0,40.5,17.2,41.3,30.8,20.2,20.4,60.0,,11.2,17.4,22.3,36.2,45.2,60.0,27.3,26.2,29.3
04-06,25.8,22.7,14.8,44.2,24.2,38.3,34.0,46.2,31.7,24.3,26.2,18.4,26.6,20.0,27.0,51.0,45.2,16.7,38.8,36.0,28.0,54.0,19.8,19.2,22.6,10.8,23.4,40.4,17.0,41.2,31.5,20.0,20.8,60.4,,10.8,17.5,22.4,36.2,45.9,60.4,27.6,26.4,29.3
04-07,25.3,22.1,14.4,44.7,24.2,38.0,33.9,46.3,31.9,24.7,25.8,18.8,26.4,20.4,26.4,51.2,47.3,16.2,39.0,36.0,29.1,54.0,20.2,19.2,22.9,10.8,23.0,40.2,17.2,41.3,31.7,20.4,20.4,60.4,,10.8,17.7,21.9,36.2,47.0,60.4,27.7,26.1,29.3
04-08,25.2,22.0,14.1,45.0,24.4,37.8,33.2,46.4,32.2,25.2,25.6,20.8,26.2,20.5,26.0,51.2,47.4,15.4,39.6,36.0,29.2,54.8,20.2,19.2,22.5,10.6,22.6,40.0,17.2,41.2,31.6,20.2,20.2,60.4,,10.6,17.8,21.9,36.2,47.1,60.4,27.8,25.8,29.3
04-09,25.7,22.0,13.6,45.1,24.4,38.1,32.9,46.4,32.5,25.5,25.5,21.5,26.2,20.5,26.0,51.5,47.5,15.4,40.0,36.5,29.2,55.4,20.0,19.8,22.4,11.2,22.0,40.8,16.9,41.1,31.5,20.0,19.5,60.4,,11.2,17.7,21.9,36.7,47.2,60.4,27.9,25.8,29.3
04-10,25.9,22.4,13.2,45.2,24.7,38.8,32.2,46.5,32.7,26.4,25.2,21.5,26.2,20.5,26.1,51.5,47.4,15.4,40.4,36.9,29.2,56.0,19.6,20.0,22.4,10.6,21.6,41.2,16.6,42.2,31.2,19.8,19.1,60.4,,10.6,17.4,21.5,37.1,47.2,60.4,28.0,26.1,29.3
04-11,25.9,23.0,12.3,45.2,24.8,39.0,31.8,46.6,32.6,26.6,24.9,21.6,26.0,20.0,26.1,51.6,47.6,15.5,40.5,36.9,29.2,56.0,19.0,20.1,22.0,10.0,20.9,40.8,16.3,43.4,31.0,19.5,18.8,60.4,,10.0,17.0,21.6,37.1,47.3,60.4,27.9,26.0,29.3
04-12,25.5,23.2,11.4,45.1,25.3,39.0,31.6,46.8,32.5,26.6,24.4,21.8,25.9,19.4,26.0,51.6,48.0,15.6,40.7,37.4,29.1,56.0,19.5,20.4,21.4,10.0,20.6,40.6,15.6,43.5,30.8,19.2,19.3,60.4,,10.0,16.7,21.3,37.6,47.7,60.4,27.9,25.9,29.3
04-13,24.9,23.4,10.6,45.2,25.3,38.8,32.2,46.8,33.4,26.5,23.8,22.4,25.5,18.8,25.6,51.6,48.0,15.6,40.7,37.5,29.4,56.0,20.4,20.1,21.2,10.0,19.9,40.6,16.1,43.8,30.6,19.0,19.6,60.1,,10.0,16.9,21.1,37.6,47.7,60.1,27.9,25.5,29.3
04-14,24.4,23.8,10.0,45.2,25.2,38.6,33.0,46.9,34.0,26.1,23.2,22.4,25.5,18.4,25.0,51.4,47.8,15.4,41.0,37.4,29.8,56.3,20.8,20.0,21.1,9.9,19.8,40.0,16.6,43.6,30.5,18.9,20.0,59.8,,9.9,17.2,21.1,37.5,47.5,59.8,27.7,25.4,29.3
04-15,23.6,23.8,9.2,45.1,25.0,39.0,33.0,46.8,34.9,26.0,24.3,22.7,24.7,18.5,24.7,51.2,48.6,15.1,41.2,39.3,30.0,56.8,21.3,19.9,20.8,10.2,20.2,38.9,16.5,43.6,30.6,20.2,20.0,59.8,,9.2,17.1,21.2,38.9,48.0,59.8,27.6,24.8,29.3
04-16,22.9,23.2,9.0,45.0,24.5,39.0,33.0,46.4,35.3,26.0,24.4,22.5,25.0,18.6,24.3,51.5,48.6,14.8,41.4,40.5,29.8,57.2,21.4,20.4,20.8,11.0,20.3,38.6,16.4,43.9,31.2,20.5,20.2,59.6,,9.0,17.0,21.3,38.6,48.0,59.6,27.5,24.8,29.3
04-17,22.2,22.9,8.9,45.0,24.2,39.1,33.3,45.4,35.6,25.6,24.4,22.2,25.2,18.7,24.5,51.4,48.6,14.6,41.4,40.8,29.6,57.8,21.2,20.6,20.4,11.0,20.3,38.4,16.0,44.6,31.4,20.6,20.6,59.3,,8.9,16.8,21.2,38.4,47.7,59.3,27.4,24.8,29.3
04-18,21.8,22.8,9.0,44.3,23.6,39.3,34.5,44.9,35.8,25.0,24.3,21.8,25.7,18.8,24.6,51.2,49.2,14.1,41.4,40.8,28.8,58.4,21.8,20.6,20.2,10.8,20.2,37.8,16.5,44.4,31.3,20.6,20.2,59.1,,9.0,17.2,21.6,38.0,47.9,59.1,26.7,24.8,29.3
04-19,21.6,22.7,9.6,45.2,22.6,39.5,36.8,44.2,35.8,24.1,24.8,21.4,25.8,19.3,25.0,51.2,49.3,14.8,41.0,40.5,28.2,58.4,21.9,20.6,19.8,10.7,20.0,38.2,16.5,44.4,31.2,20.5,19.5,59.3,,9.6,17.3,21.4,38.3,48.1,59.3,26.3,24.9,29.3
04-20,21.2,22.6,9.6,45.2,21.7,40.1,36.9,43.6,35.6,23.6,25.0,21.2,26.2,19.4,25.5,51.7,49.3,15.0,40.4,40.2,27.2,57.2,21.7,20.9,19.2,10.6,19.6,37.0,16.3,44.2,31.0,20.4,19.0,58.8,,9.6,17.1,21.1,37.4,48.1,58.8,26.2,25.2,29.3
04-21,20.3,22.6,9.6,45.2,21.0,40.4,37.4,43.2,35.6,24.4,24.7,22.4,26.5,19.2,25.8,52.4,49.2,14.9,40.3,40.2,26.5,57.2,21.3,21.4,18.5,10.6,18.9,37.0,16.2,43.8,30.6,20.2,18.4,58.7,,9.6,16.9,20.9,37.7,48.0,58.7,26.1,25.2,29.3
04-22,19.7,22.6,9.9,45.0,19.8,40.4,37.5,43.0,35.4,24.8,24.2,23.4,26.7,18.9,26.1,52.5,49.0,14.8,40.2,39.7,26.2,57.4,20.5,21.3,17.9,10.6,18.0,36.8,15.4,43.2,30.3,20.1,17.9,59.4,,9.9,16.2,20.1,37.7,47.8,59.4,26.2,25.5,29.3
04-23,19.6,22.4,9.9,44.8,18.9,40.6,37.3,43.0,34.7,25.2,23.8,23.8,26.7,19.6,26.0,52.5,48.6,15.6,39.8,38.6,26.2,57.4,19.2,21.1,17.6,10.0,17.2,36.7,15.0,42.6,29.9,19.8,18.7,59.4,,9.9,16.1,19.6,37.4,47.5,59.4,26.3,25.6,29.3
04-24,19.6,22.2,9.9,44.4,18.3,40.6,37.1,44.2,33.6,25.5,23.8,23.9,26.4,19.4,25.6,52.4,48.2,15.6,39.5,37.5,26.4,57.6,18.0,20.8,17.3,9.4,17.8,36.3,14.4,41.9,29.9,19.2,19.2,59.8,,9.4,16.1,19.4,37.1,47.1,59.8,26.4,25.6,29.3
04-25,19.8,22.2,10.0,44.8,18.3,40.4,36.6,44.5,33.4,26.2,23.9,23.8,26.2,19.1,25.3,52.6,48.3,15.5,40.0,36.7,25.8,57.7,16.5,20.4,17.0,9.5,17.7,36.9,14.1,41.0,29.5,19.0,19.3,60.2,,9.5,15.8,19.3,36.7,47.2,60.2,26.4,25.6,29.3
04-26,19.6,23.2,9.8,44.8,18.3,40.4,36.4,44.4,33.6,26.4,23.4,23.2,25.8,18.2,24.8,52.5,48.1,15.2,39.8,36.9,25.2,58.1,15.6,20.0,17.0,9.6,18.2,37.5,13.6,39.9,29.0,19.0,19.0,60.1,,9.6,15.3,19.0,37.0,47.1,60.1,26.3,25.0,29.3
04-27,19.9,23.9,9.2,44.6,18.8,40.2,35.9,43.7,33.5,26.2,22.8,22.3,25.6,17.6,24.2,52.2,47.6,14.6,39.4,37.0,24.6,58.6,15.2,19.5,17.6,9.8,19.2,37.8,13.1,40.5,28.2,20.6,18.6,59.8,,9.2,14.8,19.5,37.1,46.6,59.8,26.2,24.4,29.3
04-28,20.1,24.8,8.4,43.9,19.0,39.4,35.2,43.3,33.2,26.5,21.6,21.6,26.4,17.2,23.6,52.4,46.8,14.4,38.8,37.0,23.8,58.6,14.8,18.6,18.0,9.6,19.6,38.6,12.4,39.0,27.0,20.6,17.9,59.1,,8.4,14.5,19.5,37.2,45.9,59.1,26.5,24.3,29.3
04-29,20.3,25.0,8.0,43.6,19.5,39.4,34.8,42.3,32.9,27.4,20.6,20.4,26.3,16.7,23.2,52.6,46.2,13.8,38.0,36.8,24.2,58.6,14.7,17.8,18.3,9.6,20.0,39.0,11.8,37.4,25.8,20.4,17.4,58.4,,8.0,14.1,19.9,36.8,45.4,58.6,26.8,24.6,29.3
04-30,20.4,25.5,7.2,43.2,19.6,39.8,34.5,41.4,32.0,27.8,20.2,19.3,25.9,16.4,23.2,52.6,45.4,13.1,37.2,36.3,25.0,59.1,14.3,16.8,18.2,9.2,20.0,39.0,11.4,37.0,24.6,20.0,16.6,57.4,,7.2,13.5,19.6,36.4,44.8,59.1,26.7,24.8,29.3
05-01,20.4,25.5,6.7,43.0,19.6,40.0,33.8,41.9,31.2,27.8,19.3,18.2,25.5,16.2,22.4,52.5,44.8,12.2,37.3,35.4,25.6,59.2,13.8,16.2,17.9,8.4,19.9,38.9,11.7,37.3,23.3,19.2,16.6,56.4,,6.7,12.7,19.2,35.6,44.3,59.2,26.3,24.4,29.3
05-02,20.0,25.6,6.6,42.8,19.8,40.4,33.0,42.4,30.5,27.4,18.0,17.5,24.8,16.3,21.8,52.3,43.8,11.6,37.5,35.0,26.0,59.3,13.9,16.0,17.4,7.6,19.7,39.0,11.6,37.1,22.0,18.4,16.6,55.3,,6.6,12.3,18.0,35.2,43.5,59.3,25.8,23.4,29.3
05-03,19.0,25.6,6.1,42.2,19.6,41.2,32.5,42.6,29.5,28.8,16.6,17.4,24.5,16.0,21.0,52.0,42.6,10.6,37.4,34.8,26.6,59.3,13.1,16.0,16.6,7.0,19.5,38.2,12.0,37.0,21.2,17.2,16.3,54.2,,6.1,12.3,17.2,35.1,42.6,59.3,25.8,22.8,29.3
05-04,18.6,26.0,5.4,42.2,19.7,41.1,31.7,42.6,28.6,30.1,15.5,17.4,24.3,16.2,20.2,51.2,41.8,10.8,37.0,34.6,26.2,59.2,12.6,15.8,15.8,6.5,18.7,37.8,11.9,36.8,20.2,16.7,16.3,53.4,,5.4,12.1,16.7,34.9,42.5,59.2,25.5,22.2,29.3
05-05,18.3,26.0,4.8,42.4,19.1,40.5,30.8,41.6,28.4,31.1,14.4,17.2,24.2,17.2,19.4,50.6,42.0,11.4,36.3,34.2,26.0,59.1,11.8,15.6,15.2,6.2,18.0,37.1,11.8,36.2,19.2,16.0,16.4,52.8,,4.8,11.8,17.1,34.4,42.3,59.1,25.2,21.8,29.3
05-06,17.6,25.8,4.2,43.0,18.1,40.8,30.2,41.0,28.2,31.6,13.8,16.6,24.0,17.1,18.4,50.6,42.0,11.8,35.3,33.5,25.3,58.8,11.3,15.2,14.1,6.0,17.1,36.4,11.4,35.6,18.6,15.0,16.4,52.2,,4.2,11.5,16.6,33.7,42.7,58.8,24.6,21.3,29.3
05-07,16.4,25.6,3.8,45.0,17.2,41.6,29.6,39.9,28.2,31.3,13.1,16.2,23.6,16.8,17.7,50.7,40.7,11.7,33.6,32.8,25.0,57.8,10.8,14.8,13.4,5.7,16.6,35.3,10.8,34.8,17.7,13.8,15.6,52.2,,3.8,11.1,16.1,32.9,44.0,57.8,24.0,20.7,29.3
05-08,15.5,24.8,3.4,46.0,16.4,41.6,28.8,38.6,27.6,30.8,13.4,15.8,23.0,17.2,17.0,50.6,39.0,11.6,32.6,31.6,24.5,56.8,10.4,14.7,13.6,5.6,16.4,34.0,9.9,34.2,17.0,12.8,15.0,51.8,,3.4,10.7,15.4,31.7,44.6,56.8,23.5,20.1,29.3
05-09,15.4,24.2,2.7,46.8,15.4,41.0,28.6,37.7,27.0,30.3,13.4,15.2,22.6,17.7,16.3,50.2,37.6,11.2,32.3,30.3,23.9,54.8,9.7,14.4,13.8,5.6,16.8,32.6,9.0,34.0,16.5,12.0,14.8,51.6,,2.7,10.2,15.1,30.5,45.1,54.8,22.9,20.2,29.3
05-10,15.4,23.6,3.0,47.0,14.4,40.2,28.4,36.6,26.0,30.5,13.6,14.4,22.4,18.2,15.6,50.0,37.0,10.6,31.8,29.0,23.0,55.0,8.8,14.2,14.2,6.0,17.4,32.0,8.2,33.6,15.9,11.4,15.0,50.6,,3.0,9.4,14.4,30.6,45.0,55.0,22.0,20.3,29.3
05-11,14.9,23.8,2.8,46.9,13.2,39.8,27.8,35.3,26.0,30.4,13.6,13.5,22.4,18.3,15.0,51.2,35.8,9.7,31.2,28.2,23.1,55.0,8.2,13.6,14.3,6.0,16.4,30.6,7.8,33.4,15.0,11.4,15.0,49.8,,2.8,8.6,14.2,30.4,44.8,55.0,21.5,20.4,29.3
05-12,14.6,23.8,2.3,46.4,12.8,40.6,27.3,34.0,26.2,29.8,13.8,12.6,22.4,18.1,15.2,52.0,34.6,8.8,30.2,26.9,23.9,54.7,7.6,12.7,14.8,6.0,16.1,28.9,7.9,32.9,14.0,11.2,14.8,48.9,,2.3,8.2,14.0,29.0,44.7,54.7,21.0,20.2,29.3
05-13,14.4,23.4,1.5,45.2,11.5,41.2,26.2,32.2,25.9,29.6,13.8,11.4,22.4,17.9,15.4,52.4,33.1,8.0,29.8,25.6,23.9,53.9,7.0,11.7,14.6,5.6,16.0,26.8,8.0,31.8,13.2,10.5,14.9,48.2,,1.5,8.0,13.7,27.1,44.0,53.9,20.3,20.2,29.3
05-14,14.2,23.2,0.9,43.4,10.9,41.2,24.9,30.5,26.4,29.3,13.8,11.0,22.1,17.5,15.4,52.0,31.7,7.3,29.2,24.0,23.8,52.8,6.4,10.7,14.6,5.0,15.5,25.2,8.0,30.4,13.2,9.8,14.6,47.4,,0.9,7.5,13.7,26.7,42.7,52.8,20.0,19.8,29.3
05-15,14.1,23.1,0.4,42.2,10.3,41.4,23.2,28.8,26.2,29.3,13.6,9.8,21.2,17.2,15.4,51.6,30.0,6.6,28.8,22.8,23.8,52.0,5.6,9.8,14.5,4.8,14.6,24.4,8.0,28.8,12.4,9.0,13.8,46.3,,0.4,7.0,13.5,26.5,41.9,52.0,20.0,19.2,29.3
05-16,13.8,22.6,0.2,40.4,9.4,40.6,21.3,27.0,26.8,29.5,13.3,8.6,20.4,16.4,15.1,51.0,28.3,5.8,28.2,21.8,23.3,50.9,4.8,8.8,14.2,4.8,14.0,23.8,7.4,27.2,11.9,8.2,12.6,44.2,,0.2,6.3,12.5,26.9,40.5,51.0,20.0,18.4,29.3
05-17,13.7,21.8,0.0,38.9,9.2,40.2,20.8,24.8,26.2,29.2,13.0,7.2,19.4,15.8,14.1,50.3,26.8,4.6,26.2,20.2,22.4,50.6,4.2,8.1,13.8,5.8,13.7,24.0,6.6,26.4,11.2,7.8,11.3,42.2,,0.0,6.1,11.3,25.0,39.8,50.6,19.6,17.6,29.3
05-18,13.0,21.2,0.0,37.2,9.2,39.4,20.1,23.2,25.0,28.4,12.8,6.0,18.6,15.4,13.0,51.0,25.6,3.6,24.1,18.6,21.6,51.4,3.4,7.8,13.3,5.8,13.6,24.2,5.8,27.0,10.4,7.4,10.4,40.6,,0.0,5.8,10.4,24.1,38.8,51.4,18.6,17.0,29.3
05-19,12.6,20.9,0.0,35.1,8.8,38.8,19.9,21.8,23.8,27.0,12.4,5.4,17.5,14.2,12.2,50.0,24.4,2.7,21.6,17.2,21.1,51.7,3.6,8.2,12.6,5.7,13.4,24.0,5.5,27.0,9.6,6.7,9.6,38.5,,0.0,5.4,9.6,22.0,37.5,51.7,17.3,15.7,29.3
05-20,12.0,20.0,0.0,33.0,8.6,37.5,19.6,20.1,22.6,25.6,11.8,4.5,16.4,14.0,11.4,48.3,23.6,1.8,20.6,15.7,20.4,52.4,2.9,8.4,12.0,5.6,12.6,24.0,4.8,27.4,9.0,6.0,9.0,36.4,,0.0,4.6,9.0,20.7,35.4,52.4,16.0,14.9,29.3
05-21,11.8,18.9,0.0,31.2,8.4,36.5,19.0,19.4,20.4,24.2,10.8,3.7,15.3,13.4,11.1,46.1,22.9,0.8,19.8,14.6,19.6,52.6,2.0,8.5,11.2,5.6,11.8,23.8,4.3,26.6,8.9,5.3,9.1,34.5,,0.0,3.9,9.1,19.8,33.5,52.6,15.0,14.0,29.3
05-22,11.0,18.4,0.0,29.2,7.8,35.2,18.4,18.7,20.3,23.2,9.6,3.1,16.3,12.5,10.6,43.9,22.3,1.0,19.8,13.6,19.4,52.2,1.0,8.2,10.4,5.5,11.6,24.2,3.7,27.0,8.8,5.3,9.0,32.8,,0.0,3.3,9.0,19.9,31.7,52.2,14.8,13.1,29.3
05-23,9.8,18.2,0.0,28.4,7.2,34.0,18.2,17.8,20.5,22.1,8.5,2.4,16.5,11.1,10.4,42.0,22.0,1.0,20.0,12.8,19.4,52.0,0.0,7.8,9.6,5.4,11.8,23.8,3.3,27.4,8.9,4.9,8.8,31.1,,0.0,2.6,8.7,20.0,30.3,52.0,14.6,12.3,29.3
05-24,8.6,18.1,0.0,26.8,6.4,34.2,18.0,17.2,19.8,21.4,7.4,1.6,16.8,9.8,10.0,39.9,21.5,0.4,20.1,12.2,19.8,51.2,0.0,7.0,8.8,5.4,11.6,23.2,2.5,28.2,8.8,5.2,8.4,29.6,,0.0,1.8,8.3,19.8,29.2,51.2,14.5,11.9,29.3
05-25,8.6,17.5,0.0,25.0,5.7,34.4,17.7,17.4,18.6,20.7,6.6,0.6,16.8,8.8,9.8,38.2,20.4,0.2,20.2,11.6,20.2,50.3,0.0,6.5,8.2,5.2,11.0,22.1,1.5,28.9,8.6,5.1,8.1,27.7,,0.0,0.9,7.9,20.2,28.5,50.3,14.2,11.3,29.3
05-26,8.2,16.9,0.0,23.5,5.0,34.7,17.7,17.8,17.5,20.2,5.8,0.0,16.7,7.4,9.8,36.8,19.6,0.2,20.1,10.7,19.9,49.6,0.0,5.6,7.2,4.9,10.8,21.2,0.5,28.6,8.4,4.6,7.0,26.1,,0.0,0.3,6.9,19.6,27.8,49.6,13.8,10.8,29.3
05-27,7.8,16.2,0.0,22.6,4.2,34.8,17.6,17.8,17.4,19.4,4.9,0.0,16.4,6.2,9.2,35.2,18.8,0.0,20.4,10.1,19.8,48.6,0.8,5.1,6.2,4.8,10.4,20.6,0.2,28.2,7.6,3.8,6.0,24.9,,0.0,0.4,5.9,18.9,27.2,48.6,13.3,10.2,29.3
05-28,6.8,15.8,0.0,21.6,3.4,34.2,17.3,17.5,16.6,19.0,3.8,0.0,15.7,5.0,8.2,33.4,18.6,0.0,20.4,9.4,19.5,48.0,1.1,4.4,5.1,4.4,9.7,19.6,0.0,28.4,6.6,3.0,5.0,23.4,,0.0,0.3,4.9,18.6,26.9,48.0,12.7,9.5,29.3
05-29,6.4,15.2,0.0,20.8,2.7,33.6,17.0,17.2,15.4,18.7,2.3,0.0,14.4,3.6,7.9,31.7,18.7,0.0,20.4,8.4,19.3,48.0,0.3,4.7,4.2,3.6,9.0,18.6,0.0,28.0,5.6,2.0,4.7,21.8,,0.0,0.1,4.2,18.6,26.1,48.0,11.8,8.7,29.3
05-30,5.9,14.4,0.0,20.2,2.0,32.6,16.8,16.4,14.8,18.0,1.2,0.0,13.0,2.2,7.8,30.0,18.7,0.0,19.8,7.7,19.0,48.2,0.0,4.7,3.3,2.8,8.1,17.2,0.0,27.6,4.4,1.4,5.2,19.8,,0.0,0.0,3.2,17.3,25.4,48.2,10.5,8.0,29.3
05-31,5.9,14.6,0.0,19.6,1.2,31.2,16.5,15.2,14.0,17.4,0.6,0.0,11.2,1.0,7.8,30.0,18.2,0.0,19.7,7.1,18.8,48.6,0.0,4.5,2.3,1.8,7.2,16.1,0.0,26.7,3.4,0.6,5.4,17.9,,0.0,0.0,2.2,16.6,24.6,48.6,9.4,7.5,29.3
06-01,5.6,14.8,0.0,18.9,0.2,30.1,15.9,13.6,13.0,16.8,0.2,0.0,9.4,0.2,7.4,29.4,17.2,0.0,19.2,6.4,18.2,48.4,0.0,3.8,1.6,0.8,6.4,15.0,0.0,25.4,2.1,0.3,5.6,16.8,,0.0,0.0,1.5,16.0,23.6,48.4,8.4,6.9,29.3
06-02,5.6,14.4,0.0,18.2,0.0,28.6,15.2,12.2,12.0,15.8,0.0,0.0,8.6,0.1,6.3,28.5,16.6,0.0,17.9,5.7,17.6,47.8,0.0,3.1,0.6,0.0,5.4,13.9,0.0,24.0,1.0,0.2,5.3,16.2,,0.0,0.0,0.6,15.3,22.2,47.8,7.4,6.0,29.3
06-03,5.1,14.2,0.0,17.8,0.0,27.6,14.8,10.8,10.9,16.6,0.0,0.0,7.9,0.0,5.0,27.6,15.6,0.0,16.8,4.7,17.1,46.9,0.0,2.0,0.0,0.0,4.7,13.1,0.0,22.5,0.3,0.0,4.8,15.8,,0.0,0.0,0.0,14.8,21.1,46.9,6.4,5.0,29.3
06-04,3.8,13.2,0.0,17.8,0.0,26.6,14.3,9.2,10.2,16.6,0.0,0.0,6.8,0.0,3.6,27.3,14.6,0.0,16.2,3.8,15.8,46.2,0.0,1.2,0.0,0.0,3.7,11.9,0.0,21.2,0.1,0.0,3.8,15.2,,0.0,0.0,0.0,14.3,20.2,46.2,5.3,3.8,29.3
06-05,2.1,12.2,0.0,18.2,0.0,25.2,13.6,7.9,10.2,16.6,0.0,0.0,5.8,0.0,2.3,26.9,13.7,0.0,16.2,3.0,14.4,45.3,0.0,0.3,0.0,0.0,2.6,10.6,0.0,20.4,0.0,0.0,2.9,14.2,,0.0,0.0,0.0,13.6,19.7,45.3,4.4,2.9,29.3
06-06,1.4,11.2,0.0,18.0,0.0,24.2,12.8,7.0,10.6,16.6,0.0,0.0,4.4,0.0,1.1,25.8,12.6,0.0,16.2,2.5,12.8,43.9,0.0,0.1,0.0,0.0,1.4,9.4,0.0,18.8,0.0,0.0,2.2,13.2,,0.0,0.0,0.0,12.6,18.6,43.9,3.4,2.3,29.3
06-07,0.8,10.0,0.0,18.2,0.0,23.8,11.8,5.9,10.4,16.0,0.0,0.0,2.8,0.0,0.3,25.6,11.3,0.8,16.2,1.6,11.2,42.1,0.0,0.0,0.0,0.0,0.4,8.3,0.0,17.4,0.2,0.0,1.2,12.2,,0.0,0.0,0.0,11.2,17.9,42.1,2.2,1.4,29.3
06-08,0.6,8.7,0.0,19.0,0.0,23.3,10.7,5.1,10.2,14.8,0.0,0.0,1.4,0.0,0.1,25.6,10.2,0.6,16.2,1.6,9.6,40.3,0.0,0.0,0.0,0.0,0.0,7.0,0.0,16.0,0.8,0.0,0.4,11.2,,0.0,0.0,0.0,10.2,18.2,40.3,1.5,1.1,29.3
06-09,0.1,7.4,0.0,19.0,0.0,23.2,9.4,4.5,9.8,13.6,0.0,0.0,0.8,0.0,0.0,25.8,9.2,0.2,16.0,1.1,8.6,38.5,0.0,0.0,0.0,0.0,0.0,6.0,0.0,15.2,1.0,0.0,0.0,10.6,,0.0,0.0,0.0,9.2,18.2,38.5,1.0,0.9,29.3
06-10,0.0,6.1,0.0,18.9,0.0,23.0,8.1,3.7,9.9,12.8,0.0,0.0,0.6,0.0,0.0,25.8,8.2,0.0,15.2,0.6,7.0,36.3,0.0,0.0,0.0,0.0,0.0,4.9,0.0,14.7,0.6,0.0,0.0,9.8,,0.0,0.0,0.0,8.1,17.8,36.3,0.6,0.6,29.3
06-11,0.0,4.8,0.0,19.1,0.0,22.4,7.0,2.8,9.6,12.0,0.0,0.0,0.4,0.0,0.0,25.7,7.3,0.0,14.1,0.4,6.4,34.8,0.0,0.0,0.0,0.0,0.0,3.8,0.0,13.8,0.2,0.0,0.0,9.2,,0.0,0.0,0.0,7.1,17.6,34.8,0.4,0.3,29.3
06-12,0.0,3.3,0.0,18.4,0.0,22.0,5.8,2.0,9.2,10.8,0.0,0.0,0.2,0.0,0.0,25.2,6.2,0.0,13.9,0.2,6.5,33.6,0.0,0.0,0.0,0.0,0.0,2.9,0.0,13.0,0.0,0.0,0.0,8.6,,0.0,0.0,0.0,6.2,17.1,33.6,0.2,0.1,29.3
06-13,0.0,1.8,0.0,17.6,0.0,21.4,4.4,1.4,8.3,9.6,0.0,0.0,0.0,0.0,0.0,24.9,4.6,0.0,13.8,0.1,6.2,31.6,0.0,0.0,0.0,0.0,0.0,2.8,0.0,12.0,0.0,0.0,0.0,8.0,,0.0,0.0,0.0,4.7,16.5,31.6,0.1,0.0,29.3
06-14,0.0,1.0,0.0,16.6,0.0,20.8,3.1,1.0,7.9,8.1,0.0,0.0,0.0,0.0,0.0,24.4,3.0,0.0,12.8,0.0,6.0,30.3,0.0,0.0,0.0,0.0,0.0,3.2,0.0,11.2,0.0,0.0,0.0,7.3,,0.0,0.0,0.0,3.5,15.4,30.3,0.0,0.0,29.3
06-15,0.0,0.4,0.0,15.4,0.0,20.1,1.6,0.6,7.0,6.8,0.0,0.0,0.0,0.0,0.0,23.2,1.8,0.0,11.3,0.0,5.2,29.7,0.0,0.0,0.0,0.0,0.0,2.4,0.0,10.2,0.0,0.0,0.0,6.7,,0.0,0.0,0.0,2.7,14.1,29.7,0.0,0.0,29.3
06-16,0.0,0.2,0.0,14.0,0.0,19.3,0.6,0.5,6.2,5.2,0.0,0.0,0.0,0.0,0.0,21.9,1.1,0.0,10.0,0.0,4.1,28.6,0.0,0.0,0.0,0.0,0.0,1.4,0.0,9.4,0.0,0.0,0.0,6.3,,0.0,0.0,0.0,1.7,12.8,28.6,0.0,0.0,29.3
06-17,0.0,0.1,0.0,12.9,0.0,18.6,0.2,0.2,6.4,4.0,0.0,0.0,0.0,0.0,0.0,20.8,0.6,0.0,8.9,0.0,3.5,27.4,0.0,0.0,0.0,0.0,0.0,0.3,0.0,8.7,0.1,0.0,0.0,5.4,,0.0,0.0,0.0,0.9,11.7,27.4,0.0,0.0,29.3
06-18,0.0,0.0,0.0,12.4,0.0,18.4,0.0,0.0,7.2,2.8,0.0,0.0,0.0,0.0,0.0,19.5,0.3,0.0,7.7,0.0,2.8,26.2,0.0,0.0,0.5,0.0,0.0,0.0,0.0,8.2,0.2,0.0,0.0,4.4,,0.0,0.0,0.0,0.7,11.2,26.2,0.0,0.0,29.3
06-19,0.0,0.0,0.0,11.4,0.0,18.1,0.0,0.0,7.0,1.6,0.0,0.0,0.0,0.0,0.0,18.1,0.0,0.0,6.4,0.0,1.8,25.0,0.0,0.0,0.0,0.0,0.0,0.0,0.0,7.2,0.0,0.0,0.0,3.3,,0.0,0.0,0.0,0.2,10.2,25.0,0.0,0.0,29.3
06-20,0.0,0.0,0.0,10.2,0.0,17.6,0.0,0.0,6.4,0.6,0.0,0.0,0.0,0.0,0.0,16.8,0.0,0.0,5.2,0.0,0.7,24.7,0.0,0.0,0.0,0.0,0.0,0.0,0.0,6.0,0.0,0.0,0.0,1.9,,0.0,0.0,0.0,0.1,9.0,24.7,0.0,0.0,29.3
06-21,0.0,0.0,0.0,8.5,0.0,17.1,0.0,0.0,5.8,0.2,0.0,0.0,0.0,0.0,0.0,15.4,0.0,0.0,4.3,0.0,0.0,23.8,0.0,0.0,0.0,0.0,0.0,0.0,0.0,5.3,0.0,0.0,0.0,1.0,,0.0,0.0,0.0,0.0,7.7,23.8,0.0,0.0,29.3
06-22,0.0,0.0,0.0,7.2,0.0,16.4,0.0,0.0,5.0,0.0,0.0,0.0,0.0,0.0,0.0,14.2,0.0,0.0,3.0,0.0,0.0,22.4,0.0,0.0,0.0,0.0,0.0,0.0,0.0,4.7,0.0,0.0,0.0,0.2,,0.0,0.0,0.0,0.0,6.5,22.4,0.0,0.0,29.3
06-23,0.0,0.0,0.0,5.5,0.0,15.6,0.0,0.0,4.0,0.0,0.0,0.0,0.0,0.0,0.0,12.8,0.0,0.0,1.6,0.0,0.0,21.1,0.0,0.0,0.0,0.0,0.0,0.0,0.0,4.3,0.0,0.0,0.0,0.0,,0.0,0.0,0.0,0.0,5.1,21.1,0.0,0.0,29.3
06-24,0.0,0.0,0.0,4.0,0.0,15.0,0.0,0.0,3.2,0.0,0.0,0.0,0.0,0.0,0.0,11.4,0.0,0.0,0.4,0.0,0.0,19.4,0.0,0.0,0.0,0.0,0.0,0.0,0.0,3.4,0.0,0.0,0.0,0.0,,0.0,0.0,0.0,0.0,3.8,19.4,0.0,0.0,29.3
06-25,0.0,0.0,0.0,2.2,0.0,14.2,0.0,0.0,2.4,0.0,0.0,0.0,0.0,0.0,0.0,9.9,0.0,0.0,0.0,0.0,0.0,17.9,0.0,0.0,0.0,0.0,0.0,0.0,0.0,2.6,0.0,0.0,0.0,0.0,,0.0,0.0,0.0,0.0,2.5,17.9,0.0,0.0,29.3
06-26,0.0,0.0,0.0,1.1,0.0,13.3,0.0,0.0,1.4,0.0,0.0,0.0,0.0,0.0,0.0,8.7,0.0,0.0,0.0,0.0,0.0,16.6,0.0,0.0,0.0,0.0,0.0,0.0,0.0,1.6,0.0,0.0,0.0,0.0,,0.0,0.0,0.0,0.0,1.5,16.6,0.0,0.0,29.3
06-27,0.0,0.0,0.0,0.8,0.0,12.1,0.0,0.0,0.4,0.0,0.0,0.0,0.0,0.0,0.0,7.4,0.0,0.0,0.0,0.0,0.0,15.4,0.0,0.0,0.0,0.0,0.0,0.0,0.0,0.5,0.0,0.0,0.0,0.0,,0.0,0.0,0.0,0.0,0.7,15.4,0.0,0.0,29.3
06-28,0.0,0.0,0.0,0.6,0.0,11.0,0.0,0.0,0.0,0.0,0.0,0.0,0.0,0.0,0.0,6.2,0.0,0.0,0.0,0.0,0.0,14.0,0.0,0.0,0.0,0.0,0.0,0.0,0.0,0.1,0.0,0.0,0.0,0.0,,0.0,0.0,0.0,0.0,0.5,14.0,0.0,0.0,29.3
06-29,0.0,0.0,0.0,0.0,0.0,10.0,0.0,0.0,0.0,0.0,0.0,0.0,0.0,0.0,0.0,5.4,0.0,0.0,0.0,0.0,0.0,12.6,0.0,0.0,0.0,0.0,0.0,0.0,0.0,0.0,0.0,0.0,0.0,0.0,,0.0,0.0,0.0,0.0,0.0,12.6,0.0,0.0,29.3
06-30,0.0,0.0,0.0,0.0,0.0,9.4,0.0,0.0,0.0,0.0,0.0,0.0,0.0,0.0,0.0,4.0,0.0,0.0,0.0,0.0,0.0,11.4,0.0,0.0,0.0,0.0,0.0,0.0,0.0,0.0,0.1,0.0,0.0,0.0,,0.0,0.0,0.0,0.0,0.1,11.4,0.0,0.0,29.3
07-01,0.0,0.0,0.0,0.0,0.0,8.7,0.0,0.0,0.0,0.0,0.0,0.0,0.0,0.0,0.0,2.8,0.0,0.0,0.0,0.0,0.0,10.2,0.0,0.0,0.0,0.0,0.0,0.0,0.0,0.0,0.0,0.0,0.0,0.0,,0.0,0.0,0.0,0.0,0.0,10.2,0.0,0.0,29.3
07-02,0.0,0.0,0.0,0.0,0.0,8.1,0.0,0.0,0.0,0.0,0.0,0.0,0.0,0.0,0.0,1.5,0.0,0.0,0.0,0.0,0.0,9.0,0.0,0.0,0.0,0.0,0.0,0.0,0.0,0.0,0.0,0.0,0.0,0.0,,0.0,0.0,0.0,0.0,0.0,9.0,0.0,0.0,29.3
07-03,0.0,0.0,0.0,0.0,0.0,7.5,0.0,0.0,0.0,0.0,0.0,0.0,0.0,0.0,0.0,0.5,0.0,0.0,0.0,0.0,0.0,7.4,0.0,0.0,0.0,0.0,0.0,0.0,0.0,0.0,0.0,0.0,0.0,0.0,,0.0,0.0,0.0,0.0,0.0,7.5,0.0,0.0,29.3
07-04,0.0,0.0,0.0,0.0,0.0,6.9,0.0,0.0,0.0,0.0,0.0,0.0,0.0,0.0,0.0,0.2,0.0,0.0,0.0,0.0,0.0,5.7,0.0,0.0,0.0,0.0,0.0,0.0,0.0,0.0,0.0,0.0,0.0,0.0,,0.0,0.0,0.0,0.0,0.0,6.9,0.0,0.0,29.3
07-05,0.0,0.0,0.0,0.0,0.0,6.1,0.0,0.0,0.0,0.0,0.0,0.0,0.0,0.0,0.0,0.2,0.0,0.0,0.0,0.0,0.0,4.8,0.0,0.0,0.0,0.0,0.0,0.0,0.0,0.0,0.0,0.0,0.0,0.0,,0.0,0.0,0.0,0.0,0.0,6.1,0.0,0.0,29.3
07-06,0.0,0.0,0.0,0.0,0.0,5.2,0.0,0.0,0.0,0.0,0.0,0.0,0.0,0.0,0.0,0.0,0.0,0.0,0.0,0.0,0.0,3.6,0.0,0.0,0.0,0.0,0.0,0.0,0.0,0.0,0.0,0.0,0.0,0.0,,0.0,0.0,0.0,0.0,0.0,5.2,0.0,0.0,29.3
07-07,0.0,0.0,0.0,0.0,0.0,4.0,0.0,0.0,0.0,0.0,0.0,0.0,0.0,0.0,0.0,0.0,0.0,0.0,0.0,0.0,0.0,2.2,0.0,0.0,0.0,0.0,0.0,0.0,0.0,0.0,0.0,0.0,0.0,0.0,,0.0,0.0,0.0,0.0,0.0,4.0,0.0,0.0,29.3
07-08,0.0,0.0,0.0,0.0,0.0,3.0,0.0,0.0,0.0,0.0,0.0,0.0,0.0,0.0,0.0,0.0,0.0,0.0,0.0,0.0,0.0,1.2,0.0,0.0,0.0,0.0,0.0,0.0,0.0,0.0,0.0,0.0,0.0,0.0,,0.0,0.0,0.0,0.0,0.0,3.0,0.0,0.0,29.3
07-09,0.0,0.0,0.0,0.0,0.0,2.1,0.0,0.0,0.0,0.0,0.0,0.0,0.0,0.0,0.0,0.0,0.0,0.0,0.0,0.0,0.0,0.2,0.0,0.0,0.0,0.0,0.0,0.0,0.0,0.0,0.0,0.0,0.0,0.0,,0.0,0.0,0.0,0.0,0.0,2.1,0.0,0.0,29.3
07-10,0.0,0.0,0.0,0.0,0.0,0.9,0.0,0.0,0.0,0.0,0.0,0.0,0.0,0.0,0.0,0.0,0.0,0.0,0.0,0.0,0.0,0.0,0.0,0.0,0.0,0.0,0.0,0.0,0.0,0.0,0.0,0.0,0.0,0.0,,0.0,0.0,0.0,0.0,0.0,0.9,0.0,0.0,29.3
07-11,0.0,0.0,0.0,0.0,0.0,0.4,0.0,0.0,0.0,0.0,0.0,0.0,0.0,0.0,0.0,0.0,0.0,0.0,0.0,0.0,0.0,0.0,0.0,0.0,0.0,0.0,0.0,0.0,0.0,0.0,0.0,0.0,0.0,0.0,,0.0,0.0,0.0,0.0,0.0,0.4,0.0,0.0,29.3
07-12,0.0,0.0,0.0,0.0,0.0,0.0,0.0,0.0,0.0,0.0,0.0,0.0,0.0,0.0,0.0,0.0,0.0,0.0,0.0,0.0,0.0,0.0,0.0,0.0,0.0,0.0,0.0,0.0,0.0,0.0,0.0,0.0,0.0,0.0,,0.0,0.0,0.0,0.0,0.0,0.0,0.0,0.0,29.3
07-13,0.0,0.0,0.0,0.0,0.0,0.0,0.0,0.0,0.0,0.0,0.0,0.0,0.0,0.0,0.0,0.0,0.0,0.0,0.0,0.0,0.0,0.0,0.0,0.0,0.0,0.0,0.0,0.0,0.0,0.0,0.0,0.0,0.0,0.0,,0.0,0.0,0.0,0.0,0.0,0.0,0.0,0.0,29.3
07-14,0.0,0.0,0.0,0.0,0.0,0.0,0.0,0.0,0.0,0.0,0.0,0.0,0.0,0.0,0.0,0.0,0.0,0.0,0.0,0.0,0.0,0.0,0.0,0.0,0.0,0.0,0.0,0.0,0.0,0.0,0.0,0.0,0.0,0.0,,0.0,0.0,0.0,0.0,0.0,0.0,0.0,0.0,29.3
07-15,0.0,0.0,0.0,0.0,0.0,0.0,0.0,0.0,0.0,0.0,0.0,0.0,0.0,0.0,0.0,0.0,0.0,0.0,0.0,0.0,0.0,0.0,0.0,0.0,0.0,0.0,0.0,0.0,0.0,0.0,0.0,0.0,0.0,0.0,,0.0,0.0,0.0,0.0,0.0,0.0,0.0,0.0,29.3
07-16,0.0,0.0,0.0,0.0,0.0,0.0,0.0,0.0,0.0,0.0,0.0,0.0,0.0,0.0,0.0,0.0,0.0,0.0,0.0,0.0,0.0,0.0,0.0,0.0,0.0,0.0,0.0,0.0,0.0,0.0,0.0,0.0,0.0,0.0,,0.0,0.0,0.0,0.0,0.0,0.0,0.0,0.0,29.3
07-17,0.0,0.0,0.0,0.0,0.0,0.0,0.0,0.0,0.0,0.0,0.0,0.0,0.0,0.0,0.0,0.0,0.0,0.0,0.0,0.0,0.0,0.0,0.0,0.0,0.0,0.0,0.0,0.0,0.0,0.0,0.0,0.0,0.0,0.0,,0.0,0.0,0.0,0.0,0.0,0.0,0.0,0.0,29.3
07-18,0.0,0.0,0.0,0.0,0.0,0.0,0.0,0.0,0.0,0.0,0.0,0.0,0.0,0.0,0.0,0.0,0.0,0.0,0.0,0.0,0.0,0.0,0.0,0.0,0.0,0.0,0.0,0.0,0.0,0.0,0.0,0.0,0.0,0.0,,0.0,0.0,0.0,0.0,0.0,0.0,0.0,0.0,29.3
07-19,0.0,0.0,0.0,0.0,0.0,0.0,0.0,0.0,0.0,0.0,0.0,0.0,0.0,0.0,0.0,0.0,0.0,0.0,0.0,0.0,0.0,0.0,0.0,0.0,0.0,0.0,0.0,0.0,0.0,0.0,0.0,0.0,0.0,0.0,,0.0,0.0,0.0,0.0,0.0,0.0,0.0,0.0,29.3
07-20,0.0,0.0,0.0,0.0,0.0,0.0,0.0,0.0,0.0,0.0,0.0,0.0,0.0,0.0,0.0,0.0,0.0,0.0,0.0,0.0,0.0,0.0,0.0,0.0,0.0,0.0,0.0,0.0,0.0,0.0,0.0,0.0,0.0,0.0,,0.0,0.0,0.0,0.0,0.0,0.0,0.0,0.0,29.3
07-21,0.0,0.0,0.0,0.0,0.0,0.0,0.0,0.0,0.0,0.0,0.0,0.0,0.0,0.0,0.0,0.0,0.0,0.0,0.0,0.0,0.0,0.0,0.0,0.0,0.0,0.0,0.0,0.0,0.0,0.0,0.0,0.0,0.0,0.0,,0.0,0.0,0.0,0.0,0.0,0.0,0.0,0.0,29.3
07-22,0.0,0.0,0.0,0.0,0.0,0.0,0.0,0.0,0.0,0.0,0.0,0.0,0.0,0.0,0.0,0.0,0.0,0.0,0.0,0.0,0.0,0.0,0.0,0.0,0.0,0.0,0.0,0.0,0.0,0.0,0.0,0.0,0.0,0.0,,0.0,0.0,0.0,0.0,0.0,0.0,0.0,0.0,29.3
07-23,0.0,0.0,0.0,0.0,0.0,0.0,0.0,0.0,0.0,0.0,0.0,0.0,0.0,0.0,0.0,0.0,0.0,0.0,0.0,0.0,0.0,0.0,0.0,0.0,0.0,0.0,0.0,0.0,0.0,0.0,0.0,0.0,0.0,0.0,,0.0,0.0,0.0,0.0,0.0,0.0,0.0,0.0,29.3
07-24,0.0,0.0,0.0,0.0,0.0,0.0,0.0,0.0,0.0,0.0,0.0,0.0,0.0,0.0,0.0,0.0,0.0,0.0,0.0,0.0,0.0,0.0,0.0,0.0,0.0,0.0,0.0,0.0,0.0,0.0,0.0,0.0,0.0,0.0,,0.0,0.0,0.0,0.0,0.0,0.0,0.0,0.0,29.3
07-25,0.0,0.0,0.0,0.0,0.0,0.0,0.0,0.0,0.0,0.0,0.0,0.0,0.0,0.0,0.0,0.0,0.0,0.0,0.0,0.0,0.0,0.0,0.0,0.0,0.0,0.0,0.0,0.0,0.0,0.0,0.0,0.0,0.0,0.0,,0.0,0.0,0.0,0.0,0.0,0.0,0.0,0.0,29.3
07-26,0.0,0.0,0.0,0.0,0.0,0.0,0.0,0.0,0.0,0.0,0.0,0.0,0.0,0.0,0.0,0.0,0.0,0.0,0.0,0.0,0.0,0.0,0.0,0.0,0.0,0.0,0.0,0.0,0.0,0.0,0.0,0.0,0.0,0.0,,0.0,0.0,0.0,0.0,0.0,0.0,0.0,0.0,29.3
07-27,0.0,0.0,0.0,0.0,0.0,0.0,0.0,0.0,0.0,0.0,0.0,0.0,0.0,0.0,0.0,0.0,0.0,0.0,0.0,0.0,0.0,0.0,0.0,0.0,0.0,0.0,0.0,0.0,0.0,0.0,0.0,0.0,0.0,0.0,,0.0,0.0,0.0,0.0,0.0,0.0,0.0,0.0,29.3
07-28,0.0,0.0,0.0,0.0,0.0,0.0,0.0,0.0,0.0,0.0,0.0,0.0,0.0,0.0,0.0,0.0,0.0,0.0,0.0,0.0,0.0,0.0,0.0,0.0,0.0,0.0,0.0,0.0,0.0,0.0,0.0,0.0,0.0,0.0,,0.0,0.0,0.0,0.0,0.0,0.0,0.0,0.0,29.3
07-29,0.0,0.0,0.0,0.0,0.0,0.0,0.0,0.0,0.0,0.0,0.0,0.0,0.0,0.0,0.0,0.0,0.0,0.0,0.0,0.0,0.0,0.0,0.0,0.0,0.0,0.0,0.0,0.0,0.0,0.0,0.0,0.0,0.0,0.0,,0.0,0.0,0.0,0.0,0.0,0.0,0.0,0.0,29.3
07-30,0.0,0.0,0.0,0.0,0.0,0.0,0.0,0.0,0.0,0.0,0.0,0.0,0.0,0.0,0.0,0.0,0.0,0.0,0.0,0.0,0.0,0.0,0.0,0.0,0.0,0.0,0.0,0.0,0.0,0.0,0.0,0.0,0.0,0.0,,0.0,0.0,0.0,0.0,0.0,0.0,0.0,0.0,29.3
07-31,0.0,0.0,0.0,0.0,0.0,0.0,0.0,0.0,0.0,0.0,0.0,0.0,0.0,0.0,0.0,0.0,0.0,0.0,0.0,0.0,0.0,0.0,0.0,0.0,0.0,0.0,0.0,0.0,0.0,0.0,0.0,0.0,0.0,0.0,,0.0,0.0,0.0,0.0,0.0,0.0,0.0,0.0,29.3
08-01,0.0,0.0,0.0,0.0,0.0,0.0,0.0,0.0,0.0,0.0,0.0,0.0,0.0,0.0,0.0,0.0,0.0,0.0,0.0,0.0,0.0,0.0,0.0,0.0,0.0,0.0,0.0,0.0,0.0,0.0,0.0,0.0,0.0,0.0,,0.0,0.0,0.0,0.0,0.0,0.0,0.0,0.0,29.3
08-02,0.0,0.0,0.0,0.0,0.0,0.0,0.0,0.0,0.0,0.0,0.0,0.0,0.0,0.0,0.0,0.0,0.0,0.0,0.0,0.0,0.0,0.0,0.0,0.0,0.0,0.0,0.0,0.0,0.0,0.0,0.0,0.0,0.0,0.0,,0.0,0.0,0.0,0.0,0.0,0.0,0.0,0.0,29.3
08-03,0.0,0.0,0.0,0.0,0.0,0.0,0.0,0.0,0.0,0.0,0.0,0.0,0.0,0.0,0.0,0.0,0.0,0.0,0.0,0.0,0.0,0.0,0.0,0.0,0.0,0.0,0.0,0.0,0.0,0.0,0.0,0.0,0.0,0.0,,0.0,0.0,0.0,0.0,0.0,0.0,0.0,0.0,29.3
08-04,0.0,0.0,0.0,0.0,0.0,0.0,0.0,0.0,0.0,0.0,0.0,0.0,0.0,0.0,0.0,0.0,0.0,0.0,0.0,0.0,0.0,0.0,0.0,0.0,0.0,0.0,0.0,0.0,0.0,0.0,0.0,0.0,0.0,0.0,,0.0,0.0,0.0,0.0,0.0,0.0,0.0,0.0,29.3
08-05,0.0,0.0,0.0,0.0,0.0,0.0,0.0,0.0,0.0,0.0,0.0,0.0,0.0,0.0,0.0,0.0,0.0,0.0,0.0,0.0,0.0,0.0,0.0,0.0,0.0,0.0,0.0,0.0,0.0,0.0,0.0,0.0,0.0,0.0,,0.0,0.0,0.0,0.0,0.0,0.0,0.0,0.0,29.3
08-06,0.0,0.0,0.0,0.0,0.0,0.0,0.0,0.0,0.0,0.0,0.0,0.0,0.0,0.0,0.0,0.0,0.0,0.0,0.0,0.0,0.0,0.0,0.0,0.0,0.0,0.0,0.0,0.0,0.0,0.0,0.0,0.0,0.0,0.0,,0.0,0.0,0.0,0.0,0.0,0.0,0.0,0.0,29.3
08-07,0.0,0.0,0.0,0.0,0.0,0.0,0.0,0.0,0.0,0.0,0.0,0.0,0.0,0.0,0.0,0.0,0.0,0.0,0.0,0.0,0.0,0.0,0.0,0.0,0.0,0.0,0.0,0.0,0.0,0.0,0.0,0.0,0.0,0.0,,0.0,0.0,0.0,0.0,0.0,0.0,0.0,0.0,29.3
08-08,0.0,0.0,0.0,0.0,0.0,0.0,0.0,0.0,0.0,0.0,0.0,0.0,0.0,0.0,0.0,0.0,0.0,0.0,0.0,0.0,0.0,0.0,0.0,0.0,0.0,0.0,0.0,0.0,0.0,0.0,0.0,0.0,0.0,0.0,,0.0,0.0,0.0,0.0,0.0,0.0,0.0,0.0,29.3
08-09,0.0,0.0,0.0,0.0,0.0,0.0,0.0,0.0,0.0,0.0,0.0,0.0,0.0,0.0,0.0,0.0,0.0,0.0,0.0,0.0,0.0,0.0,0.0,0.0,0.0,0.0,0.0,0.0,0.0,0.0,0.0,0.0,0.0,0.0,,0.0,0.0,0.0,0.0,0.0,0.0,0.0,0.0,29.3
08-10,0.0,0.0,0.0,0.0,0.0,0.0,0.0,0.0,0.0,0.0,0.0,0.0,0.0,0.0,0.0,0.0,0.0,0.0,0.0,0.0,0.0,0.0,0.0,0.0,0.0,0.0,0.0,0.0,0.0,0.0,0.0,0.0,0.0,0.0,,0.0,0.0,0.0,0.0,0.0,0.0,0.0,0.0,29.3
08-11,0.0,0.0,0.0,0.0,0.0,0.0,0.0,0.0,0.0,0.0,0.0,0.0,0.0,0.0,0.0,0.0,0.0,0.0,0.0,0.0,0.0,0.0,0.0,0.0,0.0,0.0,0.0,0.0,0.0,0.0,0.0,0.0,0.0,0.0,,0.0,0.0,0.0,0.0,0.0,0.0,0.0,0.0,29.3
08-12,0.0,0.0,0.0,0.0,0.0,0.0,0.0,0.0,0.0,0.0,0.0,0.0,0.0,0.0,0.0,0.0,0.0,0.0,0.0,0.0,0.0,0.0,0.0,0.0,0.0,0.0,0.0,0.0,0.0,0.0,0.0,0.0,0.0,0.0,,0.0,0.0,0.0,0.0,0.0,0.0,0.0,0.0,29.3
08-13,0.0,0.0,0.0,0.0,0.0,0.0,0.0,0.0,0.0,0.0,0.0,0.0,0.0,0.0,0.0,0.0,0.0,0.0,0.0,0.0,0.0,0.0,0.0,0.0,0.0,0.0,0.0,0.0,0.0,0.0,0.0,0.0,0.0,0.0,,0.0,0.0,0.0,0.0,0.0,0.0,0.0,0.0,29.3
08-14,0.0,0.0,0.0,0.0,0.0,0.0,0.0,0.0,0.0,0.0,0.0,0.0,0.0,0.0,0.0,0.0,0.0,0.0,0.0,0.0,0.0,0.0,0.0,0.0,0.0,0.0,0.0,0.0,0.0,0.0,0.0,0.0,0.0,0.0,,0.0,0.0,0.0,0.0,0.0,0.0,0.0,0.0,29.3
08-15,0.0,0.0,0.0,0.0,0.0,0.0,0.0,0.0,0.0,0.0,0.0,0.0,0.0,0.0,0.0,0.0,0.0,0.0,0.0,0.0,0.0,0.0,0.0,0.0,0.0,0.0,0.0,0.0,0.0,0.0,0.0,0.0,0.0,0.0,,0.0,0.0,0.0,0.0,0.0,0.0,0.0,0.0,29.3
08-16,0.0,0.0,0.0,0.0,0.0,0.0,0.0,0.0,0.0,0.0,0.0,0.0,0.0,0.0,0.0,0.0,0.0,0.0,0.0,0.0,0.0,0.0,0.0,0.0,0.0,0.0,0.0,0.0,0.0,0.0,0.0,0.0,0.0,0.0,,0.0,0.0,0.0,0.0,0.0,0.0,0.0,0.0,29.3
08-17,0.0,0.0,0.0,0.0,0.0,0.0,0.0,0.0,0.0,0.0,0.0,0.0,0.0,0.0,0.0,0.0,0.0,0.0,0.0,0.0,0.0,0.0,0.0,0.0,0.0,0.0,0.0,0.0,0.0,0.0,0.0,0.0,0.0,0.0,,0.0,0.0,0.0,0.0,0.0,0.0,0.0,0.0,29.3
08-18,0.0,0.0,0.0,0.0,0.0,0.0,0.0,0.0,0.0,0.0,0.0,0.0,0.0,0.0,0.0,0.0,0.0,0.0,0.0,0.0,0.0,0.0,0.0,0.0,0.0,0.0,0.0,0.0,0.0,0.0,0.0,0.0,0.0,0.0,,0.0,0.0,0.0,0.0,0.0,0.0,0.0,0.0,29.3
08-19,0.0,0.0,0.0,0.0,0.0,0.0,0.0,0.0,0.0,0.0,0.0,0.0,0.0,0.0,0.0,0.0,0.0,0.0,0.0,0.0,0.0,0.0,0.0,0.0,0.0,0.0,0.0,0.0,0.0,0.0,0.0,0.0,0.0,0.0,,0.0,0.0,0.0,0.0,0.0,0.0,0.0,0.0,29.3
08-20,0.0,0.0,0.0,0.0,0.0,0.0,0.0,0.0,0.0,0.0,0.0,0.0,0.0,0.0,0.0,0.0,0.0,0.0,0.0,0.0,0.0,0.0,0.0,0.0,0.0,0.0,0.0,0.0,0.0,0.0,0.0,0.0,0.0,0.0,,0.0,0.0,0.0,0.0,0.0,0.0,0.0,0.0,29.3
08-21,0.0,0.0,0.0,0.0,0.0,0.0,0.0,0.0,0.0,0.0,0.0,0.0,0.0,0.0,0.0,0.0,0.0,0.0,0.0,0.0,0.0,0.0,0.0,0.0,0.0,0.0,0.0,0.0,0.0,0.0,0.0,0.0,0.0,0.0,,0.0,0.0,0.0,0.0,0.0,0.0,0.0,0.0,29.3
08-22,0.0,0.0,0.0,0.0,0.0,0.0,0.0,0.0,0.0,0.0,0.0,0.0,0.0,0.0,0.0,0.0,0.0,0.0,0.0,0.0,0.0,0.0,0.0,0.0,0.0,0.0,0.0,0.0,0.0,0.0,0.0,0.0,0.0,0.0,,0.0,0.0,0.0,0.0,0.0,0.0,0.0,0.0,29.3
08-23,0.0,0.0,0.0,0.0,0.0,0.0,0.0,0.0,0.0,0.0,0.0,0.0,0.0,0.0,0.0,0.0,0.0,0.0,0.0,0.0,0.0,0.0,0.0,0.0,0.0,0.0,0.0,0.0,0.0,0.0,0.0,0.0,0.0,0.0,,0.0,0.0,0.0,0.0,0.0,0.0,0.0,0.0,29.3
08-24,0.0,0.0,0.0,0.0,0.0,0.0,0.0,0.0,0.0,0.0,0.0,0.0,0.0,0.0,0.0,0.0,0.0,0.0,0.0,0.0,0.0,0.0,0.0,0.0,0.0,0.0,0.0,0.0,0.0,0.0,0.0,0.0,0.0,0.0,,0.0,0.0,0.0,0.0,0.0,0.0,0.0,0.0,29.3
08-25,0.0,0.0,0.0,0.0,0.0,0.0,0.0,0.0,0.0,0.0,0.0,0.0,0.0,0.0,0.0,0.0,0.0,0.0,0.0,0.0,0.0,0.0,0.0,0.0,0.0,0.0,0.0,0.0,0.0,0.0,0.0,0.0,0.0,0.0,,0.0,0.0,0.0,0.0,0.0,0.0,0.0,0.0,29.3
08-26,0.0,0.0,0.0,0.0,0.0,0.0,0.0,0.0,0.0,0.0,0.0,0.0,0.0,0.0,0.0,0.0,0.0,0.0,0.0,0.0,0.0,0.0,0.0,0.0,0.0,0.0,0.0,0.0,0.0,0.0,0.0,0.0,0.0,0.0,,0.0,0.0,0.0,0.0,0.0,0.0,0.0,0.0,29.3
08-27,0.0,0.0,0.0,0.0,0.0,0.0,0.0,0.0,0.0,0.0,0.0,0.0,0.0,0.0,0.0,0.0,0.0,0.0,0.0,0.0,0.0,0.0,0.0,0.0,0.0,0.0,0.0,0.0,0.0,0.0,0.0,0.0,0.0,0.0,,0.0,0.0,0.0,0.0,0.0,0.0,0.0,0.0,29.3
08-28,0.0,0.0,0.0,0.0,0.0,0.0,0.0,0.0,0.0,0.0,0.0,0.0,0.0,0.0,0.0,0.0,0.0,0.0,0.0,0.0,0.0,0.0,0.0,0.0,0.0,0.0,0.0,0.0,0.0,0.0,0.0,0.0,0.0,0.0,,0.0,0.0,0.0,0.0,0.0,0.0,0.0,0.0,29.3
08-29,0.0,0.0,0.0,0.0,0.0,0.0,0.0,0.0,0.0,0.0,0.0,0.0,0.0,0.0,0.0,0.0,0.0,0.0,0.0,0.0,0.0,0.0,0.0,0.0,0.0,0.0,0.0,0.0,0.0,0.0,0.0,0.0,0.0,0.0,,0.0,0.0,0.0,0.0,0.0,0.0,0.0,0.0,29.3
08-30,0.0,0.0,0.0,0.0,0.0,0.0,0.0,0.0,0.0,0.0,0.0,0.0,0.0,0.0,0.0,0.0,0.0,0.0,0.0,0.0,0.0,0.0,0.0,0.0,0.0,0.0,0.0,0.0,0.0,0.0,0.0,0.0,0.0,0.0,,0.0,0.0,0.0,0.0,0.0,0.0,0.0,0.0,29.3
08-31,0.0,0.0,0.0,0.0,0.0,0.0,0.0,0.0,0.0,0.0,0.0,0.0,0.0,0.0,0.0,0.0,0.0,0.0,0.0,0.0,0.0,0.0,0.0,0.0,0.0,0.0,0.0,0.0,0.0,0.0,0.0,0.0,0.0,0.0,,0.0,0.0,0.0,0.0,0.0,0.0,0.0,0.0,29.3
09-01,0.0,0.0,0.0,0.0,0.0,0.0,0.0,0.0,0.0,0.0,0.0,0.0,0.0,0.0,0.0,0.0,0.0,0.0,0.0,0.0,0.0,0.0,0.0,0.0,0.0,0.0,0.0,0.0,0.0,0.0,0.0,0.0,0.0,0.0,,0.0,0.0,0.0,0.0,0.0,0.0,0.0,0.0,29.3
09-02,0.0,0.0,0.0,0.0,0.0,0.0,0.0,0.0,0.0,0.0,0.0,0.0,0.0,0.0,0.0,0.0,0.0,0.0,0.0,0.0,0.0,0.0,0.0,0.0,0.0,0.0,0.0,0.0,0.0,0.0,0.0,0.0,0.0,0.0,,0.0,0.0,0.0,0.0,0.0,0.0,0.0,0.0,29.3
09-03,0.0,0.0,0.0,0.0,0.0,0.0,0.0,0.0,0.0,0.0,0.0,0.0,0.0,0.0,0.0,0.0,0.0,0.0,0.0,0.0,0.0,0.0,0.0,0.0,0.0,0.0,0.0,0.0,0.0,0.0,0.0,0.0,0.0,0.0,,0.0,0.0,0.0,0.0,0.0,0.0,0.0,0.0,29.3
09-04,0.0,0.0,0.0,0.0,0.0,0.0,0.0,0.0,0.0,0.0,0.0,0.0,0.0,0.0,0.0,0.0,0.0,0.0,0.0,0.0,0.0,0.0,0.0,0.0,0.0,0.0,0.0,0.0,0.0,0.0,0.0,0.0,0.0,0.0,,0.0,0.0,0.0,0.0,0.0,0.0,0.0,0.0,29.3
09-05,0.0,0.0,0.0,0.0,0.0,0.0,0.0,0.0,0.0,0.0,0.0,0.0,0.0,0.0,0.0,0.0,0.0,0.0,0.0,0.0,0.0,0.0,0.0,0.0,0.0,0.0,0.0,0.0,0.0,0.0,0.0,0.0,0.0,0.1,,0.0,0.0,0.0,0.0,0.0,0.1,0.0,0.0,29.3
09-06,0.0,0.0,0.0,0.0,0.0,0.0,0.0,0.0,0.0,0.0,0.0,0.0,0.0,0.0,0.0,0.0,0.0,0.0,0.0,0.0,0.0,0.0,0.0,0.0,0.0,0.0,0.0,0.0,0.0,0.0,0.0,0.0,0.0,0.0,,0.0,0.0,0.0,0.0,0.0,0.0,0.0,0.0,29.3
09-07,0.0,0.0,0.0,0.0,0.0,0.0,0.0,0.0,0.0,0.0,0.0,0.0,0.0,0.0,0.0,0.0,0.0,0.0,0.0,0.0,0.0,0.0,0.0,0.0,0.0,0.0,0.0,0.0,0.0,0.0,0.0,0.0,0.0,0.0,,0.0,0.0,0.0,0.0,0.0,0.0,0.0,0.0,29.3
09-08,0.0,0.0,0.0,0.0,0.0,0.0,0.0,0.0,0.0,0.0,0.0,0.0,0.0,0.0,0.0,0.0,0.0,0.0,0.0,0.0,0.0,0.0,0.0,0.0,0.0,0.0,0.0,0.0,0.0,0.0,0.0,0.0,0.0,0.0,,0.0,0.0,0.0,0.0,0.0,0.0,0.0,0.0,29.3
09-09,0.0,0.0,0.0,0.0,0.0,0.0,0.0,0.0,0.0,0.0,0.0,0.0,0.0,0.0,0.0,0.0,0.0,0.0,0.0,0.0,0.0,0.0,0.0,0.0,0.0,0.0,0.0,0.0,0.0,0.0,0.2,0.0,0.0,0.0,,0.0,0.0,0.0,0.0,0.0,0.2,0.0,0.0,29.3
09-10,0.0,0.0,0.0,0.0,0.0,0.0,0.0,0.0,0.0,0.0,0.0,0.0,0.0,0.0,0.0,0.0,0.0,0.0,0.0,0.0,0.0,0.0,0.0,0.0,0.0,0.0,0.0,0.0,0.0,0.0,0.0,0.0,0.0,0.0,,0.0,0.0,0.0,0.0,0.0,0.0,0.0,0.0,29.3
09-11,0.0,0.0,0.0,0.0,0.0,0.0,0.0,0.0,0.0,0.0,0.0,0.0,0.0,0.2,0.0,0.0,0.0,0.0,0.0,0.0,0.0,0.0,0.0,0.0,0.0,0.0,0.0,0.0,0.0,0.0,0.0,0.0,0.0,0.0,,0.0,0.0,0.0,0.0,0.0,0.2,0.0,0.0,29.3
09-12,0.0,0.0,0.0,0.0,0.0,0.0,0.0,0.0,0.0,0.0,0.0,0.0,0.0,0.0,0.0,0.0,0.0,0.0,0.0,0.0,0.0,0.0,0.0,0.0,0.0,0.0,0.0,0.0,0.0,0.0,0.0,0.0,0.0,0.0,,0.0,0.0,0.0,0.0,0.0,0.0,0.0,0.0,29.3
09-13,0.0,0.0,0.0,0.0,0.0,0.0,0.0,0.0,0.0,0.0,0.0,0.0,0.0,0.0,0.0,0.0,0.0,0.0,0.0,0.0,0.0,0.0,0.0,0.0,0.0,0.0,0.0,0.0,0.0,0.0,0.0,0.0,0.0,0.0,,0.0,0.0,0.0,0.0,0.0,0.0,0.0,0.0,29.3
09-14,0.0,0.0,0.0,0.0,0.0,0.0,0.0,0.0,0.0,0.0,0.0,0.0,0.0,0.0,0.0,0.0,0.0,0.0,0.0,0.0,0.0,0.0,0.0,0.0,0.0,0.0,0.0,0.0,0.0,0.0,0.0,0.0,0.0,0.0,,0.0,0.0,0.0,0.0,0.0,0.0,0.0,0.0,29.3
09-15,0.0,0.0,0.0,0.0,0.0,0.0,0.0,0.0,0.0,0.0,0.0,0.0,0.0,0.0,0.0,0.0,0.2,0.0,0.0,0.0,0.0,0.0,0.0,0.0,0.0,0.0,0.0,0.0,0.0,0.0,0.0,0.0,0.0,0.0,,0.0,0.0,0.0,0.0,0.0,0.2,0.0,0.0,29.3
09-16,0.0,0.0,0.0,0.0,0.0,0.0,0.0,0.0,0.0,0.0,0.0,0.0,0.0,0.0,0.0,0.0,0.6,0.0,0.0,0.0,0.0,0.0,0.0,0.0,0.0,0.0,0.0,0.0,0.0,0.0,0.0,0.0,0.0,0.0,,0.0,0.0,0.0,0.0,0.0,0.6,0.0,0.0,29.3
09-17,0.0,0.0,0.0,0.0,0.0,0.0,0.5,0.0,0.0,0.0,0.0,0.0,0.0,0.0,0.0,0.0,0.6,0.0,0.0,0.0,0.0,0.0,0.0,0.0,0.0,0.0,0.0,0.0,0.0,0.0,0.0,0.0,0.0,0.0,,0.0,0.0,0.0,0.0,0.0,0.6,0.0,0.0,29.3
09-18,0.0,0.0,0.0,0.0,0.0,0.0,0.6,0.0,0.0,0.0,0.0,0.0,0.0,0.0,0.0,0.0,0.4,0.0,0.0,0.0,0.0,0.0,0.0,0.0,0.0,0.0,0.0,0.0,0.0,0.0,0.0,0.0,0.0,0.0,,0.0,0.0,0.0,0.0,0.0,0.6,0.0,0.0,29.3
09-19,0.0,0.0,0.0,0.0,0.0,0.0,0.6,0.0,0.0,0.0,0.0,0.0,0.0,0.0,0.0,0.0,0.1,0.0,0.0,0.0,0.0,0.0,0.0,0.0,0.0,0.0,0.0,0.0,0.0,0.0,0.0,0.0,0.0,0.0,,0.0,0.0,0.0,0.0,0.0,0.6,0.0,0.0,29.3
09-20,0.0,0.0,0.0,0.0,0.0,0.0,0.6,0.0,0.0,0.0,0.0,0.0,0.0,0.0,0.0,0.0,0.2,0.0,0.0,0.0,0.0,0.0,0.0,0.0,0.0,0.0,0.0,0.0,0.0,0.0,0.0,0.0,0.0,0.0,,0.0,0.0,0.0,0.0,0.0,0.6,0.0,0.0,29.3
09-21,0.0,0.0,0.0,0.0,0.0,0.0,0.2,0.0,0.0,0.0,0.0,0.0,0.0,0.0,0.2,0.0,0.2,0.0,0.0,0.0,0.0,0.0,0.0,0.0,0.0,0.0,0.0,0.0,0.0,0.4,0.0,0.0,0.0,0.0,,0.0,0.0,0.0,0.0,0.1,0.4,0.0,0.0,29.3
09-22,0.0,0.0,0.0,0.0,0.0,0.0,0.0,0.0,0.1,0.0,0.0,0.0,0.0,0.0,0.2,0.0,0.4,0.0,0.0,0.0,0.0,0.0,0.0,0.0,0.0,0.0,0.0,0.1,0.0,0.1,0.0,0.0,0.0,0.0,,0.0,0.0,0.0,0.0,0.1,0.4,0.0,0.0,29.3
09-23,0.0,0.0,0.0,0.0,0.0,0.0,0.0,0.0,0.0,0.0,0.4,0.0,0.0,0.0,0.0,0.0,0.7,0.0,0.0,0.0,0.0,0.0,0.0,0.0,0.0,0.0,0.0,0.0,0.0,0.0,0.0,0.0,0.0,0.0,,0.0,0.0,0.0,0.0,0.0,0.7,0.0,0.0,29.3
09-24,0.0,0.0,0.0,0.0,0.0,0.0,0.0,0.0,0.0,0.0,0.4,0.0,0.0,0.0,0.0,0.0,0.6,0.2,0.0,0.0,0.0,0.0,0.0,0.0,0.0,0.0,0.4,0.4,0.0,0.0,0.0,0.0,0.0,0.0,,0.0,0.0,0.0,0.0,0.3,0.6,0.0,0.0,29.3
09-25,0.0,0.0,0.0,0.0,0.0,0.0,0.0,0.0,0.0,0.0,0.2,0.0,0.0,0.0,0.0,0.0,0.4,0.2,0.0,0.0,0.0,0.0,0.0,0.0,0.0,0.0,0.7,0.8,0.0,0.0,0.0,0.0,0.0,0.0,,0.0,0.0,0.0,0.0,0.2,0.8,0.0,0.0,29.3
09-26,0.0,0.0,0.0,0.0,0.0,0.0,0.0,0.0,0.0,0.0,0.0,0.0,0.0,0.0,0.0,0.0,0.0,0.0,0.0,0.0,0.0,0.0,0.0,0.2,0.0,0.0,0.4,0.4,0.0,0.0,0.0,0.0,0.0,0.0,,0.0,0.0,0.0,0.0,0.0,0.4,0.0,0.0,29.3
09-27,0.0,0.0,0.0,0.0,0.0,0.0,0.0,0.0,0.0,0.0,0.0,0.0,0.0,0.0,0.0,0.0,0.0,0.0,0.0,0.0,0.0,0.0,0.0,0.2,0.0,0.0,0.2,0.6,0.0,0.0,0.0,0.0,0.0,0.0,,0.0,0.0,0.0,0.0,0.0,0.6,0.0,0.0,29.3
09-28,0.0,0.0,0.0,0.0,0.0,0.0,0.0,0.0,0.0,0.0,0.0,0.0,0.0,0.0,0.0,0.0,0.0,0.0,0.0,0.0,0.0,0.0,0.0,0.2,0.0,0.0,0.0,0.4,0.0,0.0,0.0,0.0,0.0,0.0,,0.0,0.0,0.0,0.0,0.0,0.4,0.0,0.0,29.3
09-29,0.0,0.0,0.0,0.0,0.0,0.0,0.0,0.0,0.0,0.0,0.0,0.0,0.0,0.0,0.0,0.0,0.0,0.0,0.0,0.0,0.0,0.0,0.0,0.0,0.0,0.0,0.0,0.2,0.0,0.0,0.0,0.0,0.0,0.0,,0.0,0.0,0.0,0.0,0.0,0.2,0.0,0.0,29.3
09-30,0.0,0.0,0.0,0.0,0.0,0.2,0.0,0.0,0.0,0.0,0.0,0.0,0.0,0.0,0.0,0.0,0.0,0.2,0.0,0.0,0.0,0.0,0.0,0.0,0.0,0.0,0.0,0.1,0.0,0.2,0.0,0.0,0.0,0.0,,0.0,0.0,0.0,0.0,0.1,0.2,0.0,0.0,29.3
