date,1980,1982,1983,1984,1985,1986,1987,1988,1989,1990,1991,1992,1993,1994,1995,1996,1997,1998,1999,2000,2001,2002,2003,2004,2005,2006,2007,2008,2009,2010,2011,2012,2013,2014,2015,2016,2017,2018,2019,2020,2021,2022,2023,2024,Min,10%,30%,70%,90%,Max,Median ('91-'20),Median (POR),Median Peak SWE
10-01,0.0,0.0,2.9,0.0,0.0,0.0,0.5,0.0,0.0,0.0,0.0,0.0,0.0,0.0,0.2,0.0,0.0,0.0,0.0,0.0,0.0,0.0,0.0,0.0,0.0,0.0,0.0,0.0,0.0,0.4,0.0,0.0,0.0,0.0,0.0,0.0,0.0,0.0,0.0,0.0,0.0,0.0,0.0,0.0,0.0,0.0,0.0,0.0,0.0,2.9,0.0,0.0,14.6
10-02,0.0,0.0,2.9,0.0,0.4,0.0,0.8,0.0,0.0,0.0,0.0,0.0,0.0,0.0,0.0,0.0,0.0,0.0,0.0,0.0,0.0,0.0,0.2,0.0,0.0,0.0,0.0,0.0,0.0,0.0,0.0,0.0,0.0,0.0,0.0,0.0,0.0,0.2,0.0,0.0,0.0,0.0,0.0,0.0,0.0,0.0,0.0,0.0,0.2,2.9,0.0,0.0,14.6
10-03,0.0,0.0,2.6,0.0,0.7,0.0,0.8,0.0,0.0,0.0,0.0,0.0,0.0,0.0,0.0,0.0,0.0,0.0,0.0,0.0,0.0,0.0,0.7,0.0,0.0,0.0,0.0,0.0,0.0,0.0,0.0,0.0,0.0,0.0,0.0,0.0,0.0,0.0,0.0,0.0,0.0,0.0,0.0,0.0,0.0,0.0,0.0,0.0,0.0,2.6,0.0,0.0,14.6
10-04,0.0,0.1,2.6,0.0,0.4,0.0,0.7,0.0,0.0,0.0,0.0,0.0,0.0,0.0,0.2,0.0,0.0,0.0,0.2,0.0,0.0,0.0,1.3,0.0,0.0,0.0,0.0,0.0,0.0,0.0,0.0,0.0,0.0,0.0,0.0,0.0,0.0,0.0,0.0,0.0,0.0,0.0,0.0,0.0,0.0,0.0,0.0,0.0,0.2,2.6,0.0,0.0,14.6
10-05,0.0,0.2,2.6,0.0,0.0,0.0,0.7,0.0,0.0,0.0,0.0,0.0,0.0,0.0,0.0,0.1,0.0,0.0,0.2,0.0,0.0,0.0,1.2,0.0,0.0,0.2,0.0,0.0,0.1,0.0,0.0,0.0,0.0,0.0,0.0,0.0,0.0,0.0,0.0,0.0,0.0,0.0,0.0,0.0,0.0,0.0,0.0,0.0,0.2,2.6,0.0,0.0,14.6
10-06,0.0,0.2,2.7,0.0,0.0,0.0,0.7,0.0,0.0,0.0,0.0,0.0,0.0,0.0,0.2,0.0,0.0,0.0,0.2,0.0,0.0,0.0,0.8,0.0,0.0,0.0,0.0,0.0,0.1,0.0,0.0,0.6,0.0,0.0,0.0,0.0,0.0,0.0,0.0,0.0,0.0,0.0,0.0,0.0,0.0,0.0,0.0,0.0,0.2,2.7,0.0,0.0,14.6
10-07,0.0,0.2,2.7,0.0,0.0,0.2,0.6,0.0,0.0,0.0,0.0,0.0,0.0,0.0,0.0,0.0,0.0,0.0,0.0,0.0,0.0,0.0,0.7,0.0,0.0,0.0,0.2,0.1,0.0,0.0,0.0,0.4,0.0,0.0,0.0,0.0,0.0,0.0,0.1,0.0,0.0,0.0,0.0,0.0,0.0,0.0,0.0,0.0,0.2,2.7,0.0,0.0,14.6
10-08,0.0,0.2,3.2,0.0,0.0,0.3,0.6,0.0,0.0,0.0,0.0,0.0,0.0,0.0,0.0,0.0,0.0,0.4,0.0,0.0,0.0,0.0,0.4,0.0,0.0,0.0,0.0,0.0,0.0,0.0,0.0,0.4,0.0,0.0,0.0,0.0,0.0,0.0,0.6,0.0,0.0,0.0,0.0,0.0,0.0,0.0,0.0,0.0,0.4,3.2,0.0,0.0,14.6
10-09,0.0,0.3,3.1,0.0,0.0,0.4,0.6,0.0,0.0,0.0,0.0,0.0,0.0,0.0,0.0,0.0,0.0,0.0,0.0,0.0,0.0,0.0,0.1,0.0,0.0,0.0,0.0,0.0,0.0,0.0,0.0,0.4,0.0,0.0,0.0,0.0,0.0,0.0,0.6,0.0,0.0,0.2,0.0,0.0,0.0,0.0,0.0,0.0,0.3,3.1,0.0,0.0,14.6
10-10,0.0,0.3,2.9,0.0,0.0,0.4,0.3,0.0,0.0,0.0,0.0,0.0,0.0,0.0,0.0,0.0,0.0,0.0,0.0,0.0,0.0,0.0,0.0,0.0,0.0,0.0,0.0,0.0,0.0,0.0,0.0,0.2,0.0,0.0,0.0,0.0,0.0,0.0,0.8,0.0,0.0,0.2,0.0,0.0,0.0,0.0,0.0,0.0,0.3,2.9,0.0,0.0,14.6
10-11,0.0,0.3,2.8,0.0,0.0,0.5,0.3,0.0,0.0,0.0,0.0,0.0,0.0,0.0,0.0,0.0,0.0,0.0,0.0,0.0,0.0,0.0,0.0,0.0,0.0,0.0,0.0,0.0,0.0,0.0,0.0,0.0,0.0,0.0,0.0,0.0,0.0,0.0,0.7,0.0,0.0,0.0,0.0,0.0,0.0,0.0,0.0,0.0,0.2,2.8,0.0,0.0,14.6
10-12,0.0,0.6,2.8,0.0,0.1,0.5,0.4,0.0,0.0,0.0,0.0,0.0,0.0,0.0,0.0,0.0,0.0,0.1,0.0,0.0,0.0,0.2,0.0,0.0,0.0,0.0,0.0,0.0,0.0,0.0,0.0,0.0,0.0,0.0,0.0,0.0,0.0,0.0,0.6,0.0,0.0,0.2,0.0,0.0,0.0,0.0,0.0,0.0,0.3,2.8,0.0,0.0,14.6
10-13,0.0,0.6,2.8,0.0,0.2,0.6,0.4,0.0,0.0,0.0,0.0,0.0,0.0,0.0,0.0,0.0,0.0,0.4,0.0,0.0,0.0,0.0,0.0,0.0,0.0,0.0,0.0,0.0,0.0,0.0,0.0,0.0,0.0,0.0,0.0,0.0,0.0,0.0,0.6,0.0,0.0,1.0,0.0,0.0,0.0,0.0,0.0,0.0,0.5,2.8,0.0,0.0,14.6
10-14,0.0,0.6,2.8,0.0,0.4,0.6,0.4,0.0,0.0,0.0,0.0,0.0,0.0,0.0,0.0,0.0,0.0,0.2,0.0,0.0,0.0,0.0,0.0,0.0,0.0,0.0,0.0,0.0,0.0,0.0,0.0,0.0,0.0,0.1,0.0,0.0,0.0,0.0,0.6,0.0,0.0,0.8,0.0,0.0,0.0,0.0,0.0,0.0,0.5,2.8,0.0,0.0,14.6
10-15,0.0,1.0,2.8,0.0,0.6,0.6,0.4,0.0,0.0,0.0,0.0,0.0,0.0,0.0,0.0,0.0,0.0,0.1,0.0,0.0,0.0,0.0,0.0,0.0,0.0,0.0,0.0,0.0,0.0,0.0,0.0,0.0,0.0,0.2,0.0,0.0,0.0,0.0,0.6,0.0,0.0,0.9,0.0,0.0,0.0,0.0,0.0,0.0,0.6,2.8,0.0,0.0,14.6
10-16,0.0,1.0,2.7,0.0,0.6,0.4,0.4,0.0,0.0,0.0,0.0,0.0,0.0,0.0,0.2,0.0,0.0,0.0,0.0,0.0,0.0,0.0,0.0,0.0,0.0,0.0,0.0,0.0,0.0,0.0,0.0,0.0,0.0,0.2,0.0,0.0,0.0,0.0,0.7,0.0,0.0,0.8,0.0,,0.0,0.0,0.0,0.0,0.6,2.7,0.0,0.0,14.6
10-17,0.0,1.0,2.6,0.0,1.1,0.4,0.4,0.0,0.0,0.0,0.0,0.0,0.0,0.0,0.4,0.0,0.0,0.0,0.0,0.0,0.0,0.0,0.0,0.0,0.0,0.0,0.4,0.1,0.0,0.0,0.0,0.0,0.0,0.2,0.0,0.0,0.0,0.0,0.7,0.0,0.0,0.6,0.0,,0.0,0.0,0.0,0.0,0.6,2.6,0.0,0.0,14.6
10-18,0.0,1.0,2.6,0.0,2.0,0.4,0.4,0.0,0.0,0.0,0.0,0.0,0.0,0.1,0.6,0.0,0.0,0.0,0.0,0.0,0.0,0.0,0.0,0.0,0.0,0.0,1.1,0.6,0.0,0.0,0.0,0.0,0.0,0.2,0.0,0.0,0.0,0.0,0.7,0.0,0.0,0.6,0.0,,0.0,0.0,0.0,0.0,0.7,2.6,0.0,0.0,14.6
10-19,0.1,1.0,2.5,0.0,2.1,0.4,0.4,0.0,0.0,0.0,0.2,0.0,0.0,0.3,0.6,0.0,0.0,0.0,0.0,0.0,0.0,0.0,0.0,0.0,0.2,0.2,1.0,0.6,0.0,0.0,0.0,0.0,0.0,0.1,0.0,0.0,0.0,0.0,0.7,0.0,0.0,0.8,0.0,,0.0,0.0,0.0,0.2,0.8,2.5,0.0,0.0,14.6
10-20,0.1,1.0,2.5,0.0,2.1,0.4,0.6,0.0,0.0,0.0,0.8,0.0,0.0,0.2,0.6,0.0,0.4,0.0,0.0,0.0,0.0,0.0,0.0,0.0,0.7,0.0,1.0,0.0,0.0,0.0,0.0,0.0,0.0,0.0,0.0,0.0,0.0,0.0,0.7,0.2,0.0,0.9,0.0,,0.0,0.0,0.0,0.2,0.9,2.5,0.0,0.0,14.6
10-21,0.4,1.0,2.3,0.0,2.3,0.4,0.6,0.0,0.0,0.0,0.8,0.0,0.0,0.2,0.6,0.0,0.5,0.0,0.0,0.0,0.0,0.0,0.0,0.0,0.8,0.0,0.4,0.4,0.0,0.0,0.0,0.0,0.0,0.0,0.0,0.0,0.0,0.0,0.7,0.2,0.0,0.8,0.0,,0.0,0.0,0.0,0.4,0.8,2.3,0.0,0.0,14.6
10-22,0.4,0.9,2.2,0.0,2.3,0.8,0.6,0.0,0.0,0.0,0.8,0.0,0.0,0.1,0.6,0.2,0.6,0.0,0.2,0.0,0.0,0.0,0.0,0.0,1.5,0.0,0.4,0.4,0.0,0.0,0.0,0.0,0.0,0.0,0.0,0.0,0.0,0.0,0.7,0.2,0.0,0.6,0.0,,0.0,0.0,0.0,0.4,0.8,2.3,0.0,0.0,14.6
10-23,0.4,0.9,2.0,0.0,2.3,0.6,0.5,0.0,0.0,0.0,0.7,0.0,0.0,0.1,0.6,0.5,0.6,0.0,0.3,0.0,0.2,0.0,0.0,0.0,1.8,0.0,0.4,0.4,0.0,0.0,0.0,0.0,0.0,0.0,0.0,0.0,0.0,0.0,0.6,0.0,0.0,0.6,0.6,,0.0,0.0,0.0,0.5,0.7,2.3,0.0,0.0,14.6
10-24,0.2,0.9,2.0,0.0,2.3,0.6,0.5,0.0,0.0,0.0,0.5,0.1,0.0,0.0,0.4,0.3,0.6,0.3,0.3,0.0,0.4,0.0,0.0,0.0,1.8,0.0,0.4,0.2,0.0,0.0,0.0,0.0,0.0,0.0,0.0,0.0,0.0,0.0,0.4,0.0,0.0,0.6,0.8,,0.0,0.0,0.0,0.4,0.8,2.3,0.0,0.0,14.6
10-25,0.2,0.9,1.9,0.0,2.3,0.4,0.4,0.0,0.0,0.0,0.5,0.0,0.0,0.0,0.4,0.3,1.0,1.1,0.3,0.0,0.4,0.0,0.1,0.0,2.2,0.0,0.2,0.0,0.0,0.0,0.1,0.0,0.2,0.0,0.0,0.0,0.0,0.0,0.4,0.0,0.0,0.6,0.8,,0.0,0.0,0.0,0.4,1.0,2.3,0.0,0.0,14.6
10-26,0.4,0.8,1.9,0.0,2.3,0.0,0.3,0.0,0.0,0.2,0.4,0.0,0.0,0.0,0.4,0.2,2.0,1.0,0.7,0.0,0.4,0.0,0.1,0.0,2.2,0.0,0.8,0.0,0.0,0.0,0.4,0.0,0.2,0.0,0.0,0.0,0.0,0.0,0.4,0.0,0.1,0.5,0.8,,0.0,0.0,0.0,0.4,1.0,2.3,0.0,0.1,14.6
10-27,0.4,0.8,2.4,0.0,2.4,0.0,0.0,0.0,0.0,0.4,0.4,0.0,0.0,0.0,0.4,0.0,2.2,0.9,1.8,0.0,0.4,0.0,0.2,0.0,2.2,0.0,0.8,0.0,0.0,0.0,0.6,0.0,0.2,0.0,0.0,0.0,0.0,0.0,0.2,0.0,0.1,0.8,1.0,,0.0,0.0,0.0,0.4,1.7,2.4,0.0,0.0,14.6
10-28,0.4,0.8,2.6,0.0,2.4,0.0,0.0,0.0,0.0,0.4,0.2,0.4,0.0,0.0,0.2,0.0,2.7,0.9,1.6,0.0,1.0,0.0,0.2,0.0,2.6,0.0,0.8,0.0,0.0,0.2,0.5,0.0,0.1,0.0,0.0,0.0,0.0,0.0,0.0,0.0,0.1,0.8,1.0,,0.0,0.0,0.0,0.4,1.5,2.7,0.0,0.0,14.6
10-29,0.6,1.2,2.7,0.0,2.4,0.0,0.0,0.0,0.0,0.6,0.0,0.8,0.0,0.0,0.0,0.0,3.1,0.9,1.5,0.0,0.8,0.0,0.2,0.0,2.6,0.6,0.6,0.0,0.0,0.6,0.7,0.0,0.0,0.6,0.0,0.0,0.0,0.0,0.0,0.0,0.0,0.5,1.2,,0.0,0.0,0.0,0.6,1.5,3.1,0.0,0.0,14.6
10-30,0.8,1.6,2.8,0.0,2.4,0.0,0.0,0.0,0.0,0.6,0.0,1.0,0.0,0.0,0.0,0.0,3.1,0.9,1.8,0.0,0.8,0.0,0.2,0.0,2.6,0.6,0.7,0.0,0.0,0.6,0.7,0.0,0.0,0.6,0.0,0.2,0.0,0.0,0.0,0.3,0.0,0.5,1.2,,0.0,0.0,0.0,0.6,1.8,3.1,0.0,0.0,14.6
10-31,0.8,1.8,3.2,0.0,2.6,0.0,0.1,0.0,0.0,0.6,0.0,1.0,0.4,0.0,0.0,0.0,3.1,0.9,1.8,0.0,1.3,0.0,0.1,0.0,2.6,0.6,0.7,0.0,0.0,0.5,0.8,0.0,0.0,0.7,0.0,0.0,0.0,0.0,0.0,0.2,0.0,0.4,1.2,,0.0,0.0,0.0,0.7,1.8,3.2,0.0,0.1,14.6
11-01,0.8,1.8,3.4,0.0,2.8,0.4,0.2,0.0,0.0,0.6,0.0,1.0,0.6,0.0,0.0,0.1,3.4,0.8,1.8,0.0,1.7,0.0,0.0,0.0,2.8,0.6,0.7,0.0,0.0,0.4,0.8,0.0,0.0,0.6,0.0,0.0,0.0,0.0,0.0,0.2,0.0,0.4,1.2,,0.0,0.0,0.0,0.7,1.8,3.4,0.0,0.2,14.6
11-02,0.7,1.8,3.4,0.0,2.8,0.4,0.2,0.0,0.0,0.6,0.2,1.2,0.8,0.0,0.0,0.1,3.4,0.7,1.8,0.0,1.7,0.0,0.0,0.0,2.8,0.5,0.8,0.0,0.0,0.2,0.6,0.2,0.0,0.3,0.0,0.0,0.0,0.0,0.0,0.2,0.0,0.3,1.2,,0.0,0.0,0.0,0.7,1.8,3.4,0.0,0.2,14.6
11-03,0.8,1.8,3.4,0.0,2.8,0.4,0.2,0.0,0.0,0.6,0.3,1.4,1.6,0.0,0.3,0.1,3.4,0.7,1.8,0.0,1.8,0.0,0.0,0.0,2.8,0.4,0.8,0.0,0.2,0.2,0.4,0.2,0.0,0.4,0.2,0.0,0.0,0.0,0.0,0.2,0.0,0.2,1.2,,0.0,0.0,0.0,0.7,1.8,3.4,0.0,0.2,14.6
11-04,0.8,1.8,3.4,0.0,2.8,0.4,0.2,0.3,0.0,0.6,0.4,1.5,1.8,0.0,0.3,0.1,3.4,0.7,1.8,0.0,1.8,0.0,0.0,0.3,2.8,0.4,0.8,0.0,0.0,0.1,0.2,0.2,0.0,0.6,0.2,0.0,0.0,0.0,0.0,0.1,0.0,0.2,1.2,,0.0,0.0,0.0,0.7,1.8,3.4,0.1,0.2,14.6
11-05,0.8,1.8,3.4,0.0,2.8,0.4,0.0,0.4,0.1,0.6,0.4,1.5,2.0,0.0,0.3,0.1,3.4,0.7,1.8,0.0,1.8,0.0,0.0,0.3,2.8,0.4,0.8,0.0,0.3,0.1,0.1,0.2,0.0,0.8,0.1,0.0,0.0,1.0,0.0,0.1,0.0,0.2,1.2,,0.0,0.0,0.1,0.8,2.0,3.4,0.1,0.3,14.6
11-06,0.8,1.8,3.4,0.0,2.8,0.4,0.0,0.6,0.1,0.6,0.6,1.5,2.0,0.0,0.4,0.1,3.6,0.6,2.3,0.0,2.0,0.0,0.0,0.3,2.8,0.4,0.8,0.0,0.6,0.0,0.0,0.4,0.0,1.1,0.0,0.1,0.0,0.8,0.0,0.1,0.0,0.1,1.5,,0.0,0.0,0.0,0.8,2.3,3.6,0.2,0.4,14.6
11-07,0.8,1.6,3.6,0.0,2.8,1.0,0.6,0.8,0.1,0.6,0.6,1.2,2.0,0.0,0.4,0.1,3.6,0.3,2.3,0.0,2.1,0.0,0.0,0.3,2.8,0.3,0.8,0.0,0.6,0.0,0.0,0.5,0.0,1.1,0.0,0.1,0.0,0.7,0.0,0.0,0.0,0.1,1.5,,0.0,0.0,0.0,0.8,2.3,3.6,0.2,0.4,14.6
11-08,0.8,1.6,3.8,0.2,2.8,1.0,0.9,1.0,0.2,0.6,0.6,0.9,2.0,0.0,0.4,0.1,3.6,0.1,2.4,0.0,2.1,0.0,0.0,0.4,2.8,0.3,0.6,0.0,0.6,0.0,0.0,0.8,0.0,1.1,0.0,0.0,0.0,0.7,0.0,0.0,0.2,0.0,1.5,,0.0,0.0,0.0,0.9,2.3,3.8,0.2,0.4,14.6
11-09,0.8,1.5,3.9,0.7,4.0,0.8,0.8,1.4,0.6,0.6,0.8,0.9,2.0,0.0,0.5,0.1,3.6,0.2,2.8,0.0,2.4,0.0,0.7,0.4,3.6,0.2,0.4,0.0,0.7,0.0,0.3,0.7,0.0,1.1,0.0,0.0,0.0,0.7,0.0,0.0,0.3,0.0,1.6,,0.0,0.0,0.1,0.8,2.7,4.0,0.2,0.6,14.6
11-10,0.8,1.5,4.2,0.9,4.2,0.8,0.8,1.4,0.8,0.6,0.8,0.9,2.0,0.0,0.5,0.6,3.6,0.2,2.9,0.0,2.7,0.0,2.0,0.4,3.9,0.2,0.4,0.0,0.7,0.0,0.3,0.6,0.2,1.1,0.0,0.0,0.0,0.7,0.0,0.0,0.6,0.6,2.1,,0.0,0.0,0.3,0.9,2.9,4.2,0.4,0.6,14.6
11-11,0.8,1.4,4.6,0.9,4.2,1.6,0.8,1.4,0.8,0.6,0.8,0.9,2.0,0.0,0.5,0.7,3.6,0.5,3.0,0.0,2.7,0.0,2.2,0.9,3.9,0.2,0.4,0.0,0.8,0.0,0.8,0.6,0.4,1.0,0.0,0.6,0.0,0.7,0.0,0.0,0.4,0.6,2.1,,0.0,0.0,0.5,1.0,2.9,4.6,0.5,0.8,14.6
11-12,0.8,1.4,4.7,1.0,4.2,2.0,0.7,1.4,1.1,0.6,0.9,0.9,2.0,0.2,1.0,0.7,3.6,1.1,3.0,0.0,2.7,0.0,2.7,0.9,4.2,0.4,0.6,0.0,0.8,0.0,0.7,0.7,0.6,1.0,0.0,0.7,0.0,0.7,0.2,0.0,0.4,0.6,2.1,,0.0,0.0,0.6,1.1,3.0,4.7,0.6,0.8,14.6
11-13,1.0,1.4,4.7,1.2,4.2,2.6,0.6,1.4,1.1,0.4,0.9,0.9,2.1,0.4,1.4,0.7,3.6,1.1,3.0,0.0,2.7,0.0,2.7,1.0,4.3,0.4,0.8,0.0,1.0,0.1,0.6,0.6,0.6,0.8,0.0,0.7,0.0,0.7,0.2,0.0,0.4,0.4,2.1,,0.0,0.0,0.5,1.3,3.0,4.7,0.7,0.8,14.6
11-14,1.0,1.4,4.7,1.7,4.9,2.6,0.4,1.4,1.2,0.4,0.9,0.9,2.2,0.4,2.0,0.6,3.6,1.1,3.1,0.0,2.7,0.0,2.7,1.2,4.4,0.4,1.2,0.0,0.9,0.2,0.6,0.8,0.6,0.7,0.4,0.7,0.0,0.7,0.2,0.0,0.5,0.4,2.2,,0.0,0.1,0.5,1.4,3.0,4.9,0.8,0.9,14.6
11-15,1.0,1.4,4.7,2.0,5.1,2.6,0.5,2.0,1.2,0.4,0.9,0.9,2.2,0.4,2.0,0.6,3.6,1.1,3.1,0.0,3.0,0.0,2.7,1.3,4.4,0.6,1.6,0.0,0.9,0.8,1.0,0.8,0.6,0.7,0.4,0.7,0.0,0.6,0.2,0.0,0.8,0.4,2.2,,0.0,0.1,0.6,1.8,3.1,5.1,0.9,0.9,14.6
11-16,1.0,1.4,4.7,2.1,5.1,2.6,0.5,2.3,1.4,0.3,0.9,1.0,2.2,0.4,2.1,0.6,3.6,1.1,3.2,0.0,3.0,0.0,2.7,1.4,4.4,0.6,1.6,0.0,0.8,0.8,2.1,0.7,0.6,0.8,0.9,0.8,0.0,0.6,0.2,0.0,0.8,0.2,2.2,,0.0,0.1,0.6,2.1,3.1,5.1,0.9,0.9,14.6
11-17,1.5,1.5,5.0,2.2,5.1,2.6,0.3,2.4,1.6,0.3,0.9,1.0,2.2,0.4,3.2,0.6,3.6,1.2,3.2,0.0,3.0,0.1,2.7,1.4,4.4,0.6,1.6,0.0,0.7,0.8,2.3,0.6,0.8,1.1,0.9,1.4,0.0,0.6,0.1,0.0,0.6,0.1,2.2,,0.0,0.1,0.6,2.2,3.2,5.1,1.1,1.1,14.6
11-18,1.5,2.0,5.1,3.0,5.1,3.2,0.2,2.5,2.2,0.3,0.9,1.4,2.2,0.4,3.6,0.6,4.4,1.3,3.2,0.0,3.0,0.1,2.7,2.0,4.4,0.6,1.6,0.0,0.5,0.8,2.3,0.6,0.8,1.1,0.9,1.6,0.2,1.0,0.0,0.0,0.6,0.0,2.2,,0.0,0.0,0.6,2.2,3.5,5.1,1.1,1.3,14.6
11-19,1.7,2.2,5.2,3.6,5.1,3.6,0.3,2.6,2.2,0.3,0.9,2.1,2.2,0.4,4.0,0.6,4.4,1.3,3.1,0.0,3.2,0.1,2.7,2.0,4.4,0.6,1.6,0.0,0.4,0.8,2.3,0.8,0.8,1.1,0.9,1.6,0.3,1.0,0.0,0.0,0.6,0.0,2.2,,0.0,0.0,0.6,2.2,3.9,5.2,1.1,1.3,14.6
11-20,1.9,2.2,5.6,4.0,5.1,3.6,0.4,2.6,2.2,0.3,0.9,2.2,2.4,0.4,4.2,0.4,4.4,1.4,3.0,0.0,3.2,0.2,2.7,2.0,4.4,0.6,1.6,0.0,0.4,0.8,2.3,1.2,0.8,1.2,0.9,1.6,0.3,1.0,0.0,0.0,0.6,0.0,2.2,,0.0,0.0,0.6,2.2,4.1,5.6,1.1,1.4,14.6
11-21,2.0,2.2,5.6,4.6,5.1,4.0,0.2,2.6,2.2,0.3,1.5,2.2,2.8,0.4,4.3,0.4,4.4,1.6,3.0,0.0,3.2,0.2,2.7,2.0,4.4,0.6,1.5,0.0,0.4,0.8,2.4,1.2,0.8,1.5,0.9,1.7,0.2,1.0,0.0,1.0,0.6,0.3,2.2,,0.0,0.2,0.7,2.3,4.3,5.6,1.3,1.5,14.6
11-22,2.0,2.3,5.6,5.4,5.1,4.0,0.3,2.6,2.2,0.3,1.6,2.4,2.8,0.6,4.4,0.4,4.8,1.6,3.0,0.2,3.2,0.2,2.7,2.2,4.4,0.5,1.5,0.0,0.4,0.8,2.8,1.4,0.8,2.2,0.9,1.7,0.6,0.8,0.0,1.0,2.0,0.3,2.2,,0.0,0.3,0.8,2.5,4.4,5.6,1.3,1.7,14.6
11-23,2.3,2.3,5.7,5.6,5.1,4.2,0.5,2.6,2.2,0.3,1.6,2.5,3.6,1.2,4.4,0.4,5.0,1.6,3.0,0.4,3.2,1.2,2.7,2.2,4.4,0.4,1.5,0.1,0.4,1.0,2.8,1.4,0.8,2.2,2.1,1.7,0.8,0.6,0.4,1.0,0.6,0.3,2.2,,0.1,0.4,0.9,2.5,4.4,5.7,1.6,1.7,14.6
11-24,2.3,2.3,5.7,5.7,5.1,4.2,0.6,2.6,2.2,0.3,1.6,2.8,3.9,1.2,4.4,0.2,5.4,1.6,3.0,0.4,3.2,1.4,2.7,2.2,4.4,0.4,1.5,0.1,0.4,1.0,3.4,1.4,0.8,2.6,2.4,1.7,1.2,0.4,0.4,1.0,0.6,0.3,2.2,,0.1,0.4,1.0,2.7,4.4,5.7,1.6,1.7,14.6
11-25,2.4,2.7,6.3,6.0,5.4,5.1,0.6,2.6,2.6,0.6,1.6,2.9,3.9,1.2,4.4,0.2,5.4,1.6,3.0,0.4,3.2,1.6,2.9,2.2,4.4,0.4,1.4,0.1,0.4,1.0,3.4,1.4,0.8,2.8,2.6,1.6,1.2,0.2,1.5,1.0,0.6,0.2,2.2,,0.1,0.4,1.1,2.8,5.0,6.3,1.7,1.6,14.6
11-26,2.8,2.8,6.4,6.6,5.9,5.6,0.6,2.6,2.6,0.6,1.6,2.9,3.9,1.2,4.4,0.3,5.4,1.6,3.0,0.4,3.2,2.3,2.9,2.6,4.6,0.4,1.4,0.1,0.4,1.0,3.4,1.3,0.8,2.8,2.6,1.6,1.2,0.0,1.4,1.6,0.6,0.2,2.2,,0.0,0.4,1.2,2.8,5.3,6.6,1.7,2.2,14.6
11-27,3.1,2.8,6.4,6.6,6.0,5.6,0.6,2.6,2.8,2.3,1.6,2.9,3.9,1.4,4.9,1.0,5.4,2.1,3.0,0.4,3.2,2.4,2.9,2.8,4.8,1.2,1.4,0.1,0.6,1.0,3.4,1.2,0.8,2.8,2.5,1.6,1.2,0.0,1.8,1.6,0.6,0.1,2.2,,0.0,0.6,1.3,2.9,5.3,6.6,1.9,2.3,14.6
11-28,3.1,2.8,6.4,6.6,6.2,5.6,0.6,2.6,2.8,2.4,1.6,2.9,3.9,1.4,5.1,1.0,5.4,2.2,3.0,0.4,3.2,2.4,2.9,2.8,5.6,1.2,2.7,0.2,0.6,1.0,3.6,1.2,0.7,2.8,2.4,1.7,1.8,0.0,1.9,1.9,0.6,0.0,2.2,,0.0,0.6,1.5,2.9,5.5,6.6,2.1,2.4,14.6
11-29,3.1,2.8,6.4,6.9,6.8,6.4,0.6,2.6,3.0,2.4,1.6,3.4,3.9,1.4,5.2,1.0,5.4,2.2,3.0,0.4,3.2,2.6,2.9,2.8,5.8,1.2,3.2,0.2,0.6,1.0,3.8,1.2,0.7,2.8,2.3,1.7,2.6,0.0,2.0,2.6,0.6,0.0,2.6,,0.0,0.6,1.5,3.1,5.7,6.9,2.2,2.6,14.6
11-30,3.1,2.9,6.6,6.9,7.0,7.0,1.4,2.6,3.0,2.4,1.6,3.4,3.9,1.4,5.2,1.0,5.8,2.2,3.0,0.4,3.2,3.0,2.9,2.8,5.8,1.4,3.2,0.2,0.6,1.0,3.8,1.2,0.7,2.8,2.2,1.6,2.8,0.0,2.7,3.4,0.6,0.0,3.2,,0.0,0.6,1.5,3.2,5.8,7.0,2.3,2.8,14.6
12-01,3.1,3.0,7.0,6.9,7.1,7.4,1.4,2.6,3.1,2.4,1.5,3.4,3.9,1.5,5.2,1.0,5.8,2.2,3.0,0.4,3.2,3.1,2.9,2.8,5.8,1.8,3.2,0.8,0.6,1.0,3.8,1.3,0.8,2.8,2.1,1.6,2.8,0.0,3.8,3.4,0.6,0.0,3.2,,0.0,0.6,1.5,3.2,5.8,7.4,2.4,2.8,14.6
12-02,3.1,3.0,8.2,7.0,7.2,7.6,1.4,2.6,3.0,2.4,1.5,3.4,3.9,1.5,5.2,1.0,6.2,2.3,3.0,0.5,3.2,3.2,2.9,2.8,5.8,2.0,3.2,1.8,0.5,1.0,4.0,1.5,0.8,2.8,2.1,1.6,2.8,0.0,4.0,3.4,0.6,0.0,3.3,,0.0,0.6,1.7,3.3,6.2,8.2,2.4,2.8,14.6
12-03,3.1,3.0,8.3,7.0,7.2,7.8,1.3,2.6,3.2,2.4,1.5,3.4,3.9,1.6,5.2,1.0,6.2,2.4,3.0,0.9,3.2,3.3,2.9,2.8,5.8,3.2,3.2,1.8,0.5,1.0,4.0,1.6,1.2,2.8,2.2,1.6,2.8,0.0,4.2,3.4,0.6,0.0,3.6,,0.0,0.9,1.7,3.4,6.2,8.3,2.6,2.9,14.6
12-04,3.1,3.0,8.3,7.6,7.2,7.8,1.3,2.6,3.2,2.4,1.4,3.6,3.9,1.6,5.6,1.0,6.3,2.4,3.0,1.0,3.2,3.4,2.9,2.8,5.8,3.4,3.2,1.8,0.5,1.0,4.0,1.6,1.2,3.0,2.2,1.6,2.8,0.2,4.3,3.4,0.6,0.0,4.2,,0.0,1.0,1.7,3.4,6.2,8.3,2.7,3.0,14.6
12-05,3.1,3.0,8.4,8.2,7.2,8.0,1.3,2.6,3.2,2.4,1.4,3.6,3.9,1.6,5.6,1.6,6.4,2.5,3.2,1.0,3.2,3.4,2.9,2.8,5.8,4.0,3.2,1.8,0.5,1.0,4.0,1.8,1.2,3.0,2.2,1.6,2.8,0.2,4.3,3.8,0.6,0.0,4.2,,0.0,1.0,1.8,3.7,6.3,8.4,2.8,3.0,14.6
12-06,3.1,3.1,8.4,8.2,7.2,8.0,1.3,2.6,3.2,2.4,1.4,3.6,3.9,1.6,5.8,1.8,7.0,2.5,3.2,1.4,3.2,3.6,2.9,2.8,5.8,4.2,3.2,1.8,0.5,1.0,4.0,1.8,1.2,3.0,2.2,1.6,2.8,0.2,4.3,3.9,0.6,0.0,4.4,,0.0,1.1,1.8,3.7,6.8,8.4,2.8,3.0,14.6
12-07,3.1,3.1,8.4,8.3,7.2,8.0,1.3,2.6,3.2,2.4,1.3,3.6,3.9,1.6,5.8,1.8,7.2,2.6,3.4,1.5,3.2,3.8,2.9,2.8,5.8,4.5,3.2,2.0,0.5,1.2,4.3,1.9,1.4,3.0,2.2,1.6,2.8,0.2,4.3,3.9,0.6,0.0,4.4,,0.0,1.2,1.9,3.9,6.9,8.4,2.8,3.0,14.6
12-08,3.1,3.2,8.4,8.4,7.2,8.1,1.3,3.2,3.3,2.4,1.3,3.6,4.0,1.6,6.0,2.2,7.2,2.8,3.4,1.8,3.2,4.0,2.9,3.6,6.1,4.5,3.2,3.4,0.5,1.6,4.4,1.9,1.4,3.9,2.2,1.5,2.8,0.2,4.3,4.1,0.6,0.0,4.6,,0.0,1.3,2.2,4.0,6.9,8.4,3.1,3.2,14.6
12-09,3.1,3.2,8.4,8.4,7.3,8.1,1.5,3.4,3.3,2.4,1.3,4.1,4.0,1.6,6.0,2.2,7.2,3.3,3.4,1.8,3.4,4.1,2.9,3.6,6.4,4.6,3.2,3.6,0.9,1.7,4.4,1.9,1.5,3.9,2.2,1.5,3.4,0.2,4.3,4.6,0.6,0.1,4.8,,0.1,1.3,2.2,4.1,7.1,8.4,3.2,3.4,14.6
12-10,3.1,3.2,8.7,8.4,7.3,8.1,1.5,3.4,3.4,2.6,1.2,4.1,4.0,1.6,6.0,2.2,7.4,3.4,3.4,2.0,3.5,4.1,2.9,3.6,6.6,4.6,3.2,3.6,0.9,1.5,4.4,1.9,1.7,3.9,2.2,1.5,3.4,0.2,4.3,4.6,0.6,0.8,4.8,,0.2,1.3,2.2,4.1,7.2,8.7,3.3,3.4,14.6
12-11,3.1,3.4,8.8,8.6,7.4,8.1,1.5,3.6,3.4,2.8,1.2,4.1,4.1,1.6,6.1,2.2,7.7,3.6,3.4,2.0,3.6,4.1,2.9,3.8,6.6,4.6,3.8,3.6,0.9,1.4,4.6,1.9,1.9,3.9,2.2,1.6,3.7,0.1,4.3,4.6,0.6,0.8,4.8,,0.1,1.3,2.2,4.1,7.3,8.8,3.4,3.6,14.6
12-12,3.1,3.4,8.8,8.8,8.4,8.1,1.5,3.6,3.4,2.8,1.2,4.1,4.2,1.6,6.1,2.3,8.1,3.6,3.5,2.1,3.6,4.1,2.9,3.8,6.6,4.6,3.9,3.6,0.9,1.4,4.6,1.9,1.9,3.9,2.2,1.8,4.2,0.0,4.3,4.6,0.6,1.0,5.2,,0.0,1.3,2.3,4.2,7.8,8.8,3.4,3.6,14.6
12-13,3.1,3.4,8.8,8.8,9.4,8.1,1.5,3.7,3.4,2.8,1.5,4.1,4.4,2.1,6.2,2.6,8.1,3.6,3.5,2.2,3.8,4.1,2.9,3.8,6.6,4.6,3.8,3.6,1.0,1.8,4.6,2.0,1.9,3.9,2.2,1.8,4.2,0.0,4.6,4.8,1.2,1.0,5.2,,0.0,1.5,2.4,4.3,7.8,9.4,3.4,3.6,14.6
12-14,3.1,3.4,9.3,9.2,9.4,8.1,1.5,3.7,3.4,2.8,2.2,4.1,4.4,2.1,6.8,2.6,8.2,3.6,3.5,2.5,3.7,4.1,2.9,4.0,6.6,4.6,4.0,3.6,1.2,2.8,4.4,2.0,1.9,3.9,2.7,1.8,4.2,0.0,4.7,5.1,1.2,1.0,5.4,,0.0,1.6,2.8,4.2,7.8,9.4,3.6,3.6,14.6
12-15,3.1,3.6,9.3,10.3,9.4,8.2,1.5,3.7,3.6,2.9,2.3,4.1,4.6,2.1,6.8,2.6,8.2,3.6,3.5,2.5,3.8,4.2,2.9,4.2,6.6,4.6,4.0,3.6,1.2,2.8,4.4,2.0,2.2,3.9,2.7,2.2,4.4,0.0,4.8,5.1,1.4,1.5,5.4,,0.0,1.6,2.8,4.4,8.0,10.3,3.6,3.6,14.6
12-16,3.1,3.6,9.3,10.5,9.6,8.2,1.5,3.7,3.6,3.0,2.4,4.1,4.6,2.1,7.0,2.6,8.4,3.6,3.6,2.5,4.0,4.4,2.9,4.4,6.6,4.6,4.0,3.6,1.6,2.8,4.6,2.0,2.4,3.9,2.7,2.6,4.6,0.0,4.8,5.2,1.4,1.5,5.6,,0.0,1.6,2.8,4.6,8.0,10.5,3.7,3.6,14.6
12-17,3.1,3.6,9.3,10.7,10.0,8.6,1.6,3.7,3.6,3.2,2.5,4.1,4.8,2.4,7.0,2.6,8.4,3.6,3.6,2.5,4.0,4.6,3.4,4.4,6.6,4.6,4.0,3.6,1.7,2.8,4.6,2.0,2.6,3.9,2.7,2.8,6.0,0.0,4.8,5.2,1.4,1.7,5.6,,0.0,1.8,2.8,4.6,8.1,10.7,3.8,3.6,14.6
12-18,3.1,3.7,9.3,10.7,10.0,8.6,1.6,3.7,3.6,3.2,2.6,4.1,5.4,2.4,7.0,2.6,8.4,3.6,3.6,2.5,4.0,4.6,4.3,4.4,6.6,4.6,4.2,3.6,1.8,2.8,4.8,2.0,2.7,3.9,2.8,2.8,6.0,0.0,4.8,5.3,2.3,1.8,5.6,,0.0,2.1,2.8,4.7,8.1,10.7,3.8,3.7,14.6
12-19,3.2,3.8,9.4,11.2,10.0,8.6,1.6,3.8,3.6,3.2,2.6,4.1,5.6,2.5,7.0,2.6,8.4,3.6,3.6,2.5,4.0,4.6,4.4,4.4,6.6,4.8,4.2,3.9,2.1,2.8,5.1,2.0,3.2,4.2,2.8,2.8,6.0,0.0,4.8,5.4,2.3,1.8,5.6,,0.0,2.1,3.1,4.8,8.1,11.2,3.9,3.9,14.6
12-20,3.4,3.9,9.4,11.7,10.3,8.6,2.0,3.8,3.8,3.2,2.6,4.1,5.6,2.6,7.0,2.6,8.4,3.6,3.8,2.5,4.0,4.6,4.4,4.4,6.6,5.1,4.4,4.0,2.3,2.8,5.7,2.0,3.3,4.2,2.8,2.8,6.2,0.1,4.8,5.4,2.3,1.8,5.6,,0.1,2.3,3.1,4.9,8.1,11.7,4.0,4.0,14.6
12-21,3.4,4.2,9.4,12.0,11.2,8.6,2.0,4.0,4.2,3.2,2.6,4.1,5.7,2.6,7.0,2.6,8.4,3.6,3.8,2.6,4.0,4.6,4.5,4.5,6.7,5.1,4.4,4.4,2.4,2.8,7.9,2.0,3.4,4.2,3.2,3.1,6.2,0.2,4.8,5.4,2.6,1.8,5.6,,0.2,2.4,3.2,4.9,8.3,12.0,4.0,4.2,14.6
12-22,3.8,4.9,9.4,12.2,11.4,8.6,2.0,4.0,4.4,3.2,2.6,4.1,5.7,2.6,7.0,2.6,8.4,3.7,3.8,2.9,4.0,4.9,4.5,4.7,6.8,5.1,4.4,4.6,2.5,2.8,8.6,2.2,3.4,4.3,5.6,3.7,6.2,0.4,4.9,5.4,2.6,1.8,5.4,,0.4,2.5,3.6,5.2,8.5,12.2,4.1,4.4,14.6
12-23,3.8,5.0,10.0,13.0,11.4,8.6,2.0,5.1,5.2,3.2,2.7,4.1,5.7,2.6,7.0,2.6,8.8,3.7,3.8,3.0,4.0,4.9,4.5,4.8,6.8,5.0,4.4,4.5,3.4,3.2,9.2,2.2,3.4,4.3,6.4,4.4,6.4,0.4,5.0,5.4,2.6,1.9,5.4,,0.4,2.6,3.6,5.3,8.7,13.0,4.3,4.5,14.6
12-24,3.8,5.0,10.6,13.7,11.4,8.6,2.0,5.4,5.8,3.2,2.8,4.1,5.7,2.6,7.2,2.6,8.8,3.7,3.8,3.0,4.0,4.9,4.5,4.8,6.8,5.0,4.5,4.5,3.4,3.2,9.3,2.2,3.5,4.3,6.4,4.6,6.5,0.4,5.2,5.4,2.5,2.9,5.4,,0.4,2.6,3.6,5.4,8.8,13.7,4.3,4.5,14.6
12-25,4.0,5.4,10.6,14.0,11.4,8.6,2.0,5.4,6.0,3.2,2.8,4.1,5.8,2.6,7.2,2.6,8.8,3.7,3.8,3.0,4.2,5.0,4.5,4.8,6.8,5.0,4.6,4.7,3.5,3.2,9.2,2.2,3.9,4.3,6.4,4.8,7.4,0.9,5.4,5.5,2.5,4.0,5.4,,0.9,2.6,3.9,5.5,8.8,14.0,4.6,4.7,14.6
12-26,4.0,5.6,10.6,14.2,11.4,8.6,2.0,5.4,6.4,3.4,2.8,4.1,5.8,2.6,7.2,2.6,9.0,3.7,3.8,3.0,4.2,4.9,4.5,5.8,6.8,5.0,4.6,4.8,4.3,3.2,9.2,2.2,4.1,4.2,6.9,4.8,7.8,0.9,5.6,5.8,2.6,4.0,5.4,,0.9,2.6,4.0,5.8,8.9,14.2,4.6,4.8,14.6
12-27,4.1,7.1,10.6,14.2,11.4,8.6,2.0,5.4,6.6,3.4,2.8,4.1,5.8,2.7,7.2,2.6,9.2,3.7,3.8,3.0,4.4,4.9,4.6,6.3,6.8,5.6,4.6,5.1,4.4,3.2,9.4,2.2,4.6,4.2,7.2,4.8,7.8,0.8,5.6,5.8,2.8,4.5,5.4,,0.8,2.7,4.1,6.0,9.1,14.2,4.8,4.8,14.6
12-28,4.2,7.6,10.7,15.0,11.6,8.6,2.0,5.4,6.6,3.4,2.8,4.1,5.8,2.7,7.2,2.6,9.3,3.8,3.8,3.0,4.4,5.2,4.6,6.4,6.4,5.7,4.8,5.1,4.0,3.2,9.4,2.2,4.9,4.2,7.2,4.8,7.8,0.8,5.8,5.9,2.8,5.0,6.2,,0.8,2.7,4.1,6.3,9.2,15.0,4.9,5.0,14.6
12-29,4.2,7.6,10.9,15.1,11.6,8.6,2.0,5.4,6.6,3.4,2.8,4.2,6.1,2.7,7.2,2.8,9.4,3.8,3.8,3.0,4.4,5.2,4.6,6.4,6.6,5.8,4.8,5.1,4.0,3.2,9.4,2.1,4.9,4.2,7.3,4.8,7.8,0.8,5.8,5.9,3.2,5.2,6.8,,0.8,2.8,4.1,6.5,9.2,15.1,4.9,5.1,14.6
12-30,4.2,8.0,10.9,15.3,12.0,9.0,2.0,5.6,6.8,3.4,2.8,4.2,6.4,2.7,7.2,2.8,9.6,3.8,3.8,3.0,4.4,5.2,4.8,6.9,7.1,5.9,4.8,5.3,4.0,3.4,10.4,2.1,4.9,4.2,7.4,4.8,7.8,0.8,5.8,6.0,3.2,5.4,6.9,,0.8,2.8,4.1,6.8,9.4,15.3,5.0,5.2,14.6
12-31,4.2,8.6,10.9,16.0,12.0,9.0,2.0,5.8,6.8,3.4,2.8,4.2,6.6,2.7,7.2,3.9,9.6,3.8,3.8,3.0,4.4,5.4,4.8,7.0,7.3,6.3,4.8,5.5,4.0,3.8,10.5,1.9,5.0,4.2,7.4,5.0,7.8,0.7,5.9,6.0,3.2,6.0,7.6,,0.7,2.8,4.1,6.9,9.5,16.0,5.1,5.4,14.6
01-01,4.6,9.7,10.9,16.0,12.0,9.0,2.0,5.8,6.9,3.4,2.8,4.3,6.7,2.7,7.2,4.9,9.6,3.8,4.2,3.0,4.4,5.4,5.2,7.0,7.8,7.1,4.8,5.5,4.2,3.9,10.5,1.8,5.0,4.2,7.4,5.0,7.8,0.6,5.9,6.1,3.2,6.6,8.8,,0.6,2.8,4.3,7.0,9.7,16.0,5.1,5.4,14.6
01-02,4.6,10.0,10.9,16.2,12.1,9.0,2.2,5.8,7.0,3.4,2.8,4.3,6.8,2.7,7.2,5.1,9.6,3.8,4.2,3.0,4.4,5.4,5.3,7.4,7.8,7.2,4.8,5.6,4.4,3.9,10.5,1.8,5.0,4.2,7.4,5.0,7.8,0.6,5.9,7.0,3.2,6.6,9.9,,0.6,2.8,4.3,7.2,9.9,16.2,5.1,5.4,14.6
01-03,4.6,10.3,10.9,16.2,12.2,9.0,2.4,5.8,7.0,3.4,2.8,4.3,7.1,2.8,7.2,5.5,9.7,3.8,4.2,3.2,4.4,5.4,5.4,8.0,7.8,7.8,4.8,5.6,4.8,3.9,10.5,1.8,5.0,4.2,7.4,5.1,8.0,0.6,5.9,7.1,3.2,6.6,9.9,,0.6,2.9,4.3,7.3,10.2,16.2,5.2,5.5,14.6
01-04,4.7,10.4,10.9,16.2,12.2,9.1,2.4,5.8,7.0,3.4,2.8,4.4,7.1,2.8,7.2,5.6,10.4,3.8,4.2,3.2,4.4,5.4,5.4,8.2,7.9,8.0,4.8,5.7,4.8,3.9,10.5,1.7,5.0,4.2,7.4,5.1,8.2,0.6,5.9,7.1,3.2,6.7,9.9,,0.6,2.9,4.4,7.3,10.4,16.2,5.3,5.6,14.6
01-05,4.7,11.8,10.9,16.2,12.2,9.1,2.4,6.1,7.2,3.4,2.9,4.4,7.1,2.8,7.4,5.6,10.8,4.0,4.2,3.6,4.4,5.6,5.4,8.0,8.4,8.0,5.0,5.8,4.8,3.9,10.5,1.6,5.0,4.1,7.4,5.2,9.2,0.5,5.9,7.1,3.2,6.7,9.9,,0.5,3.0,4.4,7.4,10.8,16.2,5.4,5.6,14.6
01-06,4.7,12.4,10.9,16.2,12.2,9.7,3.2,6.4,7.4,3.6,3.0,4.4,7.1,3.2,7.6,5.6,10.8,4.0,4.2,3.6,4.4,5.6,5.4,8.0,9.0,8.0,4.8,6.7,5.2,3.9,10.5,1.6,5.0,4.1,7.4,5.2,9.8,0.5,6.1,7.0,3.4,7.0,10.0,,0.5,3.2,4.4,7.5,10.8,16.2,5.4,5.6,14.6
01-07,4.7,12.5,10.9,16.2,12.2,9.7,3.2,6.4,7.9,3.6,3.0,5.0,7.2,3.6,7.8,5.6,10.8,4.0,4.2,3.6,4.4,5.6,5.4,8.0,9.2,8.0,4.9,7.3,5.4,4.0,10.5,1.6,5.0,4.1,7.4,5.4,9.8,0.8,6.6,7.0,3.4,7.0,10.4,,0.8,3.4,4.6,7.8,10.8,16.2,5.5,5.6,14.6
01-08,5.0,12.6,10.9,16.2,12.3,9.7,3.2,6.4,8.0,3.6,3.0,5.2,8.0,3.6,8.0,5.6,10.8,4.0,4.2,3.8,4.2,5.6,5.4,8.0,9.4,8.0,4.9,7.4,5.1,4.0,10.5,1.8,5.0,4.1,7.4,5.4,10.0,0.8,6.9,7.0,3.4,7.0,10.4,,0.8,3.4,4.6,8.0,10.8,16.2,5.5,5.6,14.6
01-09,5.0,12.6,10.9,16.2,12.6,9.9,3.2,6.6,8.0,3.6,3.0,5.2,8.3,3.8,8.0,5.6,10.8,4.0,4.2,4.2,4.2,5.6,5.4,8.0,9.6,8.0,4.9,7.8,5.2,4.0,10.5,1.8,5.0,4.2,7.4,5.6,10.8,1.0,6.9,7.2,3.4,7.2,10.4,,1.0,3.4,4.6,8.0,10.8,16.2,5.5,5.6,14.6
01-10,5.0,12.6,10.9,16.2,12.6,9.9,3.2,6.8,8.1,3.6,3.0,5.2,8.6,4.0,8.0,5.6,10.8,4.0,4.2,4.2,4.2,5.6,5.4,8.0,10.0,8.0,4.9,8.4,5.2,4.0,10.6,1.8,5.0,4.6,7.4,5.6,11.5,1.4,6.9,7.2,3.4,7.2,10.9,,1.4,3.4,4.8,8.1,10.9,16.2,5.6,5.6,14.6
01-11,5.5,12.6,11.0,16.2,12.7,9.9,3.2,6.8,8.2,3.6,3.0,5.2,9.2,4.0,8.2,5.7,11.0,4.1,4.2,4.4,4.4,5.6,5.6,8.0,10.4,8.0,4.9,8.4,5.2,4.0,10.6,1.8,5.4,4.6,7.5,5.6,11.6,2.3,6.9,7.1,3.4,7.2,11.4,,1.8,3.4,4.8,8.2,11.4,16.2,5.6,5.7,14.6
01-12,5.6,12.6,11.0,16.3,12.8,9.9,3.2,7.2,8.6,3.6,3.0,5.2,9.8,4.0,9.4,5.7,11.6,4.4,4.2,4.4,4.8,5.6,5.6,8.0,11.0,8.2,4.9,8.4,5.2,4.0,10.6,1.8,5.4,4.7,7.6,5.6,12.4,2.3,6.9,7.4,3.4,7.2,11.9,,1.8,3.4,4.8,8.5,11.8,16.3,5.6,5.7,14.6
01-13,6.0,12.6,11.0,16.3,12.8,9.9,3.2,7.2,8.6,3.7,3.1,5.2,9.8,4.0,9.4,5.7,12.1,5.4,4.2,4.4,5.0,5.6,5.6,8.0,11.0,8.3,5.0,8.4,5.2,4.0,10.6,1.8,5.4,5.0,7.8,5.6,12.8,2.3,6.9,7.5,3.4,7.2,12.0,,1.8,3.5,5.1,8.5,12.1,16.3,5.6,6.0,14.6
01-14,6.4,12.6,11.0,16.3,12.8,9.9,3.2,7.3,8.6,3.8,3.3,5.0,10.1,4.0,9.6,5.7,12.8,5.7,4.2,4.4,5.0,5.6,5.6,8.0,11.0,8.3,5.0,8.4,5.2,4.0,10.6,1.8,5.4,4.4,7.9,5.6,12.8,2.3,6.9,7.6,3.4,7.2,12.2,,1.8,3.5,5.0,8.5,12.5,16.3,5.6,6.4,14.6
01-15,6.8,12.6,11.0,16.4,12.8,9.9,3.2,7.3,8.6,3.8,3.4,5.3,10.4,4.0,9.6,5.7,12.8,5.7,4.2,4.4,5.0,5.6,5.6,8.0,11.0,8.3,5.0,8.4,5.2,4.0,10.6,1.8,5.4,4.4,7.9,5.6,12.8,2.3,7.0,7.6,3.4,7.2,12.4,,1.8,3.5,5.1,8.5,12.6,16.4,5.6,6.8,14.6
01-16,6.8,12.6,11.0,16.6,12.8,10.0,3.4,7.5,8.6,3.8,4.2,5.3,10.6,4.0,9.8,5.8,12.8,6.6,4.2,4.4,5.2,5.6,5.6,8.0,11.0,8.6,5.0,8.4,5.2,4.0,10.7,1.8,5.4,4.4,7.9,5.8,12.8,2.3,7.2,7.6,3.4,7.2,13.2,,1.8,3.9,5.2,8.6,12.7,16.6,5.8,6.8,14.6
01-17,6.8,12.6,11.2,16.8,12.8,10.0,3.6,7.8,8.6,4.0,4.3,5.4,10.6,4.0,10.2,6.2,12.8,7.0,4.2,4.4,5.2,5.6,5.6,8.0,11.0,8.6,5.0,8.4,5.2,4.0,10.9,1.9,5.4,4.4,7.9,5.9,12.8,2.3,7.4,7.6,3.4,7.2,13.6,,1.9,4.0,5.2,8.6,12.7,16.8,6.0,7.0,14.6
01-18,7.4,12.6,11.2,16.8,12.8,10.0,3.7,8.2,8.6,4.1,4.4,5.4,10.9,4.0,10.2,6.6,12.8,7.0,4.4,4.7,5.2,5.6,5.6,8.0,11.0,8.6,5.0,8.3,5.2,4.0,11.1,2.0,5.4,4.4,7.9,5.9,12.8,2.3,8.0,7.8,3.4,7.2,13.6,,2.0,4.0,5.2,8.6,12.7,16.8,6.1,7.2,14.6
01-19,8.8,12.6,11.2,16.8,12.8,10.0,3.8,8.2,8.6,4.1,4.4,5.4,11.2,4.0,10.2,6.7,12.8,7.0,4.5,4.9,5.2,5.6,5.6,8.0,11.0,9.1,5.0,8.2,5.2,4.4,11.1,2.0,5.4,4.4,7.9,6.0,12.8,2.3,8.2,7.8,3.4,7.2,13.6,,2.0,4.0,5.2,8.9,12.7,16.8,6.2,7.2,14.6
01-20,8.8,12.6,11.2,16.8,12.8,10.0,3.8,8.4,8.6,4.2,4.7,5.4,11.2,4.0,10.2,7.2,12.8,7.8,4.6,5.1,5.2,5.6,5.6,8.0,11.0,9.6,5.0,8.2,5.2,4.6,11.4,2.0,5.4,4.4,7.9,6.1,12.9,2.3,8.3,8.0,3.4,7.2,13.6,,2.0,4.0,5.2,9.1,12.7,16.8,6.2,7.8,14.6
01-21,7.9,13.2,11.4,16.8,12.9,10.4,3.9,8.4,8.6,4.2,4.7,5.4,11.6,4.0,10.2,7.2,13.2,7.8,5.2,5.1,5.2,5.7,5.6,8.0,11.0,9.6,5.0,8.2,5.2,5.2,11.4,2.0,5.4,4.3,7.9,6.2,13.2,2.6,8.3,8.2,3.4,7.2,13.6,,2.0,4.0,5.2,9.0,13.1,16.8,6.4,7.8,14.6
01-22,7.9,13.2,11.9,16.8,13.4,10.4,4.0,8.4,8.6,4.4,4.7,5.4,11.6,4.0,10.2,7.6,13.6,7.8,5.8,5.4,5.2,5.8,5.6,8.0,11.0,9.6,5.1,8.6,5.2,5.8,11.4,3.2,5.4,4.3,7.9,6.2,13.4,2.8,8.8,8.5,3.4,7.2,13.6,,2.8,4.0,5.4,9.1,13.3,16.8,6.4,7.8,14.6
01-23,8.4,13.4,12.3,17.2,13.5,10.4,4.0,8.4,8.6,4.4,4.7,5.4,11.6,4.0,10.2,7.7,13.7,7.8,5.8,5.4,5.2,5.8,5.6,8.0,11.0,9.6,5.2,8.6,5.8,6.0,11.4,3.2,5.4,4.3,7.9,6.2,13.6,3.0,8.8,8.5,3.7,7.2,13.8,,3.0,4.1,5.5,9.1,13.5,17.2,6.4,7.8,14.6
01-24,8.4,13.4,12.3,17.2,13.5,10.6,4.0,8.4,8.6,4.4,4.8,5.4,11.6,4.0,10.2,7.9,14.2,7.8,5.8,5.4,5.2,5.8,5.6,8.0,10.9,9.6,5.2,8.7,6.3,6.1,11.4,3.8,5.4,4.2,7.9,6.5,14.4,3.0,8.9,8.5,3.8,7.2,13.8,,3.0,4.1,5.5,9.2,13.5,17.2,6.4,7.9,14.6
01-25,8.8,13.6,12.8,17.2,13.5,10.6,4.2,8.4,8.8,4.4,4.8,5.4,11.8,4.0,10.2,8.1,14.3,7.8,5.9,5.6,5.5,5.8,5.6,8.2,10.9,9.6,5.2,9.0,6.6,6.1,11.4,3.8,5.6,4.2,7.9,7.2,14.4,3.0,9.0,8.6,3.8,7.2,13.8,,3.0,4.2,5.6,9.2,13.6,17.2,6.8,7.9,14.6
01-26,8.8,13.6,12.8,17.2,13.5,10.6,4.2,8.4,8.8,4.4,4.8,5.4,11.8,4.2,10.5,8.6,15.2,7.8,5.9,6.1,5.6,5.8,5.6,8.4,10.8,9.9,5.2,9.0,7.4,6.4,11.4,3.8,5.6,4.2,7.9,7.2,14.5,3.3,9.0,8.6,4.0,7.2,13.8,,3.3,4.2,5.7,9.4,13.6,17.2,7.2,7.9,14.6
01-27,9.0,13.8,12.8,17.2,13.6,10.6,4.2,8.4,8.8,4.6,4.8,5.4,11.8,4.4,11.0,8.6,15.2,7.8,6.2,6.4,5.8,5.8,5.6,8.4,11.0,9.8,5.2,9.0,7.8,6.4,11.4,4.6,5.8,4.2,7.9,7.2,14.5,3.3,9.0,9.0,4.0,7.2,14.0,,3.3,4.4,5.8,9.3,13.8,17.2,7.3,7.9,14.6
01-28,9.5,13.8,13.4,17.2,13.6,10.6,4.2,8.4,8.8,4.7,4.8,5.4,11.8,4.8,11.0,9.0,15.4,7.8,6.2,6.4,6.2,5.8,5.6,8.5,11.1,10.0,5.2,9.2,7.8,6.6,11.4,4.6,6.4,4.2,7.9,7.2,14.6,3.4,9.0,9.4,4.2,7.2,14.0,,3.4,4.6,6.2,9.7,13.8,17.2,7.4,7.9,14.6
01-29,10.6,13.8,14.0,17.2,13.9,10.6,4.4,8.4,8.8,4.7,4.9,5.4,11.8,4.8,11.0,9.2,15.6,7.8,6.2,6.4,6.3,6.4,5.7,8.5,11.3,10.2,5.2,9.4,7.8,6.6,11.4,4.6,6.4,4.2,7.9,7.2,14.6,3.4,9.0,9.4,4.2,7.2,14.0,,3.4,4.6,6.3,10.4,13.9,17.2,7.4,7.9,14.6
01-30,11.0,13.8,14.2,17.4,14.2,10.6,4.4,8.8,8.8,4.8,4.9,5.4,12.0,4.9,11.0,9.6,15.6,7.8,6.2,6.4,6.3,6.4,5.7,8.5,11.3,10.4,5.2,9.6,7.8,6.6,11.4,4.6,6.6,4.8,8.0,7.2,14.6,3.4,9.0,9.4,4.4,7.2,14.1,,3.4,4.8,6.3,10.5,14.2,17.4,7.4,8.0,14.6
01-31,11.5,14.0,14.6,17.4,14.4,10.7,4.4,8.8,8.8,5.0,4.9,5.4,12.2,4.9,11.2,10.2,15.6,7.9,6.2,6.4,6.6,6.4,5.7,8.8,11.4,10.4,5.2,10.2,7.8,6.6,11.4,4.6,6.8,5.4,8.2,7.8,14.6,3.2,9.0,9.6,4.4,7.2,14.1,,3.2,4.9,6.4,10.5,14.3,17.4,7.6,8.2,14.6
02-01,11.7,14.0,14.8,17.4,14.4,10.8,4.4,9.0,8.8,5.2,4.9,5.4,12.2,4.9,11.4,10.6,15.6,7.9,6.4,6.7,6.6,6.6,5.7,8.8,11.4,10.8,5.4,10.5,7.8,6.6,11.6,4.6,6.8,5.4,8.2,8.2,14.0,3.1,9.0,9.6,4.4,7.2,14.1,,3.1,4.9,6.6,10.8,14.1,17.4,7.7,8.2,14.6
02-02,11.7,14.2,15.0,17.4,14.4,11.0,4.4,9.1,8.8,5.6,4.8,5.4,12.7,4.9,11.4,10.6,15.8,8.0,6.5,6.8,6.6,6.7,5.7,8.8,11.4,11.0,5.2,10.8,7.8,6.6,11.7,4.6,6.8,5.4,8.2,8.0,14.0,2.8,9.0,9.6,4.5,7.2,14.1,,2.8,4.9,6.6,11.0,14.1,17.4,7.6,8.2,14.6
02-03,11.7,14.6,15.0,17.5,14.4,11.7,4.5,9.2,9.0,5.6,4.8,5.4,12.7,4.9,11.4,10.6,15.8,8.4,6.5,6.8,6.6,6.7,6.4,9.0,11.4,12.0,5.2,10.9,7.8,6.6,11.7,4.6,6.8,5.4,8.2,7.8,14.0,2.8,9.2,9.6,4.5,7.2,14.1,,2.8,4.9,6.6,11.4,14.3,17.5,7.7,8.4,14.6
02-04,11.7,14.6,15.0,17.5,14.4,11.8,4.5,9.2,9.4,5.7,4.8,5.4,12.7,4.9,11.4,10.8,15.8,8.4,6.5,6.8,6.6,6.8,6.6,9.4,11.4,11.9,5.2,12.0,7.8,6.6,11.7,4.6,6.8,5.6,8.2,7.8,14.0,2.8,9.4,9.6,4.6,7.2,14.1,,2.8,4.9,6.6,11.5,14.4,17.5,7.7,8.4,14.6
02-05,11.7,14.6,15.1,17.5,14.4,11.8,4.5,9.2,9.8,5.7,4.8,5.4,12.7,4.9,11.4,11.2,15.8,8.4,6.8,6.8,6.6,6.8,6.6,9.6,11.4,11.8,5.2,12.0,7.8,6.6,11.7,4.6,6.8,5.8,8.1,8.0,14.0,2.8,9.4,9.6,4.6,7.2,14.1,,2.8,4.9,6.7,11.5,14.4,17.5,7.7,8.4,14.6
02-06,12.0,14.6,15.2,17.6,14.5,12.2,4.5,9.2,9.9,5.7,4.8,5.4,12.9,4.9,11.4,11.4,15.9,8.6,7.0,6.8,6.6,6.8,6.6,9.8,11.4,11.8,5.2,12.0,7.8,6.7,11.7,4.6,6.8,5.8,8.1,8.0,14.0,3.0,10.0,9.7,4.8,7.2,14.4,,3.0,4.9,6.7,11.5,14.5,17.6,7.7,8.6,14.6
02-07,12.4,14.6,15.6,17.6,14.6,12.3,4.5,9.2,9.9,6.1,4.8,5.4,13.0,4.9,11.4,11.4,15.9,8.8,7.0,6.8,6.6,6.8,6.6,9.8,11.6,11.8,5.2,12.4,7.8,6.9,11.7,4.7,6.8,6.0,8.1,8.0,14.0,3.0,10.1,10.2,4.8,7.2,14.4,,3.0,4.9,6.8,11.6,14.6,17.6,7.8,8.8,14.6
02-08,12.4,14.6,15.8,17.7,14.6,12.3,4.5,9.2,9.9,6.3,4.8,5.4,13.2,5.2,11.4,11.4,15.9,8.9,7.0,6.8,6.6,6.8,6.6,10.0,12.2,11.8,5.2,11.7,7.9,7.0,12.1,4.7,6.8,6.2,8.0,8.0,14.3,3.0,10.1,10.2,4.8,7.2,14.4,,3.0,4.9,6.8,11.7,14.6,17.7,7.8,8.9,14.6
02-09,12.4,15.0,16.2,17.7,14.8,12.3,4.6,9.2,9.9,6.5,4.8,5.4,13.4,6.2,11.4,11.4,15.9,9.4,7.0,6.8,6.6,6.8,6.8,10.0,12.2,11.8,5.2,11.5,8.3,7.0,12.1,5.0,7.2,6.9,8.0,8.0,14.3,2.9,10.1,10.2,4.8,7.2,14.4,,2.9,5.1,6.9,11.6,14.7,17.7,7.9,9.2,14.6
02-10,12.4,15.3,16.6,17.7,14.8,12.4,4.6,9.5,10.0,6.5,4.8,5.4,13.7,6.3,11.4,11.4,16.0,9.4,7.0,6.8,6.6,6.8,6.0,10.0,12.2,11.8,5.2,11.5,8.4,7.0,12.1,5.2,7.5,7.8,8.0,8.0,14.2,2.9,10.2,10.2,4.8,7.2,14.4,,2.9,5.2,6.9,11.6,14.8,17.7,8.1,9.4,14.6
02-11,12.4,15.3,16.6,18.0,14.8,12.4,4.6,9.6,10.2,6.5,4.8,5.4,13.7,6.4,11.4,11.4,16.0,9.4,7.6,7.5,6.9,6.8,6.4,10.0,12.2,11.7,5.5,11.5,8.5,7.0,12.1,5.2,7.5,8.6,8.0,8.0,14.7,3.3,10.4,10.2,4.8,7.2,14.4,,3.3,5.2,7.1,11.6,14.8,18.0,8.3,9.4,14.6
02-12,12.4,15.9,16.6,18.0,14.8,12.9,4.6,9.7,10.4,6.6,4.8,5.6,13.8,7.4,12.0,11.4,16.0,9.4,7.7,7.5,7.0,6.8,6.4,10.0,12.5,11.7,5.9,11.5,8.5,7.0,12.1,5.2,7.6,8.6,8.0,8.0,14.9,3.3,10.4,10.2,4.8,7.2,14.4,,3.3,5.2,7.3,11.8,14.9,18.0,8.3,9.4,14.6
02-13,12.4,16.2,16.6,18.0,15.1,13.5,4.6,9.7,10.5,6.8,4.8,5.8,13.8,7.4,12.2,11.4,16.0,9.4,7.7,8.4,7.2,6.8,6.4,10.0,12.5,11.7,5.8,11.5,9.0,7.0,12.1,5.6,7.6,8.6,7.9,8.0,14.9,3.6,10.4,10.2,4.9,7.2,14.4,,3.6,5.7,7.4,11.9,15.1,18.0,8.6,9.4,14.6
02-14,13.0,16.2,16.6,18.8,15.2,14.4,6.0,9.8,10.6,7.0,4.8,6.0,13.8,7.6,12.2,11.4,16.0,9.4,7.7,8.6,7.2,6.8,7.1,10.0,12.5,11.7,5.8,11.8,9.0,7.0,12.1,5.8,7.6,9.0,7.8,8.0,14.9,3.6,10.9,10.2,5.4,7.2,14.4,,3.6,5.9,7.4,12.0,15.2,18.8,8.7,9.4,14.6
02-15,13.5,16.2,16.6,19.2,15.2,14.7,6.1,9.8,10.6,7.3,4.8,6.0,14.2,7.6,12.8,11.4,16.0,9.9,7.7,8.6,7.3,6.8,7.2,10.0,12.6,11.8,5.6,11.8,9.1,7.0,12.1,5.9,7.7,9.0,7.8,8.0,14.9,4.2,12.0,10.2,5.5,7.2,14.6,,4.2,5.9,7.4,12.1,15.2,19.2,8.8,9.8,14.6
02-16,13.5,16.6,16.9,19.3,15.4,15.2,6.1,9.8,10.6,7.3,4.9,6.7,14.5,7.6,12.9,11.4,16.0,10.4,7.7,9.2,7.2,6.8,7.2,10.0,12.6,12.1,5.6,11.8,9.1,7.1,12.1,6.0,7.7,9.0,7.8,8.0,14.9,4.4,12.1,10.2,5.9,7.2,14.6,,4.4,6.0,7.5,12.1,15.3,19.3,8.9,9.8,14.6
02-17,13.5,17.2,16.9,19.6,15.4,15.6,6.1,9.9,10.8,7.4,5.4,7.0,14.9,7.6,13.0,11.4,16.0,10.4,7.8,9.4,7.2,6.8,7.6,10.0,12.8,12.2,5.7,11.8,9.4,7.2,12.4,6.0,7.7,8.8,7.8,8.0,14.9,4.4,12.2,10.6,6.6,7.2,14.6,,4.4,6.2,7.6,12.3,15.6,19.6,8.8,9.9,14.6
02-18,14.3,17.2,16.9,20.0,15.4,15.8,6.1,10.0,11.0,7.6,6.2,7.2,15.1,7.9,13.0,11.4,16.0,10.4,7.8,9.8,7.2,6.8,7.7,10.0,12.8,12.2,5.8,11.6,10.0,7.2,12.6,6.0,7.7,8.8,7.6,8.0,15.0,4.4,12.3,10.6,6.8,7.2,14.6,,4.4,6.4,7.7,12.4,15.8,20.0,9.0,10.0,14.6
02-19,15.3,17.2,16.9,20.2,15.6,16.4,6.2,10.0,11.1,8.7,6.4,7.4,15.5,8.2,13.0,11.4,16.0,10.6,7.9,9.8,7.6,6.9,7.7,10.0,13.0,12.5,5.9,11.6,9.9,7.4,12.8,6.0,7.7,8.8,7.6,8.6,15.4,4.4,12.3,10.6,6.9,7.2,14.6,,4.4,6.5,7.7,12.6,16.0,20.2,9.1,10.0,14.6
02-20,16.2,17.2,17.8,20.2,15.6,17.0,6.2,10.0,11.4,9.0,6.4,7.4,15.6,8.4,13.0,11.4,16.0,10.6,8.0,9.8,7.8,7.0,7.7,10.0,13.0,12.6,6.0,11.6,9.9,7.7,13.4,6.5,7.8,8.9,7.6,8.6,15.6,4.8,12.4,10.6,7.0,7.3,14.6,,4.8,6.6,7.8,12.7,16.2,20.2,9.4,10.0,14.6
02-21,18.2,17.3,17.8,20.2,15.8,17.1,6.2,10.0,11.8,9.0,6.4,7.8,16.7,8.6,13.0,12.2,16.2,10.6,8.0,9.8,7.8,7.5,7.7,10.1,13.0,12.6,6.0,11.8,9.9,8.0,13.4,6.5,7.8,8.8,7.6,8.6,15.6,4.8,12.6,10.6,7.2,7.4,14.6,,4.8,6.6,7.9,12.7,17.0,20.2,9.4,10.0,14.6
02-22,18.6,17.3,17.8,20.3,15.8,17.1,6.2,10.0,11.9,9.0,6.4,7.8,16.8,8.7,13.0,12.6,16.2,10.7,8.2,10.2,8.1,7.5,7.7,10.4,13.1,12.6,6.0,11.8,9.9,8.3,13.4,6.5,8.0,8.8,7.6,8.6,15.5,4.8,12.8,10.6,7.2,7.6,15.2,,4.8,6.6,8.2,12.9,17.1,20.3,9.5,10.2,14.6
02-23,18.6,17.3,17.8,20.3,15.8,17.2,6.2,10.0,11.9,9.1,6.5,8.2,17.0,9.0,13.0,12.9,16.2,11.1,8.2,10.2,8.4,7.5,7.8,11.0,13.2,12.6,6.1,12.5,10.0,8.3,13.4,6.5,8.0,8.8,7.8,9.0,15.8,4.8,12.9,11.0,7.2,7.9,15.3,,4.8,6.6,8.3,12.9,17.2,20.3,9.8,10.2,14.6
02-24,18.6,17.4,17.8,20.3,15.8,17.2,7.4,10.0,11.9,9.1,6.5,8.5,17.6,9.0,13.0,13.0,16.2,11.6,8.2,10.5,8.7,7.5,7.8,11.4,13.2,12.6,6.3,12.6,10.2,8.3,13.5,6.7,8.3,8.8,7.8,9.0,15.8,5.0,12.9,11.2,7.2,8.1,15.5,,5.0,7.2,8.4,13.0,17.4,20.3,9.9,10.5,14.6
02-25,18.6,17.6,17.9,20.5,15.9,17.2,7.8,10.0,11.9,9.1,6.5,8.6,17.8,9.1,13.0,13.0,16.4,12.0,8.2,10.8,8.7,7.5,8.0,11.6,13.2,12.6,6.4,13.0,10.2,8.6,14.4,6.7,8.6,8.7,7.8,9.0,16.0,5.3,12.9,11.2,7.2,8.1,15.5,,5.3,7.3,8.6,13.0,17.5,20.5,10.0,10.8,14.6
02-26,18.6,17.6,17.9,20.6,16.0,17.2,7.9,10.0,11.9,9.1,6.6,8.7,17.8,9.1,13.0,13.2,16.4,12.1,8.2,10.8,8.7,7.5,8.3,11.7,13.3,12.6,6.7,13.4,10.4,8.6,14.6,6.7,8.7,8.7,7.8,9.0,16.3,5.4,12.9,11.2,7.2,8.1,15.5,,5.4,7.3,8.7,13.3,17.6,20.6,10.0,10.8,14.6
02-27,18.6,17.6,18.3,21.0,16.0,17.3,7.9,10.0,11.9,9.1,6.6,8.5,18.0,9.2,13.0,13.3,16.5,12.1,8.2,10.8,8.8,7.6,8.4,12.4,13.3,12.6,6.9,13.5,10.4,8.6,14.6,6.7,8.8,8.7,8.0,9.0,16.3,5.4,12.9,11.2,7.4,8.1,15.5,,5.4,7.4,8.7,13.3,17.6,21.0,10.0,10.8,14.6
02-28,18.6,17.6,18.9,21.1,16.0,17.6,7.9,10.0,11.9,9.1,6.6,8.5,18.2,9.5,13.0,13.3,17.0,12.2,8.2,10.8,9.2,7.6,8.4,12.8,13.3,12.6,7.4,13.5,10.6,8.8,14.6,6.8,8.8,9.2,8.0,9.0,16.8,5.4,12.9,11.2,7.4,8.1,16.1,,5.4,7.4,8.8,13.3,17.6,21.1,10.2,10.8,14.6
02-29,18.8,,,21.1,,,,10.0,,,,8.4,,,,13.4,,,,10.9,,,,13.2,,,,13.5,,,,7.2,,,,9.0,,,,11.2,,,,,5.4,7.4,8.8,13.3,17.6,21.1,10.4,10.8,14.6
03-01,18.8,18.0,19.5,21.2,16.0,17.6,7.9,10.0,11.9,9.1,7.0,8.4,18.6,9.5,13.0,13.4,17.3,12.2,8.4,11.0,9.6,7.6,8.5,13.5,13.3,12.8,7.4,13.5,10.6,8.8,14.6,7.6,8.9,9.4,8.4,9.0,16.8,5.4,13.4,11.2,7.4,8.1,16.4,,5.4,7.6,8.8,13.4,17.9,21.2,10.4,11.0,14.6
03-02,18.8,18.0,19.8,21.2,16.0,17.6,7.9,10.2,11.9,9.4,7.4,8.4,18.6,9.5,13.0,13.4,17.3,12.3,8.4,11.4,9.6,7.6,8.8,13.6,13.3,13.0,7.5,13.7,10.6,8.8,14.6,8.3,8.9,9.5,8.7,8.9,16.8,5.6,13.8,11.2,7.4,8.1,16.6,,5.6,7.7,8.8,13.6,18.0,21.2,10.5,11.2,14.6
03-03,18.8,18.6,19.8,21.2,16.2,17.6,7.9,10.2,13.6,9.4,7.5,8.5,18.6,9.5,13.4,13.4,17.4,12.3,8.4,11.4,9.7,7.6,8.9,13.6,13.3,13.0,7.6,13.6,10.5,8.8,14.6,8.4,8.9,9.5,9.4,8.9,16.8,5.6,14.6,11.2,7.4,8.1,16.6,,5.6,7.7,8.9,13.6,18.4,21.2,10.4,11.2,14.6
03-04,19.4,19.0,20.0,21.2,16.3,17.6,7.9,10.2,13.9,9.5,7.8,8.8,18.6,9.5,13.4,13.4,17.8,12.7,8.4,11.4,9.8,7.6,9.0,13.6,13.3,13.0,7.6,13.8,10.4,9.0,15.1,8.4,8.9,9.5,9.6,8.9,16.8,5.6,15.3,11.2,7.4,8.1,16.6,,5.6,7.9,9.0,13.8,18.5,21.2,10.4,11.2,14.6
03-05,19.4,19.8,20.8,21.2,16.3,17.6,7.9,10.2,14.0,9.6,8.2,9.0,18.6,9.5,13.8,13.5,17.5,12.7,8.4,11.6,9.8,7.6,9.2,13.8,13.3,13.0,7.6,13.8,10.4,9.4,15.1,8.4,9.0,9.6,9.6,8.8,16.8,5.8,15.3,11.2,7.8,8.6,16.7,,5.8,8.0,9.4,13.9,18.4,21.2,10.5,11.2,14.6
03-06,19.9,19.8,20.8,21.2,16.3,17.6,7.9,10.2,14.0,10.1,9.0,9.2,18.6,9.5,14.3,14.3,17.8,12.8,8.4,11.8,9.8,7.6,9.3,14.0,13.3,13.0,7.6,13.8,10.5,9.5,15.2,8.4,9.0,9.6,9.6,8.6,17.2,5.8,15.6,11.2,7.8,9.0,17.0,,5.8,8.0,9.4,14.3,18.5,21.2,10.6,11.2,14.6
03-07,20.2,19.9,20.8,21.2,16.4,17.7,7.9,10.8,14.0,10.2,9.1,9.2,18.8,9.5,14.3,14.4,17.8,13.2,8.6,12.3,9.8,7.7,9.3,13.4,13.3,13.0,7.6,13.8,10.6,9.6,15.6,8.4,9.1,10.2,9.6,9.0,17.5,5.8,16.2,11.2,7.8,9.1,17.0,,5.8,8.0,9.4,14.4,18.6,21.2,10.9,11.2,14.6
03-08,20.2,20.0,21.0,21.2,16.4,17.7,7.9,10.8,14.0,10.2,9.2,9.2,18.8,9.5,14.3,14.4,17.8,13.2,8.6,12.3,10.1,8.8,9.3,13.4,13.3,13.8,7.6,13.9,10.7,9.8,16.2,8.6,9.1,10.5,9.6,9.4,17.6,5.8,16.4,11.4,7.8,9.1,17.0,,5.8,8.6,9.5,14.4,18.6,21.2,10.9,11.4,14.6
03-09,20.2,20.0,21.2,21.2,16.4,18.0,7.9,11.0,14.1,10.2,9.4,9.4,18.8,9.5,14.3,14.4,17.4,13.4,8.6,12.6,10.2,9.0,9.3,13.4,13.3,14.0,7.8,13.9,10.8,9.8,16.2,8.6,9.8,10.5,9.6,9.4,17.6,5.8,16.6,11.5,7.9,9.2,17.1,,5.8,8.6,9.6,14.4,18.6,21.2,11.1,11.5,14.6
03-10,20.2,20.0,21.2,21.2,16.6,18.7,8.0,11.5,13.8,10.2,9.4,9.4,18.8,9.5,14.3,14.4,17.6,13.4,8.8,13.0,10.3,9.0,9.3,13.4,13.3,14.4,7.8,13.9,10.9,10.0,16.2,8.6,9.9,10.5,9.6,9.6,17.6,5.8,16.9,11.5,7.9,9.6,17.2,,5.8,8.6,9.6,14.4,18.7,21.2,11.1,11.5,14.6
03-11,20.4,20.0,21.2,21.4,17.0,19.1,8.2,12.2,13.4,10.2,9.6,9.4,18.8,9.5,14.3,14.5,17.8,13.4,8.8,13.2,10.4,9.2,9.3,13.4,13.3,14.5,7.8,13.9,10.9,10.1,16.2,8.6,9.9,11.0,9.6,9.6,17.6,5.8,17.0,11.6,8.0,9.6,18.1,,5.8,8.6,9.6,14.5,19.0,21.4,11.3,12.2,14.6
03-12,21.6,20.6,21.3,21.6,17.2,19.5,8.3,12.4,13.1,10.6,10.4,9.5,18.8,10.0,15.0,14.6,17.8,13.4,9.4,13.4,10.6,9.4,9.3,13.4,13.3,15.0,7.7,14.0,10.9,10.2,16.2,8.6,9.9,11.0,9.6,9.6,17.6,5.8,17.2,11.6,8.1,9.6,18.4,,5.8,8.7,9.9,15.0,19.3,21.6,11.6,12.4,14.6
03-13,21.6,20.6,21.4,21.6,17.6,19.6,8.3,12.6,12.8,10.8,10.6,9.5,18.8,10.0,15.0,14.8,17.8,13.4,9.4,13.4,10.6,9.4,9.3,13.2,13.3,15.6,7.6,13.9,10.9,10.3,16.2,8.5,9.9,11.0,9.6,9.5,17.6,5.7,17.8,11.4,8.8,9.6,18.6,,5.7,8.9,10.0,15.3,19.5,21.6,11.6,12.6,14.6
03-14,21.6,20.6,21.7,21.6,17.6,19.8,8.5,12.6,12.6,11.0,10.8,9.5,18.8,10.0,15.0,15.0,17.8,13.4,9.4,13.4,10.6,9.9,9.2,13.2,13.3,15.6,7.3,13.7,10.9,10.7,16.2,8.4,9.5,11.0,9.6,9.4,17.6,5.7,18.2,11.7,8.8,9.7,18.6,,5.7,8.9,10.0,15.3,19.6,21.7,11.7,12.6,14.6
03-15,21.9,20.8,22.3,22.3,17.6,19.8,8.6,12.6,12.8,11.6,11.0,9.4,19.6,10.0,15.2,15.0,17.8,13.4,9.6,13.4,10.6,10.0,9.3,13.1,13.3,15.8,7.2,14.2,10.9,11.0,16.2,8.4,9.4,11.3,9.6,10.1,17.5,6.2,18.2,11.8,8.8,9.7,19.0,,6.2,8.9,10.1,15.4,19.8,22.3,11.8,12.6,14.6
03-16,22.5,21.0,22.3,23.0,17.6,20.2,8.9,13.2,12.8,11.8,11.2,9.4,19.8,10.0,15.2,15.0,17.8,13.4,9.6,13.5,10.6,10.0,9.4,13.1,13.3,15.8,7.0,14.6,10.9,11.0,16.2,8.2,9.4,11.2,9.5,10.2,17.4,6.9,18.3,11.8,8.8,9.7,19.6,,6.9,9.0,10.2,15.5,20.2,23.0,11.8,12.8,14.6
03-17,22.7,21.3,22.5,23.0,17.6,20.5,9.6,13.4,13.2,11.9,11.4,9.4,19.8,10.0,15.2,15.0,17.8,13.4,9.6,13.6,11.0,10.0,9.7,13.1,13.3,16.1,6.8,14.7,10.9,11.0,16.6,8.0,9.4,11.1,9.4,10.2,17.2,7.0,18.4,11.8,9.4,9.9,19.6,,6.8,9.4,10.2,15.6,20.4,23.0,11.9,13.1,14.6
03-18,22.7,21.3,22.6,24.0,17.6,20.7,9.8,13.4,13.5,11.9,11.4,9.5,20.0,10.0,15.4,15.0,17.8,13.5,9.7,13.6,11.0,10.2,10.2,13.1,13.3,16.2,6.5,14.7,10.8,11.0,16.7,8.0,9.4,11.1,9.0,10.4,16.9,7.0,18.4,11.9,9.4,10.1,19.6,,6.5,9.4,10.3,15.7,20.6,24.0,11.9,13.1,14.6
03-19,23.0,21.3,22.8,24.0,17.6,20.7,10.0,13.4,13.5,11.9,11.4,9.6,20.0,10.2,15.5,15.0,17.8,13.8,9.6,13.6,11.0,10.2,10.5,12.8,13.3,16.5,6.4,14.7,10.8,11.0,16.7,8.6,9.4,11.1,9.0,10.4,16.2,7.6,18.4,12.0,9.4,10.1,19.6,,6.4,9.4,10.5,15.8,20.6,24.0,11.8,12.8,14.6
03-20,23.0,21.5,23.0,24.0,17.6,20.8,10.4,13.4,14.6,12.0,11.6,9.8,20.1,10.6,15.9,15.0,17.7,13.9,9.5,14.0,11.1,10.2,10.6,12.4,13.4,17.3,6.2,14.8,10.6,11.1,16.8,8.8,9.4,11.1,9.0,10.4,15.6,7.6,18.4,12.0,9.4,10.1,19.8,,6.2,9.4,10.6,15.8,20.7,24.0,11.7,12.4,14.6
03-21,23.0,21.5,23.0,24.0,17.6,20.6,10.5,13.4,15.0,12.0,11.8,10.0,20.1,10.6,15.9,14.8,17.5,13.9,9.5,14.2,11.0,10.4,10.6,11.8,13.7,17.4,6.0,14.9,10.6,11.1,16.8,8.8,9.4,11.1,8.8,10.4,15.3,7.7,18.5,12.1,9.6,10.2,20.2,,6.0,9.5,10.6,15.5,20.6,24.0,11.7,12.1,14.6
03-22,23.0,21.5,23.0,24.2,17.6,20.4,10.8,13.4,15.0,12.0,12.4,10.2,20.2,10.7,15.9,14.8,17.4,13.9,9.5,14.2,10.9,10.4,10.7,11.6,14.0,17.5,6.2,14.9,10.5,11.2,16.8,8.8,9.4,11.1,8.6,10.0,14.8,7.7,19.4,12.5,9.6,10.2,20.5,,6.2,9.5,10.7,15.4,20.5,24.2,11.6,12.5,14.6
03-23,23.2,21.5,23.0,24.2,17.6,20.4,10.9,13.4,15.0,12.0,12.6,10.6,20.2,11.2,16.1,14.8,17.2,13.8,9.6,14.3,11.1,10.4,10.7,11.2,14.2,17.5,6.1,14.9,10.6,11.4,16.8,8.6,9.6,11.1,8.6,10.4,15.2,7.7,19.7,12.6,10.0,10.2,21.4,,6.1,9.6,10.8,15.5,21.2,24.2,11.6,12.6,14.6
03-24,23.6,21.5,23.7,24.2,17.6,20.2,10.9,13.6,15.0,11.8,12.6,10.7,20.1,11.3,16.4,15.3,17.0,13.4,9.6,14.3,11.1,10.6,10.6,11.1,14.9,17.6,6.0,14.9,10.9,11.4,16.8,8.4,9.9,11.1,8.8,10.6,15.3,8.1,19.8,12.6,10.0,10.2,21.7,,6.0,9.6,10.9,15.7,21.2,24.2,11.6,12.6,14.6
03-25,23.6,21.5,24.5,24.5,17.6,20.0,11.0,13.6,15.0,11.8,12.6,10.8,20.0,11.4,16.8,15.8,17.0,13.2,9.5,14.4,11.1,10.8,11.0,11.0,15.4,17.6,5.8,14.8,11.0,11.4,16.8,8.0,9.9,11.0,8.8,10.6,15.2,8.2,19.8,12.7,10.0,10.2,22.0,,5.8,9.6,11.0,16.2,21.2,24.5,11.7,12.7,14.6
03-26,23.8,21.5,24.6,24.8,17.6,20.0,11.0,13.6,14.8,11.6,12.8,11.1,20.0,11.6,16.8,15.8,17.0,13.1,9.3,14.4,11.0,10.8,11.0,10.8,15.8,17.6,5.4,14.7,11.2,11.4,17.2,7.9,9.9,10.8,8.8,10.8,15.4,8.6,19.8,12.8,10.4,9.8,22.0,,5.4,9.4,11.0,16.2,21.2,24.8,11.7,12.8,14.6
03-27,23.8,21.6,24.8,25.0,17.7,20.2,11.2,13.6,14.8,11.5,13.2,11.1,20.2,11.6,16.8,15.8,16.9,13.2,9.2,14.3,11.1,10.9,11.7,11.1,15.8,17.8,5.0,14.6,11.8,11.8,17.4,8.2,9.9,11.1,8.6,10.9,15.4,8.6,19.8,12.8,10.4,9.8,22.0,,5.0,9.4,11.1,16.2,21.3,25.0,12.0,13.2,14.6
03-28,24.1,21.6,25.3,25.2,18.2,20.2,11.4,13.6,14.8,11.4,13.4,11.1,20.5,11.6,17.0,15.9,16.8,14.0,9.2,13.9,11.2,11.0,11.8,11.2,16.0,17.8,5.2,14.6,11.8,11.8,18.5,8.0,9.8,11.6,8.4,10.9,16.0,8.6,19.8,12.8,10.4,9.6,22.0,,5.2,9.3,11.3,16.3,21.4,25.3,12.3,13.4,14.6
03-29,24.2,21.8,25.4,25.3,19.1,20.0,11.8,14.0,14.3,12.1,13.4,11.1,21.4,11.6,17.2,16.0,16.6,14.6,9.2,14.1,11.4,10.9,11.8,11.4,16.3,18.4,5.6,14.6,11.8,11.8,18.8,7.6,9.7,11.6,8.0,11.2,16.2,8.8,20.0,12.8,10.4,9.8,22.1,,5.6,9.3,11.5,16.4,21.7,25.4,12.3,13.4,14.6
03-30,24.2,21.8,25.4,25.5,19.3,20.1,11.8,14.0,13.8,12.3,13.6,11.1,21.5,11.6,17.2,16.0,16.5,14.6,9.2,14.2,11.6,10.8,11.8,11.4,16.8,19.5,5.7,14.6,12.1,11.8,18.9,7.4,9.6,11.6,7.7,11.3,16.2,8.8,20.2,13.3,10.4,10.8,22.3,,5.7,9.3,11.6,16.6,21.8,25.5,12.6,13.6,14.6
03-31,24.7,21.9,25.4,25.9,19.3,20.0,11.9,14.2,13.5,12.4,13.6,11.2,21.8,11.6,17.3,16.0,16.5,14.8,9.1,14.4,11.4,10.8,12.0,11.4,17.2,19.5,5.6,14.7,12.1,11.6,18.8,6.8,9.2,12.2,7.2,11.3,16.6,8.6,20.3,13.4,10.4,10.8,22.5,,5.6,9.2,11.5,16.8,21.9,25.9,12.8,13.5,14.6
04-01,24.7,22.0,26.2,26.4,19.3,19.7,11.9,14.2,13.6,12.4,13.6,11.3,21.9,11.6,17.4,16.0,16.8,15.0,9.2,14.6,11.0,10.6,11.9,11.0,17.2,19.8,5.6,14.9,12.2,11.8,18.7,6.2,9.0,12.2,6.8,11.3,17.2,8.5,20.3,13.4,10.4,10.8,22.6,,5.6,9.1,11.5,17.2,21.9,26.4,12.7,13.6,14.6
04-02,24.7,22.2,26.5,27.2,19.2,20.0,11.9,14.2,13.6,12.4,13.8,11.6,22.4,12.0,17.2,16.0,16.8,15.2,9.4,14.4,10.4,10.0,11.8,11.1,17.4,20.2,5.0,15.0,12.4,12.0,18.6,6.2,9.4,12.5,6.4,11.3,17.0,8.3,20.4,13.4,10.4,10.8,22.6,,5.0,9.4,11.7,17.1,22.3,27.2,13.0,13.6,14.6
04-03,24.7,22.3,27.0,27.3,18.7,20.2,11.9,14.2,14.1,12.2,13.9,11.6,22.4,12.1,17.2,16.1,17.4,15.3,9.5,14.2,10.3,9.3,11.8,11.2,17.4,20.3,4.6,15.1,12.8,12.2,18.4,6.2,9.4,12.6,6.5,11.2,17.3,8.2,20.5,13.4,10.0,10.8,22.6,,4.6,9.3,11.7,17.3,22.4,27.3,13.3,13.9,14.6
04-04,24.7,22.3,27.2,27.3,18.6,20.1,12.0,14.2,14.2,12.2,13.9,11.2,22.6,12.2,17.0,16.2,17.6,15.4,9.8,14.2,10.2,9.0,12.2,11.4,17.4,20.2,4.2,15.2,13.4,12.5,18.8,5.9,9.2,12.7,6.5,10.5,17.3,8.2,20.5,13.6,9.8,10.7,23.0,,4.2,9.1,11.8,17.4,22.5,27.3,13.3,13.9,14.6
04-05,24.6,22.6,27.4,27.4,18.0,20.0,12.5,14.2,14.2,12.2,13.7,11.1,23.1,12.5,16.8,16.2,17.8,15.5,10.0,13.8,10.4,8.6,12.3,11.1,17.5,20.1,3.5,15.2,14.0,12.7,18.8,5.4,9.1,12.7,6.4,10.1,17.3,8.0,20.4,13.6,9.2,10.7,23.2,,3.5,8.7,11.8,17.4,23.0,27.4,13.6,13.8,14.6
04-06,25.2,22.6,27.5,27.4,17.3,20.0,12.6,14.0,14.2,12.1,13.2,11.0,23.3,12.6,16.4,16.2,18.1,15.7,10.0,13.6,10.4,8.5,12.8,10.9,17.6,20.6,3.0,15.5,14.0,13.4,18.6,5.1,9.1,12.7,6.6,10.0,17.2,8.0,20.3,13.4,8.8,10.9,23.2,,3.0,8.6,11.6,17.3,23.1,27.5,13.4,13.6,14.6
04-07,25.2,22.8,27.6,27.4,16.6,19.8,13.0,13.0,13.7,11.8,13.0,10.9,23.4,12.6,16.3,15.9,18.4,15.8,10.2,13.1,10.6,8.4,13.2,10.6,17.6,21.8,2.4,15.4,14.2,13.7,18.6,5.1,9.0,12.6,6.4,9.6,17.0,7.9,20.2,13.4,8.8,10.8,23.2,,2.4,8.5,11.4,16.7,23.1,27.6,13.3,13.4,14.6
04-08,24.8,23.0,27.6,27.5,16.0,19.8,13.0,12.4,13.0,11.5,12.8,10.7,23.4,13.3,16.1,15.4,18.8,15.9,10.2,13.0,11.3,8.2,13.2,10.4,17.5,21.8,1.8,16.0,14.3,13.7,18.7,5.0,8.9,12.6,6.3,9.3,16.6,7.7,20.1,13.2,8.6,10.8,23.2,,1.8,8.2,11.4,16.3,23.2,27.6,13.4,13.2,14.6
04-09,24.8,23.1,27.7,28.0,15.8,19.9,13.1,12.3,12.4,11.9,12.8,10.6,23.6,13.4,16.5,15.0,19.7,15.9,10.5,12.6,11.8,7.9,13.4,10.5,17.8,21.8,2.4,16.2,14.4,13.7,18.8,4.9,9.4,12.2,6.4,8.8,17.0,7.4,19.9,13.0,8.4,10.5,23.2,,2.4,8.0,11.9,16.7,23.2,28.0,13.4,13.4,14.6
04-10,24.8,23.1,27.7,28.0,15.2,20.2,13.1,12.1,12.0,12.1,12.8,10.2,23.2,13.8,17.2,14.6,20.4,16.0,10.6,12.0,12.0,7.4,13.2,10.3,18.2,21.6,2.2,16.9,14.6,13.6,19.2,5.2,9.5,11.7,6.3,8.6,17.1,7.4,19.6,13.1,8.2,10.2,23.1,,2.2,7.6,11.8,17.1,23.1,28.0,13.5,13.2,14.6
04-11,24.9,23.1,27.8,28.7,14.6,20.3,13.0,12.1,11.6,12.0,14.0,9.8,23.1,14.0,17.4,14.4,20.9,15.8,10.8,12.0,12.2,7.2,13.0,10.5,18.4,21.6,2.4,16.9,14.6,13.6,19.2,4.5,9.5,11.2,6.2,8.2,17.1,7.2,20.8,13.0,7.8,10.2,23.0,,2.4,7.4,11.4,17.2,23.1,28.7,13.5,13.6,14.6
04-12,25.2,23.0,28.1,28.9,14.2,20.3,12.8,11.8,11.0,11.6,14.2,9.6,22.7,14.0,17.4,14.6,21.1,15.6,10.9,11.8,12.4,6.9,12.5,10.4,18.4,21.7,2.3,17.0,15.4,13.6,19.2,3.8,9.8,10.9,6.0,7.9,17.1,6.6,22.0,13.0,7.6,10.7,22.8,,2.3,7.0,11.0,17.2,22.8,28.9,13.2,13.6,14.6
04-13,25.2,22.9,28.5,29.0,13.5,20.5,12.8,11.6,10.8,11.0,14.4,9.3,22.8,13.8,17.4,14.9,21.2,15.8,10.8,11.4,12.6,7.0,12.0,10.4,18.4,21.7,2.4,17.1,15.5,13.5,19.2,4.2,9.7,10.8,5.7,7.4,17.0,6.4,22.0,13.0,7.2,11.0,22.8,,2.4,7.0,10.9,17.2,22.8,29.0,13.3,13.5,14.6
04-14,25.2,22.7,28.6,29.0,13.0,20.6,12.6,11.0,10.4,10.3,14.5,9.0,22.8,13.8,17.2,15.2,21.5,16.0,10.4,10.9,12.6,6.2,11.7,9.6,18.2,21.4,2.4,17.0,15.6,13.6,19.5,4.6,9.8,11.6,5.1,6.8,16.5,6.8,22.0,13.0,7.0,11.1,22.6,,2.4,6.8,10.7,17.1,22.7,29.0,13.4,13.0,14.6
04-15,25.2,22.6,28.8,29.0,12.4,20.6,12.6,10.7,9.4,9.6,14.4,8.9,22.9,13.7,17.7,15.2,21.5,16.4,10.4,11.1,12.6,5.6,11.6,9.3,18.2,21.5,2.4,16.8,15.8,13.8,19.5,5.0,9.8,11.6,5.2,6.8,16.0,7.1,21.8,13.0,7.2,11.3,22.5,,2.4,6.8,10.6,17.2,22.6,29.0,13.3,13.0,14.6
04-16,25.2,22.6,28.8,29.0,11.8,20.4,12.0,10.6,9.0,8.8,14.3,8.8,23.0,13.6,18.0,15.3,21.0,16.7,10.4,11.4,12.4,5.6,11.7,9.0,17.8,21.7,2.4,16.3,16.3,13.6,19.6,5.0,10.6,11.5,5.5,6.8,15.8,7.1,21.6,13.6,7.3,11.3,22.5,,2.4,6.8,10.6,17.2,22.6,29.0,13.2,13.6,14.6
04-17,25.2,22.6,28.8,28.8,11.1,21.0,11.8,10.8,8.3,8.0,14.3,8.7,23.0,12.5,18.4,15.4,20.0,17.2,10.0,11.4,12.3,5.8,11.7,8.6,17.2,21.8,2.6,16.4,16.5,13.0,19.2,5.0,10.7,11.4,5.7,6.6,15.4,6.6,21.8,14.4,7.4,11.6,22.4,,2.6,6.6,10.8,17.2,22.6,28.8,12.7,12.5,14.6
04-18,25.1,22.6,29.0,28.2,10.9,21.8,10.9,10.6,7.4,7.6,14.2,8.5,22.8,11.9,19.2,16.2,19.4,17.4,9.2,11.3,12.0,6.2,11.8,8.2,16.2,22.4,2.4,16.4,16.5,13.1,18.7,5.0,10.7,11.0,5.7,6.4,14.8,6.6,21.8,14.5,7.6,11.6,22.2,,2.4,6.5,10.6,16.9,22.6,29.0,12.7,12.0,14.6
04-19,24.8,22.6,29.2,28.2,10.9,21.8,10.6,10.8,6.6,7.6,14.2,8.6,22.8,11.6,19.8,16.6,18.4,17.5,9.0,11.4,11.1,6.4,12.2,8.5,15.8,22.4,2.4,16.0,16.4,12.6,18.6,4.8,10.6,10.6,5.4,6.4,14.2,7.2,21.8,14.6,7.6,11.4,22.0,,2.4,6.4,10.6,17.0,22.6,29.2,12.4,12.2,14.6
04-20,24.6,22.6,29.2,28.9,11.6,21.7,10.4,10.7,6.1,7.4,14.0,8.6,22.8,11.0,20.2,16.6,18.0,17.4,8.4,11.4,10.9,6.5,12.2,8.6,15.5,22.4,2.4,15.6,16.2,11.7,18.8,4.4,10.4,10.2,5.2,6.2,14.0,7.4,21.5,14.6,7.6,10.9,22.2,,2.4,6.3,10.3,17.0,22.6,29.2,12.0,11.7,14.6
04-21,24.4,22.6,29.2,29.3,11.8,21.2,10.5,11.0,5.2,6.8,13.8,8.4,22.5,10.4,20.4,16.8,17.3,17.5,9.1,11.2,10.6,6.9,12.2,8.7,15.8,22.4,2.4,15.4,15.7,10.8,19.2,3.6,10.8,9.6,4.3,5.5,14.2,7.2,21.2,14.4,7.2,10.4,22.2,,2.4,5.8,10.1,17.0,22.5,29.3,12.0,11.8,14.6
04-22,24.1,22.3,29.6,29.3,12.1,20.6,10.4,11.4,4.6,6.4,13.6,7.6,22.2,9.2,20.6,16.9,17.4,17.6,9.6,10.8,11.4,7.1,11.8,9.4,15.8,22.2,2.4,15.0,15.2,10.7,19.6,3.1,10.8,8.8,3.6,4.6,14.2,6.8,21.0,14.4,7.0,9.5,22.1,,2.4,4.9,9.5,17.1,22.2,29.6,11.4,11.8,14.6
04-23,24.1,22.2,29.7,29.2,12.2,20.5,9.7,11.6,4.1,6.0,13.5,7.5,21.5,8.4,20.9,17.2,17.2,17.0,9.6,10.8,12.0,6.9,11.9,10.0,15.8,21.8,3.0,14.4,14.6,10.6,19.6,2.2,10.6,8.7,3.4,3.8,13.9,6.4,20.9,14.0,6.8,10.4,21.9,,2.2,4.5,9.7,17.1,21.9,29.7,11.4,12.0,14.6
04-24,24.0,22.2,29.8,29.2,12.2,20.2,8.9,11.9,3.1,5.8,13.6,7.4,21.4,7.8,20.9,16.9,18.3,16.3,10.3,10.6,12.2,6.2,11.6,10.0,15.2,21.4,3.2,14.2,14.0,10.7,19.9,2.0,10.6,8.4,3.2,4.2,13.4,5.8,20.5,13.7,6.5,10.2,21.8,,2.0,4.6,9.5,16.5,21.7,29.8,11.2,12.2,14.6
04-25,23.8,21.8,29.8,30.5,12.2,20.5,8.4,11.9,2.6,6.0,13.3,6.6,21.8,7.8,20.9,16.2,18.6,16.0,10.9,10.9,11.9,5.6,11.2,9.8,15.6,21.2,3.2,14.4,13.4,10.4,20.3,1.5,10.4,8.0,3.6,4.4,13.9,5.5,19.5,13.2,6.2,10.2,21.7,,1.5,4.6,9.3,16.1,21.7,30.5,11.0,11.9,14.6
04-26,22.7,21.1,30.0,31.4,12.8,21.4,7.8,12.4,2.4,5.7,14.2,5.7,21.6,8.0,20.8,16.0,18.6,16.0,11.6,10.2,11.0,5.1,10.8,9.7,15.7,21.1,3.1,14.4,13.8,10.3,20.6,1.2,10.0,7.6,4.2,5.2,14.2,4.6,18.5,12.8,5.5,10.4,22.0,,1.2,4.6,9.0,16.0,21.6,31.4,11.2,12.4,14.6
04-27,23.0,21.0,30.0,31.3,12.8,21.5,7.2,12.4,2.8,6.0,14.2,4.8,21.2,8.4,20.8,15.4,18.5,16.0,11.2,9.2,10.4,4.6,10.1,9.0,15.5,20.6,2.8,14.2,14.2,9.8,20.9,1.2,9.6,7.8,4.3,6.1,14.8,3.8,18.1,12.1,5.8,9.8,21.8,,1.2,4.4,8.8,15.7,21.4,31.3,10.7,12.1,14.6
04-28,22.8,20.2,30.0,31.2,12.6,21.2,6.4,12.2,2.6,5.8,15.0,4.0,20.4,8.8,20.6,14.7,18.2,16.0,11.0,8.4,9.7,5.0,9.6,8.2,15.2,19.8,2.8,14.0,14.2,9.1,20.9,1.0,8.8,8.1,4.0,6.6,15.0,2.8,17.0,11.5,5.8,9.0,20.9,,1.0,4.0,8.3,15.5,20.9,31.2,10.5,11.5,14.6
04-29,22.0,19.4,30.6,31.0,12.3,20.8,5.6,11.8,2.6,6.2,15.0,3.5,19.8,9.2,20.5,14.7,17.0,15.6,11.6,7.4,8.8,4.7,9.2,7.8,15.2,19.2,2.3,13.2,14.0,8.8,21.0,0.9,7.9,8.4,3.4,6.6,15.2,1.9,16.1,10.8,5.5,8.2,20.1,,0.9,3.5,7.8,15.4,20.8,31.0,10.4,11.6,14.6
04-30,22.2,18.8,30.7,31.3,11.6,20.5,4.8,11.2,2.6,6.3,15.5,3.0,19.5,9.4,21.2,14.6,17.6,14.8,12.5,7.3,8.1,3.4,8.8,8.0,15.4,18.4,2.0,12.4,13.6,9.4,21.7,0.7,7.0,8.4,3.2,6.8,15.2,1.4,16.0,10.0,4.8,7.8,19.2,,0.7,3.0,7.6,15.4,21.1,31.3,9.9,11.2,14.6
05-01,22.0,18.0,31.2,31.6,10.8,19.3,4.1,10.8,2.6,6.2,15.6,2.4,19.3,9.4,21.4,13.9,17.8,14.0,12.7,6.6,7.2,2.6,8.9,7.5,15.2,17.9,1.6,12.7,13.0,9.6,21.9,0.4,6.2,8.4,2.6,6.8,15.2,2.0,16.8,9.0,3.6,7.2,18.6,,0.4,2.6,7.1,15.3,21.0,31.6,9.6,10.8,14.6
05-02,22.0,17.6,31.4,32.4,10.1,18.6,3.9,11.6,2.5,5.8,15.6,2.0,18.9,9.8,22.0,13.2,18.6,13.2,12.6,5.8,6.2,2.6,8.8,7.1,15.7,17.0,1.3,12.8,12.4,9.7,21.9,0.1,5.9,8.2,2.2,6.8,15.2,2.0,17.0,7.8,2.9,7.8,18.0,,0.1,2.2,6.5,15.6,21.3,32.4,9.7,10.1,14.6
05-03,21.7,17.6,31.4,32.6,9.6,18.2,4.2,11.6,2.1,5.6,15.6,1.6,18.4,9.5,22.8,12.6,18.8,12.6,12.8,4.6,6.2,2.2,8.6,6.2,15.8,15.8,1.0,12.8,12.8,10.1,22.0,0.0,5.5,7.6,1.6,6.6,14.6,2.8,17.0,6.8,2.4,7.0,17.3,,0.0,2.1,6.2,15.7,21.1,32.6,9.7,10.1,14.6
05-04,20.6,17.4,31.6,32.8,8.4,16.9,4.1,11.4,1.7,5.2,15.8,1.0,17.2,9.3,22.7,12.2,18.6,12.0,14.0,3.3,6.6,2.0,9.0,5.6,15.5,15.0,1.1,12.7,12.4,10.0,21.8,0.0,4.8,6.3,1.3,6.3,14.1,2.7,16.6,6.0,2.2,7.4,16.4,,0.0,1.8,5.8,15.2,20.2,32.8,9.4,10.0,14.6
05-05,20.0,17.2,31.6,33.0,7.0,16.6,3.7,11.3,0.8,4.8,16.0,0.2,17.8,8.4,22.4,11.6,18.2,12.0,14.2,2.6,6.8,1.4,9.4,4.8,14.8,14.6,1.5,12.3,11.8,9.8,21.7,0.0,4.3,5.3,1.0,5.4,13.0,2.0,16.3,5.2,2.0,7.2,16.0,,0.0,1.4,5.1,14.7,19.7,33.0,9.0,9.8,14.6
05-06,19.6,16.8,32.0,33.4,5.8,16.4,3.3,10.8,0.0,4.0,16.0,0.0,18.4,7.9,22.2,10.7,17.2,11.7,13.8,2.1,6.7,1.0,9.3,4.2,14.0,14.8,2.1,11.8,10.8,9.2,21.3,0.0,3.8,4.5,0.8,4.6,11.5,1.8,15.9,4.7,1.6,6.5,16.0,,0.0,1.1,4.4,14.3,19.4,33.4,8.6,9.3,14.6
05-07,19.0,16.0,32.0,33.6,5.4,16.6,2.8,11.0,0.0,3.4,15.8,0.0,19.0,6.8,22.3,10.0,16.3,12.0,13.8,1.7,6.4,0.3,9.4,3.6,13.9,14.0,2.2,11.2,9.4,9.0,20.3,0.0,4.0,4.1,0.7,4.3,10.4,1.6,15.8,4.1,1.2,5.2,16.1,,0.0,0.8,4.0,13.9,19.0,33.6,8.4,9.4,14.6
05-08,18.8,15.3,32.4,33.9,4.2,17.4,2.3,11.0,0.0,3.0,15.0,0.0,19.4,6.4,22.2,9.4,15.6,12.0,13.4,1.7,5.7,0.1,9.6,3.0,14.7,13.0,1.8,11.0,8.2,8.7,18.8,0.0,4.4,4.4,0.4,4.3,8.8,1.2,15.6,3.6,0.7,4.0,16.0,,0.0,0.4,3.8,13.9,18.8,33.9,7.7,8.7,14.6
05-09,18.5,14.4,32.0,34.0,4.0,18.0,2.0,11.0,0.0,3.0,14.3,0.0,20.2,5.9,22.1,8.4,14.8,11.6,12.8,2.0,4.9,0.0,10.0,2.5,14.4,12.3,1.7,11.1,7.2,8.4,18.2,0.0,4.4,4.3,0.4,4.4,8.0,0.6,15.8,2.8,0.3,4.4,15.8,,0.0,0.3,3.6,13.4,18.4,34.0,7.1,8.0,14.6
05-10,18.2,13.9,32.0,33.9,3.8,17.9,1.6,10.4,0.0,2.8,13.8,0.2,20.3,5.1,21.5,7.8,13.8,11.3,12.6,1.7,4.4,0.0,10.0,2.0,13.8,11.9,1.4,10.6,6.1,8.0,18.5,0.0,4.4,4.0,0.4,4.3,7.0,0.0,15.8,2.1,0.2,4.6,14.9,,0.0,0.2,3.4,13.1,18.5,33.9,6.2,7.0,14.6
05-11,17.9,14.3,32.2,33.3,4.3,17.7,1.2,9.6,0.0,2.6,14.0,0.0,19.8,4.2,21.4,6.8,12.8,11.2,12.8,1.0,3.8,0.0,10.2,1.4,14.0,11.4,1.0,10.4,4.9,8.0,18.8,0.0,4.4,3.7,0.4,4.1,6.4,0.0,15.8,1.6,0.2,3.3,14.6,,0.0,0.1,3.0,12.8,18.6,33.3,5.6,6.4,14.6
05-12,17.2,14.3,32.5,32.6,4.6,17.3,0.8,8.5,0.0,2.6,14.0,0.0,19.4,3.7,21.7,5.6,11.5,10.6,12.6,0.8,3.4,0.0,10.0,1.4,14.6,10.8,0.4,10.2,4.0,8.3,18.8,0.0,4.2,4.9,0.2,4.0,5.0,0.0,15.5,1.0,0.1,2.8,13.9,,0.0,0.0,2.7,12.0,18.5,32.6,5.4,5.0,14.6
05-13,17.4,14.3,32.5,31.0,4.8,17.1,0.4,7.3,0.2,2.5,13.6,0.0,18.5,3.3,22.4,4.2,10.0,10.4,12.2,0.7,3.0,0.0,9.4,1.7,15.1,9.5,0.2,10.4,3.2,8.7,18.2,0.0,3.6,4.9,0.0,3.7,3.6,0.0,15.0,0.4,0.0,3.2,13.2,,0.0,0.0,2.8,11.1,18.0,32.5,4.6,4.8,14.6
05-14,17.4,14.3,32.5,29.3,4.8,16.9,0.1,5.6,0.0,2.2,13.0,0.0,17.4,2.6,22.6,2.7,8.6,10.8,12.1,0.4,2.7,0.0,8.5,1.7,14.8,8.4,0.0,10.4,2.9,8.8,17.2,0.0,3.1,4.8,0.0,3.1,2.6,0.0,13.8,0.0,0.0,2.8,12.8,,0.0,0.0,2.4,11.3,17.3,32.5,3.6,4.8,14.6
05-15,17.4,13.5,32.5,27.6,4.6,16.7,0.0,4.5,0.0,2.1,13.0,0.0,16.9,2.1,22.6,1.3,7.4,10.9,12.1,0.2,2.1,0.0,7.4,1.6,14.2,7.1,0.0,9.6,2.4,8.9,16.6,0.0,2.4,4.4,0.3,2.6,1.8,0.0,12.9,0.0,0.0,2.0,12.4,,0.0,0.0,1.7,11.4,16.9,32.5,2.7,4.4,14.6
05-16,17.4,13.2,32.8,26.4,4.0,16.6,0.0,3.2,0.0,2.1,12.8,0.0,15.6,1.5,22.2,0.0,6.0,10.7,12.1,0.0,1.4,0.0,6.4,1.1,13.0,6.0,0.0,9.2,2.0,8.6,15.4,0.0,2.0,3.8,0.4,2.8,1.6,0.0,11.6,0.0,0.0,1.4,11.6,,0.0,0.0,1.2,11.0,16.4,32.8,2.4,3.2,14.6
05-17,17.2,12.4,33.7,25.4,3.4,16.5,0.0,2.4,0.0,2.1,12.0,0.0,14.5,1.2,21.8,0.0,4.8,10.0,12.0,0.0,0.7,0.0,4.8,0.0,12.2,4.8,0.0,8.4,1.4,8.0,14.8,0.0,1.6,3.4,0.8,2.7,1.6,0.0,11.0,0.0,0.0,0.6,10.4,,0.0,0.0,0.7,10.2,16.2,33.7,2.2,2.7,14.6
05-18,17.1,11.6,33.7,23.6,3.0,16.3,0.0,2.0,0.0,1.8,11.1,0.0,13.4,1.0,21.5,0.0,4.1,9.4,11.4,0.0,0.2,0.0,4.4,0.0,12.4,3.2,0.0,7.0,0.6,7.2,15.0,0.0,1.4,3.0,0.1,2.8,2.2,0.0,11.0,0.0,0.0,0.0,9.4,,0.0,0.0,0.1,9.4,16.0,33.7,2.4,2.8,14.6
05-19,16.8,11.4,33.8,21.6,2.6,15.8,0.0,1.6,0.0,1.5,10.2,0.0,12.2,0.6,20.8,0.0,3.4,8.4,10.6,0.0,0.0,0.0,3.6,0.0,11.5,2.2,0.0,5.3,0.0,7.3,15.7,0.0,1.2,2.4,0.0,2.7,2.2,0.0,11.1,0.0,0.0,0.0,8.4,,0.0,0.0,0.0,8.4,15.8,33.8,2.1,2.2,14.6
05-20,16.4,11.2,34.0,20.0,2.2,14.4,0.1,1.2,0.0,1.1,9.0,0.0,11.0,0.2,20.2,0.0,2.9,7.6,9.8,0.0,0.0,0.0,3.2,0.0,10.0,1.4,0.0,3.4,0.0,7.0,16.0,0.0,1.2,1.8,0.0,2.3,2.2,0.0,11.4,0.0,0.0,0.0,7.3,,0.0,0.0,0.0,7.4,15.7,34.0,1.6,1.8,14.6
05-21,16.0,10.4,34.0,17.8,1.8,13.4,0.4,0.5,0.0,0.8,8.0,0.0,10.0,0.0,19.1,0.0,2.5,6.6,9.0,0.0,0.0,0.0,2.8,0.0,8.5,0.8,0.0,2.2,0.0,6.6,16.6,0.0,1.2,1.3,0.0,2.0,2.1,0.0,11.6,0.0,0.0,0.0,6.4,,0.0,0.0,0.0,6.6,15.5,34.0,1.2,1.3,14.6
05-22,15.4,9.6,34.2,15.6,1.5,12.6,0.2,0.0,0.0,0.5,6.8,0.0,8.0,0.0,18.1,0.0,2.0,6.4,7.8,0.0,0.0,0.2,2.2,0.0,6.8,0.2,0.1,2.8,0.0,6.2,16.2,0.0,0.7,0.8,0.0,1.9,2.1,0.0,11.8,0.0,0.0,0.0,5.8,,0.0,0.0,0.0,6.3,14.9,34.2,0.8,0.8,14.6
05-23,14.4,8.8,34.1,14.4,1.2,12.2,0.2,0.0,0.0,0.2,5.9,0.0,7.4,0.0,17.0,0.2,1.4,6.4,6.4,0.0,0.0,0.0,1.5,0.0,5.2,0.0,0.0,3.2,0.0,6.4,15.9,0.0,0.0,0.5,0.0,1.7,1.8,0.0,12.6,0.0,0.0,0.0,5.0,,0.0,0.0,0.0,5.5,14.0,34.1,0.3,0.5,14.6
05-24,14.4,8.3,33.7,12.2,0.8,11.4,0.0,0.0,0.0,0.0,5.0,0.0,5.6,0.0,16.8,0.0,0.9,5.8,5.3,0.0,0.0,0.0,0.8,0.0,4.1,0.0,0.0,3.4,0.0,6.0,16.1,0.0,0.0,0.2,0.0,1.4,1.2,0.0,13.2,0.0,0.1,0.0,4.6,,0.0,0.0,0.0,4.8,13.0,33.7,0.1,0.2,14.6
05-25,14.0,7.8,33.2,10.8,0.8,10.0,0.1,0.0,0.0,0.0,3.6,0.0,5.0,0.0,17.1,0.0,1.0,4.9,4.6,0.0,0.0,0.0,0.2,0.0,3.2,0.0,0.0,3.4,0.0,6.2,16.2,0.0,0.0,0.0,0.0,1.2,0.2,0.0,13.4,0.0,0.0,0.0,4.2,,0.0,0.0,0.0,3.8,12.9,33.2,0.0,0.1,14.6
05-26,13.9,7.4,32.5,9.4,0.4,8.5,0.4,0.0,0.0,0.0,3.0,0.0,4.6,0.0,17.6,0.0,1.7,4.0,4.2,0.0,0.0,0.0,0.0,0.0,2.4,0.0,0.0,3.2,0.0,6.0,15.8,0.0,0.0,0.0,0.0,0.8,0.0,0.0,13.4,0.0,0.0,0.0,3.8,,0.0,0.0,0.0,3.4,12.6,32.5,0.0,0.0,14.6
05-27,14.0,5.3,29.4,7.8,0.0,7.8,0.4,0.0,0.0,0.0,2.4,0.0,3.8,0.0,18.2,0.0,1.6,3.8,3.5,0.0,0.0,0.0,0.0,0.0,1.8,0.0,0.0,3.3,0.0,5.6,14.7,0.0,0.0,0.0,0.0,0.9,0.0,0.0,13.0,0.0,0.0,0.0,3.6,,0.0,0.0,0.0,3.4,12.0,29.4,0.0,0.0,14.6
05-28,12.2,3.9,27.4,6.6,0.0,6.7,0.6,0.0,0.0,0.0,1.9,0.0,3.2,0.0,18.2,0.2,1.4,3.4,3.1,0.0,0.0,0.0,0.0,0.0,1.2,0.0,0.0,2.9,0.0,5.0,13.8,0.0,0.0,0.0,0.0,0.4,0.0,0.0,13.4,0.0,0.0,0.0,3.2,,0.0,0.0,0.0,3.0,11.1,27.4,0.0,0.0,14.6
05-29,11.0,3.0,24.6,5.8,0.0,6.0,0.2,0.0,0.0,0.1,1.4,0.0,2.8,0.0,18.0,0.2,0.8,2.9,2.4,0.0,0.0,0.0,0.0,0.2,0.4,0.0,0.0,2.6,0.0,4.5,13.0,0.0,0.1,0.0,0.0,0.2,0.0,0.0,13.2,0.0,0.0,0.2,2.7,,0.0,0.0,0.0,2.5,10.0,24.6,0.1,0.2,14.6
05-30,10.6,2.8,23.4,4.2,0.0,5.6,0.1,0.0,0.0,0.0,0.9,0.0,2.2,0.0,17.8,0.0,0.0,2.8,2.0,0.0,0.0,0.0,0.0,0.0,0.0,0.0,0.0,2.4,0.0,4.2,12.6,0.0,0.0,0.0,0.0,0.0,0.0,0.0,13.0,0.0,0.0,0.2,2.2,,0.0,0.0,0.0,2.0,9.6,23.4,0.0,0.0,14.6
05-31,10.0,2.7,22.0,3.5,0.0,4.8,0.0,0.0,0.0,0.0,1.3,0.0,1.6,0.0,16.9,0.0,0.0,2.2,1.3,0.0,0.0,0.0,0.0,0.0,0.0,0.0,0.0,1.8,0.0,3.6,12.6,0.0,0.0,0.0,0.0,0.0,0.0,0.0,12.8,0.0,0.0,0.1,1.7,,0.0,0.0,0.0,1.4,9.0,22.0,0.0,0.0,14.6
06-01,9.3,2.4,20.4,2.6,0.0,4.0,0.0,0.0,0.0,0.0,2.3,0.0,1.2,0.0,15.6,0.0,0.0,1.8,1.0,0.0,0.0,0.0,0.0,0.0,0.0,0.0,0.0,1.3,0.0,3.0,12.0,0.0,0.0,0.0,0.0,0.0,0.0,0.0,12.2,0.0,0.0,0.2,1.1,,0.0,0.0,0.0,1.1,8.3,20.4,0.0,0.0,14.6
06-02,8.8,2.0,19.2,1.8,0.0,3.2,0.0,0.0,0.0,0.1,1.8,0.0,0.4,0.0,14.6,0.0,0.0,1.2,0.3,0.0,0.0,0.0,0.0,0.0,0.0,0.0,0.0,0.4,0.0,2.7,11.4,0.0,0.0,0.0,0.0,0.0,0.0,0.0,11.5,0.0,0.0,0.0,0.6,,0.0,0.0,0.0,0.4,7.7,19.2,0.0,0.0,14.6
06-03,8.8,1.7,18.8,1.2,0.0,2.5,0.0,0.0,0.0,0.0,1.6,0.0,0.5,0.0,14.4,0.0,0.0,0.4,0.2,0.0,0.0,0.0,0.0,0.0,0.0,0.0,0.0,0.0,0.0,1.7,10.5,0.0,0.0,0.0,0.0,0.0,0.0,0.0,10.4,0.0,0.0,0.0,0.0,,0.0,0.0,0.0,0.1,7.5,18.8,0.0,0.0,14.6
06-04,9.0,1.3,17.3,1.0,0.0,1.2,0.0,0.0,0.0,0.0,1.0,0.0,0.0,0.0,13.9,0.0,0.0,0.1,0.0,0.0,0.0,0.0,0.0,0.0,0.0,0.0,0.0,0.0,0.0,0.3,9.7,0.0,0.0,0.0,0.0,0.0,0.0,0.0,9.8,0.0,0.0,0.0,0.0,,0.0,0.0,0.0,0.0,7.5,17.3,0.0,0.0,14.6
06-05,8.7,0.8,17.0,0.0,0.0,0.5,0.0,0.0,0.0,0.0,0.6,0.0,0.0,0.0,13.2,0.0,0.0,0.4,0.0,0.0,0.0,0.0,0.0,0.0,0.0,0.0,0.0,0.1,0.0,0.0,8.6,0.0,0.0,0.0,0.0,0.0,0.0,0.0,8.3,0.0,0.0,0.0,0.0,,0.0,0.0,0.0,0.0,6.8,17.0,0.0,0.0,14.6
06-06,8.4,0.0,16.5,0.0,0.0,0.0,0.0,0.0,0.0,0.0,0.3,0.0,0.0,0.0,11.2,0.0,0.0,0.2,0.0,0.0,0.0,0.0,0.0,0.0,0.0,0.0,0.0,0.0,0.0,0.0,6.8,0.0,0.0,0.0,0.0,0.0,0.0,0.0,6.7,0.0,0.0,0.0,0.0,,0.0,0.0,0.0,0.0,5.4,16.5,0.0,0.0,14.6
06-07,8.4,0.0,13.9,0.2,0.0,0.0,0.0,0.0,0.0,0.0,0.1,0.0,0.0,0.0,10.0,0.0,0.0,0.0,0.0,0.0,0.0,0.0,0.0,0.0,0.0,0.0,0.4,0.0,0.0,0.0,6.3,0.0,0.0,0.0,0.0,0.0,0.0,0.0,5.9,0.0,0.0,0.0,0.0,,0.0,0.0,0.0,0.0,4.8,13.9,0.0,0.0,14.6
06-08,9.0,0.0,12.6,0.4,0.0,0.0,0.0,0.0,0.0,0.0,0.0,0.0,0.1,0.0,9.8,0.0,0.0,0.0,0.0,0.0,0.0,0.0,0.0,0.0,0.0,0.0,0.1,0.0,0.0,0.0,5.8,0.0,0.0,0.0,0.0,0.0,0.0,0.0,5.1,0.0,0.0,0.0,0.0,,0.0,0.0,0.0,0.0,4.2,12.6,0.0,0.0,14.6
06-09,8.6,0.0,11.5,0.6,0.0,0.0,0.0,0.0,0.0,0.0,0.0,0.0,0.0,0.0,10.2,0.0,0.0,0.0,0.0,0.0,0.0,0.0,0.0,0.0,0.0,0.0,0.0,0.0,0.0,0.0,5.0,0.0,0.0,0.0,0.0,0.0,0.0,0.0,4.8,0.0,0.0,0.0,0.0,,0.0,0.0,0.0,0.0,4.0,11.5,0.0,0.0,14.6
06-10,8.2,0.0,10.0,0.6,0.0,0.0,0.0,0.0,0.0,0.0,0.0,0.0,0.0,0.0,10.0,0.0,0.0,0.0,0.0,0.0,0.0,0.0,0.0,0.0,0.0,0.0,0.0,0.0,0.0,0.0,4.6,0.0,0.0,0.0,0.0,0.0,0.0,0.0,4.6,0.0,0.0,0.0,0.0,,0.0,0.0,0.0,0.0,3.8,10.0,0.0,0.0,14.6
06-11,7.8,0.0,8.3,0.6,0.0,0.0,0.0,0.0,0.0,0.0,0.0,0.0,0.0,0.0,9.4,0.0,0.0,0.0,0.0,0.0,0.0,0.0,0.0,0.0,0.0,0.0,0.0,0.0,0.0,0.0,4.0,0.0,0.0,0.0,0.0,0.0,0.0,0.0,4.0,0.0,0.0,0.0,0.0,,0.0,0.0,0.0,0.0,3.3,9.4,0.0,0.0,14.6
06-12,7.5,0.0,7.6,0.6,0.0,0.0,0.0,0.0,0.0,0.0,0.0,0.0,0.0,0.0,8.6,0.0,0.0,0.0,0.0,0.0,0.0,0.0,0.0,0.0,0.0,0.0,0.0,0.0,0.0,0.0,3.4,0.0,0.0,0.0,0.0,0.0,0.0,0.0,3.2,0.0,0.0,0.0,0.0,,0.0,0.0,0.0,0.0,2.6,8.6,0.0,0.0,14.6
06-13,7.0,0.0,7.4,0.1,0.0,0.0,0.0,0.0,0.0,0.0,0.0,0.0,0.0,0.0,7.8,0.0,0.0,0.1,0.0,0.0,0.0,0.0,0.0,0.0,0.0,0.0,0.0,0.0,0.0,0.3,3.0,0.0,0.0,0.0,0.0,0.0,0.0,0.0,2.6,0.0,0.0,0.0,0.0,,0.0,0.0,0.0,0.0,2.1,7.8,0.0,0.0,14.6
06-14,6.2,0.0,7.4,0.0,0.0,0.0,0.0,0.0,0.0,0.0,0.0,0.0,0.0,0.0,7.0,0.0,0.0,0.0,0.0,0.0,0.0,0.0,0.0,0.0,0.0,0.0,0.0,0.0,0.0,0.0,2.4,0.0,0.0,0.0,0.0,0.0,0.0,0.0,1.8,0.0,0.0,0.0,0.0,,0.0,0.0,0.0,0.0,1.5,7.4,0.0,0.0,14.6
06-15,6.2,0.0,7.0,0.0,0.0,0.0,0.0,0.0,0.0,0.0,0.0,0.0,0.0,0.0,6.1,0.0,0.0,0.0,0.0,0.0,0.0,0.0,0.0,0.0,0.0,0.0,0.0,0.0,0.0,0.0,1.6,0.0,0.0,0.0,0.0,0.0,0.0,0.0,1.0,0.0,0.0,0.0,0.0,,0.0,0.0,0.0,0.0,0.8,7.0,0.0,0.0,14.6
06-16,6.2,0.0,6.4,0.0,0.0,0.0,0.0,0.0,0.0,0.0,0.0,0.0,0.0,0.0,5.6,0.0,0.0,0.0,0.0,0.0,0.0,0.0,0.0,0.0,0.0,0.0,0.0,0.0,0.0,0.0,0.6,0.0,0.0,0.0,0.0,0.0,0.0,0.0,0.2,0.0,0.0,0.0,0.0,,0.0,0.0,0.0,0.0,0.1,6.4,0.0,0.0,14.6
06-17,0.0,0.0,5.6,0.0,0.0,0.0,0.0,0.0,0.0,0.0,0.0,0.0,0.0,0.0,5.4,0.0,0.0,0.2,0.0,0.0,0.0,0.0,0.0,0.0,0.0,0.0,0.0,0.0,0.0,0.0,0.0,0.0,0.0,0.0,0.0,0.0,0.0,0.0,0.0,0.0,0.0,0.0,0.0,,0.0,0.0,0.0,0.0,0.0,5.6,0.0,0.0,14.6
06-18,0.0,0.0,4.4,0.0,0.0,0.0,0.0,0.0,0.0,0.0,0.0,0.0,0.0,0.0,5.5,0.0,0.0,0.7,0.0,0.0,0.0,0.0,0.0,0.0,0.0,0.0,0.0,0.0,0.0,0.0,0.0,0.0,0.0,0.0,0.0,0.0,0.0,0.0,0.0,0.0,0.0,0.0,0.0,,0.0,0.0,0.0,0.0,0.0,5.5,0.0,0.0,14.6
06-19,0.0,0.0,3.0,0.0,0.0,0.0,0.0,0.0,0.0,0.0,0.0,0.0,0.0,0.0,5.0,0.0,0.0,0.0,0.0,0.0,0.0,0.0,0.0,0.0,0.0,0.0,0.0,0.0,0.0,0.0,0.0,0.0,0.0,0.0,0.0,0.0,0.0,0.0,0.0,0.0,0.0,0.0,0.0,,0.0,0.0,0.0,0.0,0.0,5.0,0.0,0.0,14.6
06-20,0.0,0.0,2.0,0.0,0.0,0.0,0.0,0.0,0.0,0.0,0.0,0.0,0.0,0.0,4.4,0.0,0.0,0.0,0.0,0.0,0.0,0.0,0.0,0.0,0.0,0.0,0.0,0.0,0.0,0.0,0.0,0.0,0.0,0.0,0.0,0.0,0.0,0.0,0.0,0.0,0.0,0.0,0.0,,0.0,0.0,0.0,0.0,0.0,4.4,0.0,0.0,14.6
06-21,0.0,0.0,1.1,0.0,0.0,0.0,0.0,0.0,0.0,0.0,0.0,0.0,0.0,0.0,3.6,0.0,0.0,0.0,0.0,0.0,0.0,0.0,0.0,0.0,0.0,0.0,0.0,0.0,0.0,0.0,0.0,0.0,0.0,0.0,0.0,0.0,0.0,0.0,0.0,0.0,0.0,0.0,0.0,,0.0,0.0,0.0,0.0,0.0,3.6,0.0,0.0,14.6
06-22,0.0,0.0,0.4,0.0,0.0,0.0,0.0,0.0,0.0,0.0,0.0,0.0,0.0,0.0,3.0,0.0,0.0,0.0,0.0,0.0,0.0,0.0,0.0,0.0,0.0,0.0,0.0,0.0,0.0,0.0,0.0,0.0,0.0,0.0,0.0,0.0,0.0,0.0,0.0,0.0,0.0,0.0,0.0,,0.0,0.0,0.0,0.0,0.0,3.0,0.0,0.0,14.6
06-23,0.0,0.0,0.0,0.0,0.0,0.0,0.0,0.0,0.0,0.0,0.0,0.0,0.0,0.0,2.4,0.0,0.0,0.0,0.0,0.0,0.0,0.0,0.0,0.0,0.0,0.0,0.0,0.0,0.0,0.0,0.0,0.0,0.0,0.0,0.0,0.0,0.0,0.0,0.0,0.0,0.0,0.0,0.0,,0.0,0.0,0.0,0.0,0.0,2.4,0.0,0.0,14.6
06-24,0.0,0.0,0.0,0.0,0.0,0.0,0.0,0.0,0.0,0.0,0.0,0.0,0.0,0.0,1.6,0.0,0.0,0.0,0.0,0.0,0.0,0.0,0.0,0.0,0.0,0.0,0.0,0.0,0.0,0.0,0.0,0.0,0.0,0.0,0.0,0.0,0.0,0.0,0.0,0.0,0.0,0.0,0.0,,0.0,0.0,0.0,0.0,0.0,1.6,0.0,0.0,14.6
06-25,0.0,0.0,0.0,0.0,0.0,0.0,0.0,0.0,0.0,0.0,0.0,0.0,0.0,0.0,0.8,0.0,0.0,0.0,0.0,0.0,0.0,0.0,0.0,0.0,0.0,0.0,0.0,0.0,0.0,0.0,0.0,0.0,0.0,0.0,0.0,0.0,0.0,0.0,0.0,0.0,0.0,0.0,0.0,,0.0,0.0,0.0,0.0,0.0,0.8,0.0,0.0,14.6
06-26,0.0,0.0,0.0,0.0,0.0,0.0,0.0,0.0,0.0,0.0,0.0,0.0,0.0,0.0,0.0,0.0,0.0,0.0,0.0,0.0,0.0,0.0,0.0,0.0,0.0,0.0,0.0,0.0,0.0,0.0,0.0,0.0,0.0,0.0,0.0,0.0,0.0,0.0,0.0,0.0,0.0,0.0,0.0,,0.0,0.0,0.0,0.0,0.0,0.0,0.0,0.0,14.6
06-27,0.0,0.0,0.0,0.0,0.0,0.0,0.0,0.0,0.0,0.0,0.0,0.0,0.0,0.0,0.0,0.0,0.0,0.0,0.0,0.0,0.0,0.0,0.0,0.0,0.0,0.0,0.0,0.0,0.0,0.0,0.0,0.0,0.0,0.0,0.0,0.0,0.0,0.0,0.0,0.0,0.0,0.0,0.0,,0.0,0.0,0.0,0.0,0.0,0.0,0.0,0.0,14.6
06-28,0.0,0.0,0.0,0.0,0.0,0.0,0.0,0.0,0.0,0.0,0.0,0.0,0.0,0.0,0.0,0.0,0.0,0.0,0.0,0.0,0.0,0.0,0.0,0.0,0.0,0.0,0.0,0.0,0.0,0.0,0.0,0.0,0.0,0.0,0.0,0.0,0.0,0.0,0.0,0.0,0.0,0.0,0.0,,0.0,0.0,0.0,0.0,0.0,0.0,0.0,0.0,14.6
06-29,0.0,0.0,0.0,0.0,0.0,0.0,0.0,0.0,0.0,0.0,0.0,0.0,0.0,0.0,0.0,0.0,0.0,0.0,0.0,0.0,0.0,0.0,0.0,0.0,0.0,0.0,0.0,0.0,0.0,0.0,0.0,0.0,0.0,0.0,0.0,0.0,0.0,0.0,0.0,0.0,0.0,0.0,0.0,,0.0,0.0,0.0,0.0,0.0,0.0,0.0,0.0,14.6
06-30,0.0,0.0,0.0,0.0,0.0,0.0,0.0,0.0,0.0,0.0,0.0,0.0,0.0,0.0,0.0,0.0,0.0,0.0,0.0,0.0,0.0,0.0,0.0,0.0,0.0,0.0,0.0,0.0,0.0,0.0,0.0,0.0,0.0,0.0,0.0,0.0,0.0,0.0,0.0,0.0,0.0,0.0,0.0,,0.0,0.0,0.0,0.0,0.0,0.0,0.0,0.0,14.6
07-01,0.0,0.0,0.0,0.0,0.0,0.0,0.0,0.0,0.0,0.0,0.0,0.0,0.0,0.0,0.0,0.0,0.0,0.0,0.0,0.0,0.0,0.0,0.0,0.0,0.0,0.0,0.0,0.0,0.0,0.0,0.0,0.0,0.0,0.0,0.0,0.0,0.0,0.0,0.0,0.0,0.0,0.0,0.0,,0.0,0.0,0.0,0.0,0.0,0.0,0.0,0.0,14.6
07-02,0.0,0.0,0.0,0.0,0.0,0.0,0.0,0.0,0.0,0.0,0.0,0.0,0.0,0.0,0.0,0.0,0.0,0.0,0.0,0.0,0.0,0.0,0.0,0.0,0.0,0.0,0.0,0.0,0.0,0.0,0.0,0.0,0.0,0.0,0.0,0.0,0.0,0.0,0.0,0.0,0.0,0.0,0.0,,0.0,0.0,0.0,0.0,0.0,0.0,0.0,0.0,14.6
07-03,0.0,0.0,0.0,0.0,0.0,0.0,0.0,0.0,0.0,0.0,0.0,0.0,0.0,0.0,0.0,0.0,0.0,0.0,0.0,0.0,0.0,0.0,0.0,0.0,0.0,0.0,0.0,0.0,0.0,0.0,0.0,0.0,0.0,0.0,0.0,0.0,0.0,0.0,0.0,0.0,0.0,0.0,0.0,,0.0,0.0,0.0,0.0,0.0,0.0,0.0,0.0,14.6
07-04,0.0,0.0,0.0,0.0,0.0,0.0,0.0,0.0,0.0,0.0,0.0,0.0,0.0,0.0,0.0,0.0,0.0,0.0,0.0,0.0,0.0,0.0,0.0,0.0,0.0,0.0,0.0,0.0,0.0,0.0,0.0,0.0,0.0,0.0,0.0,0.0,0.0,0.0,0.0,0.0,0.0,0.0,0.0,,0.0,0.0,0.0,0.0,0.0,0.0,0.0,0.0,14.6
07-05,0.0,0.0,0.0,0.0,0.0,0.0,0.0,0.0,0.0,0.0,0.0,0.0,0.0,0.0,0.0,0.0,0.0,0.0,0.0,0.0,0.0,0.0,0.0,0.0,0.0,0.0,0.0,0.0,0.0,0.0,0.0,0.0,0.0,0.0,0.0,0.0,0.0,0.0,0.0,0.0,0.0,0.0,0.0,,0.0,0.0,0.0,0.0,0.0,0.0,0.0,0.0,14.6
07-06,0.0,0.0,0.0,0.0,0.0,0.0,0.0,0.0,0.0,0.0,0.0,0.0,0.0,0.0,0.0,0.0,0.0,0.0,0.0,0.0,0.0,0.0,0.0,0.0,0.0,0.0,0.0,0.0,0.0,0.0,0.0,0.0,0.0,0.0,0.0,0.0,0.0,0.0,0.0,0.0,0.0,0.0,0.0,,0.0,0.0,0.0,0.0,0.0,0.0,0.0,0.0,14.6
07-07,0.0,0.0,0.0,0.0,0.0,0.0,0.0,0.0,0.0,0.0,0.0,0.0,0.0,0.0,0.0,0.0,0.0,0.0,0.0,0.0,0.0,0.0,0.0,0.0,0.0,0.0,0.0,0.0,0.0,0.0,0.0,0.0,0.0,0.0,0.0,0.0,0.0,0.0,0.0,0.0,0.0,0.0,0.0,,0.0,0.0,0.0,0.0,0.0,0.0,0.0,0.0,14.6
07-08,0.0,0.0,0.0,0.0,0.0,0.0,0.0,0.0,0.0,0.0,0.0,0.0,0.0,0.0,0.0,0.0,0.0,0.0,0.0,0.0,0.0,0.0,0.0,0.0,0.0,0.0,0.0,0.0,0.0,0.0,0.0,0.0,0.0,0.0,0.0,0.0,0.0,0.0,0.0,0.0,0.0,0.0,0.0,,0.0,0.0,0.0,0.0,0.0,0.0,0.0,0.0,14.6
07-09,0.0,0.0,0.0,0.0,0.0,0.0,0.0,0.0,0.0,0.0,0.0,0.0,0.0,0.0,0.0,0.0,0.0,0.0,0.0,0.0,0.0,0.0,0.0,0.0,0.0,0.0,0.0,0.0,0.0,0.0,0.0,0.0,0.0,0.0,0.0,0.0,0.0,0.0,0.0,0.0,0.0,0.0,0.0,,0.0,0.0,0.0,0.0,0.0,0.0,0.0,0.0,14.6
07-10,0.0,0.0,0.0,0.0,0.0,0.0,0.0,0.0,0.0,0.0,0.0,0.0,0.0,0.0,0.0,0.0,0.0,0.0,0.0,0.0,0.0,0.0,0.0,0.0,0.0,0.0,0.0,0.0,0.0,0.0,0.0,0.0,0.0,0.0,0.0,0.0,0.0,0.0,0.0,0.0,0.0,0.0,0.0,,0.0,0.0,0.0,0.0,0.0,0.0,0.0,0.0,14.6
07-11,0.0,0.0,0.0,0.0,0.0,0.0,0.0,0.0,0.0,0.0,0.0,0.0,0.0,0.0,0.0,0.0,0.0,0.0,0.0,0.0,0.0,0.0,0.0,0.0,0.0,0.0,0.0,0.0,0.0,0.0,0.0,0.0,0.0,0.0,0.0,0.0,0.0,0.0,0.0,0.0,0.0,0.0,0.0,,0.0,0.0,0.0,0.0,0.0,0.0,0.0,0.0,14.6
07-12,0.0,0.0,0.0,0.0,0.0,0.0,0.0,0.0,0.0,0.0,0.0,0.0,0.0,0.0,0.0,0.0,0.0,0.0,0.0,0.0,0.0,0.0,0.0,0.0,0.0,0.0,0.0,0.0,0.0,0.0,0.0,0.0,0.0,0.0,0.0,0.0,0.0,0.0,0.0,0.0,0.0,0.0,0.0,,0.0,0.0,0.0,0.0,0.0,0.0,0.0,0.0,14.6
07-13,0.0,0.0,0.0,0.0,0.0,0.0,0.0,0.0,0.0,0.0,0.0,0.0,0.0,0.0,0.0,0.0,0.0,0.0,0.0,0.0,0.0,0.0,0.0,0.0,0.0,0.0,0.0,0.0,0.0,0.0,0.0,0.0,0.0,0.0,0.0,0.0,0.0,0.0,0.0,0.0,0.0,0.0,0.0,,0.0,0.0,0.0,0.0,0.0,0.0,0.0,0.0,14.6
07-14,0.0,0.0,0.0,0.0,0.0,0.0,0.0,0.0,0.0,0.0,0.0,0.0,0.0,0.0,0.0,0.0,0.0,0.0,0.0,0.0,0.0,0.0,0.0,0.0,0.0,0.0,0.0,0.0,0.0,0.0,0.0,0.0,0.0,0.0,0.0,0.0,0.0,0.0,0.0,0.0,0.0,0.0,0.0,,0.0,0.0,0.0,0.0,0.0,0.0,0.0,0.0,14.6
07-15,0.0,0.0,0.0,0.0,0.0,0.0,0.0,0.0,0.0,0.0,0.0,0.0,0.0,0.0,0.0,0.0,0.0,0.0,0.0,0.0,0.0,0.0,0.0,0.0,0.0,0.0,0.0,0.0,0.0,0.0,0.0,0.0,0.0,0.0,0.0,0.0,0.0,0.0,0.0,0.0,0.0,0.0,0.0,,0.0,0.0,0.0,0.0,0.0,0.0,0.0,0.0,14.6
07-16,0.0,0.0,0.0,0.0,0.0,0.0,0.0,0.0,0.0,0.0,0.0,0.0,0.0,0.0,0.0,0.0,0.0,0.0,0.0,0.0,0.0,0.0,0.0,0.0,0.0,0.0,0.0,0.0,0.0,0.0,0.0,0.0,0.0,0.0,0.0,0.0,0.0,0.0,0.0,0.0,0.0,0.0,0.0,,0.0,0.0,0.0,0.0,0.0,0.0,0.0,0.0,14.6
07-17,0.0,0.0,0.0,0.0,0.0,0.0,0.0,0.0,0.0,0.0,0.0,0.0,0.0,0.0,0.0,0.0,0.0,0.0,0.0,0.0,0.0,0.0,0.0,0.0,0.0,0.0,0.0,0.0,0.0,0.0,0.0,0.0,0.0,0.0,0.0,0.0,0.0,0.0,0.0,0.0,0.0,0.0,0.0,,0.0,0.0,0.0,0.0,0.0,0.0,0.0,0.0,14.6
07-18,0.0,0.0,0.0,0.0,0.0,0.0,0.0,0.0,0.0,0.0,0.0,0.0,0.0,0.0,0.0,0.0,0.0,0.0,0.0,0.0,0.0,0.0,0.0,0.0,0.0,0.0,0.0,0.0,0.0,0.0,0.0,0.0,0.0,0.0,0.0,0.0,0.0,0.0,0.0,0.0,0.0,0.0,0.0,,0.0,0.0,0.0,0.0,0.0,0.0,0.0,0.0,14.6
07-19,0.0,0.0,0.0,0.0,0.0,0.0,0.0,0.0,0.0,0.0,0.0,0.0,0.0,0.0,0.0,0.0,0.0,0.0,0.0,0.0,0.0,0.0,0.0,0.0,0.0,0.0,0.0,0.0,0.0,0.0,0.0,0.0,0.0,0.0,0.0,0.0,0.0,0.0,0.0,0.0,0.0,0.0,0.0,,0.0,0.0,0.0,0.0,0.0,0.0,0.0,0.0,14.6
07-20,0.0,0.0,0.0,0.0,0.0,0.0,0.0,0.0,0.0,0.0,0.0,0.0,0.0,0.0,0.0,0.0,0.0,0.0,0.0,0.0,0.0,0.0,0.0,0.0,0.0,0.0,0.0,0.0,0.0,0.0,0.0,0.0,0.0,0.0,0.0,0.0,0.0,0.0,0.0,0.0,0.0,0.0,0.0,,0.0,0.0,0.0,0.0,0.0,0.0,0.0,0.0,14.6
07-21,0.0,0.0,0.0,0.0,0.0,0.0,0.0,0.0,0.0,0.0,0.0,0.0,0.0,0.0,0.0,0.0,0.0,0.0,0.0,0.0,0.0,0.0,0.0,0.0,0.0,0.0,0.0,0.0,0.0,0.0,0.0,0.0,0.0,0.0,0.0,0.0,0.0,0.0,0.0,0.0,0.0,0.0,0.0,,0.0,0.0,0.0,0.0,0.0,0.0,0.0,0.0,14.6
07-22,0.0,0.0,0.0,0.0,0.0,0.0,0.0,0.0,0.0,0.0,0.0,0.0,0.0,0.0,0.0,0.0,0.0,0.0,0.0,0.0,0.0,0.0,0.0,0.0,0.0,0.0,0.0,0.0,0.0,0.0,0.0,0.0,0.0,0.0,0.0,0.0,0.0,0.0,0.0,0.0,0.0,0.0,0.0,,0.0,0.0,0.0,0.0,0.0,0.0,0.0,0.0,14.6
07-23,0.0,0.0,0.0,0.0,0.0,0.0,0.0,0.0,0.0,0.0,0.0,0.0,0.0,0.0,0.0,0.0,0.0,0.0,0.0,0.0,0.0,0.0,0.0,0.0,0.0,0.0,0.0,0.0,0.0,0.0,0.0,0.0,0.0,0.0,0.0,0.0,0.0,0.0,0.0,0.0,0.0,0.0,0.0,,0.0,0.0,0.0,0.0,0.0,0.0,0.0,0.0,14.6
07-24,0.0,0.0,0.0,0.0,0.0,0.0,0.0,0.0,0.0,0.0,0.0,0.0,0.0,0.0,0.0,0.0,0.0,0.0,0.0,0.0,0.0,0.0,0.0,0.0,0.0,0.0,0.0,0.0,0.0,0.0,0.0,0.0,0.0,0.0,0.0,0.0,0.0,0.0,0.0,0.0,0.0,0.0,0.0,,0.0,0.0,0.0,0.0,0.0,0.0,0.0,0.0,14.6
07-25,0.0,0.0,0.0,0.0,0.0,0.0,0.0,0.0,0.0,0.0,0.0,0.0,0.0,0.0,0.0,0.0,0.0,0.0,0.0,0.0,0.0,0.0,0.0,0.0,0.0,0.0,0.0,0.0,0.0,0.0,0.0,0.0,0.0,0.0,0.0,0.0,0.0,0.0,0.0,0.0,0.0,0.0,0.0,,0.0,0.0,0.0,0.0,0.0,0.0,0.0,0.0,14.6
07-26,0.0,0.0,0.0,0.0,0.0,0.0,0.0,0.0,0.0,0.0,0.0,0.0,0.0,0.0,0.0,0.0,0.0,0.0,0.0,0.0,0.0,0.0,0.0,0.0,0.0,0.0,0.0,0.0,0.0,0.0,0.0,0.0,0.0,0.0,0.0,0.0,0.0,0.0,0.0,0.0,0.0,0.0,0.0,,0.0,0.0,0.0,0.0,0.0,0.0,0.0,0.0,14.6
07-27,0.0,0.0,0.0,0.0,0.0,0.0,0.0,0.0,0.0,0.0,0.0,0.0,0.0,0.0,0.0,0.0,0.0,0.0,0.0,0.0,0.0,0.0,0.0,0.0,0.0,0.0,0.0,0.0,0.0,0.0,0.0,0.0,0.0,0.0,0.0,0.0,0.0,0.0,0.0,0.0,0.0,0.0,0.0,,0.0,0.0,0.0,0.0,0.0,0.0,0.0,0.0,14.6
07-28,0.0,0.0,0.0,0.0,0.0,0.0,0.0,0.0,0.0,0.0,0.0,0.0,0.0,0.0,0.0,0.0,0.0,0.0,0.0,0.0,0.0,0.0,0.0,0.0,0.0,0.0,0.0,0.0,0.0,0.0,0.0,0.0,0.0,0.0,0.0,0.0,0.0,0.0,0.0,0.0,0.0,0.0,0.0,,0.0,0.0,0.0,0.0,0.0,0.0,0.0,0.0,14.6
07-29,0.0,0.0,0.0,0.0,0.0,0.0,0.0,0.0,0.0,0.0,0.0,0.0,0.0,0.0,0.0,0.0,0.0,0.0,0.0,0.0,0.0,0.0,0.0,0.0,0.0,0.0,0.0,0.0,0.0,0.0,0.0,0.0,0.0,0.0,0.0,0.0,0.0,0.0,0.0,0.0,0.0,0.0,0.0,,0.0,0.0,0.0,0.0,0.0,0.0,0.0,0.0,14.6
07-30,0.0,0.0,0.0,0.0,0.0,0.0,0.0,0.0,0.0,0.0,0.0,0.0,0.0,0.0,0.0,0.0,0.0,0.0,0.0,0.0,0.0,0.0,0.0,0.0,0.0,0.0,0.0,0.0,0.0,0.0,0.0,0.0,0.0,0.0,0.0,0.0,0.0,0.0,0.0,0.0,0.0,0.0,0.0,,0.0,0.0,0.0,0.0,0.0,0.0,0.0,0.0,14.6
07-31,0.0,0.0,0.0,0.0,0.0,0.0,0.0,0.0,0.0,0.0,0.0,0.0,0.0,0.0,0.0,0.0,0.0,0.0,0.0,0.0,0.0,0.0,0.0,0.0,0.0,0.0,0.0,0.0,0.0,0.0,0.0,0.0,0.0,0.0,0.0,0.0,0.0,0.0,0.0,0.0,0.0,0.0,0.0,,0.0,0.0,0.0,0.0,0.0,0.0,0.0,0.0,14.6
08-01,0.0,0.0,0.0,0.0,0.0,0.0,0.0,0.0,0.0,0.0,0.0,0.0,0.0,0.0,0.0,0.0,0.0,0.0,0.0,0.0,0.0,0.0,0.0,0.0,0.0,0.0,0.0,0.0,0.0,0.0,0.0,0.0,0.0,0.0,0.0,0.0,0.0,0.0,0.0,0.0,0.0,0.0,0.0,,0.0,0.0,0.0,0.0,0.0,0.0,0.0,0.0,14.6
08-02,0.0,0.0,0.0,0.0,0.0,0.0,0.0,0.0,0.0,0.0,0.0,0.0,0.0,0.0,0.0,0.0,0.0,0.0,0.0,0.0,0.0,0.0,0.0,0.0,0.0,0.0,0.0,0.0,0.0,0.0,0.0,0.0,0.0,0.0,0.0,0.0,0.0,0.0,0.0,0.0,0.0,0.0,0.0,,0.0,0.0,0.0,0.0,0.0,0.0,0.0,0.0,14.6
08-03,0.0,0.0,0.0,0.0,0.0,0.0,0.0,0.0,0.0,0.0,0.0,0.0,0.0,0.0,0.0,0.0,0.0,0.0,0.0,0.0,0.0,0.0,0.0,0.0,0.0,0.0,0.0,0.0,0.0,0.0,0.0,0.0,0.0,0.0,0.0,0.0,0.0,0.0,0.0,0.0,0.0,0.0,0.0,,0.0,0.0,0.0,0.0,0.0,0.0,0.0,0.0,14.6
08-04,0.0,0.0,0.0,0.0,0.0,0.0,0.0,0.0,0.0,0.0,0.0,0.0,0.0,0.0,0.0,0.0,0.0,0.0,0.0,0.0,0.0,0.0,0.0,0.0,0.0,0.0,0.0,0.0,0.0,0.0,0.0,0.0,0.0,0.0,0.0,0.0,0.0,0.0,0.0,0.0,0.0,0.0,0.0,,0.0,0.0,0.0,0.0,0.0,0.0,0.0,0.0,14.6
08-05,0.0,0.0,0.0,0.0,0.0,0.0,0.0,0.0,0.0,0.0,0.0,0.0,0.0,0.0,0.0,0.0,0.0,0.0,0.0,0.0,0.0,0.0,0.0,0.0,0.0,0.0,0.0,0.0,0.0,0.0,0.0,0.0,0.0,0.0,0.0,0.0,0.0,0.0,0.0,0.0,0.0,0.0,0.0,,0.0,0.0,0.0,0.0,0.0,0.0,0.0,0.0,14.6
08-06,0.0,0.0,0.0,0.0,0.0,0.0,0.0,0.0,0.0,0.0,0.0,0.0,0.0,0.0,0.0,0.0,0.0,0.0,0.0,0.0,0.0,0.0,0.0,0.0,0.0,0.0,0.0,0.0,0.0,0.0,0.0,0.0,0.0,0.0,0.0,0.0,0.0,0.0,0.0,0.0,0.0,0.0,0.0,,0.0,0.0,0.0,0.0,0.0,0.0,0.0,0.0,14.6
08-07,0.0,0.0,0.0,0.0,0.0,0.0,0.0,0.0,0.0,0.0,0.0,0.0,0.0,0.0,0.0,0.0,0.0,0.0,0.0,0.0,0.0,0.0,0.0,0.0,0.0,0.0,0.0,0.0,0.0,0.0,0.0,0.0,0.0,0.0,0.0,0.0,0.0,0.0,0.0,0.0,0.0,0.0,0.0,,0.0,0.0,0.0,0.0,0.0,0.0,0.0,0.0,14.6
08-08,0.0,0.0,0.0,0.0,0.0,0.0,0.0,0.0,0.0,0.0,0.0,0.0,0.0,0.0,0.0,0.0,0.0,0.0,0.0,0.0,0.0,0.0,0.0,0.0,0.0,0.0,0.0,0.0,0.0,0.0,0.0,0.0,0.0,0.0,0.0,0.0,0.0,0.0,0.0,0.0,0.0,0.0,0.0,,0.0,0.0,0.0,0.0,0.0,0.0,0.0,0.0,14.6
08-09,0.0,0.0,0.0,0.0,0.0,0.0,0.0,0.0,0.0,0.0,0.0,0.0,0.0,0.0,0.0,0.0,0.0,0.0,0.0,0.0,0.0,0.0,0.0,0.0,0.0,0.0,0.0,0.0,0.0,0.0,0.0,0.0,0.0,0.0,0.0,0.0,0.0,0.0,0.0,0.0,0.0,0.0,0.0,,0.0,0.0,0.0,0.0,0.0,0.0,0.0,0.0,14.6
08-10,0.0,0.0,0.0,0.0,0.0,0.0,0.0,0.0,0.0,0.0,0.0,0.0,0.0,0.0,0.0,0.0,0.0,0.0,0.0,0.0,0.0,0.0,0.0,0.0,0.0,0.0,0.0,0.0,0.0,0.0,0.0,0.0,0.0,0.0,0.0,0.0,0.0,0.0,0.0,0.0,0.0,0.0,0.0,,0.0,0.0,0.0,0.0,0.0,0.0,0.0,0.0,14.6
08-11,0.0,0.0,0.0,0.0,0.0,0.0,0.0,0.0,0.0,0.0,0.0,0.0,0.0,0.0,0.0,0.0,0.0,0.0,0.0,0.0,0.0,0.0,0.0,0.0,0.0,0.0,0.0,0.0,0.0,0.0,0.0,0.0,0.0,0.0,0.0,0.0,0.0,0.0,0.0,0.0,0.0,0.0,0.0,,0.0,0.0,0.0,0.0,0.0,0.0,0.0,0.0,14.6
08-12,0.0,0.0,0.0,0.0,0.0,0.0,0.0,0.0,0.0,0.0,0.0,0.0,0.0,0.0,0.0,0.0,0.0,0.0,0.0,0.0,0.0,0.0,0.0,0.0,0.0,0.0,0.0,0.0,0.0,0.0,0.0,0.0,0.0,0.0,0.0,0.0,0.0,0.0,0.0,0.0,0.0,0.0,0.0,,0.0,0.0,0.0,0.0,0.0,0.0,0.0,0.0,14.6
08-13,0.0,0.0,0.0,0.0,0.0,0.0,0.0,0.0,0.0,0.0,0.0,0.0,0.0,0.0,0.0,0.0,0.0,0.0,0.0,0.0,0.0,0.0,0.0,0.0,0.0,0.0,0.0,0.0,0.0,0.0,0.0,0.0,0.0,0.0,0.0,0.0,0.0,0.0,0.0,0.0,0.0,0.0,0.0,,0.0,0.0,0.0,0.0,0.0,0.0,0.0,0.0,14.6
08-14,0.0,0.0,0.0,0.0,0.0,0.0,0.0,0.0,0.0,0.0,0.0,0.0,0.0,0.0,0.0,0.0,0.0,0.0,0.0,0.0,0.0,0.0,0.0,0.0,0.0,0.0,0.0,0.0,0.0,0.0,0.0,0.0,0.0,0.0,0.0,0.0,0.0,0.0,0.0,0.0,0.0,0.0,0.0,,0.0,0.0,0.0,0.0,0.0,0.0,0.0,0.0,14.6
08-15,0.0,0.0,0.0,0.0,0.0,0.0,0.0,0.0,0.0,0.0,0.0,0.0,0.0,0.0,0.0,0.0,0.0,0.0,0.0,0.0,0.0,0.0,0.0,0.0,0.0,0.0,0.0,0.0,0.0,0.0,0.0,0.0,0.0,0.0,0.0,0.0,0.0,0.0,0.0,0.0,0.0,0.0,0.0,,0.0,0.0,0.0,0.0,0.0,0.0,0.0,0.0,14.6
08-16,0.0,0.0,0.0,0.0,0.0,0.0,0.0,0.0,0.0,0.0,0.0,0.0,0.0,0.0,0.0,0.0,0.0,0.0,0.0,0.0,0.0,0.0,0.0,0.0,0.0,0.0,0.0,0.0,0.0,0.0,0.0,0.0,0.0,0.0,0.0,0.0,0.0,0.0,0.0,0.0,0.0,0.0,0.0,,0.0,0.0,0.0,0.0,0.0,0.0,0.0,0.0,14.6
08-17,0.0,0.0,0.0,0.0,0.0,0.0,0.0,0.0,0.0,0.0,0.0,0.0,0.0,0.0,0.0,0.0,0.0,0.0,0.0,0.0,0.0,0.0,0.0,0.0,0.0,0.0,0.0,0.0,0.0,0.0,0.0,0.0,0.0,0.0,0.0,0.0,0.0,0.0,0.0,0.0,0.0,0.0,0.0,,0.0,0.0,0.0,0.0,0.0,0.0,0.0,0.0,14.6
08-18,0.0,0.0,0.0,0.0,0.0,0.0,0.0,0.0,0.0,0.0,0.0,0.0,0.0,0.0,0.0,0.0,0.0,0.0,0.0,0.0,0.0,0.0,0.0,0.0,0.0,0.0,0.0,0.0,0.0,0.0,0.0,0.0,0.0,0.0,0.0,0.0,0.0,0.0,0.0,0.0,0.0,0.0,0.0,,0.0,0.0,0.0,0.0,0.0,0.0,0.0,0.0,14.6
08-19,0.0,0.0,0.0,0.0,0.0,0.0,0.0,0.0,0.0,0.0,0.0,0.0,0.0,0.0,0.0,0.0,0.0,0.0,0.0,0.0,0.0,0.0,0.0,0.0,0.0,0.0,0.0,0.0,0.0,0.0,0.0,0.0,0.0,0.0,0.0,0.0,0.0,0.0,0.0,0.0,0.0,0.0,0.0,,0.0,0.0,0.0,0.0,0.0,0.0,0.0,0.0,14.6
08-20,0.0,0.0,0.0,0.0,0.0,0.0,0.0,0.0,0.0,0.0,0.0,0.0,0.0,0.0,0.0,0.0,0.0,0.0,0.0,0.0,0.0,0.0,0.0,0.0,0.0,0.0,0.0,0.0,0.0,0.0,0.0,0.0,0.0,0.0,0.0,0.0,0.0,0.0,0.0,0.0,0.0,0.0,0.0,,0.0,0.0,0.0,0.0,0.0,0.0,0.0,0.0,14.6
08-21,0.0,0.0,0.0,0.0,0.0,0.0,0.0,0.0,0.0,0.0,0.0,0.0,0.0,0.0,0.0,0.0,0.0,0.0,0.0,0.0,0.0,0.0,0.0,0.0,0.0,0.0,0.0,0.0,0.0,0.0,0.0,0.0,0.0,0.0,0.0,0.0,0.0,0.0,0.0,0.0,0.0,0.0,0.0,,0.0,0.0,0.0,0.0,0.0,0.0,0.0,0.0,14.6
08-22,0.0,0.0,0.0,0.0,0.0,0.0,0.0,0.0,0.0,0.0,0.0,0.0,0.0,0.0,0.0,0.0,0.0,0.0,0.0,0.0,0.0,0.0,0.0,0.0,0.0,0.0,0.0,0.0,0.0,0.0,0.0,0.0,0.0,0.0,0.0,0.0,0.0,0.0,0.0,0.0,0.0,0.0,0.0,,0.0,0.0,0.0,0.0,0.0,0.0,0.0,0.0,14.6
08-23,0.0,0.0,0.0,0.0,0.0,0.0,0.0,0.0,0.0,0.0,0.0,0.0,0.0,0.0,0.0,0.0,0.0,0.0,0.0,0.0,0.0,0.0,0.0,0.0,0.0,0.0,0.0,0.0,0.0,0.0,0.0,0.0,0.0,0.0,0.0,0.0,0.0,0.0,0.0,0.0,0.0,0.0,0.0,,0.0,0.0,0.0,0.0,0.0,0.0,0.0,0.0,14.6
08-24,0.0,0.0,0.0,0.0,0.0,0.0,0.0,0.0,0.0,0.0,0.0,0.0,0.0,0.0,0.0,0.0,0.0,0.0,0.0,0.0,0.0,0.0,0.0,0.0,0.0,0.0,0.0,0.0,0.0,0.0,0.0,0.0,0.0,0.0,0.0,0.0,0.0,0.0,0.0,0.0,0.0,0.0,0.0,,0.0,0.0,0.0,0.0,0.0,0.0,0.0,0.0,14.6
08-25,0.0,0.0,0.0,0.0,0.0,0.0,0.0,0.0,0.0,0.0,0.0,0.0,0.0,0.0,0.0,0.0,0.0,0.0,0.0,0.0,0.0,0.0,0.0,0.0,0.0,0.0,0.0,0.0,0.0,0.0,0.0,0.0,0.0,0.0,0.0,0.0,0.0,0.0,0.0,0.0,0.0,0.0,0.0,,0.0,0.0,0.0,0.0,0.0,0.0,0.0,0.0,14.6
08-26,0.0,0.0,0.0,0.0,0.0,0.0,0.0,0.0,0.0,0.0,0.0,0.0,0.0,0.0,0.0,0.0,0.0,0.0,0.0,0.0,0.0,0.0,0.0,0.0,0.0,0.0,0.0,0.0,0.0,0.0,0.0,0.0,0.0,0.0,0.0,0.0,0.0,0.0,0.0,0.0,0.0,0.0,0.0,,0.0,0.0,0.0,0.0,0.0,0.0,0.0,0.0,14.6
08-27,0.0,0.0,0.0,0.0,0.0,0.0,0.0,0.0,0.0,0.0,0.0,0.0,0.0,0.0,0.0,0.0,0.0,0.0,0.0,0.0,0.0,0.0,0.0,0.0,0.0,0.0,0.0,0.0,0.0,0.0,0.0,0.0,0.0,0.0,0.0,0.0,0.0,0.0,0.0,0.0,0.0,0.0,0.0,,0.0,0.0,0.0,0.0,0.0,0.0,0.0,0.0,14.6
08-28,0.0,0.0,0.0,0.0,0.0,0.0,0.0,0.0,0.0,0.0,0.0,0.0,0.0,0.0,0.0,0.0,0.0,0.0,0.0,0.0,0.0,0.0,0.0,0.0,0.0,0.0,0.0,0.0,0.0,0.0,0.0,0.0,0.0,0.0,0.0,0.0,0.0,0.0,0.0,0.0,0.0,0.0,0.0,,0.0,0.0,0.0,0.0,0.0,0.0,0.0,0.0,14.6
08-29,0.0,0.0,0.0,0.0,0.0,0.0,0.0,0.0,0.0,0.0,0.0,0.0,0.0,0.0,0.0,0.0,0.0,0.0,0.0,0.0,0.0,0.0,0.0,0.0,0.0,0.0,0.0,0.0,0.0,0.0,0.0,0.0,0.0,0.0,0.0,0.0,0.0,0.0,0.0,0.0,0.0,0.0,0.0,,0.0,0.0,0.0,0.0,0.0,0.0,0.0,0.0,14.6
08-30,0.0,0.0,0.0,0.0,0.0,0.0,0.0,0.0,0.0,0.0,0.0,0.0,0.0,0.0,0.0,0.0,0.0,0.0,0.0,0.0,0.0,0.0,0.0,0.0,0.0,0.0,0.0,0.0,0.0,0.0,0.0,0.0,0.0,0.0,0.0,0.0,0.0,0.0,0.0,0.0,0.0,0.0,0.0,,0.0,0.0,0.0,0.0,0.0,0.0,0.0,0.0,14.6
08-31,0.0,0.0,0.0,0.0,0.0,0.0,0.0,0.0,0.0,0.0,0.0,0.0,0.0,0.0,0.0,0.0,0.0,0.0,0.0,0.0,0.0,0.0,0.0,0.0,0.0,0.0,0.0,0.0,0.0,0.0,0.0,0.0,0.0,0.0,0.0,0.0,0.0,0.0,0.0,0.0,0.0,0.0,0.0,,0.0,0.0,0.0,0.0,0.0,0.0,0.0,0.0,14.6
09-01,0.0,0.0,0.0,0.0,0.0,0.0,0.0,0.0,0.0,0.0,0.0,0.0,0.0,0.0,0.0,0.0,0.0,0.0,0.0,0.0,0.0,0.0,0.0,0.0,0.0,0.0,0.0,0.0,0.0,0.0,0.0,0.0,0.0,0.0,0.0,0.0,0.0,0.0,0.0,0.0,0.0,0.0,0.0,,0.0,0.0,0.0,0.0,0.0,0.0,0.0,0.0,14.6
09-02,0.0,0.0,0.0,0.0,0.0,0.0,0.0,0.0,0.0,0.0,0.0,0.0,0.0,0.0,0.0,0.0,0.0,0.0,0.0,0.0,0.0,0.0,0.0,0.0,0.0,0.0,0.0,0.0,0.0,0.0,0.0,0.0,0.0,0.0,0.0,0.0,0.0,0.0,0.0,0.0,0.0,0.0,0.0,,0.0,0.0,0.0,0.0,0.0,0.0,0.0,0.0,14.6
09-03,0.0,0.0,0.0,0.0,0.0,0.0,0.0,0.0,0.0,0.0,0.0,0.0,0.0,0.0,0.0,0.0,0.0,0.0,0.0,0.0,0.0,0.0,0.0,0.0,0.0,0.0,0.0,0.0,0.0,0.0,0.0,0.0,0.0,0.0,0.0,0.0,0.0,0.0,0.0,0.0,0.0,0.0,0.0,,0.0,0.0,0.0,0.0,0.0,0.0,0.0,0.0,14.6
09-04,0.0,0.0,0.0,0.0,0.0,0.0,0.0,0.0,0.0,0.0,0.0,0.0,0.0,0.0,0.0,0.0,0.0,0.0,0.0,0.0,0.0,0.0,0.0,0.0,0.0,0.0,0.0,0.0,0.0,0.0,0.0,0.0,0.0,0.0,0.0,0.0,0.0,0.0,0.0,0.0,0.0,0.0,0.0,,0.0,0.0,0.0,0.0,0.0,0.0,0.0,0.0,14.6
09-05,0.0,0.0,0.0,0.0,0.0,0.0,0.0,0.0,0.0,0.0,0.0,0.0,0.0,0.0,0.0,0.0,0.0,0.0,0.0,0.0,0.0,0.0,0.0,0.0,0.0,0.0,0.0,0.0,0.0,0.0,0.0,0.0,0.0,0.0,0.0,0.0,0.0,0.0,0.0,0.0,0.0,0.0,0.0,,0.0,0.0,0.0,0.0,0.0,0.0,0.0,0.0,14.6
09-06,0.0,0.0,0.0,0.0,0.0,0.0,0.0,0.0,0.0,0.0,0.0,0.0,0.0,0.0,0.0,0.0,0.0,0.0,0.0,0.0,0.0,0.0,0.0,0.0,0.0,0.0,0.0,0.0,0.0,0.0,0.0,0.0,0.0,0.0,0.0,0.0,0.0,0.0,0.0,0.0,0.0,0.0,0.0,,0.0,0.0,0.0,0.0,0.0,0.0,0.0,0.0,14.6
09-07,0.0,0.0,0.0,0.0,0.0,0.0,0.0,0.0,0.0,0.0,0.0,0.0,0.0,0.0,0.0,0.0,0.0,0.0,0.0,0.0,0.0,0.0,0.0,0.0,0.0,0.0,0.0,0.0,0.0,0.0,0.0,0.0,0.0,0.0,0.0,0.0,0.0,0.0,0.0,0.0,0.0,0.0,0.0,,0.0,0.0,0.0,0.0,0.0,0.0,0.0,0.0,14.6
09-08,0.0,0.0,0.0,0.0,0.0,0.0,0.0,0.0,0.0,0.0,0.0,0.0,0.0,0.0,0.0,0.0,0.0,0.0,0.0,0.0,0.0,0.0,0.0,0.0,0.0,0.0,0.0,0.0,0.0,0.0,0.0,0.0,0.0,0.0,0.0,0.0,0.0,0.0,0.0,0.0,0.0,0.0,0.0,,0.0,0.0,0.0,0.0,0.0,0.0,0.0,0.0,14.6
09-09,0.0,0.0,0.0,0.0,0.0,0.0,0.0,0.0,0.0,0.0,0.0,0.0,0.0,0.0,0.0,0.0,0.0,0.0,0.0,0.0,0.0,0.0,0.0,0.0,0.0,0.0,0.0,0.0,0.0,0.0,0.0,0.0,0.0,0.0,0.0,0.0,0.0,0.0,0.0,0.0,0.0,0.0,0.0,,0.0,0.0,0.0,0.0,0.0,0.0,0.0,0.0,14.6
09-10,0.0,0.0,0.0,0.0,0.0,0.0,0.0,0.0,0.0,0.0,0.0,0.0,0.0,0.0,0.0,0.0,0.0,0.0,0.0,0.0,0.0,0.0,0.0,0.0,0.0,0.0,0.0,0.0,0.0,0.0,0.0,0.0,0.0,0.0,0.0,0.0,0.0,0.0,0.0,0.0,0.0,0.0,0.0,,0.0,0.0,0.0,0.0,0.0,0.0,0.0,0.0,14.6
09-11,0.0,0.1,0.0,0.0,0.0,0.0,0.0,0.0,0.0,0.0,0.0,0.0,0.0,0.0,0.0,0.0,0.0,0.0,0.0,0.0,0.0,0.0,0.0,0.0,0.0,0.0,0.0,0.0,0.0,0.0,0.0,0.0,0.0,0.0,0.0,0.0,0.0,0.0,0.0,0.0,0.0,0.0,0.0,,0.0,0.0,0.0,0.0,0.0,0.1,0.0,0.0,14.6
09-12,0.0,0.1,0.0,0.0,0.1,0.0,0.0,0.0,0.0,0.0,0.0,0.0,0.0,0.0,0.0,0.0,0.0,0.0,0.0,0.0,0.0,0.0,0.0,0.0,0.0,0.0,0.0,0.0,0.0,0.0,0.0,0.0,0.0,0.0,0.0,0.0,0.0,0.0,0.0,0.0,0.0,0.0,0.0,,0.0,0.0,0.0,0.0,0.0,0.1,0.0,0.0,14.6
09-13,0.0,0.2,0.0,0.0,0.0,0.0,0.0,0.0,0.0,0.0,0.0,0.0,0.0,0.0,0.0,0.0,0.0,0.0,0.0,0.0,0.0,0.0,0.0,0.0,0.0,0.0,0.0,0.0,0.0,0.0,0.0,0.0,0.0,0.0,0.0,0.0,0.0,0.0,0.0,0.0,0.0,0.0,0.0,,0.0,0.0,0.0,0.0,0.0,0.2,0.0,0.0,14.6
09-14,0.0,0.4,0.0,0.0,0.0,0.0,0.0,0.0,0.0,0.0,0.0,0.0,0.0,0.0,0.0,0.0,0.0,0.0,0.0,0.0,0.0,0.0,0.0,0.0,0.0,0.0,0.0,0.0,0.0,0.0,0.0,0.0,0.0,0.0,0.0,0.0,0.0,0.0,0.0,0.0,0.0,0.0,0.0,,0.0,0.0,0.0,0.0,0.0,0.4,0.0,0.0,14.6
09-15,0.0,0.3,0.0,0.0,0.0,0.0,0.0,0.0,0.0,0.0,0.0,0.0,0.0,0.0,0.0,0.0,0.0,0.0,0.0,0.0,0.0,0.0,0.0,0.0,0.0,0.0,0.0,0.0,0.0,0.0,0.0,0.0,0.0,0.0,0.0,0.0,0.0,0.0,0.0,0.0,0.0,0.0,0.0,,0.0,0.0,0.0,0.0,0.0,0.3,0.0,0.0,14.6
09-16,0.0,0.3,0.0,0.0,0.0,0.0,0.0,0.0,0.0,0.0,0.0,0.0,0.0,0.0,0.0,0.0,0.0,0.0,0.0,0.0,0.0,0.0,0.0,0.0,0.0,0.1,0.0,0.0,0.0,0.0,0.0,0.0,0.0,0.0,0.0,0.0,0.0,0.0,0.0,0.0,0.0,0.0,0.0,,0.0,0.0,0.0,0.0,0.0,0.3,0.0,0.0,14.6
09-17,0.0,0.0,0.0,0.0,0.0,0.0,0.0,0.0,0.0,0.0,0.0,0.0,0.0,0.0,0.0,0.1,0.0,0.0,0.0,0.0,0.0,0.0,0.0,0.0,0.0,0.1,0.0,0.0,0.0,0.0,0.0,0.0,0.0,0.0,0.0,0.0,0.0,0.0,0.0,0.0,0.0,0.0,0.0,,0.0,0.0,0.0,0.0,0.0,0.1,0.0,0.0,14.6
09-18,0.0,0.0,0.0,0.0,0.0,0.0,0.0,0.0,0.0,0.0,0.0,0.0,0.0,0.0,0.0,0.0,0.0,0.0,0.0,0.0,0.0,0.0,0.0,0.0,0.0,0.0,0.0,0.0,0.0,0.0,0.0,0.0,0.0,0.0,0.0,0.0,0.0,0.0,0.0,0.0,0.0,0.0,0.0,,0.0,0.0,0.0,0.0,0.0,0.0,0.0,0.0,14.6
09-19,0.0,0.0,0.0,0.0,0.1,0.0,0.0,0.0,0.0,0.0,0.0,0.0,0.0,0.0,0.0,0.0,0.0,0.0,0.0,0.0,0.0,0.0,0.0,0.0,0.0,0.0,0.0,0.0,0.0,0.0,0.0,0.0,0.0,0.0,0.0,0.0,0.0,0.0,0.0,0.0,0.0,0.0,0.0,,0.0,0.0,0.0,0.0,0.0,0.1,0.0,0.0,14.6
09-20,0.0,0.0,0.0,0.0,0.1,0.0,0.0,0.0,0.0,0.0,0.0,0.0,0.0,0.0,0.0,0.0,0.0,0.0,0.0,0.0,0.0,0.0,0.0,0.0,0.0,0.0,0.0,0.0,0.0,0.0,0.0,0.0,0.0,0.0,0.0,0.0,0.0,0.0,0.0,0.0,0.0,0.0,0.0,,0.0,0.0,0.0,0.0,0.0,0.1,0.0,0.0,14.6
09-21,0.0,0.0,0.0,0.0,0.1,0.0,0.0,0.0,0.0,0.0,0.0,0.0,0.0,0.0,0.0,0.0,0.0,0.0,0.0,0.0,0.0,0.0,0.0,0.0,0.0,0.2,0.0,0.0,0.0,0.0,0.0,0.0,0.0,0.0,0.0,0.0,0.0,0.0,0.0,0.0,0.0,0.0,0.0,,0.0,0.0,0.0,0.0,0.0,0.2,0.0,0.0,14.6
09-22,0.0,0.0,0.0,0.0,0.0,0.0,0.0,0.0,0.0,0.0,0.0,0.0,0.0,0.0,0.0,0.0,0.0,0.0,0.0,0.0,0.0,0.0,0.0,0.0,0.0,0.2,0.0,0.0,0.0,0.0,0.0,0.0,0.0,0.0,0.0,0.0,0.0,0.0,0.0,0.0,0.0,0.0,0.0,,0.0,0.0,0.0,0.0,0.0,0.2,0.0,0.0,14.6
09-23,0.0,0.0,0.0,0.0,0.0,0.0,0.0,0.0,0.0,0.0,0.0,0.0,0.0,0.0,0.0,0.0,0.0,0.0,0.0,0.0,0.0,0.0,0.0,0.0,0.0,0.5,0.0,0.0,0.0,0.0,0.0,0.0,0.0,0.0,0.0,0.2,0.0,0.0,0.0,0.0,0.0,0.0,0.0,,0.0,0.0,0.0,0.0,0.0,0.5,0.0,0.0,14.6
09-24,0.0,0.0,0.0,0.0,0.0,0.0,0.0,0.0,0.0,0.0,0.0,0.0,0.0,0.0,0.0,0.0,0.0,0.0,0.0,0.2,0.0,0.0,0.0,0.0,0.0,0.3,0.1,0.0,0.0,0.0,0.0,0.0,0.0,0.0,0.0,0.2,0.1,0.0,0.0,0.0,0.0,0.0,0.0,,0.0,0.0,0.0,0.0,0.1,0.3,0.0,0.0,14.6
09-25,0.0,0.0,0.0,0.2,0.0,0.0,0.0,0.0,0.0,0.0,0.0,0.0,0.0,0.0,0.0,0.0,0.0,0.0,0.0,0.0,0.0,0.0,0.0,0.0,0.0,0.1,0.0,0.0,0.0,0.0,0.0,0.0,0.0,0.0,0.0,0.1,0.2,0.0,0.0,0.0,0.0,0.0,0.0,,0.0,0.0,0.0,0.0,0.0,0.2,0.0,0.0,14.6
09-26,0.0,0.0,0.0,0.2,0.0,0.1,0.0,0.0,0.0,0.0,0.0,0.0,0.0,0.0,0.0,0.0,0.0,0.0,0.0,0.0,0.0,0.0,0.0,0.0,0.0,0.0,0.0,0.0,0.0,0.0,0.0,0.0,0.0,0.0,0.0,0.0,0.0,0.0,0.0,0.0,0.0,0.0,0.0,,0.0,0.0,0.0,0.0,0.0,0.2,0.0,0.0,14.6
09-27,0.0,0.0,0.0,0.0,0.0,0.0,0.0,0.0,0.0,0.0,0.0,0.0,0.0,0.0,0.0,0.0,0.0,0.0,0.0,0.0,0.0,0.0,0.0,0.0,0.0,0.0,0.0,0.0,0.0,0.0,0.0,0.0,0.0,0.0,0.0,0.0,0.0,0.0,0.0,0.0,0.0,0.0,0.0,,0.0,0.0,0.0,0.0,0.0,0.0,0.0,0.0,14.6
09-28,0.0,0.2,0.0,0.1,0.0,0.0,0.0,0.0,0.0,0.0,0.0,0.0,0.0,0.0,0.0,0.0,0.0,0.0,0.0,0.0,0.0,0.0,0.0,0.0,0.0,0.0,0.0,0.0,0.0,0.0,0.0,0.0,0.2,0.0,0.0,0.0,0.0,0.0,0.0,0.0,0.0,0.0,0.0,,0.0,0.0,0.0,0.0,0.0,0.2,0.0,0.0,14.6
09-29,0.0,1.6,0.0,0.1,0.0,0.1,0.0,0.0,0.0,0.0,0.0,0.0,0.0,0.0,0.0,0.0,0.0,0.0,0.0,0.0,0.0,0.0,0.0,0.0,0.0,0.0,0.0,0.0,0.0,0.0,0.0,0.0,0.0,0.0,0.0,0.0,0.0,0.0,0.0,0.0,0.0,0.0,0.0,,0.0,0.0,0.0,0.0,0.0,1.6,0.0,0.0,14.6
09-30,0.0,2.9,0.0,0.1,0.0,0.2,0.0,0.0,0.0,0.0,0.0,0.0,0.0,0.2,0.2,0.0,0.0,0.0,0.0,0.0,0.0,0.0,0.0,0.0,0.0,0.0,0.1,0.0,0.0,0.0,0.0,0.0,0.0,0.0,0.0,0.0,0.0,0.0,0.0,0.0,0.0,0.0,0.0,,0.0,0.0,0.0,0.0,0.1,2.9,0.0,0.0,14.6
