date,1989,1990,1991,1992,1993,1994,1995,1996,1997,1998,1999,2000,2001,2002,2003,2004,2005,2006,2007,2008,2009,2010,2011,2012,2013,2014,2015,2016,2017,2018,2019,2020,2021,2022,2023,2024,Min,10%,30%,70%,90%,Max,Median ('91-'20),Median (POR),Median Peak SWE
10-01,0.0,0.0,0.0,0.0,0.0,0.0,0.0,0.0,0.0,0.0,0.0,0.0,0.0,0.0,0.0,0.0,0.0,0.0,0.0,0.0,0.0,1.0,0.0,0.0,0.0,0.0,0.0,0.0,0.0,0.0,0.0,0.0,0.0,0.0,0.0,0.0,0.0,0.0,0.0,0.0,0.0,1.0,0.0,0.0,27.4
10-02,0.0,0.0,0.0,0.0,0.0,0.0,0.0,0.0,0.0,0.0,0.0,0.0,0.0,0.0,0.5,0.0,0.0,0.0,0.0,0.0,0.0,0.8,0.0,0.0,0.0,0.0,0.0,0.0,0.0,0.1,0.0,0.0,0.0,0.0,0.0,0.0,0.0,0.0,0.0,0.0,0.0,0.8,0.0,0.0,27.4
10-03,0.0,0.0,0.0,0.0,0.0,0.0,0.0,0.0,0.0,0.0,0.0,0.0,0.0,0.0,0.5,0.0,0.0,0.0,0.0,0.0,0.0,0.8,0.0,0.0,0.0,0.0,0.0,0.0,0.0,0.2,0.0,0.0,0.0,0.0,0.0,0.5,0.0,0.0,0.0,0.0,0.0,0.8,0.0,0.0,27.4
10-04,0.0,0.0,0.0,0.0,0.0,0.0,0.3,0.0,0.0,0.0,0.5,0.0,0.0,0.0,0.4,0.0,0.0,0.0,0.0,0.0,0.0,0.6,0.0,0.0,0.0,0.6,0.0,0.0,0.5,0.1,0.0,0.0,0.0,0.0,0.0,0.0,0.0,0.0,0.0,0.0,0.5,0.6,0.0,0.0,27.4
10-05,0.0,0.0,0.0,0.0,0.0,0.0,0.1,1.0,0.0,0.0,1.3,0.0,0.0,0.0,0.2,0.0,0.0,0.0,0.0,0.0,0.0,1.3,0.0,0.0,0.0,0.7,0.0,0.0,0.5,0.0,0.0,0.0,0.0,0.0,0.0,0.0,0.0,0.0,0.0,0.0,0.6,1.3,0.0,0.0,27.4
10-06,0.0,0.0,0.0,0.0,0.0,0.0,0.7,1.0,0.0,0.0,1.2,0.0,0.0,0.0,0.0,0.0,0.0,0.0,0.0,0.5,0.0,1.2,0.0,0.2,0.0,0.7,0.0,0.0,0.7,0.0,0.0,0.0,0.0,0.0,0.0,0.0,0.0,0.0,0.0,0.0,0.7,1.2,0.0,0.0,27.4
10-07,0.0,0.0,0.0,0.0,0.0,0.0,0.8,1.0,0.0,0.0,1.2,0.0,0.0,0.0,0.0,0.0,0.0,0.0,0.0,0.8,0.0,1.2,0.0,0.8,0.0,0.7,0.0,0.0,0.7,0.0,0.0,0.0,0.0,0.0,0.0,0.0,0.0,0.0,0.0,0.0,0.8,1.2,0.0,0.0,27.4
10-08,0.0,0.0,0.0,0.0,0.0,0.0,0.8,1.0,0.0,0.0,1.0,0.0,0.0,0.0,0.0,0.0,0.0,0.0,0.0,0.7,0.0,1.2,0.0,0.8,0.0,0.0,0.0,0.0,0.6,0.0,0.0,0.0,0.0,0.0,0.0,0.0,0.0,0.0,0.0,0.0,0.8,1.2,0.0,0.0,27.4
10-09,0.0,0.0,0.0,0.0,0.0,0.0,0.6,1.0,0.0,0.0,0.7,0.0,0.0,0.0,0.0,0.0,0.0,0.0,0.0,0.5,0.0,1.2,0.0,0.8,0.0,0.0,0.0,0.0,0.3,0.0,0.0,0.0,0.0,0.5,0.0,0.0,0.0,0.0,0.0,0.0,0.7,1.2,0.0,0.0,27.4
10-10,0.0,0.0,0.0,0.0,0.0,0.0,0.4,0.7,0.0,0.0,0.4,0.0,0.0,0.3,0.0,0.0,0.0,0.0,0.0,0.0,0.0,1.2,0.0,0.8,0.0,0.0,0.0,0.0,0.0,0.0,0.7,0.0,0.0,0.7,0.0,0.0,0.0,0.0,0.0,0.0,0.7,1.2,0.0,0.0,27.4
10-11,0.0,0.0,0.0,0.0,0.0,0.0,0.0,0.6,0.0,0.0,0.0,0.0,0.2,0.3,0.0,0.0,0.0,0.0,0.0,0.0,0.0,1.2,0.0,0.8,0.0,0.0,0.0,0.0,0.0,0.0,1.6,0.0,0.0,0.7,0.0,0.0,0.0,0.0,0.0,0.0,0.7,1.6,0.0,0.0,27.4
10-12,0.0,0.0,0.0,0.0,0.0,0.0,0.0,0.5,0.0,1.6,0.0,0.0,0.4,0.6,0.0,0.0,0.0,0.0,0.0,0.0,0.2,1.2,0.0,0.3,0.0,0.0,0.0,0.0,0.0,0.0,1.5,0.0,0.1,1.0,0.0,0.3,0.0,0.0,0.0,0.0,0.8,1.6,0.0,0.0,27.4
10-13,0.0,0.0,0.0,0.0,0.0,0.1,0.0,0.0,0.0,1.6,0.0,0.0,0.4,0.6,0.0,0.0,0.0,0.0,0.0,0.0,0.4,1.1,0.0,0.2,0.1,0.0,0.0,0.0,0.0,0.0,1.4,0.0,0.0,1.2,0.0,0.4,0.0,0.0,0.0,0.0,0.9,1.6,0.0,0.0,27.4
10-14,0.0,0.0,0.0,0.0,0.0,0.1,0.0,0.0,0.0,1.5,0.0,0.0,0.8,0.5,0.0,0.0,0.0,0.0,0.0,0.0,0.4,0.1,0.0,0.0,0.0,0.0,0.0,0.0,0.0,0.0,1.4,0.0,0.0,1.2,0.0,0.5,0.0,0.0,0.0,0.0,0.7,1.5,0.0,0.0,27.4
10-15,0.0,0.0,0.0,0.0,0.0,0.1,0.2,0.0,0.0,1.5,0.0,0.0,1.0,0.3,0.0,0.0,0.0,0.0,0.0,0.0,0.4,0.0,0.0,0.0,0.0,0.0,0.0,0.0,0.0,0.1,1.4,0.0,0.0,1.6,0.0,0.4,0.0,0.0,0.0,0.0,0.8,1.6,0.0,0.0,27.4
10-16,0.0,0.0,0.0,0.0,0.0,0.1,0.5,0.0,0.0,1.4,0.0,0.0,1.0,0.0,0.0,0.0,0.0,0.0,0.0,0.0,0.4,0.0,0.0,0.0,0.0,0.0,0.0,0.0,0.0,0.0,1.4,0.0,0.0,1.6,0.0,,0.0,0.0,0.0,0.0,0.8,1.6,0.0,0.0,27.4
10-17,0.0,0.0,0.0,0.0,0.0,0.5,0.5,0.0,0.0,1.3,0.0,0.0,1.0,0.0,0.0,0.0,0.0,0.0,0.2,0.0,0.0,0.0,0.0,0.0,0.0,0.0,0.0,0.0,0.0,0.0,1.4,0.0,0.0,1.6,0.0,,0.0,0.0,0.0,0.0,0.8,1.6,0.0,0.0,27.4
10-18,0.0,0.0,0.0,0.0,0.0,0.5,1.1,0.0,0.0,1.1,0.0,0.0,0.9,0.0,0.0,0.0,0.0,0.0,0.4,1.5,0.0,0.0,0.0,0.0,0.0,0.0,0.0,0.0,0.4,0.0,1.4,0.3,0.0,1.4,0.0,,0.0,0.0,0.0,0.0,1.1,1.5,0.0,0.0,27.4
10-19,0.0,0.0,0.0,0.0,0.0,0.6,1.6,0.0,0.0,0.9,0.0,0.0,0.8,0.0,0.0,0.0,0.8,0.0,0.4,1.6,0.0,0.0,0.0,0.0,0.0,0.0,0.0,0.0,0.4,0.0,1.3,0.3,0.0,1.8,0.0,,0.0,0.0,0.0,0.2,1.1,1.8,0.0,0.0,27.4
10-20,0.0,0.0,0.2,0.0,0.0,0.6,1.8,0.0,0.4,0.7,0.0,0.0,0.5,0.0,0.0,0.0,0.8,0.0,0.7,1.2,0.0,0.0,0.0,0.0,0.0,0.0,0.0,0.0,0.4,0.0,1.2,1.4,0.0,2.2,0.0,,0.0,0.0,0.0,0.4,1.2,2.2,0.0,0.0,27.4
10-21,0.0,0.0,0.2,0.0,0.0,0.5,1.7,0.0,0.5,0.4,0.0,0.0,0.2,0.0,0.0,0.0,1.2,0.0,0.2,1.5,0.0,0.0,0.0,0.0,0.0,0.0,0.0,0.0,0.3,0.0,1.0,1.7,0.0,2.2,0.0,,0.0,0.0,0.0,0.2,1.4,2.2,0.0,0.0,27.4
10-22,0.0,0.0,0.0,0.0,0.0,0.4,1.7,0.0,0.5,0.0,0.0,0.0,0.1,0.0,0.0,0.0,1.5,0.0,0.0,1.5,0.0,0.0,0.0,0.0,0.0,0.0,0.0,0.0,0.2,0.0,0.7,1.9,0.0,2.0,0.0,,0.0,0.0,0.0,0.0,1.5,2.0,0.0,0.0,27.4
10-23,0.0,0.0,0.0,0.0,0.0,0.2,1.5,0.4,0.6,0.0,0.0,0.0,0.1,0.0,0.2,0.0,1.5,0.0,0.0,1.5,0.0,0.0,0.0,0.0,0.0,0.0,0.0,0.0,0.0,0.0,0.2,1.9,0.0,1.9,1.1,,0.0,0.0,0.0,0.2,1.5,1.9,0.0,0.0,27.4
10-24,0.0,0.0,0.0,0.6,0.0,0.0,1.5,0.4,0.6,1.3,0.0,0.0,0.1,0.0,0.4,0.0,3.4,0.0,0.0,1.5,0.0,0.0,0.0,0.0,0.6,0.0,0.0,0.0,0.0,0.0,0.0,1.8,0.0,2.4,1.3,,0.0,0.0,0.0,0.4,1.5,3.4,0.0,0.0,27.4
10-25,0.0,0.0,0.0,0.6,0.0,0.0,1.5,0.4,1.9,1.9,0.0,0.0,0.0,0.0,0.4,0.0,3.5,0.0,0.0,1.4,0.0,0.0,0.0,0.0,0.7,0.0,0.0,0.0,0.0,0.0,0.0,1.8,0.0,2.4,1.3,,0.0,0.0,0.0,0.4,1.9,3.5,0.0,0.0,27.4
10-26,0.0,0.3,0.0,0.6,0.0,0.0,1.5,0.4,3.2,1.9,0.0,0.0,0.0,0.0,0.4,0.0,4.2,0.0,1.2,1.1,0.0,0.0,1.3,0.0,1.5,0.0,0.0,0.0,0.0,0.0,0.0,1.8,0.3,2.7,1.3,,0.0,0.0,0.0,1.0,1.9,4.2,0.0,0.0,27.4
10-27,0.0,0.9,0.0,1.6,0.0,0.0,1.3,0.5,3.3,1.9,0.0,0.0,0.0,0.0,0.5,0.0,4.2,0.0,1.2,0.7,0.0,0.0,2.0,0.0,1.5,0.0,0.0,0.0,0.0,0.0,0.0,1.8,0.3,2.9,1.7,,0.0,0.0,0.0,1.1,2.0,4.2,0.0,0.0,27.4
10-28,0.0,1.2,0.0,1.8,0.0,0.0,1.3,0.5,3.3,1.9,0.0,0.0,0.0,0.0,0.5,0.0,4.4,0.0,1.2,0.5,0.0,0.4,2.0,0.0,1.5,0.0,0.0,0.0,0.0,0.0,0.0,1.9,0.3,2.8,1.7,,0.0,0.0,0.0,1.2,2.0,4.4,0.0,0.0,27.4
10-29,0.0,2.3,0.0,2.0,0.0,0.0,1.2,0.5,3.6,2.0,0.0,0.0,0.0,0.0,0.6,0.0,5.2,0.0,1.2,0.0,0.0,0.7,2.0,0.0,1.5,0.5,0.0,0.0,0.0,0.0,0.0,2.1,0.2,2.6,1.8,,0.0,0.0,0.0,1.2,2.2,5.2,0.0,0.0,27.4
10-30,0.0,2.3,0.0,2.0,0.6,0.0,1.0,0.1,3.6,2.1,0.1,0.0,0.0,0.0,0.6,0.0,5.7,0.3,1.2,0.0,0.0,0.7,2.0,0.0,1.5,0.5,0.0,0.0,0.0,0.0,0.0,2.6,0.0,2.5,1.8,,0.0,0.0,0.0,1.2,2.4,5.7,0.1,0.1,27.4
10-31,0.0,2.3,0.0,2.0,1.3,0.0,1.0,0.0,3.6,2.1,0.2,0.0,0.6,0.0,0.8,0.4,6.1,0.3,1.2,0.0,0.0,0.8,2.4,0.0,1.3,0.7,0.0,0.0,0.0,0.0,0.0,2.6,0.0,2.4,1.8,,0.0,0.0,0.0,1.3,2.4,6.1,0.4,0.4,27.4
11-01,0.0,2.3,0.0,2.0,1.5,0.0,1.0,0.0,3.6,2.4,0.0,0.0,1.1,0.6,0.8,0.9,6.6,0.3,0.2,0.0,0.0,0.8,2.6,0.0,1.2,0.8,0.0,0.0,0.0,0.0,0.0,2.6,0.0,2.1,1.8,,0.0,0.0,0.0,1.2,2.5,6.6,0.4,0.6,27.4
11-02,0.0,2.3,0.0,2.7,2.7,0.0,0.8,0.0,3.6,2.4,0.0,0.0,1.1,0.5,0.8,1.1,6.6,0.0,0.2,0.0,0.0,0.8,2.5,0.6,1.1,0.8,0.0,0.0,0.0,0.0,0.0,2.6,0.0,1.8,1.8,,0.0,0.0,0.0,1.1,2.7,6.6,0.6,0.6,27.4
11-03,0.0,2.3,0.0,2.7,3.8,0.0,1.5,0.0,3.6,2.4,0.0,0.0,1.1,0.4,0.8,1.1,6.7,0.0,1.2,0.0,0.4,0.8,2.5,0.6,0.9,0.8,0.0,0.0,0.0,0.0,0.0,2.6,0.0,1.6,2.7,,0.0,0.0,0.0,1.4,2.7,6.7,0.7,0.8,27.4
11-04,0.0,2.3,0.0,2.7,3.8,0.0,1.5,0.0,3.6,2.4,0.0,0.0,1.1,0.4,0.8,1.7,6.6,0.0,1.2,0.0,0.2,0.7,2.5,0.6,0.9,0.9,0.0,0.0,0.0,0.0,0.0,2.6,0.0,1.5,2.7,,0.0,0.0,0.0,1.5,2.7,6.6,0.6,0.7,27.4
11-05,0.0,2.3,0.3,2.8,3.9,0.0,1.6,0.0,4.3,2.4,0.0,0.0,1.4,0.4,0.8,2.6,6.6,0.7,1.3,0.0,1.3,0.7,2.4,0.8,0.8,1.0,0.0,0.0,0.0,0.2,0.2,2.6,0.0,1.3,2.7,,0.0,0.0,0.2,1.6,2.8,6.6,0.8,0.8,27.4
11-06,0.0,2.3,1.5,3.0,3.9,0.0,2.1,0.0,4.7,2.4,0.2,0.0,1.5,0.1,0.8,2.7,6.5,0.9,1.4,0.0,1.7,0.5,2.3,0.9,0.6,1.1,0.0,0.0,0.0,0.2,0.2,2.6,0.0,1.1,4.4,,0.0,0.0,0.2,2.0,3.5,6.5,0.9,0.9,27.4
11-07,0.0,2.3,1.5,2.7,3.9,0.0,2.1,0.0,4.8,2.4,1.2,0.0,1.6,0.0,0.8,2.7,6.5,0.9,1.4,0.0,1.7,0.2,2.1,1.0,0.5,1.2,0.0,0.2,0.0,0.2,0.2,2.6,0.0,0.8,4.4,,0.0,0.0,0.2,2.0,3.4,6.5,1.1,1.0,27.4
11-08,0.0,2.3,1.5,2.7,4.3,0.0,2.1,0.0,4.8,2.4,1.3,0.0,1.6,0.0,0.8,2.7,6.5,0.9,1.3,0.0,1.7,0.0,2.0,1.0,0.4,1.2,0.0,0.3,0.0,0.2,0.2,2.6,0.2,0.6,4.4,,0.0,0.0,0.2,1.9,3.7,6.5,1.1,1.0,27.4
11-09,0.0,2.3,1.7,2.6,4.3,0.0,2.2,0.0,4.8,2.6,2.0,0.0,2.2,0.0,3.0,2.7,6.3,0.9,1.1,0.0,1.7,0.0,3.0,1.0,0.2,1.2,0.0,0.3,0.0,0.2,0.2,2.6,1.1,0.2,5.1,,0.0,0.0,0.2,2.3,3.8,6.3,1.2,1.1,27.4
11-10,0.2,2.3,1.7,2.6,4.3,0.0,2.2,2.0,4.8,2.6,2.3,0.0,2.4,0.0,3.2,3.1,6.6,0.7,1.8,0.0,1.9,0.0,3.1,1.0,1.2,1.2,0.0,0.4,0.0,0.2,0.2,2.6,1.3,1.3,6.6,,0.0,0.0,0.5,2.4,3.9,6.6,1.8,1.7,27.4
11-11,0.6,2.3,1.7,2.4,4.3,0.0,2.3,2.5,4.8,2.7,2.4,0.0,2.4,0.0,3.7,3.2,6.5,0.4,1.8,0.0,2.3,0.0,3.1,1.0,2.1,1.2,0.2,0.9,0.0,0.1,0.2,2.6,1.4,1.3,6.6,,0.0,0.0,0.7,2.4,4.1,6.6,2.0,1.8,27.4
11-12,1.0,2.3,1.7,1.3,4.3,0.0,2.4,2.5,4.8,3.1,2.4,0.0,2.4,0.0,3.8,3.2,6.7,0.0,2.0,0.4,2.5,0.0,3.1,1.0,2.8,1.2,0.2,0.9,0.0,0.0,0.2,2.6,2.0,1.5,6.6,,0.0,0.0,0.9,2.5,4.1,6.7,1.8,2.0,27.4
11-13,1.6,2.3,1.7,2.0,4.3,0.0,3.3,2.7,4.8,3.2,2.4,0.0,2.9,0.0,3.9,3.2,6.8,0.4,2.0,0.5,2.7,0.1,3.1,1.9,2.8,1.2,0.4,0.9,0.0,0.0,0.2,2.6,2.0,1.5,6.6,,0.0,0.0,1.0,2.8,4.1,6.8,2.0,2.0,27.4
11-14,1.6,2.3,1.7,2.3,4.3,0.0,4.2,2.4,4.8,3.2,2.4,0.0,2.9,0.0,4.0,4.1,6.8,1.2,3.4,0.4,2.8,0.1,3.1,2.7,2.8,1.2,0.7,0.9,0.0,0.0,0.3,2.6,3.3,1.5,6.6,,0.0,0.0,1.2,3.1,4.3,6.8,2.4,2.4,27.4
11-15,2.2,2.2,1.7,2.9,4.3,0.0,4.2,2.4,4.7,3.2,2.4,0.0,3.1,0.0,4.0,4.3,6.8,1.9,4.3,0.3,2.7,0.5,3.4,2.7,2.8,1.2,1.0,0.9,0.0,0.0,0.3,2.5,3.7,1.5,6.6,,0.0,0.0,1.3,3.2,4.3,6.8,2.4,2.4,27.4
11-16,2.2,2.2,1.7,2.9,4.3,0.0,4.2,2.4,5.1,3.2,2.4,0.0,3.9,0.0,4.0,4.3,6.8,1.9,4.4,0.2,2.7,0.5,3.8,2.7,2.8,1.3,1.3,0.9,0.0,0.0,0.3,2.5,3.8,1.2,6.6,,0.0,0.0,1.3,3.7,4.4,6.8,2.4,2.4,27.4
11-17,2.2,2.2,1.7,2.9,4.3,0.0,6.3,2.3,5.1,3.3,2.4,0.0,3.9,0.0,4.0,4.6,6.8,1.9,4.4,0.0,2.6,0.5,3.8,2.7,2.8,3.0,1.3,1.3,0.0,0.2,0.3,2.5,3.8,1.3,6.6,,0.0,0.0,1.4,3.7,4.9,6.8,2.6,2.5,27.4
11-18,4.0,2.2,1.7,3.7,4.3,0.0,6.8,2.3,6.2,3.4,2.8,0.5,3.9,0.0,4.0,6.0,6.8,1.9,4.4,0.0,2.6,0.5,3.8,2.6,3.2,3.1,1.3,1.3,0.3,1.7,0.5,2.5,3.8,1.3,6.6,,0.0,0.4,1.7,3.8,6.1,6.8,2.6,2.6,27.4
11-19,4.0,2.2,1.7,4.1,4.3,0.3,6.9,2.2,6.3,3.5,2.9,0.5,4.0,0.2,4.0,6.0,6.8,1.9,4.4,0.0,2.5,0.5,3.7,3.3,3.4,3.1,1.3,1.3,0.3,1.7,0.5,2.5,3.7,1.3,6.6,,0.0,0.4,1.7,3.9,6.2,6.9,2.7,2.9,27.4
11-20,4.0,2.2,1.7,4.1,5.4,0.3,6.9,2.0,6.0,3.7,2.9,0.5,4.1,0.2,4.0,6.0,6.8,1.9,4.4,0.0,2.5,0.5,3.6,3.3,3.4,3.4,1.3,1.6,0.2,1.7,0.5,2.5,3.6,1.4,6.6,,0.0,0.4,1.7,3.9,6.0,6.9,2.7,2.9,27.4
11-21,4.0,2.2,3.3,4.6,5.5,0.3,7.1,2.0,5.9,4.1,2.9,0.5,4.1,0.2,4.0,6.0,6.8,1.9,4.4,0.0,2.5,0.5,4.7,3.3,3.3,3.5,1.3,1.8,0.2,1.7,0.5,2.7,3.6,1.4,6.6,,0.0,0.4,1.8,4.1,6.0,7.1,3.1,3.3,27.4
11-22,4.0,2.2,3.5,5.0,5.5,0.3,7.1,2.0,5.8,4.4,2.9,0.9,4.1,0.3,4.0,6.3,6.8,1.9,4.3,0.0,2.5,0.5,5.5,4.3,3.3,3.6,1.3,1.8,1.0,1.7,0.5,2.7,3.6,1.4,6.6,,0.0,0.5,1.8,4.3,6.1,7.1,3.1,3.3,27.4
11-23,4.0,2.2,3.5,5.1,7.0,2.1,7.1,0.2,6.9,4.4,3.0,0.9,4.1,3.2,4.0,6.3,6.8,1.9,4.3,0.0,2.5,1.2,5.6,4.3,3.2,3.6,2.9,1.8,1.0,1.6,1.0,2.7,3.6,1.4,6.6,,0.0,1.0,2.1,4.3,6.7,7.1,3.2,3.2,27.4
11-24,5.0,2.2,3.5,5.1,7.0,2.6,7.1,0.2,6.9,4.4,3.0,0.9,4.1,3.7,4.0,6.3,6.8,1.9,4.1,0.0,2.5,1.2,6.0,4.3,3.2,3.6,3.6,1.8,2.0,1.6,2.4,2.7,3.6,1.4,6.6,,0.0,1.3,2.4,4.3,6.7,7.1,3.6,3.6,27.4
11-25,5.4,3.3,3.5,5.1,7.0,2.6,7.1,0.2,7.1,4.4,3.0,1.0,4.1,4.0,4.3,6.3,7.2,1.9,4.1,0.0,2.5,1.2,6.0,4.2,3.2,3.6,3.9,1.8,2.0,1.3,3.7,2.7,3.6,1.4,6.6,,0.0,1.2,2.6,4.3,6.8,7.2,3.6,3.6,27.4
11-26,5.8,3.4,3.5,5.2,7.0,2.6,7.4,0.2,7.1,4.4,3.0,1.1,4.1,5.3,4.3,6.4,7.4,2.1,4.1,0.0,2.5,1.2,6.0,4.3,3.2,3.6,4.2,2.0,2.0,1.3,3.7,3.1,3.7,1.4,6.6,,0.0,1.2,2.7,4.4,6.8,7.4,3.6,3.7,27.4
11-27,6.8,5.4,3.6,5.5,7.0,2.6,7.8,3.3,7.1,4.4,3.0,1.1,4.1,5.7,4.3,7.6,7.6,3.5,4.1,0.0,2.5,1.2,6.0,4.3,3.2,3.6,4.2,2.1,2.1,1.1,3.7,3.1,3.7,1.4,6.6,,0.0,1.3,3.1,5.2,7.1,7.8,3.6,3.7,27.4
11-28,6.8,5.7,4.0,5.5,7.0,2.6,8.3,3.7,7.1,4.5,3.0,1.1,4.2,5.7,4.3,7.6,8.6,3.6,5.3,0.2,2.5,1.2,6.0,4.3,3.2,3.6,4.2,2.1,2.8,1.1,3.7,3.6,3.7,1.4,6.6,,0.2,1.3,3.3,5.5,7.1,8.6,3.8,4.0,27.4
11-29,7.4,5.7,4.2,5.6,7.0,2.6,9.8,4.2,7.1,4.5,3.0,1.1,4.2,5.8,4.3,7.7,8.6,3.6,5.9,0.4,2.6,1.2,6.3,4.3,3.2,3.6,4.2,2.2,4.3,1.1,4.2,4.7,3.7,1.4,7.0,,0.4,1.3,3.6,5.7,7.3,9.8,4.2,4.2,27.4
11-30,7.6,5.7,4.4,5.9,7.0,2.6,9.9,4.2,7.3,4.5,3.1,1.1,4.5,7.1,4.3,7.7,8.6,5.2,5.9,0.4,2.7,1.2,6.3,4.3,3.2,3.6,4.2,2.2,4.3,1.1,5.2,5.4,3.7,1.4,7.4,,0.4,1.3,3.6,5.9,7.5,9.9,4.4,4.4,27.4
12-01,7.6,5.7,4.4,5.9,7.0,2.6,9.9,4.2,7.4,4.5,3.1,1.1,4.5,7.6,4.4,7.7,8.7,5.2,6.1,0.6,2.7,1.2,6.4,4.2,3.6,3.6,4.2,2.2,4.3,1.1,6.0,5.7,3.8,1.4,7.4,,0.6,1.3,3.6,6.0,7.6,9.9,4.4,4.4,27.4
12-02,7.6,5.7,4.4,5.9,7.0,2.7,9.9,4.2,8.7,4.5,3.1,1.2,4.5,7.9,4.4,7.6,8.7,5.2,6.1,1.0,2.7,1.2,6.5,4.1,3.6,3.6,4.2,2.2,4.3,1.1,6.1,5.7,3.8,1.4,7.4,,1.0,1.3,3.6,6.1,7.8,9.9,4.4,4.4,27.4
12-03,7.6,5.7,4.4,6.3,7.0,3.0,9.9,4.2,8.8,4.5,3.1,1.5,4.5,8.0,4.4,7.6,8.7,6.1,6.1,1.1,3.0,1.2,6.4,4.1,4.1,4.0,4.2,2.4,4.3,1.1,6.5,5.7,3.8,1.4,7.7,,1.1,1.4,4.0,6.3,7.9,9.9,4.4,4.4,27.4
12-04,7.6,5.7,4.4,6.4,7.0,3.0,10.2,4.2,9.1,4.5,3.1,1.5,4.5,8.5,4.4,7.5,8.7,6.7,6.1,1.1,3.0,1.2,6.5,4.1,4.2,4.7,4.6,2.4,4.3,2.4,6.8,5.7,3.8,1.4,7.7,,1.1,1.9,4.1,6.5,8.2,10.2,4.5,4.5,27.4
12-05,7.6,5.7,4.4,6.4,7.0,3.0,11.3,4.8,9.2,4.5,3.7,1.5,4.5,8.8,4.4,7.5,8.7,6.9,6.2,1.1,3.2,1.2,6.6,4.4,4.3,4.7,4.6,2.4,4.3,2.4,6.8,5.8,3.8,1.4,7.7,,1.1,1.9,4.3,6.6,8.3,11.3,4.6,4.6,27.4
12-06,7.6,5.7,4.4,6.4,7.0,3.0,11.5,5.8,10.6,4.5,3.7,1.5,4.5,9.2,4.5,7.5,8.7,7.0,6.2,1.1,3.2,1.2,6.6,4.4,4.6,4.7,4.6,2.4,4.3,2.4,6.8,6.3,3.8,1.4,7.7,,1.1,1.9,4.3,6.6,8.3,11.5,4.6,4.6,27.4
12-07,7.6,5.7,4.4,6.4,7.0,3.0,12.3,6.1,11.0,4.5,3.7,1.7,4.5,10.3,4.5,7.5,8.7,8.0,6.2,1.7,3.2,1.3,7.1,4.4,4.6,4.7,4.6,2.4,4.3,2.4,6.8,6.3,3.8,1.4,7.7,,1.3,2.0,4.3,6.7,8.4,12.3,4.6,4.6,27.4
12-08,7.6,5.8,4.4,6.4,7.0,3.0,12.4,6.3,11.0,4.8,3.8,2.5,4.5,10.5,4.4,8.6,9.1,8.0,6.2,3.4,3.2,1.5,7.1,4.4,4.6,5.3,4.6,2.6,4.3,2.4,6.8,6.3,3.8,1.4,7.8,,1.4,2.5,4.3,6.7,8.9,12.4,4.7,4.8,27.4
12-09,7.6,5.9,4.4,6.5,7.0,3.0,12.4,6.8,11.0,6.3,4.0,2.5,4.5,10.5,4.4,8.8,12.0,8.0,6.2,3.6,3.5,1.6,7.1,4.4,4.9,5.6,4.6,2.6,4.7,2.4,6.8,6.9,3.8,1.6,7.8,,1.6,2.5,4.4,6.9,9.8,12.4,5.2,5.6,27.4
12-10,7.6,5.9,4.4,6.5,7.4,3.0,12.4,6.8,11.0,6.7,4.0,2.8,4.8,10.5,4.4,8.8,13.9,8.0,6.2,3.6,3.6,1.6,7.1,4.4,5.0,5.6,4.6,2.6,5.1,2.4,6.8,6.9,3.8,2.6,7.8,,1.6,2.7,4.4,6.9,9.8,13.9,5.4,5.6,27.4
12-11,7.6,5.9,4.4,6.5,7.4,3.0,12.4,7.2,12.7,6.7,4.1,3.0,5.9,10.5,4.4,8.8,14.0,8.0,6.4,3.6,3.6,1.6,8.5,4.4,5.1,5.6,4.6,3.1,7.3,2.4,6.8,6.9,3.8,3.4,7.8,,1.6,3.0,4.4,7.3,9.8,14.0,6.2,5.9,27.4
12-12,7.6,6.0,4.4,6.5,8.4,3.0,12.4,7.2,13.9,6.7,4.2,3.1,6.0,10.5,4.6,8.8,14.0,8.0,6.5,3.6,3.6,1.7,8.5,4.4,5.1,5.6,4.6,3.0,7.4,2.4,6.8,7.0,3.8,3.4,8.6,,1.7,3.0,4.4,7.4,9.8,14.0,6.2,6.0,27.4
12-13,7.6,6.0,4.4,6.6,8.5,4.2,12.5,7.7,14.1,6.7,4.2,3.2,6.2,10.5,4.7,8.8,14.0,8.0,6.7,3.6,3.3,2.2,8.5,4.4,5.1,5.6,4.6,3.0,7.4,2.4,7.4,8.7,4.2,3.4,8.7,,2.2,3.2,4.4,7.7,9.8,14.1,6.4,6.2,27.4
12-14,7.6,6.0,5.2,6.6,8.5,4.2,13.6,7.9,14.6,6.7,4.2,4.1,6.7,10.5,4.7,9.1,14.0,8.0,7.4,3.6,3.8,4.9,8.5,4.5,5.1,5.6,5.2,3.3,7.4,2.5,7.5,9.5,4.2,3.4,9.1,,2.5,3.7,4.7,7.8,10.1,14.6,6.6,6.6,27.4
12-15,7.8,6.0,6.3,6.6,8.5,4.2,13.6,7.9,14.6,6.7,4.2,4.1,7.4,12.0,4.7,9.4,14.0,7.9,7.4,3.6,4.3,4.9,8.7,4.5,5.3,5.6,5.2,4.0,7.7,2.5,7.5,10.4,4.3,4.2,9.1,,2.5,4.1,4.7,7.9,11.4,14.6,6.6,6.6,27.4
12-16,7.8,6.1,6.3,6.6,8.6,4.2,13.7,7.9,14.8,6.7,4.2,4.1,8.6,12.0,4.7,9.4,14.0,7.9,7.6,3.6,4.4,4.9,8.9,4.5,5.5,5.6,5.2,4.1,7.7,2.5,7.5,10.4,4.5,4.2,9.2,,2.5,4.1,4.7,7.9,11.4,14.8,6.6,6.6,27.4
12-17,7.8,6.3,6.4,6.6,8.6,4.3,13.7,7.9,15.4,6.7,4.2,4.3,8.6,12.1,5.7,9.5,14.0,8.0,7.8,3.6,4.8,4.9,8.9,4.5,6.1,5.6,5.2,4.6,10.2,2.5,7.5,10.6,4.5,4.4,9.2,,2.5,4.3,5.0,8.5,11.5,15.4,6.6,6.6,27.4
12-18,7.8,6.5,6.4,6.6,9.3,4.3,13.8,7.9,15.4,6.7,4.2,4.7,9.3,12.1,6.7,9.5,14.0,8.2,8.3,3.5,4.9,4.9,8.9,4.5,6.5,5.6,5.2,4.6,10.2,2.5,7.5,10.6,5.5,4.5,9.2,,2.5,4.4,5.3,8.8,11.5,15.4,6.7,6.7,27.4
12-19,7.8,6.7,6.4,6.7,9.5,4.4,13.9,7.9,15.4,6.7,4.2,4.7,9.3,12.1,6.9,9.5,14.0,8.9,8.3,3.6,5.0,4.9,9.8,4.5,6.6,5.7,5.3,4.8,10.2,2.5,7.5,10.6,5.5,4.6,9.2,,2.5,4.4,5.3,9.1,11.5,15.4,6.8,6.7,27.4
12-20,8.1,6.8,6.6,6.8,9.5,4.4,13.9,7.9,15.4,6.7,4.2,4.7,9.3,12.1,6.9,9.5,14.0,10.0,8.3,4.5,5.0,4.9,13.6,4.5,6.6,6.6,5.4,5.3,10.3,2.5,7.5,10.6,5.5,4.6,9.2,,2.5,4.5,5.4,9.3,13.0,15.4,6.8,6.8,27.4
12-21,8.3,6.8,6.6,6.8,9.5,4.4,13.9,7.9,15.4,6.7,4.2,4.7,9.3,12.1,6.9,9.5,14.0,10.1,8.3,5.7,5.1,4.9,14.7,4.5,6.6,6.6,5.7,5.5,10.3,2.6,7.5,10.6,5.6,4.6,9.2,,2.6,4.5,5.7,9.3,13.2,15.4,6.8,6.8,27.4
12-22,9.7,6.8,6.6,6.8,9.5,4.4,13.9,7.9,15.4,6.7,4.2,4.9,9.3,12.1,7.1,10.1,14.0,10.1,8.3,5.7,5.3,4.9,15.5,4.7,6.6,6.7,8.0,6.8,10.3,2.6,7.9,10.6,5.6,4.6,9.5,,2.6,4.6,6.6,9.5,13.2,15.5,7.5,7.1,27.4
12-23,10.7,6.8,6.6,6.9,9.6,4.4,13.9,7.9,16.1,6.7,4.2,4.9,9.3,12.1,7.1,10.1,14.1,10.8,8.6,5.8,6.6,5.0,17.9,4.9,6.7,7.2,9.2,8.4,10.3,2.7,7.9,10.6,6.0,4.6,9.5,,2.7,4.7,6.6,9.6,13.2,17.9,7.9,7.9,27.4
12-24,11.7,6.8,7.1,6.9,9.6,4.5,13.9,7.9,16.7,6.7,4.2,4.9,9.3,12.1,7.1,10.1,14.1,11.1,8.7,6.0,6.9,5.1,17.9,4.9,6.8,7.5,9.3,9.1,10.4,4.0,8.0,10.6,6.0,5.6,9.6,,4.0,4.9,6.8,9.6,13.2,17.9,8.0,7.9,27.4
12-25,11.8,6.8,7.1,6.9,9.6,4.5,13.9,7.9,16.8,6.7,4.3,4.9,9.9,12.1,7.1,10.2,14.1,11.1,8.7,6.5,7.2,5.1,17.9,4.9,7.4,7.8,9.3,9.2,10.8,4.8,8.3,10.9,6.0,6.0,9.8,,4.3,4.9,6.8,9.9,13.2,17.9,8.1,7.9,27.4
12-26,12.9,6.8,7.1,6.9,9.6,4.5,13.9,7.9,17.5,6.7,4.4,4.9,9.9,12.1,7.2,12.2,14.1,11.1,8.8,6.5,8.2,5.1,17.9,4.9,7.4,7.8,10.2,9.2,11.2,5.2,8.6,11.2,6.0,6.0,9.8,,4.4,5.0,6.8,10.1,13.5,17.9,8.4,8.2,27.4
12-27,13.3,6.8,7.1,6.9,9.6,4.5,13.9,7.9,19.7,6.7,4.6,4.9,9.9,12.2,7.2,14.2,14.1,11.9,8.8,6.5,8.2,5.1,18.0,4.9,8.4,7.8,10.3,9.2,11.2,5.2,8.6,11.2,6.3,6.3,9.8,,4.5,5.0,6.8,10.2,14.0,19.7,8.5,8.4,27.4
12-28,13.3,6.9,7.1,6.9,9.6,4.5,13.9,7.9,19.9,6.7,4.7,4.9,9.9,12.2,7.2,14.5,14.1,12.2,9.1,6.5,8.4,5.1,18.0,4.9,8.6,7.8,10.3,9.4,11.2,5.2,8.8,11.2,6.3,6.8,11.6,,4.5,5.0,6.9,11.0,14.0,19.9,8.7,8.6,27.4
12-29,13.3,6.9,7.1,6.9,9.6,4.5,14.0,7.9,19.9,6.7,5.2,4.9,9.9,12.2,7.2,14.8,14.1,12.5,9.1,6.8,8.5,5.1,18.0,4.9,8.6,7.8,10.8,9.4,11.2,5.2,8.8,11.2,6.3,6.9,12.0,,4.5,5.1,6.9,11.1,14.1,19.9,8.7,8.6,27.4
12-30,13.3,6.9,7.1,7.0,10.2,4.5,14.0,7.9,20.0,6.7,5.2,4.9,9.9,12.2,7.6,16.3,14.8,13.3,9.1,7.4,8.5,5.3,22.8,5.1,8.6,7.8,11.2,9.4,11.2,5.2,8.9,11.3,6.3,7.4,12.1,,4.5,5.2,7.2,11.2,14.5,22.8,8.8,8.6,27.4
12-31,13.3,6.9,7.1,7.0,10.9,4.5,14.0,9.1,20.1,6.7,5.2,4.9,9.9,12.2,7.6,17.0,14.8,14.0,9.1,8.6,8.5,5.8,23.1,5.1,8.6,7.8,11.2,9.4,11.2,5.2,9.2,11.3,6.4,9.0,13.2,,4.5,5.2,7.2,11.2,14.5,23.1,9.1,9.1,27.4
01-01,13.6,6.9,7.1,7.0,10.9,4.5,14.0,9.7,20.1,6.7,5.8,4.9,9.9,12.2,8.8,18.0,15.2,16.5,9.1,8.6,8.5,5.8,23.1,5.1,8.6,7.9,11.2,9.4,11.2,5.2,9.2,11.3,6.4,9.4,14.3,,4.5,5.4,7.3,11.2,16.0,23.1,9.2,9.2,27.4
01-02,13.6,6.9,7.1,7.0,10.9,4.5,14.0,9.7,20.1,6.7,5.8,4.9,9.9,12.2,8.8,18.1,15.3,17.2,9.1,8.7,8.5,6.1,23.1,5.1,8.6,7.9,11.2,9.4,11.2,5.2,9.2,12.2,6.4,9.4,15.6,,4.5,5.4,7.3,11.2,16.6,23.1,9.2,9.2,27.4
01-03,13.6,7.5,7.1,7.1,11.6,4.5,14.0,9.8,20.2,6.9,5.8,5.6,9.9,12.3,8.8,19.2,15.3,18.1,9.1,8.7,9.0,6.1,23.1,5.1,8.6,7.9,11.2,9.4,11.9,5.2,9.2,12.3,6.4,9.4,15.6,,4.5,5.7,7.6,11.8,17.1,23.1,9.2,9.2,27.4
01-04,13.6,7.5,7.1,7.2,11.7,4.5,14.0,9.9,21.6,6.9,5.8,6.0,9.9,12.3,8.9,19.3,15.5,19.5,9.1,8.7,9.0,6.1,23.1,5.1,8.6,8.0,11.2,9.4,11.9,5.2,9.3,12.3,6.7,9.4,15.7,,4.5,5.9,7.6,11.9,17.9,23.1,9.2,9.3,27.4
01-05,13.6,7.5,7.1,7.4,11.7,5.0,14.0,10.1,21.8,7.1,5.8,6.8,9.9,12.3,8.9,19.5,15.5,19.6,9.6,8.7,9.0,6.1,23.1,5.1,8.6,8.1,11.2,9.5,13.7,5.2,9.3,12.3,6.8,9.6,15.8,,5.0,5.9,7.6,12.2,18.0,23.1,9.4,9.5,27.4
01-06,14.0,7.7,7.1,7.4,11.7,6.6,14.6,10.1,21.8,7.1,5.8,7.2,9.9,12.3,9.0,19.7,16.1,19.6,9.6,9.7,9.4,6.1,23.1,5.1,8.6,8.1,11.2,9.6,13.7,5.2,9.3,12.5,7.2,12.6,16.4,,5.1,6.3,7.8,12.5,18.3,23.1,9.6,9.6,27.4
01-07,15.2,7.7,7.1,8.0,12.2,7.8,15.7,10.2,21.9,7.1,5.8,7.2,9.9,12.6,9.0,19.9,16.5,19.6,9.8,10.6,10.6,6.3,23.1,5.1,8.6,8.1,11.2,10.2,13.7,5.8,11.1,12.5,7.2,13.2,18.0,,5.1,6.6,8.0,12.6,19.0,23.1,10.2,10.2,27.4
01-08,15.9,8.0,7.1,8.4,13.3,7.8,16.1,10.3,22.1,7.1,5.8,7.2,9.9,12.6,9.0,20.7,16.6,19.6,9.8,10.8,10.6,6.3,23.1,5.3,8.6,8.3,11.2,10.3,13.9,5.8,12.4,12.5,7.2,13.2,18.0,,5.3,6.6,8.3,13.1,19.0,23.1,10.3,10.3,27.4
01-09,16.0,8.7,7.1,8.4,13.8,7.8,16.1,10.3,22.2,7.1,5.8,7.9,9.9,12.6,9.0,20.7,17.0,20.3,9.8,11.3,11.0,6.3,23.1,5.3,8.6,8.7,11.2,10.4,15.0,5.8,12.4,12.8,7.2,13.5,18.0,,5.3,6.6,8.6,13.4,19.4,23.1,10.4,10.4,27.4
01-10,16.9,8.7,7.1,8.4,14.5,8.4,16.2,10.4,22.4,7.2,5.8,8.2,9.9,12.6,9.0,20.7,17.9,20.4,9.8,12.6,11.3,6.3,23.1,5.3,8.6,9.5,11.3,10.4,16.2,6.4,12.4,13.1,7.2,13.5,20.4,,5.3,6.7,8.6,13.4,20.4,23.1,10.4,10.4,27.4
01-11,17.4,8.7,7.3,8.4,15.2,8.4,16.5,10.4,22.7,8.7,5.8,9.8,10.2,12.6,9.4,20.7,18.6,20.4,9.8,12.8,11.3,6.3,23.3,5.3,9.1,9.6,11.5,10.4,16.6,6.9,12.4,13.1,7.2,13.5,22.8,,5.3,7.0,9.2,13.4,20.6,23.3,10.4,10.4,27.4
01-12,17.4,8.7,7.6,8.4,15.9,8.4,17.2,10.6,24.2,11.0,5.8,10.3,10.3,12.6,9.4,20.7,19.8,20.8,10.1,13.3,11.4,6.3,23.3,5.3,10.3,9.8,11.8,10.4,18.5,7.0,12.4,13.7,7.2,13.5,23.8,,5.3,7.1,9.9,13.7,20.8,24.2,10.8,11.0,27.4
01-13,17.4,8.7,7.7,8.4,16.0,8.5,17.6,10.8,24.4,11.9,5.8,10.2,10.4,12.6,9.4,20.7,19.8,20.8,10.1,13.3,11.4,6.3,23.3,5.3,10.3,10.9,13.1,10.3,18.8,7.0,12.4,14.0,7.3,13.5,23.9,,5.3,7.1,10.1,13.9,20.8,24.4,11.2,11.4,27.4
01-14,17.4,9.1,8.2,8.4,16.1,8.5,18.0,10.8,24.5,13.1,5.8,10.2,10.8,12.6,9.4,20.7,19.9,20.9,10.1,13.3,11.4,6.3,24.1,5.3,10.3,11.2,13.1,10.3,18.8,7.0,12.4,14.5,7.3,13.5,23.9,,5.3,7.1,10.1,14.3,20.8,24.5,11.3,11.4,27.4
01-15,17.5,9.6,9.2,8.6,16.3,8.6,18.1,10.8,24.6,13.2,5.8,10.1,11.1,12.6,9.4,20.7,20.0,21.0,10.1,13.4,11.4,6.3,24.1,5.3,10.4,11.2,13.1,10.5,18.8,7.0,12.4,14.7,7.3,13.5,23.9,,5.3,7.1,10.1,14.5,20.9,24.6,11.3,11.4,27.4
01-16,17.5,10.5,10.5,8.6,16.7,8.6,19.4,10.8,24.6,14.9,6.1,10.1,11.1,12.6,9.4,20.7,20.0,21.4,10.1,13.4,11.4,6.3,24.1,5.3,10.4,11.2,13.1,11.3,19.1,7.0,12.5,14.8,7.4,13.5,25.2,,5.3,7.2,10.4,14.9,21.1,25.2,11.4,11.4,27.4
01-17,17.5,10.7,10.5,8.6,17.1,8.6,19.6,12.0,24.6,15.5,6.6,10.1,11.1,12.6,9.4,20.7,20.1,21.4,10.1,13.4,11.4,6.3,25.5,5.3,10.4,11.2,13.2,12.0,19.1,7.0,13.3,14.8,7.4,13.5,25.6,,5.3,7.2,10.4,15.4,21.1,25.6,12.0,12.0,27.4
01-18,17.5,10.8,10.6,8.6,17.1,8.6,19.8,13.1,24.6,16.5,6.8,10.0,11.1,12.7,9.4,20.7,20.1,21.7,10.1,13.6,11.4,6.3,25.5,5.3,10.4,11.2,13.3,12.2,19.1,7.0,15.7,15.9,7.4,13.5,25.8,,5.3,7.2,10.4,16.4,21.3,25.8,12.4,12.7,27.4
01-19,17.5,10.8,10.6,8.6,17.3,8.6,19.8,14.6,24.6,16.5,7.7,10.6,11.1,13.2,9.4,20.7,20.1,22.1,10.1,13.6,11.4,6.6,26.8,6.5,10.4,11.2,13.3,12.9,19.1,7.0,16.6,15.9,7.4,13.5,25.8,,6.5,7.5,10.6,16.6,21.5,26.8,13.0,13.2,27.4
01-20,17.5,10.8,10.6,8.6,17.4,8.6,19.8,16.3,24.7,17.8,7.8,10.6,11.2,13.2,9.4,20.7,20.2,22.2,10.1,13.7,11.4,7.0,26.8,7.0,10.4,11.2,13.4,13.5,19.2,7.3,16.8,15.9,7.4,13.5,25.8,,7.0,7.6,10.6,17.3,21.6,26.8,13.3,13.4,27.4
01-21,17.5,10.8,10.6,8.6,17.4,8.6,19.8,17.2,24.7,18.2,9.3,10.6,11.3,13.4,9.4,20.7,20.2,22.3,10.2,13.7,11.4,7.1,26.8,7.3,10.4,11.2,13.4,14.1,19.2,7.8,16.8,15.9,7.5,13.7,26.0,,7.1,8.1,10.6,17.4,21.7,26.8,13.4,13.4,27.4
01-22,17.5,10.8,10.6,8.6,17.4,8.6,19.8,17.2,25.4,18.2,11.2,11.1,11.4,13.6,9.4,20.7,20.2,22.5,10.2,14.0,11.3,7.4,26.8,11.0,10.4,11.2,13.4,14.2,20.0,7.8,17.7,16.1,7.5,13.7,26.0,,7.4,8.6,11.0,17.5,21.8,26.8,13.5,13.6,27.4
01-23,17.5,10.8,10.6,8.6,17.9,8.6,19.8,17.2,25.4,18.3,11.3,11.2,11.4,13.6,9.4,20.7,20.2,22.5,10.2,14.0,11.4,8.0,27.5,11.0,10.4,11.2,13.4,14.4,20.8,7.9,17.7,16.8,8.0,13.7,26.0,,7.9,8.6,11.0,17.7,21.8,27.5,13.5,13.6,27.4
01-24,17.5,11.1,10.6,8.6,17.9,8.7,19.8,18.4,25.9,18.3,11.5,11.3,11.4,13.7,9.6,20.7,20.2,22.5,10.2,14.0,12.4,9.4,27.5,11.4,10.4,11.2,13.4,14.9,21.9,7.9,17.9,17.0,8.7,13.7,26.0,,7.9,9.0,11.2,17.9,22.3,27.5,13.6,13.7,27.4
01-25,17.5,11.1,10.6,8.6,18.1,8.7,19.8,19.1,25.9,18.3,11.9,11.4,11.4,13.8,9.6,20.7,20.2,22.6,10.2,14.1,14.0,9.8,27.6,11.4,11.0,11.2,13.4,15.3,22.1,7.9,17.9,17.3,8.8,13.7,26.0,,7.9,9.1,11.2,18.1,22.4,27.6,13.9,13.8,27.4
01-26,17.5,11.1,10.6,8.6,18.1,8.8,19.8,19.7,27.2,18.3,11.9,12.4,12.1,13.8,9.6,21.3,20.2,22.7,10.2,14.1,15.4,9.8,27.6,11.4,11.0,11.2,13.4,15.3,22.3,8.1,17.9,17.3,8.8,13.8,26.2,,8.1,9.1,11.2,18.1,22.5,27.6,14.0,13.8,27.4
01-27,17.5,11.1,10.6,8.6,18.1,9.0,20.4,20.7,28.3,18.3,13.2,12.4,12.1,13.8,9.7,21.4,20.3,22.7,10.2,14.1,15.4,10.2,27.7,12.7,11.0,11.2,13.4,15.3,22.5,8.1,17.9,17.7,8.9,13.8,26.4,,8.1,9.3,11.4,18.1,22.6,28.3,14.0,13.8,27.4
01-28,17.5,11.1,10.6,8.6,18.1,9.0,20.7,21.1,28.6,18.3,13.2,12.4,12.1,14.2,10.0,21.6,20.4,23.2,10.2,14.2,15.5,10.2,27.8,12.7,11.5,11.2,13.4,15.3,22.5,8.2,17.9,18.2,9.1,13.8,27.4,,8.2,9.5,11.6,18.2,22.9,28.6,14.2,14.2,27.4
01-29,17.5,11.1,10.7,8.6,18.1,9.0,20.8,21.2,29.0,18.3,13.2,12.4,12.1,14.9,10.2,21.7,20.4,24.3,10.2,15.2,16.1,10.2,27.8,12.7,11.6,11.2,13.5,15.4,22.8,8.1,17.9,18.3,9.2,13.8,27.6,,8.1,9.6,11.7,18.3,23.7,29.0,15.0,14.9,27.4
01-30,17.4,11.5,10.7,8.6,18.1,9.1,20.8,21.3,29.0,18.4,13.2,12.4,12.1,14.9,10.3,21.9,20.4,24.5,10.2,16.0,16.2,10.2,27.9,12.7,12.9,12.3,13.5,15.9,22.8,8.0,17.9,18.5,10.5,13.8,27.8,,8.0,10.2,12.3,18.3,23.8,29.0,15.4,14.9,27.4
01-31,17.4,11.5,10.7,8.6,18.1,9.3,20.9,22.2,29.0,18.6,13.2,12.5,12.1,14.9,10.3,22.1,20.4,24.7,10.2,17.1,16.3,10.3,27.9,12.7,12.9,12.7,13.7,16.5,22.8,8.0,17.9,18.5,10.5,13.8,27.8,,8.0,10.2,12.5,18.4,23.9,29.0,15.6,14.9,27.4
02-01,17.4,11.7,10.7,8.6,18.1,9.3,21.3,22.2,29.0,18.6,13.6,12.7,12.2,15.0,10.1,22.1,20.4,25.0,10.3,18.0,16.3,11.3,28.0,12.7,12.9,12.7,13.7,16.9,22.8,7.9,17.9,18.5,10.5,13.8,27.8,,7.9,10.2,12.7,18.4,24.1,29.0,15.6,15.0,27.4
02-02,17.7,11.8,10.7,8.6,18.1,9.3,21.3,22.2,29.2,18.7,13.9,12.7,12.2,15.0,10.2,22.1,20.5,26.6,10.4,18.8,16.3,11.3,28.0,12.8,12.9,12.7,13.8,17.3,22.8,7.9,18.0,18.7,10.5,13.8,27.8,,7.9,10.3,12.7,18.7,25.1,29.2,15.6,15.0,27.4
02-03,18.0,11.9,10.7,8.6,18.1,9.3,21.5,22.2,30.0,19.0,13.9,12.7,12.2,15.0,11.3,22.4,20.5,27.2,10.4,19.0,16.4,11.3,28.2,12.8,12.9,12.7,14.2,17.3,22.9,7.9,18.2,18.7,10.5,13.9,27.8,,7.9,10.4,12.7,18.9,25.5,30.0,15.7,15.0,27.4
02-04,18.9,11.9,10.7,8.6,18.1,9.3,21.5,22.6,30.0,19.0,13.9,12.7,12.6,15.0,11.6,22.7,20.5,27.3,10.4,20.4,16.4,11.3,28.2,12.7,12.9,13.0,14.7,17.4,22.9,7.9,18.4,19.2,11.1,13.9,27.8,,7.9,10.5,12.7,19.2,25.5,30.0,15.7,15.0,27.4
02-05,19.0,11.9,10.7,8.6,18.1,9.3,21.6,23.2,30.1,19.0,14.1,12.7,12.8,15.0,12.0,22.8,20.5,27.6,10.5,20.5,16.5,11.3,28.2,12.7,12.9,13.1,14.9,17.6,22.9,7.9,18.7,19.2,11.1,13.9,27.8,,7.9,10.6,12.7,19.2,25.8,30.1,15.8,15.0,27.4
02-06,19.0,11.9,10.7,8.6,18.1,9.3,21.6,23.4,30.4,19.2,14.6,12.7,12.8,15.0,12.0,22.9,20.5,27.8,10.5,20.7,16.6,11.5,28.2,12.7,12.9,13.1,14.9,17.6,23.0,7.9,19.5,19.4,12.0,13.9,28.1,,7.9,10.6,12.7,19.5,26.0,30.4,15.8,15.0,27.4
02-07,19.0,12.0,10.7,8.6,18.1,9.3,21.7,23.4,30.4,19.6,15.0,12.7,13.3,15.0,12.0,23.1,20.7,27.9,10.5,21.1,17.0,11.7,28.2,12.7,12.9,13.2,14.9,17.6,23.0,8.0,20.0,21.5,12.1,13.9,28.4,,8.0,10.6,12.7,20.6,26.1,30.4,16.0,15.0,27.4
02-08,19.1,12.3,10.7,8.6,18.1,9.6,21.7,23.4,30.5,20.2,15.0,12.7,13.3,15.0,12.2,23.3,21.2,27.9,10.5,21.7,17.2,11.7,29.0,12.7,12.9,13.5,14.9,17.6,24.5,8.0,20.4,23.3,12.1,13.9,28.4,,8.0,10.6,12.7,21.0,26.5,30.5,16.1,15.0,27.4
02-09,19.1,12.4,10.7,8.6,18.1,10.8,21.7,23.4,30.5,21.2,15.5,12.7,13.3,15.3,12.2,23.4,21.2,27.9,10.5,21.8,17.4,11.7,29.0,12.8,13.1,16.0,14.9,17.7,24.7,8.0,20.4,23.3,12.1,13.9,28.4,,8.0,10.7,12.9,21.2,26.6,30.5,16.7,16.0,27.4
02-10,19.2,12.4,10.7,8.7,18.3,10.8,21.7,23.4,30.5,21.2,15.9,12.7,13.4,15.3,12.2,23.4,21.2,27.9,10.4,21.9,19.2,11.7,29.0,12.8,13.2,16.9,15.4,17.7,24.7,8.0,20.6,23.3,12.1,13.9,28.4,,8.0,10.7,12.9,21.2,26.6,30.5,17.3,16.9,27.4
02-11,19.3,12.7,10.7,8.7,18.5,11.6,21.9,23.4,30.6,21.2,16.4,12.9,13.5,15.4,12.2,23.5,21.2,27.9,11.2,21.9,19.3,11.7,29.0,12.8,13.6,17.2,15.4,17.7,25.6,8.1,21.2,23.3,12.1,13.9,28.5,,8.1,11.4,13.0,21.2,27.0,30.6,17.4,17.2,27.4
02-12,19.3,12.7,10.9,9.8,19.0,12.1,22.9,23.4,30.6,21.8,16.4,13.4,14.0,15.4,12.2,23.5,21.4,28.0,12.5,21.9,19.7,12.1,29.0,12.9,13.6,17.2,15.4,17.7,26.3,8.1,21.2,23.5,12.4,13.9,28.5,,8.1,12.1,13.4,21.7,27.3,30.6,17.4,17.2,27.4
02-13,19.4,13.6,11.4,9.8,19.1,12.2,23.4,23.4,30.8,21.9,16.4,16.0,14.4,15.4,12.2,23.5,22.2,28.1,12.7,22.1,19.7,12.4,29.0,13.1,13.6,18.1,15.4,17.7,26.3,8.1,21.2,23.5,13.6,13.9,28.5,,8.1,12.2,13.7,22.1,27.4,30.8,17.9,17.7,27.4
02-14,19.6,13.7,11.7,10.3,19.2,12.2,23.4,23.4,30.8,21.9,16.4,16.8,14.5,15.4,12.6,23.6,22.2,28.4,12.8,22.4,19.9,12.9,29.0,13.3,13.6,19.0,15.4,17.7,26.3,8.2,22.7,23.5,14.6,13.9,28.5,,8.2,12.4,14.0,22.4,27.6,30.8,18.4,17.7,27.4
02-15,19.8,13.9,11.7,10.5,19.2,12.2,24.7,23.4,30.9,22.3,16.4,18.3,14.5,15.4,13.0,23.6,23.4,28.5,13.0,22.5,20.5,12.9,29.0,13.3,13.6,19.1,15.4,18.5,26.3,8.3,23.4,23.5,14.6,13.9,28.7,,8.3,12.5,14.0,23.2,27.6,30.9,18.8,18.5,27.4
02-16,19.8,13.9,12.0,10.5,19.2,12.2,24.7,23.4,30.9,22.6,16.4,18.4,14.5,15.4,13.1,23.6,23.5,28.8,13.6,22.6,20.6,13.3,29.0,13.4,13.6,19.8,15.4,18.7,26.3,8.7,23.8,23.5,15.5,13.9,28.7,,8.7,12.6,14.0,23.2,27.7,30.9,19.0,18.7,27.4
02-17,19.8,14.0,13.0,11.3,19.4,12.2,24.7,23.4,31.0,22.8,16.4,18.7,14.5,15.4,13.4,23.6,23.5,28.9,14.3,22.6,20.9,13.3,29.2,13.4,13.6,19.8,15.4,18.7,26.3,8.7,24.1,25.0,17.0,14.1,28.7,,8.7,13.1,14.3,23.3,27.7,31.0,19.0,18.7,27.4
02-18,19.8,14.3,13.7,11.4,19.4,12.4,24.7,23.4,31.6,22.8,17.4,18.9,14.5,15.4,13.6,23.7,23.7,28.9,14.3,22.6,22.4,13.4,29.2,13.4,13.6,19.8,15.4,18.8,26.5,8.7,24.1,25.0,17.2,14.1,28.7,,8.7,13.4,14.3,23.3,27.8,31.6,19.2,18.9,27.4
02-19,19.8,14.6,13.8,11.4,19.4,13.5,24.8,24.2,31.7,22.9,17.7,18.9,14.8,15.4,13.6,23.7,23.9,29.2,14.3,22.6,22.5,13.5,29.2,13.6,13.6,19.9,15.4,19.4,26.5,9.2,24.1,25.0,17.2,14.1,28.7,,9.2,13.5,14.6,23.5,27.8,31.7,19.4,19.4,27.4
02-20,20.6,14.6,13.9,11.4,19.4,13.8,24.9,24.5,31.8,22.9,17.9,19.0,15.1,15.6,13.6,23.7,23.9,29.3,14.6,22.7,22.6,13.8,30.8,13.7,13.6,20.2,15.4,19.4,27.2,9.7,24.6,25.0,17.6,14.1,29.0,,9.7,13.6,14.7,23.5,28.3,31.8,19.4,19.4,27.4
02-21,20.8,14.6,13.9,12.0,20.8,14.3,24.9,25.0,32.0,22.9,18.0,19.0,15.2,17.1,13.6,23.9,25.9,29.5,14.6,22.7,22.6,13.9,32.8,13.7,13.7,20.2,15.5,19.6,27.3,9.9,24.7,25.1,17.8,14.1,29.2,,9.9,13.7,14.7,23.7,28.4,32.8,19.9,19.6,27.4
02-22,20.8,14.6,13.9,12.1,21.1,14.5,24.9,25.6,32.1,22.9,18.6,19.8,15.3,17.2,13.7,24.0,26.0,29.5,14.6,22.8,22.7,14.1,32.8,14.6,13.7,20.2,15.6,19.6,28.2,10.0,24.8,25.1,17.8,14.1,31.4,,10.0,13.8,14.7,23.8,29.0,32.8,20.0,19.8,27.4
02-23,21.1,14.6,13.9,12.6,21.6,15.1,24.9,25.7,32.1,24.1,18.8,19.8,15.5,17.2,14.6,24.2,26.0,29.5,14.7,23.0,22.7,14.1,32.8,15.0,13.9,20.3,15.6,19.7,29.0,10.1,24.8,25.2,18.0,14.3,31.8,,10.1,14.0,15.2,24.2,29.3,32.8,20.0,19.8,27.4
02-24,21.1,14.7,13.9,12.6,22.8,15.1,24.9,25.7,32.1,24.5,18.8,20.0,16.2,17.2,14.7,24.3,26.0,29.5,15.3,23.3,22.9,14.2,32.8,15.1,14.7,20.3,15.6,19.7,30.0,10.3,24.9,25.3,18.0,14.4,31.8,,10.3,14.3,15.4,24.5,29.8,32.8,20.2,20.0,27.4
02-25,21.1,14.7,13.9,12.6,23.3,15.9,24.9,25.9,32.3,25.4,18.8,21.5,16.7,17.5,15.0,24.5,26.0,29.5,15.4,24.2,23.0,14.7,32.8,15.1,14.7,20.3,15.5,19.7,30.5,10.5,25.1,25.3,18.1,14.5,31.9,,10.5,14.6,15.6,24.8,30.1,32.8,20.9,20.3,27.4
02-26,21.1,14.7,13.9,12.6,23.5,16.0,24.9,26.8,32.4,26.0,19.0,21.5,16.9,17.5,15.2,24.7,26.0,29.5,16.3,24.9,23.0,15.1,33.8,15.1,14.7,20.3,15.5,19.8,30.7,10.7,25.1,25.3,18.1,14.5,31.9,,10.7,14.6,16.1,24.9,30.2,33.8,20.9,20.3,27.4
02-27,21.6,14.7,13.9,12.6,23.5,16.2,24.9,24.7,32.8,27.1,19.1,21.6,17.0,17.5,15.2,25.9,26.0,29.5,16.7,25.0,23.0,15.1,34.1,15.1,14.9,20.3,15.5,19.8,30.7,10.7,25.1,25.3,18.7,14.5,32.4,,10.7,14.6,16.3,25.0,30.2,34.1,21.0,20.3,27.4
02-28,21.7,14.7,14.1,12.6,23.5,16.7,24.9,27.6,33.4,27.1,19.1,21.6,17.0,17.5,15.2,26.3,26.0,29.5,17.3,25.0,23.2,15.1,34.1,15.5,14.9,21.3,15.5,19.8,32.1,10.7,25.3,25.3,19.3,14.5,33.0,,10.7,14.6,16.8,25.2,31.1,34.1,21.4,21.3,27.4
02-29,,,,12.5,,,,27.7,,,,21.9,,,,27.5,,,,25.0,,,,15.9,,,,19.8,,,,25.3,,,,,10.7,14.6,16.8,25.2,31.1,34.1,21.8,21.3,27.4
03-01,21.9,14.7,14.4,12.4,23.5,16.7,24.9,27.7,33.4,27.2,19.1,22.0,17.1,17.7,15.2,27.6,26.1,30.1,17.4,25.2,23.3,15.1,34.1,16.5,15.0,22.1,15.7,19.8,32.1,10.7,25.5,25.3,19.3,14.5,33.6,,10.7,14.6,16.8,25.3,31.3,34.1,22.0,21.9,27.4
03-02,21.9,14.8,15.4,12.3,23.5,16.7,24.9,27.7,33.5,27.3,19.2,22.0,17.1,17.7,15.4,27.6,26.2,30.3,18.4,25.9,23.3,15.1,34.1,17.1,15.0,22.7,15.7,19.9,32.1,10.7,25.7,25.6,19.6,14.5,33.7,,10.7,14.9,17.1,25.7,31.4,34.1,22.4,21.9,27.4
03-03,23.5,14.8,16.8,12.3,23.5,16.8,25.1,27.7,34.0,27.4,19.3,22.0,17.2,17.7,15.5,27.6,26.2,30.4,19.2,25.9,23.3,15.1,34.1,17.3,15.0,23.0,16.2,19.9,32.1,10.7,26.1,25.6,19.6,14.5,33.8,,10.7,14.9,17.2,25.8,31.4,34.1,22.5,22.0,27.4
03-04,23.7,15.2,17.1,12.3,23.6,16.8,25.3,27.8,34.5,27.9,19.3,22.0,17.3,17.7,15.7,27.9,26.2,30.4,19.3,26.0,23.3,15.2,35.3,17.3,16.1,23.0,17.2,19.9,32.1,10.8,26.2,25.6,19.6,14.5,34.0,,10.8,15.2,17.3,25.9,31.4,35.3,22.5,22.0,27.4
03-05,23.7,15.3,17.1,12.3,23.5,16.8,25.9,27.9,34.8,27.9,19.6,22.1,17.3,17.8,16.2,28.3,26.2,30.6,19.4,26.0,23.5,15.7,35.3,17.3,16.1,23.4,17.2,20.0,32.1,11.9,26.2,25.6,19.6,14.7,34.5,,11.9,15.5,17.3,26.0,31.5,35.3,22.8,22.1,27.4
03-06,23.8,16.0,17.1,12.3,23.5,16.9,26.0,29.3,34.9,28.3,19.6,22.1,17.4,17.9,16.5,28.7,26.2,30.8,19.4,26.2,23.9,15.9,35.3,17.3,16.1,23.5,17.2,20.0,32.9,11.9,26.6,25.6,19.7,15.7,34.5,,11.9,15.9,17.3,26.2,32.1,35.3,22.8,22.1,27.4
03-07,23.9,16.1,17.5,12.3,23.5,17.1,26.0,29.5,34.9,29.0,19.7,22.1,17.4,17.9,16.7,29.3,26.1,30.9,19.4,26.2,24.2,15.9,36.3,17.5,16.2,23.7,17.2,20.9,33.4,11.9,27.5,25.6,19.7,16.0,35.7,,11.9,16.0,17.5,26.1,32.4,36.3,22.8,22.1,27.4
03-08,23.9,16.1,17.7,12.4,23.5,17.1,26.0,29.6,35.0,29.0,19.8,22.1,17.5,18.8,16.7,29.5,26.1,31.5,19.6,26.4,24.2,16.0,37.0,17.5,16.2,23.7,17.2,21.0,33.4,11.9,29.0,25.6,19.7,16.0,35.8,,11.9,16.0,17.5,26.1,32.6,37.0,22.8,22.1,27.4
03-09,23.7,16.4,17.7,12.4,23.5,17.1,26.0,29.6,34.9,29.1,19.8,22.4,17.5,19.2,16.7,29.7,26.1,31.8,20.0,26.5,24.2,16.0,37.0,17.5,16.6,23.7,17.2,21.0,33.4,11.9,29.7,26.0,19.7,17.0,36.2,,11.9,16.5,17.5,26.1,32.8,37.0,23.0,22.4,27.4
03-10,23.2,16.7,18.0,12.4,23.5,17.1,26.0,29.6,35.1,29.1,20.7,23.6,17.8,19.3,16.7,29.7,26.1,32.5,20.1,26.5,24.7,16.0,37.0,17.5,16.8,23.9,17.2,21.5,33.4,11.9,29.9,26.0,19.8,17.8,36.5,,11.9,16.7,17.8,26.1,33.0,37.0,23.6,23.2,27.4
03-11,22.6,16.3,18.0,12.4,23.5,17.1,26.0,29.7,35.1,29.2,20.8,24.1,18.1,19.3,16.7,29.7,26.1,32.5,20.2,26.6,24.8,16.0,37.0,17.5,16.8,24.3,17.2,21.5,33.4,11.9,30.1,26.2,19.9,17.8,37.3,,11.9,16.5,18.0,26.2,33.0,37.3,23.8,22.6,27.4
03-12,22.5,16.3,18.0,12.3,23.6,17.8,27.0,29.9,35.1,29.2,20.9,24.3,18.3,19.4,16.7,29.7,26.1,32.6,20.4,26.7,24.8,16.0,37.0,17.5,16.8,24.9,17.2,21.5,33.4,11.9,30.3,26.2,20.1,17.8,37.3,,11.9,16.5,18.1,26.6,33.1,37.3,24.0,22.5,27.4
03-13,22.4,16.4,18.5,12.3,23.6,17.8,27.6,30.5,35.1,29.2,20.9,24.4,18.5,20.1,16.6,29.7,26.3,33.3,20.4,26.7,24.8,16.1,37.9,17.5,16.8,24.9,17.2,21.5,33.4,11.9,30.8,26.2,20.4,17.9,38.0,,11.9,16.5,18.5,26.6,33.4,38.0,24.0,22.4,27.4
03-14,22.6,16.7,18.5,12.2,23.7,17.8,27.8,30.5,35.2,29.2,21.0,24.4,18.5,21.4,16.5,29.7,26.4,34.0,20.4,27.7,24.8,16.4,38.2,17.4,16.8,24.9,17.2,21.5,33.4,11.9,31.6,26.4,20.6,18.2,38.2,,11.9,16.6,18.5,27.4,33.8,38.2,24.0,22.6,27.4
03-15,22.9,17.0,18.5,12.2,24.7,17.7,27.8,30.6,35.2,29.2,21.0,24.5,18.6,21.7,17.0,29.7,26.6,34.1,20.4,27.8,24.8,16.4,38.2,17.3,16.7,25.2,17.2,22.3,33.4,12.7,31.6,26.4,20.8,18.3,38.3,,12.2,16.8,18.5,27.6,33.8,38.3,24.6,22.9,27.4
03-16,23.0,17.1,18.7,12.2,25.0,17.7,27.8,30.6,35.2,29.2,21.0,24.7,18.7,21.8,17.5,29.7,26.7,35.2,20.4,27.8,24.7,16.4,38.5,17.3,16.6,25.2,17.2,22.7,33.4,13.4,31.6,26.4,20.8,18.3,39.4,,12.2,16.8,18.7,27.6,34.5,39.4,24.7,23.0,27.4
03-17,23.2,17.1,18.7,12.2,25.6,17.7,27.8,30.6,35.2,29.2,21.1,24.8,19.6,21.9,18.0,29.7,26.9,35.3,20.4,27.8,24.7,16.5,39.4,17.1,16.6,25.6,16.9,22.8,33.4,13.4,31.6,26.4,21.1,18.3,39.4,,12.2,16.7,18.9,27.6,34.5,39.4,24.8,23.2,27.4
03-18,23.2,17.1,18.8,12.6,27.0,17.7,27.8,30.6,35.5,29.5,21.1,25.5,19.6,22.5,18.9,29.7,27.0,35.9,20.4,27.8,24.7,16.5,39.4,17.0,17.1,25.9,16.8,22.8,33.4,14.1,31.6,26.4,21.3,18.3,39.4,,12.6,16.9,19.0,27.6,34.7,39.4,25.1,23.2,27.4
03-19,23.4,17.1,18.8,13.0,27.1,17.5,28.3,30.6,35.7,29.6,21.0,25.6,19.6,22.5,19.1,29.7,27.1,36.2,20.1,28.0,24.7,16.5,39.4,18.2,17.1,25.9,16.7,22.7,33.3,14.5,31.6,26.9,21.3,18.3,39.4,,13.0,16.9,19.2,27.8,34.7,39.4,25.2,23.4,27.4
03-20,24.5,17.2,19.6,13.0,27.2,18.1,28.3,30.6,35.8,29.6,20.8,26.5,19.6,22.5,19.1,29.2,27.5,36.7,19.6,28.1,24.6,16.6,40.5,18.6,17.1,25.9,16.6,22.7,32.7,14.5,31.6,27.3,21.3,18.3,39.8,,13.0,16.8,19.6,28.0,34.6,40.5,25.2,24.5,27.4
03-21,24.6,17.3,20.2,13.0,27.3,18.2,28.3,30.6,36.1,29.8,20.6,26.5,19.4,22.6,19.1,29.0,28.8,37.1,19.3,28.3,24.5,16.6,40.5,18.8,17.7,25.9,16.4,22.7,32.4,14.5,31.6,27.7,22.6,18.5,40.7,,13.0,16.9,19.3,28.3,34.6,40.7,25.2,24.5,27.4
03-22,24.6,17.1,20.3,13.0,27.3,18.2,29.0,30.6,36.1,29.7,20.7,26.5,19.3,22.6,19.1,28.8,29.6,37.6,19.6,28.3,24.2,16.6,40.7,18.9,18.1,25.9,16.1,22.8,31.6,14.5,32.2,27.9,23.0,18.6,41.1,,13.0,16.8,19.4,28.7,34.5,41.1,25.0,24.2,27.4
03-23,24.6,16.9,20.4,13.2,27.2,19.5,29.5,31.0,36.3,29.6,21.0,26.5,19.1,22.6,19.1,28.4,30.5,37.6,19.7,28.3,24.3,16.9,41.7,18.5,18.6,25.9,15.7,23.6,31.4,14.5,32.4,27.9,23.1,18.6,41.8,,13.2,16.9,19.5,28.4,34.7,41.8,25.1,24.3,27.4
03-24,24.6,16.9,20.4,13.4,27.0,19.5,30.5,31.6,36.3,29.2,20.8,26.5,18.9,22.9,19.3,27.7,32.1,37.9,19.4,28.3,25.0,16.9,41.7,18.5,18.8,25.9,16.0,23.6,32.4,14.8,32.9,28.2,23.1,18.6,42.8,,13.4,16.9,19.4,28.3,34.9,42.8,25.4,24.6,27.4
03-25,24.6,16.9,20.4,13.5,26.9,19.7,31.1,31.8,36.5,29.0,20.7,26.5,18.7,23.6,19.3,27.5,33.1,38.1,19.3,28.3,25.6,16.9,42.0,18.4,18.8,26.0,16.3,23.7,32.1,15.0,33.2,28.6,23.4,18.6,43.7,,13.5,16.9,19.4,28.5,35.2,43.7,25.8,24.6,27.4
03-26,24.6,16.6,20.4,13.5,26.2,19.7,31.3,31.8,36.9,28.6,20.2,26.5,18.7,23.8,19.4,27.3,33.5,38.4,18.5,28.3,28.4,16.9,42.7,18.4,18.8,26.0,16.3,23.7,32.4,15.0,33.2,29.6,23.7,18.4,44.3,,13.5,16.7,19.5,28.6,35.5,44.3,26.1,24.6,27.4
03-27,24.7,16.4,20.4,13.5,25.9,19.7,31.4,32.0,36.9,28.6,20.2,26.5,18.6,24.0,20.2,28.0,33.6,39.3,18.1,28.3,28.7,17.4,42.7,18.4,18.8,26.2,16.2,23.7,32.4,15.2,33.2,29.8,23.8,17.8,45.0,,13.5,16.8,19.8,28.7,35.6,45.0,26.0,24.7,27.4
03-28,24.9,16.0,20.4,13.6,26.0,19.7,31.4,32.1,36.9,30.5,20.6,26.2,18.6,24.0,20.4,28.3,34.0,39.6,18.5,28.6,28.7,17.4,43.6,18.6,18.8,26.9,16.1,23.7,33.4,15.3,33.2,29.8,23.8,17.3,46.5,,13.6,16.6,19.8,29.6,35.7,46.5,26.1,24.9,27.4
03-29,24.9,16.3,20.4,13.6,26.5,19.7,31.4,32.5,36.9,31.2,20.9,26.3,19.9,24.0,20.4,28.5,34.5,40.4,18.9,28.6,28.7,17.4,44.0,18.6,18.8,27.0,15.6,25.2,33.4,15.4,33.9,30.4,23.8,17.1,46.5,,13.6,16.6,20.0,30.1,35.9,46.5,26.4,25.2,27.4
03-30,24.9,16.3,20.4,13.3,26.9,19.7,31.4,32.5,37.0,31.6,21.0,26.5,20.4,24.0,20.4,28.5,35.7,41.0,19.2,28.6,29.7,17.4,44.0,18.7,18.7,27.0,15.3,25.5,33.4,15.4,35.0,30.7,23.8,17.2,47.3,,13.3,16.7,20.4,30.5,36.5,47.3,26.7,25.5,27.4
03-31,25.2,16.4,20.4,13.1,26.9,19.7,31.4,32.6,37.0,31.9,21.0,26.9,20.4,24.0,20.4,28.4,36.4,41.3,19.4,28.9,30.0,17.2,44.6,18.4,18.6,27.9,14.8,25.5,33.9,15.4,35.0,31.1,23.8,17.2,48.0,,13.1,16.7,20.4,30.9,36.8,48.0,26.9,25.5,27.4
04-01,25.3,16.4,20.4,12.9,27.0,19.7,31.5,32.6,37.4,31.9,21.7,27.1,20.3,24.1,20.3,28.2,36.6,41.7,19.4,29.5,30.3,18.2,44.6,17.8,18.2,28.2,14.1,25.5,33.9,15.2,35.0,31.1,23.8,17.2,49.7,,12.9,16.7,20.3,30.9,37.1,49.7,27.0,25.5,27.4
04-02,25.8,16.0,20.0,12.7,27.8,20.2,31.5,32.6,37.4,31.9,22.3,27.2,20.3,23.7,20.0,27.8,36.7,42.2,19.1,29.7,30.8,18.6,44.7,18.0,19.0,28.7,14.0,25.8,33.9,15.0,35.0,31.2,23.8,17.2,49.8,,12.7,16.5,20.0,31.1,37.1,49.8,27.5,25.8,27.4
04-03,26.7,15.5,20.0,12.3,28.9,20.3,31.3,32.8,37.4,32.0,22.4,26.9,22.2,23.6,20.0,27.2,36.7,42.4,19.0,29.9,31.7,19.2,45.7,18.0,19.1,29.1,14.6,25.8,34.3,15.2,35.7,31.3,23.8,17.2,50.4,,12.3,16.2,20.1,31.3,37.1,50.4,27.0,26.7,27.4
04-04,27.3,15.1,20.0,11.9,29.0,20.8,31.2,32.9,37.4,32.2,22.7,26.8,22.2,23.5,21.1,26.9,36.7,42.5,18.5,30.0,32.0,19.9,45.8,17.9,18.8,29.1,14.4,25.7,34.3,15.2,36.0,31.2,23.8,17.0,51.9,,11.9,15.9,20.9,31.2,37.1,51.9,26.8,26.8,27.4
04-05,27.4,14.8,20.0,11.5,29.3,20.8,31.1,33.0,37.4,32.6,22.7,26.2,22.8,23.2,21.2,26.5,36.7,42.6,17.7,30.0,32.6,20.0,45.8,17.3,18.3,29.1,14.3,25.4,34.3,15.2,36.1,31.0,23.1,17.1,53.0,,11.5,16.0,20.9,31.1,37.1,53.0,26.4,26.2,27.4
04-06,27.4,14.2,19.1,11.1,29.3,20.8,30.8,33.0,37.6,33.0,22.8,25.7,23.2,22.8,21.5,25.9,37.0,43.0,17.2,30.0,32.6,21.6,45.6,17.5,18.4,29.3,14.2,24.9,34.3,15.1,36.1,31.1,22.6,17.5,53.7,,11.1,15.9,21.5,31.0,37.4,53.7,25.8,25.7,27.4
04-07,27.4,13.7,17.9,10.8,29.4,20.8,30.5,32.6,38.0,33.2,22.8,25.1,23.6,22.6,21.9,25.0,37.2,45.6,16.6,30.1,32.7,23.5,45.5,17.8,18.3,29.6,13.8,24.9,34.3,15.1,35.9,30.8,23.4,17.5,53.7,,10.8,15.7,22.0,30.7,37.7,53.7,25.0,25.0,27.4
04-08,27.1,13.4,18.3,10.5,29.4,21.3,30.1,32.0,38.0,33.2,23.7,25.0,24.2,22.4,22.1,24.5,37.2,45.8,15.8,31.0,32.9,23.7,47.1,17.8,18.1,29.6,13.7,24.6,34.3,14.2,35.8,30.8,23.4,17.5,53.7,,10.5,14.8,22.2,31.0,37.7,53.7,24.8,24.6,27.4
04-09,26.4,13.8,18.5,10.4,29.4,21.3,30.6,31.5,38.1,33.4,24.3,24.8,25.0,22.3,22.1,24.1,37.8,45.9,15.9,31.4,33.8,23.7,47.8,17.8,19.3,29.6,14.1,24.0,35.2,14.7,35.8,30.8,23.2,17.5,53.6,,10.4,15.2,22.1,31.3,38.0,53.6,24.9,24.8,27.4
04-10,26.0,14.1,18.7,10.0,29.4,21.9,31.1,30.8,39.1,33.7,25.7,24.3,25.0,21.8,22.0,24.3,37.8,46.1,16.1,31.7,34.9,23.7,48.3,17.3,19.8,29.4,14.0,23.0,35.8,14.7,36.2,30.2,23.2,17.3,53.6,,10.0,15.3,21.9,31.0,38.6,53.6,25.4,25.0,27.4
04-11,25.5,13.8,18.8,9.3,29.4,22.1,31.2,30.4,39.1,33.7,25.8,24.0,25.0,21.6,21.6,24.6,37.8,46.1,16.4,31.8,35.0,23.7,48.7,16.8,19.9,28.9,13.9,21.8,35.8,14.6,36.5,30.0,23.2,17.1,53.6,,9.3,15.3,21.6,31.0,38.6,53.6,25.4,25.0,27.4
04-12,25.4,13.1,19.1,8.7,29.4,22.0,31.2,30.2,39.2,33.5,25.8,23.7,25.1,21.4,21.2,25.1,38.0,46.4,16.4,31.8,34.9,23.8,48.7,16.8,20.3,28.5,13.7,21.3,35.8,13.8,36.6,29.7,22.8,17.6,53.2,,8.7,14.8,21.3,31.0,38.7,53.2,25.4,25.1,27.4
04-13,24.9,12.3,19.6,7.9,29.6,21.7,31.1,31.0,39.2,33.9,25.6,22.8,26.0,21.0,20.6,24.6,38.0,46.5,16.4,31.9,35.1,24.2,48.7,17.1,20.3,27.9,13.0,20.7,36.3,14.8,37.6,29.4,22.6,18.4,53.1,,7.9,15.4,20.8,31.1,38.7,53.1,25.8,24.9,27.4
04-14,24.1,11.5,19.6,7.3,29.7,21.5,31.0,31.3,39.2,34.3,25.2,22.1,26.1,20.4,20.1,23.6,37.7,46.6,16.4,31.9,35.1,24.6,49.5,17.3,20.7,28.0,12.3,20.4,35.2,14.9,37.9,29.4,22.5,18.8,53.0,,7.3,15.5,20.5,31.2,38.7,53.0,25.6,24.6,27.4
04-15,23.1,10.4,20.0,6.4,29.8,21.2,31.0,31.6,39.1,34.3,25.2,22.7,26.3,19.6,19.5,22.8,37.7,47.0,15.8,31.9,36.1,24.6,50.3,17.6,20.9,28.0,13.0,20.4,34.5,14.9,38.2,29.6,23.9,19.0,52.9,,6.4,15.3,20.5,31.5,38.7,52.9,25.8,24.6,27.4
04-16,22.4,9.3,19.1,5.7,29.8,20.9,31.0,31.6,39.1,34.7,25.2,22.5,26.0,19.4,19.3,22.6,37.5,46.7,14.9,32.3,37.1,24.6,50.3,17.6,21.4,28.0,13.7,20.4,34.5,14.9,38.5,30.6,24.1,19.5,52.9,,5.7,14.9,20.5,31.5,38.9,52.9,25.6,24.6,27.4
04-17,21.6,8.3,18.7,5.3,29.8,20.3,31.3,31.7,39.1,35.0,24.8,22.3,25.8,19.8,19.1,22.7,37.5,46.2,14.3,32.3,37.2,24.5,50.9,17.5,21.5,28.0,13.8,20.4,34.5,14.6,38.1,30.9,24.4,20.0,52.7,,5.3,14.4,20.3,31.6,38.7,52.7,25.3,24.5,27.4
04-18,20.2,7.8,18.7,5.0,29.8,19.7,31.4,32.6,38.4,35.2,24.4,21.9,25.2,20.6,18.9,22.7,36.9,46.5,13.4,32.3,37.1,24.0,51.4,17.9,21.6,27.0,13.8,20.1,33.7,15.0,38.0,31.1,24.4,20.0,52.7,,5.0,14.3,20.1,32.1,38.2,52.7,24.8,24.4,27.4
04-19,18.9,7.6,18.7,5.6,30.8,19.0,31.9,34.0,37.6,35.3,23.8,22.0,24.7,21.0,19.8,23.4,36.5,46.8,14.1,32.1,36.8,23.3,52.3,17.8,21.6,26.1,13.4,19.9,33.3,15.0,38.0,31.1,24.4,19.7,53.0,,5.6,14.5,19.8,32.1,37.8,53.0,24.2,23.8,27.4
04-20,17.8,7.3,18.6,5.7,30.8,18.2,32.4,34.7,36.4,35.2,23.1,22.0,24.2,21.7,19.8,23.7,36.8,46.8,14.8,31.4,36.6,22.5,51.9,17.6,22.7,25.1,12.9,19.2,33.0,15.0,37.5,31.1,24.4,19.2,53.0,,5.7,14.9,19.3,32.2,37.2,53.0,24.0,23.7,27.4
04-21,16.7,6.3,18.2,5.4,30.7,17.2,32.8,35.1,35.8,35.1,23.4,21.5,25.0,22.0,19.5,24.5,37.7,46.7,14.7,31.1,36.1,21.5,52.4,17.0,23.7,24.2,12.3,18.4,33.0,14.7,36.6,31.1,24.4,18.9,53.0,,5.4,14.7,19.0,32.5,37.3,53.0,24.4,24.2,27.4
04-22,16.2,5.3,18.9,5.0,30.6,16.1,32.8,35.1,35.0,34.9,23.6,20.9,26.0,22.1,19.3,25.0,37.8,46.7,14.8,30.8,35.4,21.0,52.2,16.0,23.7,23.5,11.5,17.4,33.4,14.1,35.4,30.6,24.6,18.6,53.4,,5.0,14.4,19.0,32.4,36.8,53.4,24.4,23.7,27.4
04-23,14.9,4.9,18.9,5.1,30.3,14.9,32.8,35.0,35.5,34.5,23.7,20.2,26.3,21.9,19.6,25.1,37.9,46.1,15.1,30.7,34.6,21.0,52.4,14.7,24.0,23.0,10.2,16.4,33.4,13.0,35.1,29.7,24.4,19.4,53.6,,4.9,13.7,19.4,32.4,36.9,53.6,24.6,24.0,27.4
04-24,14.0,4.4,18.9,4.9,29.9,14.3,32.9,34.7,36.9,33.7,24.0,19.9,26.2,21.5,19.5,25.0,38.0,45.1,15.4,30.5,33.4,21.0,52.3,13.4,24.0,23.1,9.3,17.6,33.0,12.3,34.8,29.1,24.0,19.8,53.8,,4.4,12.7,19.6,32.4,37.6,53.8,24.5,24.0,27.4
04-25,13.4,4.0,18.9,4.2,30.6,14.1,33.0,33.9,36.9,33.4,24.1,19.9,25.9,21.5,19.0,24.6,37.3,44.7,15.1,31.3,32.7,21.0,52.2,11.9,24.0,23.1,9.1,17.6,33.3,11.8,34.1,28.6,23.7,19.8,54.4,,4.0,11.8,19.2,32.4,37.1,54.4,24.4,24.0,27.4
04-26,12.8,3.5,19.9,3.2,30.5,13.8,33.1,33.6,36.8,33.2,24.3,19.1,25.4,21.1,18.1,24.1,36.9,44.6,14.5,31.4,32.9,20.5,53.6,11.2,24.0,22.9,9.3,17.9,34.2,11.0,33.5,27.8,23.1,19.7,54.4,,3.2,11.1,19.2,32.6,36.9,54.4,24.2,24.0,27.4
04-27,13.4,3.8,21.8,2.0,30.5,14.2,33.1,33.4,36.6,33.1,24.1,18.1,24.6,20.7,17.7,23.9,36.5,44.4,13.9,31.4,33.1,19.9,54.4,10.8,23.5,23.4,9.4,18.9,35.0,10.1,32.5,26.3,24.0,19.5,54.0,,2.0,10.4,19.0,32.3,36.6,54.4,24.0,23.9,27.4
04-28,13.8,4.0,22.8,0.2,29.5,14.2,32.7,33.3,36.7,32.8,24.8,17.0,23.6,21.4,17.2,22.7,36.4,43.4,13.1,31.4,33.3,19.3,54.4,10.9,22.8,23.5,9.3,19.2,35.7,9.0,32.1,25.0,24.0,19.0,54.0,,0.2,9.9,19.0,32.0,36.6,54.4,23.6,23.5,27.4
04-29,14.0,4.0,23.4,0.1,28.9,14.8,32.5,33.3,35.6,32.4,25.0,15.8,22.3,21.5,16.6,21.8,36.2,42.4,11.6,30.9,32.6,19.9,54.9,11.0,21.5,24.0,8.6,19.3,36.4,7.8,31.4,24.0,23.8,18.6,53.5,,0.1,9.6,18.7,31.3,36.3,54.9,23.7,23.4,27.4
04-30,13.9,4.2,23.6,0.0,28.5,14.8,32.4,32.8,35.8,31.7,24.7,15.3,21.1,21.1,15.6,21.7,36.1,41.5,10.0,30.1,32.2,20.8,55.4,10.7,20.4,24.0,7.2,19.4,36.4,6.9,31.1,22.8,23.1,18.6,52.7,,0.0,8.3,18.8,30.9,36.3,55.4,23.2,22.8,27.4
05-01,13.7,4.1,23.7,0.0,28.3,14.8,32.6,31.7,36.7,30.8,24.8,14.8,19.7,20.3,15.5,21.5,36.7,40.7,8.5,29.9,31.3,21.1,55.4,9.9,19.5,24.0,5.9,19.1,36.4,7.4,31.4,20.9,21.9,18.6,52.0,,0.0,7.8,18.7,30.6,36.7,55.4,22.6,21.5,27.4
05-02,13.3,3.7,23.7,0.0,28.1,14.9,32.9,30.7,37.0,29.9,24.5,13.7,18.5,19.5,15.7,20.7,36.6,39.9,7.2,30.3,31.0,22.0,55.4,9.2,19.6,23.6,4.6,18.8,36.2,7.4,31.6,20.5,20.1,18.1,51.3,,0.0,7.3,18.2,30.2,36.8,55.4,22.8,20.7,27.4
05-03,12.1,3.1,23.9,0.0,27.3,14.8,33.2,29.6,37.0,28.6,25.3,12.3,17.9,18.9,14.8,19.3,36.3,38.9,5.6,30.3,30.8,22.4,55.4,8.0,19.5,22.5,3.4,18.5,36.0,7.2,31.6,19.7,19.1,17.3,50.6,,0.0,6.2,17.4,29.4,36.7,55.4,22.4,19.7,27.4
05-04,11.3,1.9,24.6,0.0,27.0,14.7,33.1,28.5,36.9,27.3,26.6,10.8,18.0,18.2,14.8,17.8,36.0,38.2,5.8,30.1,30.3,22.5,55.2,7.0,18.2,20.6,2.3,17.7,35.4,7.0,31.4,18.9,18.3,17.5,50.0,,0.0,6.3,17.5,28.3,36.5,55.2,21.6,18.9,27.4
05-05,10.1,0.7,24.6,0.0,26.9,14.1,33.0,27.7,36.2,26.6,27.8,9.2,17.7,16.9,15.7,15.9,35.2,38.7,6.0,29.4,29.9,22.5,55.0,5.7,17.0,19.1,1.4,16.7,34.9,5.9,30.7,18.5,17.5,17.6,49.7,,0.0,5.8,16.1,27.8,35.8,55.0,20.8,18.5,27.4
05-06,8.6,0.0,25.1,0.0,28.1,13.3,33.0,26.7,35.0,26.2,27.8,8.1,16.9,15.6,15.8,13.9,34.5,38.0,6.4,28.4,28.7,22.3,54.7,5.2,15.7,17.8,0.8,15.8,33.9,4.9,29.7,17.8,16.9,17.0,48.8,,0.0,5.0,15.6,28.0,34.8,54.7,20.0,17.8,27.4
05-07,7.0,0.0,24.4,0.0,30.2,12.3,33.0,25.6,33.7,26.0,27.8,7.2,16.2,13.8,15.9,12.5,33.9,37.4,6.4,27.2,27.5,22.3,54.3,4.4,14.9,16.9,0.0,14.9,32.7,0.0,28.7,16.8,15.5,15.3,48.6,,0.0,1.8,14.0,27.4,33.8,54.3,19.6,16.8,27.4
05-08,5.3,0.0,23.9,0.0,30.6,11.2,32.7,24.8,32.3,25.2,27.3,6.7,15.1,12.7,16.6,11.4,34.0,36.9,6.0,27.0,26.3,22.3,53.9,3.4,13.8,17.2,0.0,14.7,31.3,0.0,28.5,16.5,13.7,13.9,48.4,,0.0,1.4,12.9,26.9,33.5,53.9,19.8,16.6,27.4
05-09,3.8,0.0,22.9,0.0,31.3,10.5,32.5,23.8,31.2,24.5,26.3,6.4,13.6,12.2,16.6,9.9,33.8,36.1,4.8,26.4,26.0,22.0,54.2,2.2,13.1,17.2,0.0,14.9,30.3,0.0,27.9,15.6,13.4,13.5,48.2,,0.0,0.9,12.4,26.2,33.3,54.2,19.6,16.6,27.4
05-10,1.8,0.0,22.5,0.0,31.3,9.2,31.7,23.1,29.9,23.5,26.4,5.3,11.7,11.2,17.0,8.5,33.3,35.2,3.5,25.7,24.7,21.4,53.4,0.8,11.8,18.0,0.6,13.8,29.5,0.0,27.4,14.8,13.1,13.6,46.6,,0.0,0.7,11.3,25.5,32.7,53.4,19.7,17.0,27.4
05-11,0.5,0.0,22.5,0.0,30.7,8.0,31.1,21.9,28.5,22.9,26.5,5.0,10.6,11.2,17.2,7.2,34.2,34.6,2.0,25.3,23.3,21.8,52.8,0.0,10.4,18.0,0.0,13.4,28.1,0.0,27.0,13.6,13.3,13.5,45.3,,0.0,0.0,10.4,24.9,33.0,52.8,19.9,17.2,27.4
05-12,0.4,0.6,22.9,0.0,29.9,6.8,31.5,20.7,26.9,23.4,26.2,5.7,9.3,11.4,17.0,7.2,35.7,33.9,0.4,24.3,21.9,22.0,52.9,0.0,9.2,18.3,0.0,13.0,26.8,0.0,26.5,11.7,13.3,12.5,44.0,,0.0,0.2,9.2,24.1,32.9,52.9,19.5,17.0,27.4
05-13,0.2,0.1,22.8,0.0,28.9,5.0,32.3,19.3,25.5,23.1,26.5,6.3,7.7,11.2,16.1,7.1,36.2,32.2,0.0,24.4,20.3,22.0,52.9,0.0,7.7,18.3,0.0,11.7,25.0,0.0,25.2,10.3,11.2,12.5,42.7,,0.0,0.0,7.7,24.1,32.3,52.9,18.8,16.1,27.4
05-14,0.1,0.0,22.4,0.0,27.6,3.4,32.0,18.0,24.1,23.4,25.8,6.0,6.3,9.7,14.9,7.6,36.1,30.1,0.0,24.0,19.8,21.8,52.0,0.0,6.1,18.5,0.0,10.4,23.7,0.0,23.8,9.8,9.2,11.9,41.2,,0.0,0.0,6.6,23.6,31.2,52.0,18.2,14.9,27.4
05-15,0.0,0.0,22.2,0.0,26.6,2.3,31.8,16.3,22.2,23.3,25.6,5.3,4.3,8.0,13.4,7.0,35.5,28.3,0.0,23.4,18.4,21.5,50.6,0.0,4.3,17.8,0.0,9.0,23.0,0.0,22.5,8.9,8.0,10.2,39.8,,0.0,0.0,5.6,22.4,30.4,50.6,17.0,13.4,27.4
05-16,0.0,0.0,21.8,0.0,25.2,0.4,31.7,14.7,20.3,24.3,25.9,4.6,2.0,6.5,11.6,5.7,34.7,26.8,0.0,22.3,16.9,21.0,49.2,0.0,2.5,16.6,0.2,8.3,21.7,0.0,21.2,8.2,7.0,8.4,37.8,,0.0,0.0,4.8,21.6,29.7,49.2,15.6,11.6,27.4
05-17,0.0,0.0,20.9,0.0,23.4,0.0,31.0,13.5,18.5,23.8,26.1,3.8,0.4,5.2,9.9,4.2,34.0,25.6,0.0,21.0,15.3,20.1,48.1,0.0,0.9,15.1,2.3,7.7,21.4,0.0,20.6,7.1,6.0,6.6,35.9,,0.0,0.0,3.9,20.8,29.0,48.1,14.3,9.9,27.4
05-18,0.0,0.0,19.6,0.0,22.1,0.0,30.0,12.3,16.5,22.9,25.5,3.4,0.0,3.5,9.0,2.8,34.2,24.0,0.0,19.4,13.4,18.6,48.4,0.0,0.3,13.4,1.9,6.8,21.7,0.0,21.1,5.8,5.0,5.4,34.3,,0.0,0.0,2.9,19.6,28.2,48.4,12.8,9.0,27.4
05-19,0.0,0.0,18.9,0.0,20.7,0.0,29.2,11.9,14.7,21.8,24.1,2.3,0.0,1.6,8.2,1.4,33.5,22.2,0.0,17.8,11.2,18.1,48.4,0.0,0.0,11.9,1.8,6.0,21.8,0.0,21.5,4.2,4.0,3.7,32.4,,0.0,0.0,1.6,18.7,27.2,48.4,11.6,8.2,27.4
05-20,0.0,0.0,18.1,0.0,19.1,0.0,28.2,11.5,13.1,20.3,23.0,1.1,0.0,0.5,7.2,0.4,31.3,20.3,0.0,15.7,9.7,17.4,49.1,0.0,0.0,10.7,1.2,4.3,21.8,0.0,21.5,2.9,3.0,2.6,30.6,,0.0,0.0,0.6,18.0,26.1,49.1,10.2,7.2,27.4
05-21,0.0,0.0,15.6,0.0,17.4,0.0,26.8,11.1,11.6,18.5,21.5,0.1,0.0,0.1,5.9,0.1,28.9,17.9,0.0,14.1,8.1,16.3,50.1,0.0,0.0,9.5,0.0,3.3,21.7,0.0,21.3,2.9,0.2,2.6,28.9,,0.0,0.0,0.1,16.2,24.8,50.1,8.8,5.9,27.4
05-22,0.0,0.0,14.1,0.0,15.3,0.0,25.2,10.1,10.4,17.9,20.2,0.0,0.0,1.9,4.0,0.0,27.1,15.6,0.0,14.1,6.5,15.9,50.0,0.0,0.0,8.6,0.0,3.2,21.5,0.0,21.4,2.0,0.0,2.1,27.4,,0.0,0.0,0.0,15.1,23.7,50.0,7.6,4.0,27.4
05-23,0.0,0.0,12.6,0.0,14.7,0.0,23.6,9.4,9.0,17.9,18.2,0.0,0.0,2.0,2.3,0.0,25.1,13.9,0.0,14.3,5.1,16.1,49.5,0.0,0.0,7.1,0.0,3.0,20.5,0.0,21.6,1.1,0.0,0.7,24.8,,0.0,0.0,0.0,14.2,22.8,49.5,6.1,3.0,27.4
05-24,0.0,0.0,11.8,0.0,13.2,0.0,24.0,9.2,7.8,17.5,16.4,0.0,0.0,2.1,0.7,0.0,22.6,12.6,0.0,14.3,3.5,16.4,49.7,0.0,0.0,6.3,0.0,2.3,19.0,0.0,21.9,1.4,1.0,0.0,22.6,,0.0,0.0,0.0,13.1,22.3,49.7,4.9,2.3,27.4
05-25,0.0,0.0,10.6,0.0,11.4,0.0,23.9,8.7,7.8,16.7,14.6,0.0,0.0,1.8,0.1,0.0,20.5,10.9,0.0,14.3,2.5,17.0,49.1,0.0,0.0,5.3,0.0,0.9,16.6,0.0,22.3,1.1,0.5,0.0,20.3,,0.0,0.0,0.0,11.3,20.4,49.1,3.9,1.8,27.4
05-26,0.0,0.0,10.3,0.0,9.7,0.0,23.8,8.3,8.3,15.1,13.3,0.0,0.0,0.8,0.0,0.0,19.0,9.3,0.0,13.8,1.2,17.0,49.3,0.0,0.0,3.6,0.0,0.2,15.1,0.0,22.0,0.4,0.0,0.0,18.5,,0.0,0.0,0.0,10.2,18.8,49.3,2.4,0.8,27.4
05-27,0.0,0.0,8.6,0.0,8.0,0.0,23.9,8.3,8.3,14.4,11.6,0.0,0.0,0.0,0.0,0.0,17.2,7.4,0.0,13.8,0.4,16.7,47.8,0.0,0.0,2.0,0.0,0.0,14.0,0.0,21.3,0.0,0.0,0.0,17.6,,0.0,0.0,0.0,8.5,17.4,47.8,1.2,0.0,27.4
05-28,0.0,0.0,8.1,0.0,6.0,0.0,23.8,7.2,7.6,13.3,10.2,0.0,0.0,0.0,0.0,0.0,15.4,7.0,0.0,13.1,0.0,15.3,47.4,0.0,0.0,0.0,0.0,0.0,13.1,0.0,20.8,0.0,0.0,0.0,16.3,,0.0,0.0,0.0,8.0,15.9,47.4,0.0,0.0,27.4
05-29,0.0,0.0,7.1,0.0,4.3,0.0,23.4,6.7,6.0,11.7,8.5,0.0,0.0,0.0,0.0,0.0,13.4,7.5,0.0,11.3,0.0,13.7,48.4,0.0,0.0,0.0,0.0,0.0,11.2,0.0,20.1,0.0,0.0,0.0,14.6,,0.0,0.0,0.0,7.4,14.2,48.4,0.0,0.0,27.4
05-30,0.0,0.0,5.9,0.0,2.6,0.0,22.3,5.8,4.6,9.9,7.1,0.0,0.0,0.0,0.0,0.0,11.9,7.1,0.0,10.8,0.0,14.1,47.9,0.0,0.0,0.0,0.0,0.0,9.8,0.0,19.6,0.0,0.0,0.6,13.1,,0.0,0.0,0.0,6.9,13.7,47.9,0.0,0.0,27.4
05-31,0.0,0.0,6.3,0.0,0.9,0.0,20.6,4.8,2.8,8.8,5.3,0.0,0.0,0.0,0.0,0.0,11.2,6.3,0.0,9.5,0.0,13.0,49.0,0.0,0.0,0.0,0.0,0.0,7.8,0.0,18.6,0.0,0.0,1.8,11.3,,0.0,0.0,0.0,6.1,12.3,49.0,0.0,0.0,27.4
06-01,0.0,0.2,5.6,0.0,0.0,0.0,18.9,3.7,0.7,7.1,4.7,0.0,0.0,0.0,0.0,0.0,9.8,4.8,0.0,7.9,0.0,11.4,49.0,0.0,0.0,0.0,0.0,0.0,5.8,0.0,16.7,0.0,0.0,1.6,10.2,,0.0,0.0,0.0,4.8,10.9,49.0,0.0,0.0,27.4
06-02,0.0,0.1,4.7,0.0,0.0,0.0,17.4,2.1,0.0,5.4,3.2,0.0,0.0,0.0,0.0,0.0,8.3,3.1,0.0,5.9,0.0,10.7,48.6,0.0,0.0,0.0,0.0,0.0,4.1,0.0,15.2,0.0,0.0,0.8,8.9,,0.0,0.0,0.0,3.2,10.0,48.6,0.0,0.0,27.4
06-03,0.0,0.0,4.3,0.0,0.6,0.0,16.2,0.6,0.0,3.6,2.8,0.0,0.0,0.0,0.0,0.0,7.4,1.4,0.0,4.4,0.0,8.9,47.5,0.0,0.0,0.0,0.0,0.0,2.6,0.0,13.3,0.0,0.0,0.0,7.6,,0.0,0.0,0.0,2.4,8.4,47.5,0.0,0.0,27.4
06-04,0.0,0.0,2.1,0.0,1.3,0.0,15.7,0.0,0.0,1.8,1.4,0.0,0.0,0.0,0.0,0.0,6.6,0.2,0.0,3.3,0.0,6.7,46.8,0.0,0.0,0.0,0.0,0.0,0.8,0.0,11.1,0.0,0.0,0.0,7.1,,0.0,0.0,0.0,1.2,6.9,46.8,0.0,0.0,27.4
06-05,0.0,0.0,0.5,0.0,0.9,0.0,14.7,0.0,0.0,2.2,1.1,0.0,0.0,0.0,0.0,0.0,5.1,0.0,0.0,3.5,0.0,4.4,46.1,0.0,0.0,0.0,0.0,0.0,0.0,0.0,9.8,0.0,0.0,0.0,5.5,,0.0,0.0,0.0,0.4,5.3,46.1,0.0,0.0,27.4
06-06,0.0,0.0,0.0,0.0,0.4,0.0,13.5,0.0,0.0,1.3,0.7,0.0,0.0,0.0,0.0,0.0,3.8,0.0,0.0,3.0,0.0,2.5,45.1,0.0,0.0,0.0,0.0,0.0,0.0,0.0,7.9,0.0,0.0,0.0,3.8,,0.0,0.0,0.0,0.0,3.8,45.1,0.0,0.0,27.4
06-07,0.0,0.0,0.0,0.0,0.7,0.0,13.4,0.0,0.0,0.7,0.1,0.0,0.0,0.0,0.0,0.0,3.8,0.0,2.1,2.5,0.0,0.0,43.0,0.0,0.0,0.0,0.0,0.0,0.0,0.0,6.4,0.2,0.0,0.0,2.4,,0.0,0.0,0.0,0.1,3.3,43.0,0.0,0.0,27.4
06-08,0.0,0.0,0.0,0.0,2.8,0.0,13.1,0.0,0.0,0.5,0.0,0.0,0.0,0.0,0.0,0.0,4.8,0.0,2.2,1.9,0.0,0.0,41.3,0.0,0.0,0.0,0.0,0.0,0.0,0.0,3.9,0.2,0.0,0.0,1.1,,0.0,0.0,0.0,0.0,3.5,41.3,0.0,0.0,27.4
06-09,0.0,0.0,0.0,0.0,2.4,0.0,13.1,0.0,0.0,0.0,0.0,0.0,0.0,0.0,0.0,0.0,4.8,0.0,1.4,0.5,0.0,0.0,39.5,0.0,0.0,0.0,0.0,0.0,0.0,0.0,3.2,0.2,0.0,0.0,0.5,,0.0,0.0,0.0,0.0,2.9,39.5,0.0,0.0,27.4
06-10,0.0,0.0,0.0,0.0,1.7,0.0,13.7,0.0,0.0,0.0,0.0,0.0,0.0,0.0,0.0,0.0,4.3,0.0,0.0,0.0,0.0,0.0,37.6,0.0,0.0,0.0,0.0,0.0,0.0,0.0,1.9,0.0,0.0,0.0,0.0,,0.0,0.0,0.0,0.0,1.8,37.6,0.0,0.0,27.4
06-11,0.0,0.0,0.0,0.0,0.5,0.0,13.4,0.0,0.0,0.0,0.0,0.0,0.0,0.0,0.0,0.0,3.7,0.0,0.0,0.0,0.0,0.0,36.3,0.0,0.0,0.0,0.0,0.0,0.0,0.0,0.4,0.0,0.0,0.0,0.0,,0.0,0.0,0.0,0.0,0.5,36.3,0.0,0.0,27.4
06-12,0.0,0.0,0.0,0.0,0.0,0.0,11.7,0.0,0.0,0.0,0.0,0.0,0.0,0.0,0.0,0.0,3.0,0.0,0.0,0.3,0.0,0.0,34.0,0.0,0.0,0.0,0.0,0.0,0.0,0.0,0.0,0.0,0.0,0.0,0.0,,0.0,0.0,0.0,0.0,0.2,34.0,0.0,0.0,27.4
06-13,0.0,0.0,0.0,0.0,0.0,0.0,9.4,0.0,0.0,0.0,0.0,0.0,0.0,0.0,0.0,0.0,1.9,0.0,0.0,0.0,0.0,0.0,32.0,0.0,0.0,0.0,0.0,0.0,0.0,0.0,0.0,0.0,0.0,0.0,0.0,,0.0,0.0,0.0,0.0,0.0,32.0,0.0,0.0,27.4
06-14,0.0,0.0,0.0,0.0,0.0,0.0,6.9,0.0,0.0,0.0,0.0,0.0,0.4,0.0,0.0,0.0,0.5,0.0,0.0,0.0,0.0,0.0,29.9,0.0,0.0,0.0,0.0,0.0,1.0,0.0,0.0,0.0,0.0,0.0,0.0,,0.0,0.0,0.0,0.0,0.5,29.9,0.0,0.0,27.4
06-15,0.0,0.0,0.0,0.0,0.0,0.0,4.5,0.0,0.0,0.0,0.0,0.0,0.0,0.0,0.0,0.0,0.0,0.0,0.0,0.0,0.0,0.0,28.1,0.0,0.0,0.0,0.0,0.0,0.0,0.0,0.0,0.0,0.0,0.0,0.0,,0.0,0.0,0.0,0.0,0.0,28.1,0.0,0.0,27.4
06-16,0.0,0.0,0.0,0.0,0.0,0.0,2.5,0.0,0.0,0.0,0.0,0.0,0.0,0.0,0.0,0.0,0.0,0.0,0.0,0.0,0.0,0.0,25.7,0.0,0.0,0.0,0.0,0.0,0.0,0.0,0.0,0.0,0.0,0.0,0.0,,0.0,0.0,0.0,0.0,0.0,25.7,0.0,0.0,27.4
06-17,0.0,0.0,0.0,0.0,0.0,0.0,1.2,0.0,0.0,0.4,0.0,0.0,0.0,0.0,0.0,0.0,0.0,0.0,0.0,0.0,0.0,0.0,23.0,0.0,0.0,0.0,0.0,0.0,0.0,0.0,0.0,0.1,0.0,0.0,0.0,,0.0,0.0,0.0,0.0,0.1,23.0,0.0,0.0,27.4
06-18,0.0,0.0,0.0,0.0,0.0,0.0,0.7,0.0,0.0,1.6,0.0,0.0,0.0,0.0,0.0,0.0,0.0,0.0,0.0,0.0,0.0,0.0,21.3,0.0,0.0,0.0,0.0,0.0,0.0,0.0,0.0,0.0,0.0,0.0,0.0,,0.0,0.0,0.0,0.0,0.0,21.3,0.0,0.0,27.4
06-19,0.0,0.0,0.0,0.0,0.0,0.0,0.0,0.0,0.0,0.2,0.0,0.0,0.0,0.0,0.0,0.0,0.0,0.0,0.0,0.0,0.0,0.0,19.2,0.0,0.0,0.0,0.0,0.0,0.0,0.0,0.0,0.0,0.0,0.0,0.0,,0.0,0.0,0.0,0.0,0.0,19.2,0.0,0.0,27.4
06-20,0.0,0.0,0.0,0.0,0.0,0.0,0.0,0.0,0.0,0.0,0.0,0.0,0.0,0.0,0.0,0.0,0.0,0.0,0.0,0.0,0.0,0.0,17.7,0.0,0.0,0.0,0.0,0.0,0.0,0.0,0.0,0.0,0.0,0.0,0.0,,0.0,0.0,0.0,0.0,0.0,17.7,0.0,0.0,27.4
06-21,0.0,0.0,0.0,0.0,0.0,0.0,0.0,0.0,0.0,0.0,0.0,0.0,0.0,0.0,0.0,0.0,0.0,0.0,0.0,0.0,0.0,0.0,16.2,0.0,0.0,0.0,0.0,0.0,0.0,0.0,0.0,0.0,0.0,0.0,0.0,,0.0,0.0,0.0,0.0,0.0,16.2,0.0,0.0,27.4
06-22,0.0,0.0,0.0,0.0,0.0,0.0,0.0,0.0,0.0,0.0,0.0,0.0,0.0,0.0,0.0,0.0,0.0,0.0,0.0,0.0,0.0,0.0,14.2,0.0,0.0,0.0,0.0,0.0,0.0,0.0,0.0,0.0,0.0,0.0,0.0,,0.0,0.0,0.0,0.0,0.0,14.2,0.0,0.0,27.4
06-23,0.0,0.0,0.0,0.0,0.0,0.0,0.0,0.0,0.0,0.0,0.0,0.0,0.0,0.0,0.0,0.0,0.0,0.0,0.0,0.0,0.0,0.0,12.0,0.0,0.0,0.0,0.0,0.0,0.0,0.0,0.0,0.0,0.0,0.0,0.0,,0.0,0.0,0.0,0.0,0.0,12.0,0.0,0.0,27.4
06-24,0.0,0.0,0.0,0.0,0.0,0.0,0.0,0.0,0.0,0.0,0.0,0.0,0.0,0.0,0.8,0.0,0.0,0.0,0.0,0.0,0.0,0.0,9.2,0.0,0.0,0.0,0.0,0.0,0.0,0.0,0.0,0.0,0.0,0.0,0.0,,0.0,0.0,0.0,0.0,0.0,9.2,0.0,0.0,27.4
06-25,0.0,0.0,0.0,0.0,0.0,0.0,0.0,0.0,0.0,0.0,0.0,0.0,0.0,0.0,0.5,0.0,0.0,0.0,0.0,0.0,0.0,0.0,6.9,0.0,0.0,0.0,0.0,0.0,0.0,0.0,0.0,0.0,0.0,0.0,0.0,,0.0,0.0,0.0,0.0,0.0,6.9,0.0,0.0,27.4
06-26,0.0,0.0,0.0,0.0,0.0,0.0,0.0,0.0,0.0,0.0,0.0,0.0,0.0,0.0,0.0,0.0,0.0,0.0,0.0,0.0,0.0,0.0,4.9,0.0,0.0,0.0,0.0,0.0,0.0,0.0,0.0,0.0,0.0,0.0,0.0,,0.0,0.0,0.0,0.0,0.0,4.9,0.0,0.0,27.4
06-27,0.0,0.0,0.0,0.0,0.0,0.0,0.0,0.0,0.0,0.0,0.0,0.0,0.0,0.0,0.0,0.0,0.0,0.0,0.0,0.0,0.0,0.0,3.1,0.0,0.0,0.0,0.0,0.0,0.0,0.0,0.0,0.0,0.0,0.0,0.0,,0.0,0.0,0.0,0.0,0.0,3.1,0.0,0.0,27.4
06-28,0.0,0.0,0.0,0.0,0.0,0.0,0.0,0.0,0.0,0.0,0.0,0.0,0.0,0.0,0.0,0.0,0.0,0.0,0.0,0.0,0.0,0.0,1.2,0.0,0.0,0.0,0.0,0.0,0.0,0.0,0.0,0.0,0.0,0.0,0.0,,0.0,0.0,0.0,0.0,0.0,1.2,0.0,0.0,27.4
06-29,0.0,0.0,0.0,0.0,0.0,0.0,0.0,0.0,0.0,0.0,0.0,0.0,0.0,0.0,0.0,0.0,0.0,0.0,0.0,0.0,0.0,0.0,0.0,0.0,0.0,0.0,0.0,0.0,0.0,0.0,0.0,0.0,0.0,0.0,0.0,,0.0,0.0,0.0,0.0,0.0,0.0,0.0,0.0,27.4
06-30,0.0,0.0,0.0,0.0,0.0,0.0,0.0,0.0,0.0,0.0,0.0,0.0,0.0,0.0,0.0,0.0,0.0,0.0,0.0,0.0,0.0,0.0,0.0,0.0,0.0,0.0,0.0,0.0,0.0,0.0,0.0,0.0,0.0,0.0,0.0,,0.0,0.0,0.0,0.0,0.0,0.0,0.0,0.0,27.4
07-01,0.0,0.0,0.0,0.0,0.0,0.0,0.0,0.0,0.0,0.0,0.0,0.0,0.0,0.0,0.0,0.0,0.0,0.0,0.0,0.0,0.0,0.0,0.0,0.0,0.0,0.0,0.0,0.0,0.0,0.0,0.0,0.0,0.0,0.0,0.0,,0.0,0.0,0.0,0.0,0.0,0.0,0.0,0.0,27.4
07-02,0.0,0.0,0.0,0.0,0.0,0.0,0.0,0.0,0.0,0.0,0.0,0.0,0.0,0.0,0.0,0.0,0.0,0.0,0.0,0.0,0.0,0.0,0.0,0.0,0.0,0.0,0.0,0.0,0.0,0.0,0.0,0.0,0.0,0.0,0.0,,0.0,0.0,0.0,0.0,0.0,0.0,0.0,0.0,27.4
07-03,0.0,0.0,0.0,0.0,0.0,0.0,0.0,0.0,0.0,0.0,0.0,0.0,0.0,0.0,0.0,0.0,0.0,0.0,0.0,0.0,0.0,0.0,0.0,0.0,0.0,0.0,0.0,0.0,0.0,0.0,0.0,0.0,0.0,0.0,0.0,,0.0,0.0,0.0,0.0,0.0,0.0,0.0,0.0,27.4
07-04,0.0,0.0,0.0,0.0,0.0,0.0,0.0,0.0,0.0,0.0,0.0,0.0,0.0,0.0,0.0,0.0,0.0,0.0,0.0,0.0,0.0,0.0,0.0,0.0,0.0,0.0,0.0,0.0,0.0,0.0,0.0,0.0,0.0,0.0,0.0,,0.0,0.0,0.0,0.0,0.0,0.0,0.0,0.0,27.4
07-05,0.0,0.0,0.0,0.0,0.0,0.0,0.0,0.0,0.0,0.0,0.0,0.0,0.0,0.0,0.0,0.0,0.0,0.0,0.0,0.0,0.0,0.0,0.0,0.0,0.0,0.0,0.0,0.0,0.0,0.0,0.0,0.0,0.0,0.0,0.0,,0.0,0.0,0.0,0.0,0.0,0.0,0.0,0.0,27.4
07-06,0.0,0.0,0.0,0.0,0.0,0.0,0.0,0.0,0.0,0.0,0.0,0.0,0.0,0.0,0.0,0.0,0.0,0.0,0.0,0.0,0.0,0.0,0.0,0.0,0.0,0.0,0.0,0.0,0.0,0.0,0.0,0.0,0.0,0.0,0.0,,0.0,0.0,0.0,0.0,0.0,0.0,0.0,0.0,27.4
07-07,0.0,0.0,0.0,0.0,0.0,0.0,0.0,0.0,0.0,0.0,0.0,0.0,0.0,0.0,0.0,0.0,0.0,0.0,0.0,0.0,0.0,0.0,0.0,0.0,0.0,0.0,0.0,0.0,0.0,0.0,0.0,0.0,0.0,0.0,0.0,,0.0,0.0,0.0,0.0,0.0,0.0,0.0,0.0,27.4
07-08,0.0,0.0,0.0,0.0,0.0,0.0,0.0,0.0,0.0,0.0,0.0,0.0,0.0,0.0,0.0,0.0,0.0,0.0,0.0,0.0,0.0,0.0,0.0,0.0,0.0,0.0,0.0,0.0,0.0,0.0,0.0,0.0,0.0,0.0,0.0,,0.0,0.0,0.0,0.0,0.0,0.0,0.0,0.0,27.4
07-09,0.0,0.0,0.0,0.0,0.0,0.0,0.0,0.0,0.0,0.0,0.0,0.0,0.0,0.0,0.0,0.0,0.0,0.0,0.0,0.0,0.0,0.0,0.0,0.0,0.0,0.0,0.0,0.0,0.0,0.0,0.0,0.0,0.0,0.0,0.0,,0.0,0.0,0.0,0.0,0.0,0.0,0.0,0.0,27.4
07-10,0.0,0.0,0.0,0.0,0.0,0.0,0.0,0.0,0.0,0.0,0.0,0.0,0.0,0.0,0.0,0.0,0.0,0.0,0.0,0.0,0.0,0.0,0.0,0.0,0.0,0.0,0.0,0.0,0.0,0.0,0.0,0.0,0.0,0.0,0.0,,0.0,0.0,0.0,0.0,0.0,0.0,0.0,0.0,27.4
07-11,0.0,0.0,0.0,0.0,0.0,0.0,0.0,0.0,0.0,0.0,0.0,0.0,0.0,0.0,0.0,0.0,0.0,0.0,0.0,0.0,0.0,0.0,0.0,0.0,0.0,0.0,0.0,0.0,0.0,0.0,0.0,0.0,0.0,0.0,0.0,,0.0,0.0,0.0,0.0,0.0,0.0,0.0,0.0,27.4
07-12,0.0,0.0,0.0,0.0,0.0,0.0,0.0,0.0,0.0,0.0,0.0,0.0,0.0,0.0,0.0,0.0,0.0,0.0,0.0,0.0,0.0,0.0,0.0,0.0,0.0,0.0,0.0,0.0,0.0,0.0,0.0,0.0,0.0,0.0,0.0,,0.0,0.0,0.0,0.0,0.0,0.0,0.0,0.0,27.4
07-13,0.0,0.0,0.0,0.0,0.0,0.0,0.0,0.0,0.0,0.0,0.0,0.0,0.0,0.0,0.0,0.0,0.0,0.0,0.0,0.0,0.0,0.0,0.0,0.0,0.0,0.0,0.0,0.0,0.0,0.0,0.0,0.0,0.0,0.0,0.0,,0.0,0.0,0.0,0.0,0.0,0.0,0.0,0.0,27.4
07-14,0.0,0.0,0.0,0.0,0.0,0.0,0.0,0.0,0.0,0.0,0.0,0.0,0.0,0.0,0.0,0.0,0.0,0.0,0.0,0.0,0.0,0.0,0.0,0.0,0.0,0.0,0.0,0.0,0.0,0.0,0.0,0.0,0.0,0.0,0.0,,0.0,0.0,0.0,0.0,0.0,0.0,0.0,0.0,27.4
07-15,0.0,0.0,0.0,0.0,0.0,0.0,0.0,0.0,0.0,0.0,0.0,0.0,0.0,0.0,0.0,0.0,0.0,0.0,0.0,0.0,0.0,0.0,0.0,0.0,0.0,0.0,0.0,0.0,0.0,0.0,0.0,0.0,0.0,0.0,0.0,,0.0,0.0,0.0,0.0,0.0,0.0,0.0,0.0,27.4
07-16,0.0,0.0,0.0,0.0,0.0,0.0,0.0,0.0,0.0,0.0,0.0,0.0,0.0,0.0,0.0,0.0,0.0,0.0,0.0,0.0,0.0,0.0,0.0,0.0,0.0,0.0,0.0,0.0,0.0,0.0,0.0,0.0,0.0,0.0,0.0,,0.0,0.0,0.0,0.0,0.0,0.0,0.0,0.0,27.4
07-17,0.0,0.0,0.0,0.0,0.0,0.0,0.0,0.0,0.0,0.0,0.0,0.0,0.0,0.0,0.0,0.0,0.0,0.0,0.0,0.0,0.0,0.0,0.0,0.0,0.0,0.0,0.0,0.0,0.0,0.0,0.0,0.0,0.0,0.0,0.0,,0.0,0.0,0.0,0.0,0.0,0.0,0.0,0.0,27.4
07-18,0.0,0.0,0.0,0.0,0.0,0.0,0.0,0.0,0.0,0.0,0.0,0.0,0.0,0.0,0.0,0.0,0.0,0.0,0.0,0.0,0.0,0.0,0.0,0.0,0.0,0.0,0.0,0.0,0.0,0.0,0.0,0.0,0.0,0.0,0.0,,0.0,0.0,0.0,0.0,0.0,0.0,0.0,0.0,27.4
07-19,0.0,0.0,0.0,0.0,0.0,0.0,0.0,0.0,0.0,0.0,0.0,0.0,0.0,0.0,0.0,0.0,0.0,0.0,0.0,0.0,0.0,0.0,0.0,0.0,0.0,0.0,0.0,0.0,0.0,0.0,0.0,0.0,0.0,0.0,0.0,,0.0,0.0,0.0,0.0,0.0,0.0,0.0,0.0,27.4
07-20,0.0,0.0,0.0,0.0,0.0,0.0,0.0,0.0,0.0,0.0,0.0,0.0,0.0,0.0,0.0,0.0,0.0,0.0,0.0,0.0,0.0,0.0,0.0,0.0,0.0,0.0,0.0,0.0,0.0,0.0,0.0,0.0,0.0,0.0,0.0,,0.0,0.0,0.0,0.0,0.0,0.0,0.0,0.0,27.4
07-21,0.0,0.0,0.0,0.0,0.0,0.0,0.0,0.0,0.0,0.0,0.0,0.0,0.0,0.0,0.0,0.0,0.0,0.0,0.0,0.0,0.0,0.0,0.0,0.0,0.0,0.0,0.0,0.0,0.0,0.0,0.0,0.0,0.0,0.0,0.0,,0.0,0.0,0.0,0.0,0.0,0.0,0.0,0.0,27.4
07-22,0.0,0.0,0.0,0.0,0.0,0.0,0.0,0.0,0.0,0.0,0.0,0.0,0.0,0.0,0.0,0.0,0.0,0.0,0.0,0.0,0.0,0.0,0.0,0.0,0.0,0.0,0.0,0.0,0.0,0.0,0.0,0.0,0.0,0.0,0.0,,0.0,0.0,0.0,0.0,0.0,0.0,0.0,0.0,27.4
07-23,0.0,0.0,0.0,0.0,0.0,0.0,0.0,0.0,0.0,0.0,0.0,0.0,0.0,0.0,0.0,0.0,0.0,0.0,0.0,0.0,0.0,0.0,0.0,0.0,0.0,0.0,0.0,0.0,0.0,0.0,0.0,0.0,0.0,0.0,0.0,,0.0,0.0,0.0,0.0,0.0,0.0,0.0,0.0,27.4
07-24,0.0,0.0,0.0,0.0,0.0,0.0,0.0,0.0,0.0,0.0,0.0,0.0,0.0,0.0,0.0,0.0,0.0,0.0,0.0,0.0,0.0,0.0,0.0,0.0,0.0,0.0,0.0,0.0,0.0,0.0,0.0,0.0,0.0,0.0,0.0,,0.0,0.0,0.0,0.0,0.0,0.0,0.0,0.0,27.4
07-25,0.0,0.0,0.0,0.0,0.0,0.0,0.0,0.0,0.0,0.0,0.0,0.0,0.0,0.0,0.0,0.0,0.0,0.0,0.0,0.0,0.0,0.0,0.0,0.0,0.0,0.0,0.0,0.0,0.0,0.0,0.0,0.0,0.0,0.0,0.0,,0.0,0.0,0.0,0.0,0.0,0.0,0.0,0.0,27.4
07-26,0.0,0.0,0.0,0.0,0.0,0.0,0.0,0.0,0.0,0.0,0.0,0.0,0.0,0.0,0.0,0.0,0.0,0.0,0.0,0.0,0.0,0.0,0.0,0.0,0.0,0.0,0.0,0.0,0.0,0.0,0.0,0.0,0.0,0.0,0.0,,0.0,0.0,0.0,0.0,0.0,0.0,0.0,0.0,27.4
07-27,0.0,0.0,0.0,0.0,0.0,0.0,0.0,0.0,0.0,0.0,0.0,0.0,0.0,0.0,0.0,0.0,0.0,0.0,0.0,0.0,0.0,0.0,0.0,0.0,0.0,0.0,0.0,0.0,0.0,0.0,0.0,0.0,0.0,0.0,0.0,,0.0,0.0,0.0,0.0,0.0,0.0,0.0,0.0,27.4
07-28,0.0,0.0,0.0,0.0,0.0,0.0,0.0,0.0,0.0,0.0,0.0,0.0,0.0,0.0,0.0,0.0,0.0,0.0,0.0,0.0,0.0,0.0,0.0,0.0,0.0,0.0,0.0,0.0,0.0,0.0,0.0,0.0,0.0,0.0,0.0,,0.0,0.0,0.0,0.0,0.0,0.0,0.0,0.0,27.4
07-29,0.0,0.0,0.0,0.0,0.0,0.0,0.0,0.0,0.0,0.0,0.0,0.0,0.0,0.0,0.0,0.0,0.0,0.0,0.0,0.0,0.0,0.0,0.0,0.0,0.0,0.0,0.0,0.0,0.0,0.0,0.0,0.0,0.0,0.0,0.0,,0.0,0.0,0.0,0.0,0.0,0.0,0.0,0.0,27.4
07-30,0.0,0.0,0.0,0.0,0.0,0.0,0.0,0.0,0.0,0.0,0.0,0.0,0.0,0.0,0.0,0.0,0.0,0.0,0.0,0.0,0.0,0.0,0.0,0.0,0.0,0.0,0.0,0.0,0.0,0.0,0.0,0.0,0.0,0.0,0.0,,0.0,0.0,0.0,0.0,0.0,0.0,0.0,0.0,27.4
07-31,0.0,0.0,0.0,0.0,0.0,0.0,0.0,0.0,0.0,0.0,0.0,0.0,0.0,0.0,0.0,0.0,0.0,0.0,0.0,0.0,0.0,0.0,0.0,0.0,0.0,0.0,0.0,0.0,0.0,0.0,0.0,0.0,0.0,0.0,0.0,,0.0,0.0,0.0,0.0,0.0,0.0,0.0,0.0,27.4
08-01,0.0,0.0,0.0,0.0,0.0,0.0,0.0,0.0,0.0,0.0,0.0,0.0,0.0,0.0,0.0,0.0,0.0,0.0,0.0,0.0,0.0,0.0,0.0,0.0,0.0,0.0,0.0,0.0,0.0,0.0,0.0,0.0,0.0,0.0,0.0,,0.0,0.0,0.0,0.0,0.0,0.0,0.0,0.0,27.4
08-02,0.0,0.0,0.0,0.0,0.0,0.0,0.0,0.0,0.0,0.0,0.0,0.0,0.0,0.0,0.0,0.0,0.0,0.0,0.0,0.0,0.0,0.0,0.0,0.0,0.0,0.0,0.0,0.0,0.0,0.0,0.0,0.0,0.0,0.0,0.0,,0.0,0.0,0.0,0.0,0.0,0.0,0.0,0.0,27.4
08-03,0.0,0.0,0.0,0.0,0.0,0.0,0.0,0.0,0.0,0.0,0.0,0.0,0.0,0.0,0.0,0.0,0.0,0.0,0.0,0.0,0.0,0.0,0.0,0.0,0.0,0.0,0.0,0.0,0.0,0.0,0.0,0.0,0.0,0.0,0.0,,0.0,0.0,0.0,0.0,0.0,0.0,0.0,0.0,27.4
08-04,0.0,0.0,0.0,0.0,0.0,0.0,0.0,0.0,0.0,0.0,0.0,0.0,0.0,0.0,0.0,0.0,0.0,0.0,0.0,0.0,0.0,0.0,0.0,0.0,0.0,0.0,0.0,0.0,0.0,0.0,0.0,0.0,0.0,0.0,0.0,,0.0,0.0,0.0,0.0,0.0,0.0,0.0,0.0,27.4
08-05,0.0,0.0,0.0,0.0,0.0,0.0,0.0,0.0,0.0,0.0,0.0,0.0,0.0,0.0,0.0,0.0,0.0,0.0,0.0,0.0,0.0,0.0,0.0,0.0,0.0,0.0,0.0,0.0,0.0,0.0,0.0,0.0,0.0,0.0,0.0,,0.0,0.0,0.0,0.0,0.0,0.0,0.0,0.0,27.4
08-06,0.0,0.0,0.0,0.0,0.0,0.0,0.0,0.0,0.0,0.0,0.0,0.0,0.0,0.0,0.0,0.0,0.0,0.0,0.0,0.0,0.0,0.0,0.0,0.0,0.0,0.0,0.0,0.0,0.0,0.0,0.0,0.0,0.0,0.0,0.0,,0.0,0.0,0.0,0.0,0.0,0.0,0.0,0.0,27.4
08-07,0.0,0.0,0.0,0.0,0.0,0.0,0.0,0.0,0.0,0.0,0.0,0.0,0.0,0.0,0.0,0.0,0.0,0.0,0.0,0.0,0.0,0.0,0.0,0.0,0.0,0.0,0.0,0.0,0.0,0.0,0.0,0.0,0.0,0.0,0.0,,0.0,0.0,0.0,0.0,0.0,0.0,0.0,0.0,27.4
08-08,0.0,0.0,0.0,0.0,0.0,0.0,0.0,0.0,0.0,0.0,0.0,0.0,0.0,0.0,0.0,0.0,0.0,0.0,0.0,0.0,0.0,0.0,0.0,0.0,0.0,0.0,0.0,0.0,0.0,0.0,0.0,0.0,0.0,0.0,0.0,,0.0,0.0,0.0,0.0,0.0,0.0,0.0,0.0,27.4
08-09,0.0,0.0,0.0,0.0,0.0,0.0,0.0,0.0,0.0,0.0,0.0,0.0,0.0,0.0,0.0,0.0,0.0,0.0,0.0,0.0,0.0,0.0,0.0,0.0,0.0,0.0,0.0,0.0,0.0,0.0,0.0,0.0,0.0,0.0,0.0,,0.0,0.0,0.0,0.0,0.0,0.0,0.0,0.0,27.4
08-10,0.0,0.0,0.0,0.0,0.0,0.0,0.0,0.0,0.0,0.0,0.0,0.0,0.0,0.0,0.0,0.0,0.0,0.0,0.0,0.0,0.0,0.0,0.0,0.0,0.0,0.0,0.0,0.0,0.0,0.0,0.0,0.0,0.0,0.0,0.0,,0.0,0.0,0.0,0.0,0.0,0.0,0.0,0.0,27.4
08-11,0.0,0.0,0.0,0.0,0.0,0.0,0.0,0.0,0.0,0.0,0.0,0.0,0.0,0.0,0.0,0.0,0.0,0.0,0.0,0.0,0.0,0.0,0.0,0.0,0.0,0.0,0.0,0.0,0.0,0.0,0.0,0.0,0.0,0.0,0.0,,0.0,0.0,0.0,0.0,0.0,0.0,0.0,0.0,27.4
08-12,0.0,0.0,0.0,0.0,0.0,0.0,0.0,0.0,0.0,0.0,0.0,0.0,0.0,0.0,0.0,0.0,0.0,0.0,0.0,0.0,0.0,0.0,0.0,0.0,0.0,0.0,0.0,0.0,0.0,0.0,0.0,0.0,0.0,0.0,0.0,,0.0,0.0,0.0,0.0,0.0,0.0,0.0,0.0,27.4
08-13,0.0,0.0,0.0,0.0,0.0,0.0,0.0,0.0,0.0,0.0,0.0,0.0,0.0,0.0,0.0,0.0,0.0,0.0,0.0,0.0,0.0,0.0,0.0,0.0,0.0,0.0,0.0,0.0,0.0,0.0,0.0,0.0,0.0,0.0,0.0,,0.0,0.0,0.0,0.0,0.0,0.0,0.0,0.0,27.4
08-14,0.0,0.0,0.0,0.0,0.0,0.0,0.0,0.0,0.0,0.0,0.0,0.0,0.0,0.0,0.0,0.0,0.0,0.0,0.0,0.0,0.0,0.0,0.0,0.0,0.0,0.0,0.0,0.0,0.0,0.0,0.0,0.0,0.0,0.0,0.0,,0.0,0.0,0.0,0.0,0.0,0.0,0.0,0.0,27.4
08-15,0.0,0.0,0.0,0.0,0.0,0.0,0.0,0.0,0.0,0.0,0.0,0.0,0.0,0.0,0.0,0.0,0.0,0.0,0.0,0.0,0.0,0.0,0.0,0.0,0.0,0.0,0.0,0.0,0.0,0.0,0.0,0.0,0.0,0.0,0.0,,0.0,0.0,0.0,0.0,0.0,0.0,0.0,0.0,27.4
08-16,0.0,0.0,0.0,0.0,0.0,0.0,0.0,0.0,0.0,0.0,0.0,0.0,0.0,0.0,0.0,0.0,0.0,0.0,0.0,0.0,0.0,0.0,0.0,0.0,0.0,0.0,0.0,0.0,0.0,0.0,0.0,0.0,0.0,0.0,0.0,,0.0,0.0,0.0,0.0,0.0,0.0,0.0,0.0,27.4
08-17,0.0,0.0,0.0,0.0,0.0,0.0,0.0,0.0,0.0,0.0,0.0,0.0,0.0,0.0,0.0,0.0,0.0,0.0,0.0,0.0,0.0,0.0,0.0,0.0,0.0,0.0,0.0,0.0,0.0,0.0,0.0,0.0,0.0,0.0,0.0,,0.0,0.0,0.0,0.0,0.0,0.0,0.0,0.0,27.4
08-18,0.0,0.0,0.0,0.0,0.0,0.0,0.0,0.0,0.0,0.0,0.0,0.0,0.0,0.0,0.0,0.0,0.0,0.0,0.0,0.0,0.0,0.0,0.0,0.0,0.0,0.0,0.0,0.0,0.0,0.0,0.0,0.0,0.0,0.0,0.0,,0.0,0.0,0.0,0.0,0.0,0.0,0.0,0.0,27.4
08-19,0.0,0.0,0.0,0.0,0.0,0.0,0.0,0.0,0.0,0.0,0.0,0.0,0.0,0.0,0.0,0.0,0.0,0.0,0.0,0.0,0.0,0.0,0.0,0.0,0.0,0.0,0.0,0.0,0.0,0.0,0.0,0.0,0.0,0.0,0.0,,0.0,0.0,0.0,0.0,0.0,0.0,0.0,0.0,27.4
08-20,0.0,0.0,0.0,0.0,0.0,0.0,0.0,0.0,0.0,0.0,0.0,0.0,0.0,0.0,0.0,0.0,0.0,0.0,0.0,0.0,0.0,0.0,0.0,0.0,0.0,0.0,0.0,0.0,0.0,0.0,0.0,0.0,0.0,0.0,0.0,,0.0,0.0,0.0,0.0,0.0,0.0,0.0,0.0,27.4
08-21,0.0,0.0,0.0,0.0,0.0,0.0,0.0,0.0,0.0,0.0,0.0,0.0,0.0,0.0,0.0,0.0,0.0,0.0,0.0,0.0,0.0,0.0,0.0,0.0,0.0,0.0,0.0,0.0,0.0,0.0,0.0,0.0,0.0,0.0,0.0,,0.0,0.0,0.0,0.0,0.0,0.0,0.0,0.0,27.4
08-22,0.0,0.0,0.0,0.0,0.0,0.0,0.0,0.0,0.0,0.0,0.0,0.0,0.0,0.0,0.0,0.0,0.0,0.0,0.0,0.0,0.0,0.0,0.0,0.0,0.0,0.0,0.0,0.0,0.0,0.0,0.0,0.0,0.0,0.0,0.0,,0.0,0.0,0.0,0.0,0.0,0.0,0.0,0.0,27.4
08-23,0.0,0.0,0.0,0.0,0.0,0.0,0.0,0.0,0.0,0.0,0.0,0.0,0.0,0.0,0.0,0.0,0.0,0.0,0.0,0.0,0.0,0.0,0.0,0.0,0.0,0.0,0.0,0.0,0.0,0.0,0.0,0.0,0.0,0.0,0.0,,0.0,0.0,0.0,0.0,0.0,0.0,0.0,0.0,27.4
08-24,0.0,0.0,0.0,0.0,0.0,0.0,0.0,0.0,0.0,0.0,0.0,0.0,0.0,0.0,0.0,0.0,0.0,0.0,0.0,0.0,0.0,0.0,0.0,0.0,0.0,0.0,0.0,0.0,0.0,0.0,0.0,0.0,0.0,0.0,0.0,,0.0,0.0,0.0,0.0,0.0,0.0,0.0,0.0,27.4
08-25,0.0,0.0,0.0,0.0,0.0,0.0,0.0,0.0,0.0,0.0,0.0,0.0,0.0,0.0,0.0,0.0,0.0,0.0,0.0,0.0,0.0,0.0,0.0,0.0,0.0,0.0,0.0,0.0,0.0,0.0,0.0,0.0,0.0,0.0,0.0,,0.0,0.0,0.0,0.0,0.0,0.0,0.0,0.0,27.4
08-26,0.0,0.0,0.0,0.0,0.0,0.0,0.0,0.0,0.0,0.0,0.0,0.0,0.0,0.0,0.0,0.0,0.0,0.0,0.0,0.0,0.0,0.0,0.0,0.0,0.0,0.0,0.0,0.0,0.0,0.0,0.0,0.0,0.0,0.0,0.0,,0.0,0.0,0.0,0.0,0.0,0.0,0.0,0.0,27.4
08-27,0.0,0.0,0.0,0.0,0.0,0.0,0.0,0.0,0.0,0.0,0.0,0.0,0.0,0.0,0.0,0.0,0.0,0.0,0.0,0.0,0.0,0.0,0.0,0.0,0.0,0.0,0.0,0.0,0.0,0.0,0.0,0.0,0.0,0.0,0.0,,0.0,0.0,0.0,0.0,0.0,0.0,0.0,0.0,27.4
08-28,0.0,0.0,0.0,0.0,0.0,0.0,0.0,0.0,0.0,0.0,0.0,0.0,0.0,0.0,0.0,0.0,0.0,0.0,0.0,0.0,0.0,0.0,0.0,0.0,0.0,0.0,0.0,0.0,0.0,0.0,0.0,0.0,0.0,0.0,0.0,,0.0,0.0,0.0,0.0,0.0,0.0,0.0,0.0,27.4
08-29,0.0,0.0,0.0,0.0,0.0,0.0,0.0,0.0,0.0,0.0,0.0,0.0,0.0,0.0,0.0,0.0,0.0,0.0,0.0,0.0,0.0,0.0,0.0,0.0,0.0,0.0,0.0,0.0,0.0,0.0,0.0,0.0,0.0,0.0,0.0,,0.0,0.0,0.0,0.0,0.0,0.0,0.0,0.0,27.4
08-30,0.0,0.0,0.0,0.0,0.0,0.0,0.0,0.0,0.0,0.0,0.0,0.0,0.0,0.0,0.0,0.0,0.0,0.0,0.0,0.0,0.0,0.0,0.0,0.0,0.0,0.0,0.0,0.0,0.0,0.0,0.0,0.0,0.0,0.0,0.0,,0.0,0.0,0.0,0.0,0.0,0.0,0.0,0.0,27.4
08-31,0.0,0.0,0.0,0.0,0.0,0.0,0.0,0.0,0.0,0.0,0.0,0.0,0.0,0.0,0.0,0.0,0.0,0.0,0.0,0.0,0.0,0.0,0.0,0.0,0.0,0.0,0.0,0.0,0.0,0.0,0.0,0.0,0.0,0.0,0.0,,0.0,0.0,0.0,0.0,0.0,0.0,0.0,0.0,27.4
09-01,0.0,0.0,0.0,0.0,0.0,0.0,0.0,0.0,0.0,0.0,0.0,0.0,0.0,0.0,0.0,0.0,0.0,0.0,0.0,0.0,0.0,0.0,0.0,0.0,0.0,0.0,0.0,0.0,0.0,0.0,0.0,0.0,0.0,0.0,0.0,,0.0,0.0,0.0,0.0,0.0,0.0,0.0,0.0,27.4
09-02,0.0,0.0,0.0,0.0,0.0,0.0,0.0,0.0,0.0,0.0,0.0,0.0,0.0,0.0,0.0,0.0,0.0,0.0,0.0,0.0,0.0,0.0,0.0,0.0,0.0,0.0,0.0,0.0,0.0,0.0,0.0,0.0,0.0,0.0,0.0,,0.0,0.0,0.0,0.0,0.0,0.0,0.0,0.0,27.4
09-03,0.0,0.0,0.0,0.0,0.0,0.0,0.0,0.0,0.0,0.0,0.0,0.0,0.0,0.0,0.0,0.0,0.0,0.0,0.0,0.0,0.0,0.0,0.0,0.0,0.0,0.0,0.0,0.0,0.0,0.0,0.0,0.0,0.0,0.0,0.0,,0.0,0.0,0.0,0.0,0.0,0.0,0.0,0.0,27.4
09-04,0.0,0.0,0.0,0.0,0.0,0.0,0.0,0.0,0.0,0.0,0.0,0.0,0.0,0.0,0.0,0.0,0.0,0.0,0.0,0.0,0.0,0.0,0.0,0.0,0.0,0.0,0.0,0.0,0.0,0.0,0.0,0.0,0.0,0.0,0.0,,0.0,0.0,0.0,0.0,0.0,0.0,0.0,0.0,27.4
09-05,0.0,0.0,0.0,0.0,0.0,0.0,0.0,0.0,0.0,0.0,0.0,0.0,0.0,0.0,0.0,0.0,0.0,0.0,0.0,0.0,0.0,0.0,0.0,0.0,0.0,0.0,0.0,0.0,0.0,0.0,0.0,0.0,0.0,0.0,0.0,,0.0,0.0,0.0,0.0,0.0,0.0,0.0,0.0,27.4
09-06,0.0,0.0,0.0,0.0,0.0,0.0,0.0,0.0,0.0,0.0,0.0,0.0,0.0,0.0,0.0,0.0,0.0,0.0,0.0,0.0,0.0,0.0,0.0,0.0,0.0,0.0,0.0,0.0,0.0,0.0,0.0,0.0,0.0,0.0,0.0,,0.0,0.0,0.0,0.0,0.0,0.0,0.0,0.0,27.4
09-07,0.0,0.0,0.0,0.0,0.0,0.0,0.0,0.0,0.0,0.0,0.0,0.0,0.0,0.0,0.0,0.0,0.0,0.0,0.0,0.0,0.0,0.0,0.0,0.0,0.0,0.0,0.0,0.0,0.0,0.0,0.0,0.0,0.0,0.0,0.0,,0.0,0.0,0.0,0.0,0.0,0.0,0.0,0.0,27.4
09-08,0.0,0.0,0.0,0.0,0.0,0.0,0.0,0.0,0.0,0.0,0.0,0.0,0.0,0.0,0.0,0.0,0.0,0.0,0.0,0.0,0.0,0.0,0.0,0.0,0.0,0.0,0.0,0.0,0.0,0.0,0.0,0.0,0.0,0.0,0.0,,0.0,0.0,0.0,0.0,0.0,0.0,0.0,0.0,27.4
09-09,0.0,0.0,0.0,0.0,0.0,0.0,0.0,0.0,0.0,0.0,0.0,0.0,0.0,0.0,0.0,0.0,0.0,0.0,0.0,0.0,0.0,0.0,0.0,0.0,0.0,0.0,0.0,0.0,0.0,0.0,0.0,0.1,0.0,0.0,0.0,,0.0,0.0,0.0,0.0,0.0,0.1,0.0,0.0,27.4
09-10,0.0,0.0,0.0,0.0,0.0,0.0,0.0,0.0,0.0,0.0,0.0,0.0,0.0,0.0,0.0,0.0,0.0,0.0,0.0,0.0,0.0,0.0,0.0,0.0,0.0,0.0,0.0,0.0,0.0,0.0,0.0,0.1,0.0,0.0,0.0,,0.0,0.0,0.0,0.0,0.0,0.1,0.0,0.0,27.4
09-11,0.0,0.0,0.0,0.0,0.0,0.0,0.0,0.0,0.0,0.0,0.0,0.0,0.0,0.0,0.0,0.0,0.0,0.0,0.0,0.0,0.0,0.0,0.0,0.0,0.0,0.0,0.0,0.0,0.0,0.0,0.0,0.0,0.0,0.0,0.0,,0.0,0.0,0.0,0.0,0.0,0.0,0.0,0.0,27.4
09-12,0.0,0.0,0.0,0.0,0.0,0.0,0.0,0.0,0.0,0.0,0.0,0.0,0.0,0.0,0.0,0.0,0.0,0.0,0.0,0.0,0.0,0.0,0.0,0.0,0.0,0.0,0.0,0.0,0.0,0.0,0.0,0.0,0.0,0.0,0.0,,0.0,0.0,0.0,0.0,0.0,0.0,0.0,0.0,27.4
09-13,0.0,0.0,0.0,0.0,0.0,0.0,0.0,0.0,0.0,0.0,0.0,0.0,0.0,0.0,0.0,0.0,0.0,0.0,0.0,0.0,0.0,0.0,0.0,0.0,0.0,0.0,0.0,0.0,0.0,0.0,0.0,0.0,0.0,0.0,0.0,,0.0,0.0,0.0,0.0,0.0,0.0,0.0,0.0,27.4
09-14,0.0,0.0,0.0,0.0,0.0,0.0,0.0,0.0,0.0,0.0,0.0,0.0,0.0,0.0,0.0,0.0,0.0,0.0,0.0,0.0,0.0,0.0,0.0,0.0,0.0,0.0,0.0,0.0,0.0,0.0,0.0,0.0,0.0,0.0,0.0,,0.0,0.0,0.0,0.0,0.0,0.0,0.0,0.0,27.4
09-15,0.0,0.0,0.0,0.0,0.0,0.0,0.0,0.0,0.0,0.0,0.0,0.0,0.0,0.0,0.0,0.0,0.0,0.0,0.0,0.0,0.0,0.0,0.0,0.0,0.0,0.0,0.0,0.0,0.0,0.0,0.0,0.0,0.0,0.0,0.0,,0.0,0.0,0.0,0.0,0.0,0.0,0.0,0.0,27.4
09-16,0.0,0.0,0.0,0.0,0.0,0.0,0.0,0.0,0.0,0.0,0.0,0.0,0.0,0.0,0.0,0.0,0.0,0.7,0.0,0.0,0.0,0.0,0.0,0.0,0.0,0.0,0.0,0.0,0.0,0.0,0.0,0.0,0.0,0.0,0.0,,0.0,0.0,0.0,0.0,0.0,0.7,0.0,0.0,27.4
09-17,0.0,0.0,0.0,0.0,0.0,0.0,0.0,0.8,0.0,0.0,0.0,0.0,0.0,0.0,0.0,0.0,0.0,1.3,0.0,0.0,0.0,0.0,0.0,0.0,0.0,0.0,0.0,0.0,0.0,0.0,0.0,0.0,0.0,0.0,0.0,,0.0,0.0,0.0,0.0,0.0,1.3,0.0,0.0,27.4
09-18,0.0,0.0,0.0,0.0,0.0,0.0,0.0,1.2,0.0,0.0,0.0,0.0,0.0,0.0,0.0,0.0,0.0,1.1,0.0,0.0,0.0,0.0,0.0,0.0,0.0,0.0,0.0,0.0,0.0,0.0,0.0,0.0,0.0,0.0,0.0,,0.0,0.0,0.0,0.0,0.0,1.2,0.0,0.0,27.4
09-19,0.0,0.0,0.0,0.0,0.0,0.0,0.0,1.2,0.0,0.0,0.0,0.0,0.0,0.0,0.0,0.0,0.0,0.9,0.0,0.0,0.0,0.0,0.0,0.0,0.0,0.0,0.0,0.0,0.0,0.0,0.0,0.0,0.0,0.0,0.0,,0.0,0.0,0.0,0.0,0.0,1.2,0.0,0.0,27.4
09-20,0.0,0.0,0.0,0.0,0.0,0.0,0.0,1.1,0.0,0.0,0.0,0.0,0.0,0.0,0.0,0.0,0.0,0.8,0.0,0.0,0.0,0.0,0.0,0.0,0.0,0.0,0.0,0.0,0.0,0.0,0.0,0.0,0.0,0.0,0.0,,0.0,0.0,0.0,0.0,0.0,1.1,0.0,0.0,27.4
09-21,0.0,0.0,0.0,0.0,0.0,0.0,0.0,1.1,0.0,0.0,0.0,0.0,0.0,0.0,0.0,0.0,0.0,0.6,0.0,0.0,0.0,0.0,0.0,0.0,0.0,0.0,0.0,0.0,0.0,0.0,0.2,0.0,0.0,0.0,0.0,,0.0,0.0,0.0,0.0,0.0,1.1,0.0,0.0,27.4
09-22,0.0,0.0,0.0,0.0,0.0,0.0,0.0,0.2,0.0,0.0,0.0,0.0,0.0,0.0,0.0,0.0,0.0,0.7,0.0,0.0,0.0,0.0,0.0,0.0,0.0,0.0,0.0,0.0,0.2,0.0,0.0,0.0,0.0,0.0,0.0,,0.0,0.0,0.0,0.0,0.0,0.7,0.0,0.0,27.4
09-23,0.0,0.0,0.0,0.0,0.0,0.0,0.0,0.0,0.0,0.0,0.0,0.8,0.0,0.0,0.0,0.0,0.0,1.0,0.0,0.0,0.0,0.0,0.0,0.0,0.0,0.0,0.0,0.2,0.0,0.0,0.0,0.0,0.0,0.0,0.0,,0.0,0.0,0.0,0.0,0.0,1.0,0.0,0.0,27.4
09-24,0.0,0.0,0.0,0.0,0.0,0.0,0.0,0.0,0.0,0.0,0.0,1.1,0.0,0.0,0.0,0.0,0.0,0.9,0.2,0.0,0.0,0.0,0.0,0.0,0.0,0.0,0.0,0.7,0.4,0.0,0.0,0.0,0.0,0.0,0.0,,0.0,0.0,0.0,0.0,0.3,1.1,0.0,0.0,27.4
09-25,0.0,0.0,0.0,0.0,0.0,0.0,0.0,0.0,0.0,0.0,0.0,1.0,0.0,0.0,0.0,0.0,0.0,0.6,0.3,0.0,0.0,0.0,0.0,0.0,0.0,0.0,0.0,1.0,0.9,0.0,0.0,0.0,0.0,0.0,0.0,,0.0,0.0,0.0,0.0,0.5,1.0,0.0,0.0,27.4
09-26,0.0,0.0,0.0,0.0,0.0,0.0,0.0,0.0,0.0,0.0,0.0,0.9,0.0,0.0,0.0,0.0,0.0,0.3,0.1,0.0,0.0,0.0,0.0,0.0,0.3,0.0,0.0,0.5,0.8,0.0,0.0,0.0,0.0,0.0,0.0,,0.0,0.0,0.0,0.0,0.3,0.9,0.0,0.0,27.4
09-27,0.0,0.0,0.0,0.0,0.0,0.0,0.0,0.0,0.0,0.0,0.0,0.7,0.0,0.0,0.0,0.0,0.0,0.0,0.0,0.0,0.0,0.0,0.0,0.0,0.3,0.0,0.0,0.1,0.7,0.0,0.0,0.0,0.0,0.0,0.0,,0.0,0.0,0.0,0.0,0.1,0.7,0.0,0.0,27.4
09-28,0.0,0.0,0.0,0.0,0.0,0.0,0.0,0.0,0.0,0.0,0.0,0.3,0.0,0.0,0.0,0.0,0.0,0.0,0.0,0.0,0.0,0.0,0.0,0.0,0.3,0.0,0.0,0.0,0.7,0.0,0.0,0.0,0.0,0.0,0.0,,0.0,0.0,0.0,0.0,0.0,0.7,0.0,0.0,27.4
09-29,0.0,0.0,0.0,0.0,0.0,0.0,0.0,0.0,0.0,0.0,0.0,0.0,0.0,0.0,0.0,0.0,0.0,0.0,0.0,0.0,0.0,0.0,0.0,0.0,0.2,0.0,0.0,0.0,0.2,0.0,0.0,0.0,0.0,0.0,0.0,,0.0,0.0,0.0,0.0,0.0,0.2,0.0,0.0,27.4
09-30,0.0,0.0,0.0,0.0,0.0,0.0,0.3,0.0,0.0,0.0,0.0,0.0,0.0,0.0,0.0,0.0,0.0,0.0,0.2,0.0,0.0,0.0,0.0,0.0,0.0,0.0,0.0,0.0,0.0,0.0,0.2,0.0,0.0,0.0,0.0,,0.0,0.0,0.0,0.0,0.0,0.3,0.0,0.0,27.4
