date,1990,1991,1992,1993,1994,1995,1996,1997,1998,1999,2000,2001,2002,2003,2004,2005,2006,2007,2008,2009,2010,2011,2012,2013,2014,2015,2016,2017,2018,2019,2020,2021,2022,2023,2024,Min,10%,30%,70%,90%,Max,Median ('91-'20),Median (POR)
10-01,0.0,0.0,0.0,0.0,0.0,0.0,0.0,0.0,0.0,0.0,0.0,0.0,0.0,0.0,0.0,0.0,0.0,0.0,0.0,0.0,0.0,0.0,0.0,0.0,0.0,0.0,0.0,0.0,0.0,0.0,0.0,0.0,0.0,0.0,0.0,0.0,0.0,0.0,0.0,0.0,0.0,0.0,0.0
10-02,0.1,0.0,0.0,0.0,0.0,0.1,0.0,0.0,0.0,0.2,0.0,0.0,0.0,1.5,0.1,0.0,0.0,0.0,0.0,0.0,0.0,0.0,0.1,0.0,0.0,0.2,0.2,0.2,0.1,0.0,0.0,0.0,0.0,0.0,0.5,0.0,0.0,0.0,0.1,0.2,1.5,0.0,0.0
10-03,0.1,0.0,0.0,0.0,0.0,0.2,0.0,0.1,0.2,0.3,0.0,0.0,0.0,1.9,0.2,0.0,0.0,0.9,0.0,0.0,0.1,0.0,0.1,0.0,0.0,0.2,0.8,0.7,0.3,0.8,0.0,0.0,0.0,0.0,1.2,0.0,0.0,0.0,0.2,0.7,1.9,0.0,0.0
10-04,0.2,0.0,0.0,0.0,0.0,0.9,0.2,0.2,0.2,1.2,0.0,0.0,0.0,2.0,0.2,0.0,0.0,0.9,0.0,0.1,0.1,0.0,0.2,0.1,0.6,0.2,1.3,1.1,0.3,1.7,0.0,0.0,0.0,0.0,1.6,0.0,0.0,0.0,0.2,1.2,2.0,0.1,0.1
10-05,0.2,0.0,0.0,0.0,0.0,1.6,1.0,0.2,0.2,1.6,0.0,0.0,0.0,2.0,0.2,0.0,0.4,1.2,0.0,1.4,1.4,0.6,0.4,0.1,0.8,0.2,1.4,1.1,0.4,2.8,0.0,0.0,0.0,0.0,1.6,0.0,0.0,0.0,0.8,1.5,2.8,0.4,0.2
10-06,0.2,0.0,0.0,0.0,0.3,2.6,1.0,0.2,0.2,1.6,0.0,0.0,0.0,2.0,0.2,0.1,0.5,2.4,1.2,1.7,1.5,0.8,1.8,0.1,0.8,0.2,1.4,1.2,0.4,3.2,0.0,0.0,0.1,0.0,1.6,0.0,0.0,0.1,1.2,1.9,3.2,0.6,0.3
10-07,0.2,0.0,0.0,0.0,0.6,2.7,1.0,0.2,0.2,1.7,0.2,0.0,0.0,2.0,0.2,0.1,0.5,3.2,2.0,1.7,1.5,1.5,2.4,0.1,0.8,0.2,1.4,1.2,0.4,3.4,0.0,0.0,0.5,0.0,1.6,0.0,0.0,0.1,1.4,2.2,3.4,0.6,0.4
10-08,0.2,0.4,0.0,0.0,1.5,2.7,1.0,0.2,0.7,1.7,0.4,0.0,0.0,2.0,0.2,0.1,0.5,3.2,2.1,1.7,1.5,1.8,2.6,0.1,0.8,0.2,1.4,1.2,0.4,3.8,0.0,0.0,0.8,0.0,1.6,0.0,0.0,0.2,1.5,2.4,3.8,0.8,0.6
10-09,0.2,0.4,0.0,0.0,1.8,2.8,1.0,0.2,0.8,1.7,0.4,0.0,0.3,2.0,0.2,0.1,1.0,3.3,2.1,1.7,1.5,1.8,2.7,0.1,0.8,0.2,1.4,1.2,0.4,4.1,0.0,0.0,3.0,0.0,1.6,0.0,0.0,0.2,1.7,2.7,4.1,0.8,0.8
10-10,0.2,0.4,0.0,0.1,1.8,2.8,1.0,0.2,0.8,1.7,0.4,0.0,0.7,2.0,0.2,0.1,1.1,3.3,2.1,1.7,1.6,1.8,2.7,0.1,0.8,0.4,1.4,1.2,0.5,4.7,0.2,0.0,3.4,0.0,1.6,0.0,0.1,0.2,1.7,2.7,4.7,1.0,0.8
10-11,0.2,0.4,0.0,0.1,1.8,2.8,1.0,0.2,0.8,1.7,0.4,1.9,0.7,2.0,0.2,0.2,1.1,3.4,2.1,1.7,1.6,1.8,3.2,0.1,1.1,0.4,1.4,1.2,0.5,5.4,0.2,0.0,3.4,0.0,1.6,0.0,0.1,0.3,1.7,3.0,5.4,1.1,1.0
10-12,0.2,0.4,0.0,0.1,2.2,2.8,1.0,0.2,2.1,1.7,0.4,2.3,1.0,2.0,0.2,0.2,1.1,3.4,2.1,2.0,1.8,1.8,3.2,0.1,1.2,0.4,1.4,1.2,0.5,5.4,0.2,0.4,4.3,0.0,2.1,0.0,0.1,0.4,2.0,3.1,5.4,1.2,1.2
10-13,0.2,0.5,0.0,0.1,2.4,2.8,1.0,0.2,2.6,1.7,0.4,2.3,1.0,2.0,0.2,0.2,1.1,3.4,2.1,2.0,2.0,1.8,3.2,0.6,1.2,0.8,1.4,1.2,0.5,5.4,0.2,0.4,4.7,0.0,2.6,0.0,0.2,0.5,2.0,3.1,5.4,1.2,1.2
10-14,0.2,0.5,0.0,0.1,2.4,2.8,1.0,0.2,2.6,1.7,0.4,2.4,1.0,2.0,0.2,0.2,1.1,3.4,2.5,2.0,3.0,1.8,3.2,0.8,1.8,0.8,1.4,1.2,0.5,5.4,0.2,0.4,4.8,0.0,2.6,0.0,0.2,0.5,2.1,3.2,5.4,1.4,1.2
10-15,0.2,0.5,0.0,0.1,2.8,4.5,1.0,0.2,2.7,1.7,0.4,2.4,1.0,2.0,0.2,0.2,1.1,3.4,2.6,2.1,3.6,1.8,3.2,0.9,2.0,0.8,1.5,1.2,0.6,5.4,0.2,0.4,5.0,0.0,2.6,0.0,0.2,0.5,2.1,3.6,5.4,1.4,1.2
10-16,0.3,0.5,0.0,0.1,3.2,5.1,1.0,0.2,2.7,2.0,0.4,2.5,1.1,2.0,0.2,0.2,1.1,3.4,2.6,2.1,3.6,1.8,3.4,0.9,2.0,0.8,1.5,1.2,0.6,5.4,0.2,0.4,5.0,0.0,,0.0,0.2,0.5,2.1,3.6,5.4,1.4,1.2
10-17,0.4,0.6,0.0,0.1,3.7,5.1,1.0,0.6,2.7,2.2,0.4,2.5,1.1,2.0,0.2,0.2,1.1,4.0,3.1,2.1,3.6,1.8,3.6,1.0,2.0,0.8,1.5,1.2,0.6,5.4,0.2,0.4,5.0,0.0,,0.0,0.2,0.6,2.3,3.9,5.4,1.4,1.2
10-18,0.4,0.6,0.0,0.1,4.0,5.5,1.0,0.6,2.7,2.3,0.4,2.5,1.1,2.0,0.2,1.2,1.2,4.4,3.9,2.1,3.6,1.8,3.8,1.0,2.0,0.8,2.0,1.6,0.6,5.4,0.4,0.4,5.0,0.0,,0.0,0.2,0.6,2.3,4.3,5.5,1.8,1.4
10-19,0.4,2.8,0.0,0.1,4.0,5.8,1.0,0.6,2.7,2.3,0.4,2.5,1.1,2.0,0.2,2.4,1.2,4.4,4.1,2.1,3.6,1.8,3.8,1.0,2.0,0.8,2.4,1.7,0.6,5.4,0.4,0.4,5.4,0.0,,0.0,0.2,0.8,2.5,4.3,5.8,1.8,1.9
10-20,0.4,3.3,0.0,0.1,4.1,5.8,1.0,1.0,2.8,2.3,0.4,2.5,1.1,2.0,0.2,5.0,1.3,4.5,4.3,2.1,3.6,1.9,3.8,1.0,2.0,0.8,2.6,1.8,0.6,5.4,1.2,0.4,6.1,0.0,,0.0,0.3,1.0,2.8,4.8,6.1,2.0,2.0
10-21,0.4,3.3,0.0,0.1,4.2,5.8,1.0,1.2,2.8,2.3,0.4,2.6,1.1,2.0,0.2,8.0,1.3,4.5,4.8,2.1,3.8,1.9,3.8,1.0,2.0,0.8,2.6,1.8,0.7,5.5,1.4,0.4,6.1,0.0,,0.0,0.3,1.0,2.8,5.3,8.0,2.0,2.0
10-22,1.0,3.3,0.0,0.2,4.2,5.8,1.2,1.2,2.8,2.3,0.4,3.0,1.1,2.0,0.2,8.6,1.4,4.6,5.0,2.2,3.8,1.9,3.8,1.2,2.0,1.0,2.6,1.8,0.7,5.5,1.6,0.4,6.1,0.0,,0.0,0.3,1.1,3.0,5.4,8.6,2.0,2.0
10-23,1.0,3.3,0.0,0.4,4.2,5.8,1.8,1.2,2.8,2.3,0.4,3.1,1.1,2.3,0.2,9.0,1.4,4.6,5.1,2.2,3.8,1.9,3.8,1.4,2.0,1.0,2.6,1.8,0.7,5.6,1.6,0.4,6.1,2.6,,0.0,0.4,1.4,3.1,5.5,9.0,2.2,2.1
10-24,1.0,3.3,0.8,0.4,4.2,5.8,1.8,1.2,3.2,2.3,0.4,3.1,1.2,2.5,0.2,9.6,1.4,4.6,5.1,2.2,3.8,2.3,3.9,1.6,2.0,1.0,2.7,1.8,0.7,5.7,1.6,0.4,6.4,3.2,,0.2,0.5,1.4,3.2,5.5,9.6,2.2,2.2
10-25,1.0,3.3,0.8,0.4,4.2,5.8,1.8,2.0,3.4,2.4,0.4,3.1,1.2,2.8,0.2,10.2,1.4,4.6,5.1,2.2,4.0,5.1,4.0,1.8,2.0,1.0,2.7,2.7,0.8,5.8,1.6,0.4,6.4,3.2,,0.2,0.5,1.5,3.5,5.6,10.2,2.7,2.6
10-26,1.6,3.3,1.0,1.0,4.2,5.8,1.8,2.9,3.7,3.2,0.4,3.1,1.3,2.8,0.2,11.4,1.4,5.2,5.1,2.2,4.1,5.8,4.0,2.2,2.0,1.0,2.7,2.7,0.8,5.8,1.6,0.7,7.0,3.2,,0.2,0.8,1.6,3.7,5.8,11.4,2.7,2.8
10-27,2.0,3.3,2.2,1.0,4.2,5.8,1.8,3.3,3.8,3.4,0.4,3.2,1.3,2.8,0.2,11.4,1.4,5.3,5.1,2.2,4.2,6.8,4.0,2.3,2.0,1.0,2.7,2.7,0.8,5.8,1.6,0.7,7.4,3.8,,0.2,0.8,2.0,3.8,5.8,11.4,2.8,2.8
10-28,2.6,3.3,2.7,1.1,4.2,5.8,1.8,3.4,3.8,3.4,0.4,3.3,1.3,2.8,0.2,11.7,2.2,5.3,5.1,2.2,4.4,7.0,4.0,2.4,2.2,1.0,2.7,2.7,0.8,5.8,1.8,0.7,7.8,3.8,,0.2,0.8,2.2,3.8,5.8,11.7,2.8,2.8
10-29,3.0,3.4,3.0,1.4,4.3,5.9,1.8,3.7,3.8,3.4,0.6,3.5,1.3,2.8,0.2,12.4,2.8,5.4,5.1,2.2,4.6,7.0,4.0,2.4,3.1,1.0,2.7,3.3,0.8,5.8,2.0,0.7,7.8,3.8,,0.2,0.8,2.4,3.8,5.9,12.4,3.0,3.2
10-30,3.0,3.4,3.2,3.5,4.4,5.9,1.8,3.8,3.8,4.1,1.0,3.7,1.3,3.0,0.2,12.6,3.1,5.4,5.1,2.2,4.6,7.2,4.0,2.4,3.3,1.0,2.9,3.3,0.8,5.8,2.4,0.7,7.8,3.8,,0.2,1.0,2.9,4.0,5.9,12.6,3.2,3.3
10-31,3.1,3.4,3.2,5.6,4.4,5.9,1.8,3.8,3.8,4.3,1.0,4.8,4.0,3.0,0.4,12.8,3.2,5.4,5.2,2.2,4.6,7.6,4.0,2.4,3.6,1.0,3.0,3.6,0.8,5.8,2.4,0.7,7.8,3.8,,0.4,1.0,3.0,4.4,5.9,12.8,3.6,3.7
11-01,3.1,3.4,3.3,5.8,4.4,6.0,1.8,4.0,4.2,4.4,1.0,5.4,5.1,3.0,1.3,13.4,3.2,5.4,5.2,2.6,4.6,7.6,4.0,2.4,3.6,1.0,3.0,4.1,0.8,5.9,2.4,0.7,7.8,3.8,,0.7,1.1,3.0,4.6,6.0,13.4,3.8,3.9
11-02,3.1,3.9,3.6,6.3,4.5,6.0,1.9,4.0,4.3,4.4,1.0,5.8,5.1,3.0,1.9,13.4,3.2,5.4,5.2,2.8,4.6,7.6,4.4,2.4,3.6,1.6,3.0,4.3,0.8,6.2,2.4,0.7,7.8,3.8,,0.7,1.7,3.0,4.6,6.3,13.4,3.8,4.0
11-03,3.2,4.0,3.6,6.8,4.5,6.4,2.0,4.1,4.3,4.6,1.0,5.8,5.2,3.0,2.0,13.4,3.2,5.4,5.2,5.6,4.6,7.7,4.4,2.4,3.6,2.1,3.0,4.4,0.8,6.4,2.4,0.7,8.0,5.1,,0.7,2.0,3.1,5.2,6.6,13.4,4.0,4.3
11-04,3.2,4.1,3.8,8.0,4.6,6.5,2.0,4.2,4.3,4.8,1.0,5.8,5.2,3.0,2.8,13.4,3.2,5.4,5.2,5.9,4.6,7.7,4.4,2.4,3.8,2.1,3.2,4.4,0.8,6.4,2.4,0.7,8.0,5.1,,0.7,2.1,3.2,5.2,7.3,13.4,4.1,4.3
11-05,3.2,4.4,3.8,8.1,4.6,6.6,2.1,5.2,4.3,4.8,1.0,5.9,5.2,3.0,3.0,13.4,3.7,5.5,5.3,7.2,4.6,7.7,4.6,2.4,3.8,2.1,3.4,4.4,1.2,6.6,2.4,0.7,8.0,5.2,,0.7,2.1,3.4,5.3,7.5,13.4,4.3,4.5
11-06,3.2,5.1,4.1,8.3,4.6,7.0,2.1,5.6,4.3,5.0,1.0,6.1,5.2,3.0,3.1,13.4,3.8,5.5,5.3,8.0,4.6,7.7,4.8,2.4,3.9,2.1,3.4,4.4,1.4,6.6,2.4,0.7,8.0,5.9,,0.7,2.1,3.4,5.5,7.9,13.4,4.6,4.6
11-07,3.2,5.2,4.6,8.4,4.6,7.0,2.2,5.7,4.3,5.4,1.0,6.4,5.6,3.0,3.1,13.4,3.8,5.5,5.3,8.2,4.6,7.7,5.0,2.4,4.0,2.1,3.4,4.4,1.6,6.6,2.4,0.7,8.0,6.1,,0.7,2.1,3.4,5.6,7.9,13.4,4.8,4.6
11-08,3.2,5.3,4.7,8.5,4.6,7.0,2.2,5.7,4.3,5.5,1.0,6.4,7.0,3.0,3.2,13.5,3.8,5.5,5.3,8.2,4.6,7.7,5.1,2.4,4.0,2.1,3.5,4.4,1.6,6.6,2.4,1.3,8.0,6.2,,1.0,2.1,3.5,5.8,7.9,13.5,4.9,4.6
11-09,3.2,5.4,4.8,8.6,4.6,7.1,2.2,5.7,5.0,6.8,1.3,6.6,7.0,5.0,3.2,13.8,3.9,5.6,5.3,8.3,4.6,9.2,5.1,2.4,4.0,2.1,3.5,4.4,1.6,6.6,2.4,2.4,8.0,7.8,,1.3,2.2,3.9,6.6,8.2,13.8,5.1,5.0
11-10,3.2,5.4,4.9,8.6,4.6,7.1,3.0,5.7,5.0,7.5,1.3,7.0,7.0,5.5,3.8,14.2,3.9,5.9,5.3,8.5,4.6,9.3,5.1,3.6,4.0,2.2,3.5,4.4,1.6,6.6,2.4,3.1,9.1,9.5,,1.3,2.6,3.9,6.6,8.9,14.2,5.2,5.1
11-11,3.2,5.4,5.0,8.6,4.6,7.1,3.4,5.7,5.2,7.6,1.3,7.2,7.0,6.0,4.2,14.2,3.9,6.1,5.3,8.8,4.6,9.5,5.2,4.8,4.0,2.2,4.0,4.4,1.6,6.6,2.4,3.2,9.1,9.6,,1.3,2.6,4.1,6.6,9.0,14.2,5.3,5.2
11-12,3.2,5.4,5.0,8.6,4.6,7.2,3.4,5.7,5.9,7.6,1.3,7.2,7.1,6.2,4.2,14.4,4.0,6.4,5.5,8.8,4.6,9.5,5.2,4.9,4.0,2.2,4.3,4.4,1.6,6.7,2.4,3.5,9.2,9.7,,1.3,2.6,4.3,6.7,9.1,14.4,5.4,5.3
11-13,3.2,5.4,5.1,8.6,4.6,7.8,3.7,5.7,6.1,7.6,1.3,7.4,7.1,6.3,4.2,14.6,4.2,6.6,5.5,8.9,4.8,9.5,6.0,5.2,4.0,2.2,4.4,4.4,1.6,6.7,2.4,3.6,9.2,9.7,,1.3,2.6,4.3,6.7,9.1,14.6,5.6,5.5
11-14,3.2,5.4,5.3,8.6,4.7,8.4,3.8,5.7,6.1,7.6,1.3,7.4,7.2,6.4,5.3,14.6,4.6,7.6,5.5,9.0,4.9,9.5,6.6,5.2,4.0,2.3,4.4,4.4,1.6,6.8,2.4,4.5,9.2,9.7,,1.3,2.6,4.6,7.3,9.2,14.6,5.8,5.5
11-15,3.2,5.4,5.8,8.6,4.7,8.4,3.8,5.7,6.1,7.7,1.3,7.4,7.2,6.4,5.6,14.6,5.4,8.4,5.5,9.0,5.2,9.8,6.6,5.2,4.0,2.8,4.4,4.4,1.6,6.8,2.4,4.8,9.2,9.7,,1.3,2.9,4.8,7.3,9.2,14.6,5.9,5.6
11-16,3.2,5.4,5.8,8.7,4.7,8.5,3.8,5.9,6.1,7.7,1.3,7.6,7.2,6.4,5.8,14.6,5.6,8.4,5.5,9.2,5.2,10.8,6.6,5.2,4.2,3.0,4.8,4.4,1.6,6.8,2.4,5.1,9.2,9.8,,1.3,3.0,5.1,7.3,9.2,14.6,6.0,5.8
11-17,3.3,5.4,5.8,8.7,4.8,9.7,3.8,6.1,6.1,7.7,1.3,7.8,7.2,6.4,6.2,14.6,5.6,8.4,5.5,9.2,5.2,11.0,6.6,5.4,4.7,3.0,5.4,4.4,1.8,6.8,2.4,5.1,9.3,9.8,,1.3,3.1,5.2,7.3,9.6,14.6,6.0,5.9
11-18,3.3,5.4,6.6,8.7,4.8,10.4,3.8,6.8,6.1,7.9,1.6,7.8,7.2,6.4,7.0,14.6,5.6,8.4,5.5,9.2,5.2,11.1,6.6,6.6,4.7,3.0,5.4,4.7,3.2,6.8,2.4,5.1,9.3,9.8,,1.6,3.2,5.2,7.3,9.6,14.6,6.2,6.5
11-19,3.4,5.4,7.4,8.7,5.0,10.8,3.8,7.3,6.1,8.0,1.7,7.8,7.5,6.4,7.4,14.6,5.6,8.4,5.5,9.2,5.2,11.2,7.4,7.1,4.9,3.0,5.4,4.7,3.2,6.8,2.4,5.1,9.3,9.8,,1.7,3.3,5.2,7.5,9.6,14.6,6.4,6.6
11-20,3.4,6.0,7.4,9.2,5.0,10.8,3.8,7.4,6.4,8.1,1.7,7.8,7.5,6.4,7.6,14.6,5.6,8.5,5.5,9.2,5.2,11.2,7.4,7.1,4.9,3.1,5.4,4.7,3.2,6.8,2.4,5.1,9.5,9.8,,1.7,3.3,5.2,7.6,9.7,14.6,6.5,6.6
11-21,3.4,8.2,8.0,9.4,5.0,11.1,3.8,7.4,6.6,8.1,1.8,7.8,7.5,6.4,7.6,14.6,5.6,8.5,5.6,9.2,5.2,12.8,7.4,7.1,5.2,3.1,5.6,4.8,3.2,6.8,2.8,5.1,9.5,9.8,,1.8,3.3,5.2,8.0,9.7,14.6,6.8,7.0
11-22,3.4,8.3,8.3,9.4,5.0,11.2,3.8,7.5,6.8,8.1,2.2,7.8,7.5,6.4,7.7,14.6,5.6,8.5,5.6,9.2,5.2,14.2,7.8,7.2,5.4,3.2,5.7,5.4,3.2,6.8,3.0,5.1,9.5,9.8,,2.2,3.3,5.4,8.1,9.7,14.6,6.8,7.0
11-23,3.4,8.4,8.4,10.4,6.4,11.2,3.8,9.8,6.9,8.2,2.4,7.8,9.4,6.4,7.8,14.6,5.6,8.5,5.6,9.2,5.6,14.6,7.8,7.2,5.4,3.8,5.8,5.6,3.2,7.4,3.0,5.1,9.5,9.8,,2.4,3.5,5.6,8.4,10.2,14.6,7.2,7.2
11-24,3.4,8.4,8.4,10.6,6.8,11.2,3.8,9.8,6.9,8.2,2.4,7.8,10.1,6.4,7.8,14.6,5.6,8.5,5.6,9.2,5.7,15.4,7.8,7.2,5.4,4.4,5.8,6.3,3.2,8.1,3.0,5.1,9.6,9.9,,2.4,3.5,5.7,8.4,10.5,15.4,7.2,7.4
11-25,4.4,8.4,8.5,10.6,7.0,11.2,3.8,10.0,6.9,8.2,2.4,7.8,10.9,6.7,7.8,14.7,5.6,8.5,5.6,9.2,5.7,15.4,7.8,7.2,5.4,5.3,5.8,6.3,3.2,9.0,3.0,5.1,9.6,9.9,,2.4,3.9,5.7,8.5,10.8,15.4,7.2,7.4
11-26,5.3,8.4,8.6,10.7,7.0,11.4,3.8,10.0,6.9,8.2,2.4,7.8,12.4,6.7,8.0,15.0,5.7,8.5,5.6,9.2,5.7,15.4,7.8,7.2,5.4,5.4,6.0,6.3,3.2,9.0,3.4,5.2,9.6,9.9,,2.4,4.2,5.7,8.6,11.2,15.4,7.3,7.4
11-27,8.6,8.8,8.8,10.7,7.0,11.6,4.5,10.0,7.2,8.2,2.4,7.8,12.8,6.7,8.4,15.3,6.6,8.5,5.6,9.2,5.7,15.4,7.8,7.2,5.4,5.6,6.0,6.5,3.2,9.0,3.4,5.3,9.6,10.0,,2.4,4.7,6.4,8.9,11.4,15.4,7.5,7.8
11-28,9.0,8.9,9.0,10.8,7.0,12.2,4.8,10.0,7.6,8.2,2.4,7.8,13.0,6.7,8.6,15.8,6.6,9.8,5.9,9.2,5.7,15.4,7.8,7.2,5.4,5.6,6.1,7.1,3.3,9.0,4.0,5.4,9.6,10.0,,2.4,5.0,6.6,9.0,11.7,15.8,7.7,7.8
11-29,9.0,9.0,9.0,10.8,7.0,12.6,5.1,10.2,7.6,8.6,2.4,7.9,13.0,6.7,8.6,16.2,6.8,10.2,6.0,9.5,5.7,15.8,7.8,7.2,5.4,5.6,6.2,8.4,3.3,9.2,5.0,5.4,9.6,10.2,,2.4,5.2,6.6,9.3,12.1,16.2,7.9,8.2
11-30,9.2,9.0,9.2,10.8,7.0,12.8,5.2,10.3,7.6,8.9,2.4,8.0,13.5,6.7,8.6,16.2,7.4,10.2,6.0,9.8,5.7,15.8,7.8,7.2,5.4,5.6,6.2,8.4,3.3,10.4,6.1,5.4,9.6,10.4,,2.4,5.4,6.6,9.7,12.2,16.2,7.9,8.2
12-01,9.2,9.0,9.2,11.0,7.0,12.8,5.2,10.4,7.6,8.9,2.4,8.0,13.8,6.7,8.6,16.2,7.6,10.2,7.0,9.8,5.7,15.9,7.8,7.8,5.4,5.6,6.2,8.4,3.3,11.0,6.2,5.5,9.6,10.6,,2.4,5.4,7.0,9.7,12.2,16.2,8.0,8.2
12-02,9.2,9.0,9.3,11.0,7.2,12.8,5.3,11.1,7.6,8.9,2.6,8.0,14.2,6.7,8.6,16.2,8.2,10.4,7.4,9.8,5.7,16.0,7.9,7.8,5.4,5.6,6.4,8.4,3.3,11.0,6.2,5.5,9.6,10.8,,2.6,5.4,7.1,9.7,12.3,16.2,8.1,8.3
12-03,9.2,9.3,9.8,11.0,7.2,12.8,5.4,11.2,7.6,8.9,2.8,8.0,14.5,6.7,8.6,16.2,9.2,10.4,7.5,10.2,5.7,16.2,8.0,9.4,5.6,5.7,6.5,8.4,3.3,11.3,6.2,5.5,9.6,11.4,,2.8,5.5,7.2,9.8,12.4,16.2,8.4,8.8
12-04,9.2,9.3,9.9,11.0,7.2,13.2,5.4,11.4,7.6,8.9,2.9,8.0,14.9,6.7,8.6,16.2,9.4,10.4,7.5,10.2,5.7,16.2,8.0,9.5,6.3,5.8,6.6,8.4,4.0,11.4,6.2,5.5,9.6,11.4,,2.9,5.6,7.2,9.9,12.6,16.2,8.4,8.8
12-05,9.2,9.3,9.9,11.0,7.4,13.6,6.4,11.6,7.6,10.0,3.3,8.0,15.3,6.7,8.6,16.2,9.6,10.4,7.5,10.4,5.7,16.4,8.2,9.7,6.3,5.8,6.6,8.5,4.0,11.4,6.6,5.5,9.6,12.0,,3.3,5.7,7.4,10.0,13.1,16.4,8.4,9.0
12-06,9.2,9.3,10.0,11.2,7.5,13.8,7.0,12.7,7.6,10.0,3.3,8.0,15.6,6.7,8.6,16.2,9.8,10.4,7.5,10.4,5.8,16.4,8.2,9.9,6.3,5.8,6.6,8.5,4.0,11.4,6.8,5.5,9.6,12.5,,3.3,5.8,7.5,10.0,13.5,16.4,8.5,9.0
12-07,9.6,9.3,10.0,11.2,7.5,14.6,7.2,13.0,7.6,10.0,3.3,8.0,15.8,6.7,8.8,16.4,10.6,10.4,8.1,10.4,5.8,17.0,8.2,10.0,6.3,5.8,6.6,8.5,4.0,11.4,6.8,5.5,9.6,12.5,,3.3,5.8,7.5,10.4,14.1,17.0,8.5,9.0
12-08,9.6,9.3,10.1,11.3,7.5,15.0,7.4,13.2,8.0,10.0,3.8,8.0,17.1,6.7,9.6,17.0,10.7,10.4,9.6,10.4,6.2,17.0,8.2,10.0,7.0,5.8,6.6,8.5,4.0,11.4,7.0,5.5,9.6,12.7,,3.8,5.9,7.5,10.4,14.4,17.1,9.1,9.6
12-09,9.6,9.3,10.1,11.6,7.5,15.0,7.4,13.2,9.2,10.3,3.8,8.0,17.2,6.7,9.8,18.2,10.7,10.4,10.2,10.7,6.4,17.0,8.2,10.3,7.0,5.8,6.6,8.8,4.0,11.4,8.1,5.5,9.6,12.7,,3.8,6.0,8.0,10.4,14.5,18.2,9.3,9.6
12-10,9.6,9.3,10.1,12.0,7.5,15.0,7.4,13.6,9.4,10.4,3.9,8.2,17.2,6.7,10.0,18.8,10.8,10.4,10.4,10.7,6.4,17.0,8.2,10.3,7.0,5.8,6.7,9.3,4.0,11.4,8.1,5.5,10.8,12.7,,3.9,6.0,8.0,10.7,14.6,18.8,9.6,9.8
12-11,9.6,9.3,10.1,12.0,7.5,15.1,7.4,15.4,9.6,10.4,4.2,9.4,17.2,6.7,10.1,19.0,10.8,10.6,10.4,10.7,6.5,17.6,8.2,10.7,7.0,6.0,7.0,10.6,4.0,11.4,8.1,5.5,11.1,12.7,,4.0,6.2,8.0,10.7,15.3,19.0,10.0,10.1
12-12,9.8,9.3,10.1,13.6,7.5,15.1,7.4,16.3,9.6,10.4,4.2,9.5,17.2,6.8,10.1,19.1,10.8,10.8,10.4,10.7,6.8,17.6,8.2,10.8,7.0,6.0,7.0,10.6,4.0,11.5,8.2,5.5,11.1,13.8,,4.0,6.2,8.1,10.8,15.9,19.1,10.0,10.1
12-13,9.8,9.6,10.1,13.7,8.6,15.4,8.1,17.0,9.6,10.4,4.2,9.6,17.3,6.8,10.1,19.2,10.8,10.8,10.5,10.8,8.0,17.6,8.3,10.9,7.0,6.1,7.0,10.6,4.0,12.4,9.0,6.0,11.1,14.0,,4.0,6.3,8.6,10.9,16.5,19.2,10.1,10.1
12-14,9.8,10.8,10.1,13.7,8.6,16.2,8.4,17.3,9.6,10.4,5.0,10.0,17.4,6.8,10.3,19.2,10.8,11.0,10.6,11.5,10.4,17.6,8.6,10.9,7.0,6.3,7.4,10.6,4.2,12.4,9.8,6.0,11.2,14.0,,4.2,6.5,9.5,11.0,17.0,19.2,10.4,10.4
12-15,9.9,10.8,10.2,13.8,8.6,16.2,8.4,17.5,9.6,10.4,5.5,10.4,17.7,6.8,10.4,19.2,10.8,11.1,10.6,11.7,10.4,18.0,8.6,11.2,7.0,6.4,7.9,11.1,4.2,12.4,10.2,6.2,12.5,14.0,,4.2,6.5,9.5,11.2,17.1,19.2,10.6,10.4
12-16,9.9,10.8,10.2,14.0,8.6,16.3,8.4,17.6,9.8,10.4,5.5,11.2,18.1,7.0,10.8,19.2,10.8,11.2,10.6,12.2,10.4,18.4,8.6,11.6,7.0,6.6,8.1,12.4,4.2,12.4,10.2,6.2,12.6,14.2,,4.2,6.7,9.7,12.2,17.2,19.2,10.8,10.7
12-17,10.0,11.0,10.2,14.0,8.8,16.4,8.6,18.2,9.9,10.4,5.6,11.4,18.2,7.6,11.1,19.2,10.8,11.8,10.7,12.8,10.4,18.4,8.6,11.9,7.0,6.6,8.6,14.9,4.2,12.4,10.4,6.2,13.0,14.2,,4.2,6.7,9.8,12.4,17.6,19.2,11.0,10.8
12-18,10.2,11.1,10.2,14.5,8.8,16.4,8.6,18.2,9.9,10.4,5.9,11.8,18.3,8.0,11.1,19.2,11.0,12.6,10.7,13.0,10.4,18.8,8.6,12.4,7.2,6.6,8.6,14.9,4.2,12.4,10.4,6.8,13.1,14.2,,4.2,6.9,9.8,12.6,17.7,19.2,11.0,10.8
12-19,10.2,11.5,10.7,14.6,8.8,16.5,8.6,18.3,9.9,10.4,6.0,11.8,18.3,8.2,11.1,19.2,11.4,12.6,10.9,13.4,10.4,19.6,8.6,12.6,7.4,6.6,8.7,14.9,4.2,12.4,10.4,6.8,13.2,14.2,,4.2,6.9,9.8,12.7,17.8,19.6,11.0,11.0
12-20,10.3,12.4,10.8,14.7,8.8,16.5,8.6,18.4,10.0,10.6,6.3,11.8,18.3,8.4,11.1,19.2,12.0,12.6,11.2,13.6,10.4,24.0,8.6,12.6,8.5,6.6,8.8,15.0,4.2,12.4,10.4,6.8,13.2,14.2,,4.2,7.2,9.8,12.7,17.8,24.0,11.2,11.2
12-21,10.3,12.6,10.8,14.8,8.8,16.5,8.6,18.4,10.0,10.7,6.6,11.8,18.3,8.4,11.2,19.2,12.0,12.6,12.8,13.6,10.4,25.0,8.6,12.6,8.6,6.8,9.3,15.0,4.4,12.4,10.4,7.0,13.2,14.2,,4.4,7.4,9.9,12.8,17.8,25.0,11.5,11.5
12-22,10.3,12.6,10.9,14.8,8.8,16.5,8.6,18.7,10.0,10.7,7.0,11.9,18.4,8.4,11.7,19.2,12.2,12.8,12.8,13.9,10.4,25.7,8.8,12.6,8.8,8.8,10.1,15.0,4.4,12.8,10.4,7.0,13.2,14.6,,4.4,8.5,10.1,12.9,17.8,25.7,11.8,11.8
12-23,10.3,12.6,10.9,14.8,8.9,16.5,8.6,20.0,10.0,10.7,7.0,11.9,18.4,8.5,12.0,19.2,12.4,12.8,13.0,14.8,10.8,27.1,8.8,12.6,9.3,10.0,11.2,15.0,4.5,12.8,10.4,7.4,13.2,14.6,,4.5,8.5,10.3,13.0,17.8,27.1,12.0,11.9
12-24,10.3,12.6,10.9,14.9,8.9,16.6,8.6,20.2,10.0,10.8,7.0,11.9,18.4,8.5,12.0,19.3,12.8,12.8,13.1,15.0,10.8,27.1,8.8,12.6,9.3,10.4,11.4,15.2,4.8,12.8,10.5,7.4,14.9,14.8,,4.8,8.5,10.4,13.3,17.8,27.1,12.0,12.0
12-25,10.3,12.6,10.9,14.9,8.9,17.0,8.6,20.4,10.2,10.8,7.0,12.1,18.4,8.5,12.0,19.4,12.8,12.9,13.4,15.4,10.8,27.1,8.8,13.0,9.4,10.6,11.9,16.5,5.3,12.9,10.9,7.6,15.4,14.8,,5.3,8.5,10.6,13.5,17.9,27.1,12.3,12.1
12-26,10.3,12.7,10.9,14.9,8.9,17.0,8.6,20.6,10.2,10.8,7.0,12.2,18.4,8.6,13.4,19.4,12.8,12.9,13.4,17.8,10.8,27.1,8.8,13.0,9.4,11.0,12.0,16.8,5.6,13.1,11.1,7.6,15.4,14.9,,5.6,8.6,10.8,13.6,18.2,27.1,12.6,12.5
12-27,10.3,12.7,10.9,15.0,9.0,17.0,8.6,21.0,10.2,10.8,7.0,12.2,18.4,8.8,15.2,19.4,13.4,13.0,13.5,17.8,10.8,27.2,8.8,14.0,9.4,11.0,12.0,16.8,5.6,13.2,11.1,7.6,16.4,15.0,,5.6,8.6,10.8,15.0,18.2,27.2,12.7,12.5
12-28,10.4,12.8,10.9,15.0,9.0,17.0,8.6,21.4,10.2,11.0,7.0,12.2,18.4,8.8,15.2,19.4,13.8,13.2,13.5,17.8,10.9,27.2,8.9,14.2,9.4,11.0,12.1,16.8,5.6,13.3,11.2,7.8,16.8,16.0,,5.6,8.6,10.8,15.1,18.2,27.2,12.7,12.5
12-29,10.4,12.8,11.0,16.1,9.0,17.0,8.6,21.5,10.2,11.1,7.0,12.2,18.4,8.9,15.4,19.6,14.2,13.2,13.8,17.9,10.9,27.2,8.9,14.2,9.4,11.3,12.2,16.8,5.6,13.4,11.2,8.0,17.0,16.4,,5.6,8.7,10.8,15.5,18.2,27.2,12.8,12.6
12-30,10.4,13.0,11.0,16.7,9.0,17.0,8.8,22.4,10.2,11.1,7.0,12.2,18.6,9.2,16.0,22.0,14.6,13.3,14.0,17.9,11.0,29.4,9.1,14.4,9.4,11.6,12.2,16.8,5.6,13.5,11.3,8.0,17.5,16.4,,5.6,8.8,10.9,16.1,18.4,29.4,13.0,12.6
12-31,10.4,13.0,11.1,17.3,9.0,17.0,9.6,22.6,10.2,11.1,7.0,12.2,18.6,9.4,16.4,22.8,15.8,13.3,14.7,17.9,11.4,29.7,9.1,14.4,9.4,11.6,12.2,16.8,5.6,13.7,11.3,8.0,19.0,17.1,,5.6,9.0,11.0,16.4,18.8,29.7,13.1,12.6
01-01,10.4,13.0,11.2,17.6,9.0,17.0,10.7,22.7,10.2,11.4,7.0,12.2,18.6,9.9,16.5,23.7,18.0,13.3,14.8,17.9,11.6,29.7,9.2,14.4,9.4,11.8,12.2,16.8,5.6,13.7,11.4,8.0,19.3,18.8,,5.6,9.1,11.2,16.9,19.2,29.7,13.2,12.6
01-02,10.4,13.0,11.2,17.8,9.2,17.0,10.8,22.8,10.2,11.8,7.0,12.2,18.6,9.9,17.0,24.1,18.4,13.3,14.8,17.9,11.7,29.7,9.2,14.4,9.4,11.8,12.2,17.0,5.6,13.7,12.2,8.0,19.4,20.0,,5.6,9.2,11.2,17.0,19.9,29.7,13.4,12.6
01-03,11.4,13.0,11.2,19.2,9.2,17.0,10.9,23.3,10.6,11.8,7.5,12.2,18.7,10.0,17.0,24.1,20.6,13.4,14.9,18.4,11.8,29.7,9.2,14.4,9.4,11.9,12.4,17.7,5.6,13.8,12.4,8.0,19.4,20.0,,5.6,9.2,11.4,17.1,20.5,29.7,13.4,12.7
01-04,11.5,13.1,11.4,19.2,9.2,17.0,10.9,24.5,11.0,11.8,7.8,12.2,18.8,10.1,17.2,24.2,22.3,13.4,15.0,18.4,11.8,29.7,9.2,14.4,9.4,11.9,12.4,18.0,5.6,13.8,12.4,8.3,19.4,20.0,,5.6,9.2,11.5,17.2,21.6,29.7,13.4,12.8
01-05,11.8,13.2,11.5,19.2,9.4,17.2,11.1,24.5,11.1,11.8,8.3,12.2,18.8,10.1,17.8,24.4,22.4,13.8,15.3,18.4,11.8,29.7,9.2,14.4,9.5,12.0,12.5,19.2,5.6,13.8,12.4,8.4,19.5,20.2,,5.6,9.2,11.8,17.9,21.7,29.7,13.6,12.8
01-06,12.0,13.2,11.5,19.3,10.1,17.6,11.1,24.6,11.6,11.8,8.6,12.2,18.9,10.2,18.1,24.6,22.4,14.0,17.4,18.8,11.8,29.7,9.2,14.4,9.5,12.0,12.8,19.2,5.6,13.9,12.6,9.0,21.0,20.9,,5.6,9.3,11.8,18.2,22.0,29.7,13.6,13.0
01-07,12.1,13.2,11.8,19.7,11.0,18.0,11.2,24.8,11.6,11.8,8.6,12.2,19.1,10.2,18.4,25.0,22.5,14.2,18.5,19.8,12.0,29.7,9.2,14.4,9.5,12.0,13.0,19.2,6.1,15.0,12.6,9.0,21.4,21.5,,6.1,9.3,11.8,18.6,22.2,29.7,13.9,13.1
01-08,12.3,13.6,11.9,20.8,11.0,18.4,11.2,25.1,11.6,11.8,8.6,12.2,19.2,10.2,18.4,25.4,22.6,14.4,18.7,19.8,12.0,29.7,9.4,14.4,9.6,12.0,13.4,19.5,6.1,15.9,12.6,9.0,21.4,21.5,,6.1,9.4,11.9,18.7,22.3,29.7,14.0,13.5
01-09,12.6,13.6,12.0,21.2,11.2,18.6,11.2,25.2,11.6,11.8,9.0,12.2,19.2,10.2,18.8,27.2,23.0,14.4,18.8,20.0,12.0,29.7,9.4,14.4,9.8,12.0,13.6,20.1,6.2,15.9,13.2,9.0,21.6,21.7,,6.2,9.5,11.9,18.8,22.6,29.7,14.2,13.6
01-10,12.8,13.6,12.0,22.6,11.5,18.8,11.2,25.4,11.6,11.8,9.0,12.3,19.2,10.5,18.8,29.4,23.1,14.4,19.6,20.4,12.1,29.8,9.4,14.4,10.2,12.0,13.6,22.4,7.4,15.9,13.4,9.0,21.6,22.9,,7.4,9.6,11.9,19.2,23.0,29.8,14.2,13.6
01-11,12.8,13.6,12.0,24.0,11.6,19.2,11.4,25.4,12.1,11.8,9.8,12.5,19.2,10.7,18.8,31.8,23.1,14.4,19.8,20.4,12.1,29.8,9.4,15.0,10.4,12.1,13.6,23.6,8.0,16.0,13.4,9.0,21.6,24.4,,8.0,9.9,12.1,19.2,24.3,31.8,14.2,13.6
01-12,12.8,13.8,12.0,24.2,11.6,20.2,11.4,26.2,13.4,11.8,10.3,13.0,19.2,10.7,18.8,33.2,23.4,14.7,20.2,20.4,12.1,29.8,9.4,15.1,10.7,12.2,13.6,25.0,8.2,16.0,13.9,9.0,21.6,25.1,,8.2,10.4,12.1,20.2,25.1,33.2,14.4,13.8
01-13,12.8,13.8,12.0,24.3,11.6,20.5,11.4,26.8,14.0,11.8,10.3,13.3,19.2,10.7,18.8,33.2,23.5,14.7,20.3,20.4,12.1,29.8,9.4,15.1,11.2,13.4,13.7,25.4,8.2,16.0,14.1,9.0,21.6,25.1,,8.2,10.4,12.1,20.3,25.3,33.2,14.4,14.0
01-14,14.3,14.2,12.0,24.4,11.6,21.0,11.4,27.2,14.8,11.8,10.3,13.5,19.2,10.7,18.8,33.2,23.5,14.7,20.4,20.4,12.1,30.4,9.4,15.1,11.2,13.6,13.8,25.4,8.2,16.0,14.6,9.0,21.6,25.1,,8.2,10.4,12.1,20.4,25.3,33.2,14.6,14.6
01-15,15.2,14.7,12.3,25.4,11.6,21.3,11.4,27.2,14.9,11.8,10.3,13.6,19.2,10.7,18.8,33.3,23.5,14.7,20.4,20.4,12.1,30.4,9.4,15.1,11.2,13.7,13.8,25.4,8.2,16.0,14.8,9.0,21.6,25.5,,8.2,10.4,12.3,20.4,25.5,33.3,14.8,14.8
01-16,15.6,16.0,12.3,25.6,11.6,23.0,11.4,27.3,16.2,12.0,10.4,13.7,19.2,10.8,18.8,33.3,23.8,14.7,20.4,20.4,12.1,30.4,9.4,15.1,11.2,13.8,14.4,25.4,8.2,16.2,14.8,9.1,21.6,26.2,,8.2,10.5,12.3,20.4,26.0,33.3,15.2,15.4
01-17,15.9,16.4,12.3,26.3,11.6,23.5,13.0,27.3,16.4,12.4,10.5,13.8,19.2,10.8,18.8,33.3,24.0,14.7,20.4,20.4,12.1,31.7,9.4,15.1,11.2,13.8,14.8,25.4,8.2,16.8,15.3,9.1,21.6,26.8,,8.2,10.6,12.9,20.4,26.6,33.3,15.4,15.6
01-18,16.0,16.5,12.3,26.4,11.6,23.8,14.0,27.4,16.7,12.8,10.6,13.8,19.2,10.8,18.8,33.4,24.0,14.7,20.4,20.4,12.1,32.0,9.4,15.1,11.2,13.8,15.1,25.4,8.2,18.8,16.0,9.1,21.6,27.2,,8.2,10.6,13.6,20.4,27.0,33.4,16.0,16.0
01-19,16.0,16.5,12.3,27.0,11.6,23.8,14.2,27.4,17.0,13.3,12.0,13.8,19.6,10.8,18.8,33.4,24.3,14.7,20.4,20.4,12.8,32.0,10.4,15.1,11.2,13.8,15.5,25.4,8.2,19.3,16.0,9.2,21.6,27.2,,8.2,10.9,13.7,20.4,27.1,33.4,16.2,16.0
01-20,16.0,16.5,12.3,27.0,11.6,23.9,15.3,27.4,17.9,13.7,12.0,13.8,19.6,10.8,18.8,33.4,24.8,14.7,20.5,20.4,13.7,32.4,11.0,15.1,11.2,13.8,15.8,25.6,8.4,19.6,16.0,9.2,21.6,27.2,,8.4,11.0,13.8,20.4,27.2,33.4,16.8,16.0
01-21,16.0,16.5,12.3,27.0,11.6,24.0,15.4,27.6,18.0,14.8,12.0,14.0,19.8,10.8,18.9,33.4,24.9,14.8,21.0,20.4,14.0,32.4,11.2,15.1,11.2,13.8,16.2,26.0,9.0,19.6,16.0,9.3,21.8,27.4,,9.0,11.2,14.0,20.5,27.3,33.4,17.0,16.1
01-22,16.2,16.5,12.4,27.4,11.6,24.0,16.2,27.8,18.0,16.0,12.6,14.0,19.9,10.8,18.9,33.4,24.9,14.8,21.9,20.4,15.4,32.4,13.8,15.1,11.2,13.9,16.2,26.6,9.0,20.8,16.2,9.3,21.8,27.4,,9.0,11.4,14.7,21.0,27.4,33.4,17.0,16.2
01-23,16.2,16.6,12.4,27.6,11.6,24.0,16.2,28.4,18.1,16.2,12.6,14.0,20.0,10.8,18.9,33.4,25.0,14.8,22.0,20.8,17.0,32.9,13.8,15.1,11.2,13.9,16.2,27.8,9.0,20.8,16.6,10.2,21.8,27.4,,9.0,11.4,14.7,21.0,27.7,33.4,17.1,16.6
01-24,16.2,16.6,12.4,27.6,11.8,24.2,16.3,30.1,18.1,16.4,12.7,14.0,20.0,10.9,18.9,33.4,25.0,14.8,22.1,21.2,17.2,32.9,14.0,15.1,11.2,13.9,16.6,30.0,9.0,21.4,16.6,10.6,21.8,27.4,,9.0,11.4,14.7,21.4,29.3,33.4,17.3,16.6
01-25,16.4,16.6,12.4,27.8,12.0,24.3,17.0,30.2,18.2,16.9,12.8,14.0,20.0,11.0,19.5,33.4,25.0,14.8,22.2,22.8,17.4,32.9,14.0,15.4,11.2,13.9,17.1,30.1,9.0,21.4,16.8,10.7,21.9,27.4,,9.0,11.5,14.7,21.9,29.4,33.4,17.5,17.0
01-26,16.5,16.6,12.4,27.8,12.1,24.6,18.0,32.6,18.2,17.1,13.5,14.4,20.0,11.0,20.0,33.4,25.2,14.8,22.6,23.8,17.4,33.0,14.0,15.6,11.2,14.0,17.2,30.2,9.4,21.4,16.8,10.7,22.0,28.0,,9.4,11.5,14.8,22.0,29.5,33.4,17.6,17.3
01-27,16.6,16.6,12.4,27.8,12.3,25.0,18.4,33.7,18.2,17.6,13.6,14.5,20.0,11.0,20.0,33.6,25.3,14.8,22.6,23.9,17.7,33.0,14.6,15.6,11.2,14.0,17.2,30.2,9.7,21.4,17.1,10.8,22.0,28.0,,9.7,11.6,14.8,22.0,29.5,33.7,17.8,17.7
01-28,16.8,16.6,12.4,27.8,12.4,25.2,18.8,34.0,18.2,17.7,13.6,14.5,20.9,11.2,20.2,33.9,25.6,14.8,23.3,24.0,17.8,33.0,14.6,16.4,11.2,14.0,17.3,30.2,9.7,21.4,17.5,11.0,22.0,28.4,,9.7,11.6,14.8,22.1,29.7,34.0,18.0,17.8
01-29,17.2,16.6,12.4,27.8,12.4,25.2,19.5,34.4,18.3,17.7,13.6,14.6,22.0,11.6,20.2,34.0,26.2,14.8,24.4,24.2,17.8,33.0,14.6,16.6,11.3,14.0,17.4,30.2,9.7,21.4,17.6,11.4,22.0,28.6,,9.7,11.8,14.8,22.2,29.7,34.4,18.0,17.8
01-30,17.4,16.6,12.4,27.8,12.5,25.2,19.6,34.4,18.3,17.7,13.6,14.6,22.2,11.6,20.3,34.2,26.3,14.8,24.6,24.2,17.8,33.0,14.6,17.0,12.2,14.1,18.0,30.2,9.7,21.4,17.6,12.4,22.0,28.9,,9.7,12.4,14.8,22.4,29.8,34.4,18.0,17.9
01-31,17.5,16.7,12.4,27.9,12.6,25.4,20.2,34.4,18.6,17.8,13.6,14.7,22.2,11.9,20.4,34.2,26.6,14.8,25.2,24.2,18.1,33.0,14.6,17.8,12.5,14.2,19.0,30.2,9.7,21.4,17.6,12.4,22.0,28.9,,9.7,12.5,14.8,22.4,29.8,34.4,18.3,18.4
02-01,17.6,16.7,12.4,27.9,12.6,25.6,20.8,34.4,18.6,18.0,13.6,14.8,22.2,12.0,20.4,34.2,26.9,14.9,25.6,24.2,18.3,33.3,14.6,17.8,12.5,14.2,19.6,30.2,9.7,21.4,17.6,12.4,22.0,28.9,,9.7,12.5,14.9,22.4,29.8,34.4,18.4,18.5
02-02,17.6,16.7,12.4,28.0,12.6,25.8,20.8,34.4,18.8,18.2,13.7,14.8,22.2,12.0,20.5,34.2,27.6,15.0,26.0,24.2,18.4,33.3,14.8,17.8,12.6,14.2,19.7,30.2,9.7,21.4,17.8,12.4,22.0,28.9,,9.7,12.5,15.0,22.4,29.8,34.4,18.7,18.6
02-03,17.6,16.7,12.4,28.0,12.6,25.9,20.8,35.0,19.2,18.3,13.9,14.8,22.2,12.6,20.7,34.2,28.0,15.0,26.3,24.2,18.4,33.3,14.8,17.8,12.6,14.6,19.8,30.3,9.7,21.6,17.8,12.6,22.0,28.9,,9.7,12.6,15.0,22.4,29.9,35.0,18.8,18.8
02-04,17.9,16.7,12.4,28.0,12.6,25.9,20.8,35.0,19.4,18.3,13.9,14.9,22.2,12.9,21.0,34.2,28.0,15.0,27.8,24.2,18.4,33.6,14.9,17.8,12.7,14.6,19.8,30.6,9.7,23.8,18.0,12.8,22.0,29.1,,9.7,12.7,15.0,23.8,30.2,35.0,18.9,18.9
02-05,17.9,16.7,12.4,28.0,12.6,25.9,21.4,35.0,19.4,18.6,13.9,14.9,22.2,13.0,21.2,34.2,28.2,15.1,27.8,24.2,18.4,33.7,14.9,17.8,12.8,14.7,20.0,30.6,9.7,24.4,18.0,12.9,22.0,29.1,,9.7,12.8,15.1,24.3,30.2,35.0,19.0,19.0
02-06,17.9,16.7,12.4,28.0,12.6,25.9,21.5,35.0,19.5,18.8,13.9,14.9,22.2,13.0,21.4,34.2,28.4,15.1,27.8,24.2,18.5,34.4,14.9,17.8,12.8,14.7,20.0,30.6,9.9,25.8,18.2,13.6,22.0,29.6,,9.9,12.9,15.1,24.4,30.3,35.0,19.2,19.1
02-07,18.3,16.7,12.5,28.1,12.9,25.9,21.6,35.1,19.7,19.0,13.9,15.0,22.2,13.0,21.5,34.8,28.4,15.1,28.0,25.0,18.6,34.4,14.9,17.8,13.0,14.7,20.0,31.3,10.0,26.4,19.8,13.6,22.0,29.8,,10.0,13.0,15.1,25.1,30.8,35.1,19.4,19.8
02-08,18.7,16.7,12.5,28.2,16.0,26.0,21.6,35.1,20.4,19.5,14.0,15.0,22.3,13.1,21.8,35.3,28.4,15.1,28.4,25.2,18.7,35.2,14.9,17.9,13.6,14.8,20.0,32.6,10.0,26.4,20.5,13.6,22.0,29.8,,10.0,13.6,16.0,25.2,31.7,35.3,19.9,20.2
02-09,18.8,16.7,12.6,28.6,16.9,26.0,21.6,35.2,21.2,20.0,14.0,15.0,22.7,13.2,22.0,35.3,28.4,15.1,28.6,25.4,18.7,35.2,15.0,18.2,14.7,14.8,20.0,32.6,10.0,26.4,20.5,13.6,22.0,29.8,,10.0,13.7,16.5,25.5,31.8,35.3,20.4,20.2
02-10,18.9,16.7,12.8,28.6,17.2,26.1,21.7,35.2,21.3,20.6,14.0,15.1,22.8,13.2,22.0,35.4,28.4,15.2,28.7,26.4,18.7,35.2,15.0,18.3,15.0,14.9,20.0,32.7,10.0,26.9,20.5,13.6,22.0,29.8,,10.0,13.8,16.6,26.1,31.8,35.4,20.7,20.6
02-11,19.0,16.7,13.1,28.8,18.4,26.2,21.7,35.3,21.4,20.8,14.6,15.4,22.8,13.2,22.0,35.4,28.5,15.8,28.7,26.6,18.8,35.2,15.0,18.3,15.2,15.0,20.0,34.3,10.2,28.6,20.5,13.6,22.0,30.0,,10.2,13.9,16.6,26.3,33.0,35.4,20.8,20.6
02-12,19.1,16.7,14.2,29.0,18.8,26.8,21.8,35.3,21.8,20.8,15.0,15.8,22.8,13.2,22.0,35.8,28.5,16.8,28.8,26.7,18.8,35.2,15.1,18.3,15.2,15.0,20.0,35.2,10.2,28.6,20.7,13.8,22.0,30.0,,10.2,14.4,16.8,26.7,33.6,35.8,21.0,20.8
02-13,20.2,16.8,14.4,29.0,18.8,27.0,21.8,35.4,21.9,21.4,16.4,16.2,22.8,13.4,22.0,36.2,28.5,17.0,28.8,26.8,19.0,35.2,16.0,18.4,15.6,15.0,20.0,35.2,10.4,28.6,20.7,14.2,22.0,30.0,,10.4,14.6,17.0,26.9,33.6,36.2,21.2,21.0
02-14,20.3,17.3,14.9,29.1,18.8,27.1,21.8,35.4,21.9,21.4,16.8,16.5,22.8,13.6,22.0,36.4,28.5,17.0,29.0,27.1,19.4,35.2,16.0,18.4,16.4,15.0,20.0,35.2,10.4,29.6,20.7,14.6,22.0,30.0,,10.4,14.9,17.3,27.1,33.6,36.4,21.2,21.0
02-15,20.4,17.4,15.0,29.2,18.8,28.2,21.8,35.5,22.4,21.4,18.0,16.5,22.8,13.9,22.2,37.4,28.5,17.1,29.2,27.4,19.4,35.2,16.0,18.5,16.4,15.0,20.4,35.2,10.6,30.8,20.7,14.6,22.0,30.0,,10.6,15.0,17.9,27.4,33.9,37.4,21.4,21.0
02-16,20.4,17.4,15.1,29.2,18.9,28.8,21.8,35.5,22.6,21.4,18.4,16.5,22.9,13.9,22.2,37.7,28.9,17.4,29.3,27.6,19.6,35.2,16.2,18.5,16.4,15.0,20.8,35.2,10.8,31.4,20.7,15.0,22.0,30.6,,10.8,15.1,18.3,27.8,34.1,37.7,21.5,21.1
02-17,20.6,18.4,15.6,29.3,18.9,28.8,21.9,35.6,22.7,21.5,18.9,16.5,22.9,14.3,22.3,37.8,29.0,17.8,29.4,28.0,19.6,35.8,16.2,18.6,16.6,15.0,20.8,35.2,10.8,31.4,21.5,16.3,22.1,30.8,,10.8,15.8,18.6,28.1,34.1,37.8,21.5,21.5
02-18,21.2,18.8,15.8,29.4,19.8,28.9,22.1,35.7,22.8,22.0,19.0,16.5,22.9,14.3,22.4,37.8,29.0,17.8,29.4,29.2,19.6,35.8,16.2,18.6,16.6,15.0,20.9,35.2,10.8,31.5,21.5,16.6,22.1,31.0,,10.8,15.9,18.8,28.9,34.1,37.8,21.9,21.8
02-19,21.4,18.9,15.8,30.2,20.2,28.9,22.4,36.0,22.9,22.2,19.2,16.6,22.9,14.3,22.5,38.0,29.5,18.0,29.4,29.2,19.7,35.8,16.3,18.6,16.6,15.0,21.6,35.4,11.4,31.5,21.5,16.6,22.1,31.0,,11.4,15.9,18.9,28.9,34.3,38.0,22.2,21.8
02-20,21.5,19.0,15.8,31.5,20.3,28.9,22.8,36.2,23.0,22.3,19.2,16.9,23.0,14.3,22.6,39.0,29.6,18.8,29.4,29.2,19.8,37.7,16.4,18.6,16.8,15.0,21.6,36.3,11.8,31.6,21.5,16.9,22.1,31.2,,11.8,16.0,18.9,28.9,34.9,39.0,22.3,21.9
02-21,21.5,19.0,16.4,32.8,20.8,29.0,24.4,36.4,23.0,22.4,19.2,17.4,23.6,14.4,22.6,40.1,29.6,18.8,29.4,29.2,19.8,38.8,16.4,18.7,16.8,15.0,21.6,37.2,11.8,31.7,21.6,17.0,22.1,31.3,,11.8,16.4,18.9,29.0,35.3,40.1,22.3,21.9
02-22,21.5,19.0,16.5,32.9,21.1,29.2,25.6,36.5,23.0,22.7,19.5,17.4,23.9,14.4,22.7,40.2,29.6,18.8,29.4,29.3,19.8,38.8,16.8,18.9,16.9,15.4,21.6,38.3,11.9,32.0,21.6,17.0,22.5,32.8,,11.9,16.6,18.9,29.2,35.4,40.2,22.4,22.0
02-23,21.5,19.0,16.8,33.3,21.2,29.3,26.4,36.5,23.8,22.8,19.6,17.7,24.0,15.0,22.8,40.2,29.6,18.9,30.0,29.3,19.9,38.9,17.3,19.0,16.9,15.4,21.8,38.8,12.2,32.0,21.6,17.2,22.6,33.0,,12.2,16.9,19.0,29.3,35.5,40.2,22.7,22.2
02-24,21.6,19.0,16.9,34.6,21.3,29.3,26.6,36.5,24.6,22.8,20.0,18.2,24.0,15.0,23.2,40.2,29.6,19.6,30.2,29.4,20.0,38.9,17.4,19.4,16.9,15.4,21.8,39.1,12.3,32.0,21.7,17.2,22.8,33.4,,12.3,16.9,19.6,29.3,35.9,40.2,22.9,22.3
02-25,21.8,19.0,17.0,35.0,21.4,29.3,26.8,36.6,25.6,22.9,21.1,18.4,24.2,15.3,23.4,40.2,29.6,19.7,31.4,29.4,20.4,38.9,17.4,19.4,16.9,15.4,21.8,39.2,12.5,32.0,21.8,17.2,23.0,33.7,,12.5,16.9,19.7,29.3,36.1,40.2,23.0,22.3
02-26,21.8,19.0,17.0,35.2,21.8,29.3,27.3,36.6,25.8,23.0,21.2,18.6,24.2,15.4,23.6,40.2,29.6,20.2,31.7,29.4,20.6,39.9,17.6,19.4,16.9,15.4,21.8,39.6,12.6,32.1,21.8,17.2,23.0,33.8,,12.6,16.9,20.1,29.3,36.2,40.2,23.2,22.4
02-27,22.0,19.0,17.0,35.3,22.0,29.3,27.8,36.8,26.2,23.1,21.4,18.6,24.3,15.4,25.2,40.2,29.6,20.6,31.7,29.4,20.6,40.6,17.6,19.6,16.9,15.4,21.8,39.6,12.8,32.1,21.8,17.4,23.0,33.8,,12.8,16.9,20.5,29.3,36.3,40.6,23.7,22.5
02-28,22.0,19.0,17.0,35.3,22.3,29.3,27.8,37.6,26.2,23.2,21.4,18.6,24.3,15.4,25.8,40.2,29.6,21.0,31.7,29.4,20.6,40.6,18.0,19.6,18.0,15.5,21.8,40.6,12.8,32.2,21.8,17.6,23.0,35.4,,12.8,17.2,20.5,29.3,36.9,40.6,23.8,22.7
02-29,,,17.1,,,,27.8,,,,21.8,,,,26.1,,,,31.7,,,,18.2,,,,21.8,,,,21.8,,,,,12.8,17.2,20.5,29.3,36.9,40.6,23.8,22.7
03-01,22.2,20.2,17.1,35.3,22.3,29.3,27.8,37.8,26.3,23.2,21.8,18.8,24.4,15.4,26.3,40.2,30.8,21.2,31.7,29.4,20.6,40.6,19.2,19.8,18.6,15.6,21.8,40.6,12.8,32.4,21.8,17.6,23.0,36.0,,12.8,17.3,20.6,29.3,37.2,40.6,23.8,22.7
03-02,22.4,21.5,17.1,35.3,22.4,29.4,27.9,37.8,26.4,23.2,22.0,18.8,24.4,15.6,26.3,40.3,30.9,21.5,32.2,29.4,20.6,40.6,19.8,19.8,20.2,15.8,22.0,40.6,13.0,32.4,22.0,17.8,23.0,36.4,,13.0,17.3,21.4,29.4,37.4,40.6,23.8,22.7
03-03,22.5,22.0,17.1,35.3,22.5,29.6,27.9,38.0,26.4,23.2,22.0,19.0,24.4,15.6,26.4,40.3,30.9,21.9,32.3,29.4,20.6,40.6,20.0,19.8,20.2,16.2,22.0,40.6,13.0,32.8,22.0,17.8,23.0,36.4,,13.0,17.3,21.8,29.4,37.5,40.6,23.8,22.8
03-04,22.7,22.0,17.1,35.3,22.5,31.4,27.9,38.1,26.6,23.2,22.0,19.0,24.4,15.9,26.4,40.3,30.9,21.9,32.4,29.4,20.7,41.0,20.0,20.2,20.2,16.8,22.0,40.6,13.2,33.0,22.0,17.8,23.0,36.6,,13.2,17.3,21.8,29.6,37.6,41.0,23.8,22.9
03-05,23.4,22.4,17.6,35.3,22.5,31.8,28.2,38.2,26.8,23.6,22.1,19.1,24.4,16.0,26.8,40.3,31.2,21.9,32.6,29.6,21.2,41.0,20.0,20.2,20.3,16.9,22.0,40.6,14.1,33.0,22.1,17.8,23.2,37.6,,14.1,17.7,21.8,29.8,38.0,41.0,24.0,23.2
03-06,24.2,22.7,17.6,35.3,22.6,32.0,29.4,38.4,27.0,23.6,22.2,19.1,24.4,16.3,26.8,40.3,31.2,22.0,32.6,29.8,21.5,41.0,20.0,20.2,20.4,17.1,22.0,41.0,14.1,33.6,22.1,18.0,23.6,38.6,,14.1,17.7,21.9,29.9,38.5,41.0,24.0,23.6
03-07,24.5,22.8,17.8,35.3,22.6,32.0,29.6,38.4,27.8,23.6,22.4,19.1,24.6,16.5,26.8,40.3,31.4,22.0,32.6,29.9,21.5,41.5,20.0,20.2,20.6,17.2,23.0,41.3,14.1,35.2,22.1,18.0,23.8,39.0,,14.1,17.8,22.0,30.0,38.8,41.5,24.2,23.7
03-08,24.5,23.0,17.8,35.3,22.6,32.0,29.7,38.5,27.8,23.6,22.4,19.1,25.6,16.5,26.9,40.3,31.8,22.2,32.6,29.9,21.8,42.2,20.0,20.2,20.8,17.2,23.0,41.3,14.1,35.8,22.1,18.0,23.8,39.0,,14.1,17.9,22.1,30.1,38.8,42.2,24.6,23.7
03-09,24.5,23.0,17.9,35.3,22.6,32.1,29.7,38.5,27.8,23.8,23.0,19.1,26.0,16.5,27.0,40.3,32.1,22.5,32.6,29.9,21.8,42.2,20.0,20.4,20.8,17.2,23.0,41.3,14.1,36.9,22.8,18.0,24.3,39.2,,14.1,17.9,22.4,30.1,39.0,42.2,24.8,24.0
03-10,24.5,23.1,18.0,35.4,22.6,32.1,29.7,38.6,27.8,24.2,23.6,19.4,26.4,16.5,27.0,40.3,32.4,22.5,32.6,31.0,22.0,42.2,20.0,20.5,20.8,17.2,23.4,41.3,14.1,37.0,22.8,18.0,24.8,39.6,,14.1,18.0,22.5,31.1,39.2,42.2,25.0,24.4
03-11,24.6,23.1,18.0,35.4,22.8,34.0,29.7,38.6,27.8,24.4,23.9,19.6,26.6,16.5,27.0,40.3,32.6,22.8,32.6,31.0,22.1,42.3,20.0,20.6,21.2,17.3,23.4,41.3,14.1,37.0,22.8,18.2,24.8,41.3,,14.1,18.0,22.7,31.2,39.8,42.3,25.1,24.5
03-12,25.4,23.8,18.0,35.6,23.2,35.8,29.8,38.6,27.8,24.4,24.0,19.8,26.6,16.5,27.0,40.3,32.8,22.8,32.6,31.0,22.1,42.4,20.0,20.6,21.6,17.3,23.4,41.3,14.1,37.1,22.8,18.3,24.8,41.4,,14.1,18.1,22.7,31.2,39.8,42.4,25.1,24.6
03-13,25.6,23.8,18.0,35.6,23.4,36.3,30.0,38.6,27.8,24.5,24.0,20.0,27.0,16.5,27.0,40.3,32.9,22.8,32.6,31.0,22.2,42.4,20.0,20.6,21.6,17.3,23.4,41.3,14.1,37.1,22.9,18.5,24.8,41.6,,14.1,18.2,22.7,31.2,39.8,42.4,25.1,24.7
03-14,25.8,23.8,18.0,35.6,23.4,36.6,30.6,38.6,27.8,24.8,24.0,20.0,27.6,16.5,27.0,40.3,33.0,22.8,33.0,31.0,22.6,42.5,20.0,20.6,21.6,17.3,23.5,41.3,14.1,37.8,23.0,19.0,25.2,41.7,,14.1,18.3,22.7,31.2,39.8,42.5,25.4,25.0
03-15,26.2,24.0,18.0,36.2,23.4,36.7,30.6,38.6,27.8,24.9,24.1,20.0,28.0,16.7,27.0,40.4,33.4,22.8,33.3,31.0,22.8,42.6,20.0,20.6,21.9,17.3,24.0,41.3,15.5,37.8,23.2,19.4,25.2,42.7,,15.5,18.4,22.8,31.2,39.8,42.7,25.8,25.0
03-16,26.2,24.2,18.0,36.2,23.4,37.0,30.6,38.6,27.8,24.9,24.3,20.1,28.1,17.6,27.0,40.4,33.8,22.8,33.5,31.0,22.8,42.6,20.0,20.6,21.9,17.3,24.4,41.3,16.0,37.8,23.3,19.4,25.4,44.3,,16.0,18.4,22.8,31.2,39.8,44.3,25.8,25.2
03-17,26.4,24.2,18.0,36.6,23.4,37.2,30.6,38.6,27.8,24.9,24.3,20.6,28.4,18.0,27.0,40.4,33.9,22.8,33.5,31.0,22.9,43.1,20.1,20.6,22.0,17.3,24.5,41.3,16.2,37.8,23.3,19.6,25.4,44.3,,16.2,18.5,22.9,31.2,39.9,44.3,25.8,25.2
03-18,26.5,24.3,18.3,37.6,23.4,37.2,30.7,39.0,28.0,24.9,24.6,20.6,28.7,18.3,27.0,40.6,34.2,22.8,33.5,31.0,22.9,43.1,20.6,20.7,22.2,17.3,24.5,41.3,17.1,37.8,23.4,19.6,25.4,44.3,,17.1,18.7,22.9,31.2,40.1,44.3,25.8,25.2
03-19,26.5,24.4,18.4,38.0,23.5,37.8,30.7,39.2,28.0,24.9,24.6,20.7,28.7,18.6,27.0,40.7,34.5,22.8,33.5,31.0,23.0,43.2,21.8,20.7,22.3,17.3,24.5,41.3,17.2,37.8,23.9,19.6,25.4,44.3,,17.2,18.9,22.9,31.2,40.2,44.3,25.9,25.2
03-20,26.5,24.8,18.4,38.0,24.8,38.1,30.7,39.2,28.0,24.9,25.2,20.7,28.8,18.8,27.0,40.9,35.2,22.8,33.5,31.0,23.0,43.4,22.5,20.7,22.4,17.3,24.5,41.3,17.2,37.8,24.0,19.6,25.4,44.5,,17.2,19.1,23.0,31.2,40.4,44.5,26.0,25.4
03-21,26.5,25.0,18.5,38.0,24.9,38.3,30.7,39.2,28.1,24.9,25.4,20.8,28.8,18.8,27.0,42.0,35.3,22.9,33.6,31.0,23.0,43.7,22.7,21.0,22.4,17.3,24.5,41.3,17.2,37.8,24.2,20.4,25.8,45.2,,17.2,19.3,23.0,31.3,40.7,45.2,26.0,25.6
03-22,26.5,25.4,18.5,38.0,25.0,39.4,30.9,39.2,28.2,25.0,25.4,20.8,28.9,19.0,27.0,42.2,36.0,23.4,33.6,31.0,23.1,44.2,22.8,21.3,22.4,17.3,24.5,41.4,17.3,38.2,24.2,20.8,25.8,45.8,,17.3,19.5,23.4,31.3,40.8,45.8,26.0,25.6
03-23,26.5,25.5,18.9,38.0,25.5,39.8,31.4,39.2,28.2,25.2,25.5,20.8,29.0,19.1,27.0,42.9,36.0,23.4,33.6,31.3,23.2,44.7,22.8,21.5,22.4,17.4,25.0,41.8,19.8,38.3,24.2,20.8,25.8,46.8,,17.4,20.1,23.4,31.6,41.2,46.8,26.2,25.7
03-24,26.5,25.5,19.3,38.2,25.7,40.4,31.9,39.2,28.4,25.2,25.5,20.8,29.2,19.2,27.0,44.0,36.1,23.5,33.6,31.8,23.2,44.7,22.8,21.5,22.4,17.7,25.4,42.4,20.0,38.7,24.5,20.8,25.8,47.5,,17.7,20.2,23.4,32.1,41.8,47.5,26.2,25.8
03-25,26.5,26.6,19.4,38.4,25.9,40.8,32.0,39.5,28.5,25.2,25.5,20.8,29.5,19.2,27.0,44.6,36.2,23.5,33.8,32.0,23.2,45.0,22.8,21.6,22.4,17.9,25.4,42.4,20.0,39.4,24.7,21.0,25.8,48.2,,17.9,20.2,23.4,32.2,42.0,48.2,26.5,26.2
03-26,26.5,26.6,19.5,38.6,26.0,41.0,32.1,39.5,28.6,25.2,25.5,20.8,29.6,19.4,27.0,44.8,36.4,23.5,33.8,32.8,23.2,45.8,22.9,21.8,22.5,17.9,25.4,42.8,20.1,39.4,25.3,21.4,25.8,48.3,,17.9,20.3,23.5,32.9,42.2,48.3,26.6,26.2
03-27,26.5,26.7,20.1,38.8,26.0,41.0,32.2,39.5,28.6,25.2,25.6,20.8,30.0,19.6,28.0,45.0,36.8,23.5,34.0,33.1,23.5,45.8,23.5,21.8,22.7,17.9,25.4,42.8,20.2,39.4,25.6,21.6,25.8,48.5,,17.9,20.4,23.5,33.2,42.3,48.5,27.0,26.2
03-28,26.5,27.0,20.1,38.9,26.0,41.0,32.2,39.5,29.7,25.2,25.6,20.9,30.0,19.8,28.2,45.0,36.8,23.8,34.0,33.2,23.7,46.2,23.6,21.8,23.2,17.9,25.4,43.6,20.3,39.4,25.7,21.6,25.8,49.0,,17.9,20.5,23.8,33.3,42.8,49.0,27.2,26.2
03-29,26.6,27.1,20.1,39.2,26.0,41.3,32.8,39.5,31.0,25.2,25.8,21.4,30.0,19.8,28.4,46.2,37.5,24.4,34.1,33.2,23.8,46.4,23.8,21.8,23.4,17.9,26.0,43.6,20.4,39.7,25.8,21.6,26.0,49.0,,17.9,20.7,24.3,33.3,42.9,49.0,27.4,26.3
03-30,26.8,27.3,20.2,39.5,26.0,41.3,32.8,39.6,31.3,25.2,25.8,22.0,30.0,20.1,28.6,46.6,39.0,24.5,34.2,33.7,23.8,46.4,23.9,21.8,23.4,17.9,26.2,43.6,20.4,40.4,26.0,21.6,26.8,49.6,,17.9,20.8,24.4,33.7,42.9,49.6,27.6,26.8
03-31,26.8,27.4,20.2,39.7,26.0,41.3,32.9,39.6,31.4,25.2,25.8,22.0,30.0,20.2,28.6,47.6,39.1,24.6,34.4,34.0,23.8,46.8,23.9,21.8,23.6,17.9,26.4,44.4,20.4,40.4,26.2,21.6,26.8,50.0,,17.9,20.8,24.5,34.1,43.5,50.0,27.6,26.8
04-01,26.8,27.4,20.3,39.8,26.1,41.3,32.9,39.9,31.4,25.5,25.8,22.0,30.0,20.2,28.6,47.7,39.3,24.7,34.7,34.4,25.1,46.8,23.9,21.8,23.9,17.9,26.5,44.4,20.4,40.4,26.2,21.6,26.8,50.6,,17.9,20.8,25.1,34.5,43.5,50.6,27.7,26.8
04-02,26.8,27.4,20.3,40.4,26.2,41.3,33.0,40.0,31.8,25.8,25.8,22.0,30.0,20.2,28.9,47.7,39.9,24.8,34.8,34.7,25.6,46.8,24.0,22.3,24.4,17.9,26.8,44.4,20.4,40.4,26.3,21.6,26.8,50.7,,17.9,20.8,25.5,34.7,43.5,50.7,27.8,26.8
04-03,26.8,27.6,20.4,40.5,26.3,41.3,33.4,40.2,31.8,25.8,25.9,23.0,30.0,20.4,29.0,47.7,40.0,24.8,34.9,35.4,26.0,48.0,24.1,22.6,24.6,18.0,26.8,44.6,20.6,40.6,26.4,21.6,26.8,51.0,,18.0,20.9,25.6,35.0,43.6,51.0,28.0,26.8
04-04,26.8,27.6,20.4,40.6,26.6,41.3,33.6,40.2,32.0,26.0,26.0,23.2,30.0,20.7,29.0,47.7,40.1,24.8,34.9,36.1,26.4,49.2,24.1,22.6,24.6,18.0,26.8,44.6,20.6,40.9,26.4,21.6,26.8,52.1,,18.0,21.0,25.8,35.0,43.6,52.1,28.1,26.8
04-05,26.8,27.6,20.6,40.9,26.7,41.3,33.7,40.3,32.5,26.0,26.0,23.6,30.0,20.9,29.0,47.8,40.1,24.8,35.0,36.4,26.8,49.2,24.1,22.6,24.7,18.0,26.8,44.6,20.6,41.0,26.4,21.6,27.0,52.8,,18.0,21.1,25.8,35.1,43.6,52.8,28.2,26.9
04-06,26.8,27.6,20.6,40.9,26.9,41.3,33.7,40.5,32.6,26.2,26.0,24.0,30.0,21.2,29.0,48.0,41.2,24.8,35.0,36.4,28.8,49.4,24.1,22.9,24.8,18.0,26.8,44.6,20.6,41.0,27.1,21.8,27.2,53.0,,18.0,21.3,25.9,35.1,43.6,53.0,28.3,27.4
04-07,26.8,27.6,20.6,41.2,27.0,41.3,33.7,40.6,32.7,26.4,26.0,24.4,30.0,21.4,29.2,48.0,42.7,24.8,35.2,36.4,29.8,49.4,24.5,23.0,25.1,18.0,26.8,44.6,21.1,41.1,27.3,22.1,27.2,53.0,,18.0,21.6,26.0,35.3,44.0,53.0,28.6,27.4
04-08,26.8,27.6,20.6,41.4,27.2,41.4,33.7,40.6,32.8,26.8,26.0,26.1,30.0,21.5,29.2,48.0,42.8,24.8,35.7,36.4,29.8,50.1,24.5,23.2,25.1,18.0,26.8,44.6,22.0,41.1,27.3,22.1,27.2,53.0,,18.0,22.0,26.1,35.8,44.0,53.0,28.6,27.5
04-09,27.4,27.6,20.6,41.5,27.4,41.5,33.7,40.6,32.8,27.2,26.0,27.0,30.0,21.6,29.6,48.4,42.9,25.0,36.1,36.8,29.8,50.6,24.5,23.8,25.1,18.4,26.8,45.3,22.2,41.1,27.3,22.1,27.2,53.0,,18.4,22.1,26.8,36.2,44.6,53.0,28.7,27.5
04-10,27.6,27.8,20.7,41.6,27.6,41.6,33.7,40.6,33.0,27.6,26.0,27.0,30.1,21.6,29.6,48.4,42.9,25.2,36.4,37.2,29.8,51.0,24.6,23.9,25.1,18.4,26.8,45.6,22.2,42.0,27.3,22.1,27.2,53.0,,18.4,22.1,26.8,36.5,44.8,53.0,28.8,27.8
04-11,27.7,28.3,20.7,41.6,27.7,42.0,33.7,40.7,33.6,27.6,26.0,27.1,30.1,21.6,29.7,48.4,42.9,25.5,36.4,37.2,29.9,51.0,24.6,24.0,25.1,18.4,26.8,45.6,22.2,43.0,27.3,22.1,27.2,53.0,,18.4,22.1,26.8,36.5,44.8,53.0,28.8,28.0
04-12,27.7,28.5,20.7,41.6,28.2,42.1,33.8,40.7,33.6,27.8,26.0,27.2,30.2,21.6,29.7,48.6,43.2,25.5,36.4,37.6,29.9,51.0,25.2,24.2,25.1,18.6,26.8,45.6,22.2,43.1,27.3,22.1,27.6,53.0,,18.6,22.1,26.8,36.6,44.9,53.0,29.0,28.3
04-13,27.7,28.6,20.7,41.8,28.3,42.2,34.2,40.8,34.2,28.0,26.2,27.8,30.2,21.6,29.7,48.7,43.3,25.5,36.4,37.6,30.1,51.0,26.3,24.2,25.2,18.6,26.9,45.6,22.8,43.3,27.4,22.1,27.7,53.0,,18.6,22.3,26.8,36.6,44.9,53.0,29.0,28.4
04-14,27.7,28.9,20.7,41.8,28.3,42.2,34.6,40.8,34.4,28.0,26.2,27.9,30.2,21.6,29.7,48.7,43.3,25.5,36.4,37.6,30.3,51.2,26.6,24.4,25.5,18.6,27.2,45.6,23.4,43.3,27.4,22.2,28.0,53.0,,18.6,22.5,27.1,36.6,44.9,53.0,29.0,28.6
04-15,27.8,29.0,20.8,41.8,28.3,42.4,34.7,40.8,35.0,28.0,27.2,28.0,30.2,21.8,29.7,48.7,43.7,25.5,36.4,39.5,30.4,51.2,27.0,24.4,25.5,18.8,28.2,45.6,23.4,43.4,27.5,23.2,28.1,53.0,,18.8,23.3,27.5,36.8,45.0,53.0,29.3,28.7
04-16,27.8,29.0,20.8,41.9,28.4,42.4,34.8,41.0,35.0,28.0,27.4,28.1,30.7,21.9,29.8,48.8,44.0,25.6,36.7,40.6,30.6,51.3,27.0,24.8,25.5,19.4,28.3,45.6,23.4,44.0,27.8,23.6,28.2,53.0,,19.4,23.4,27.7,37.1,45.1,53.0,29.4,28.7
04-17,27.8,29.0,20.8,42.0,28.4,42.6,35.4,41.2,35.2,28.0,27.4,28.1,30.8,21.9,29.8,48.8,44.2,25.6,36.7,41.0,30.6,51.7,27.1,25.1,25.5,19.6,28.4,45.6,23.4,44.9,28.0,23.7,28.6,53.0,,19.6,23.5,27.7,37.1,45.4,53.0,29.4,28.8
04-18,27.8,29.0,21.1,42.0,28.4,42.7,35.8,41.2,35.2,28.0,27.4,28.1,31.4,22.2,30.0,48.8,44.6,25.6,36.7,41.0,30.7,52.2,27.4,25.2,25.5,19.6,28.4,45.6,24.0,44.9,28.0,23.7,28.6,53.0,,19.6,23.8,27.7,37.1,45.4,53.0,29.5,28.8
04-19,27.8,29.0,21.6,42.8,28.4,43.0,37.3,41.2,35.2,28.0,27.7,28.2,31.6,22.6,30.4,49.0,44.9,26.1,36.7,41.0,30.7,53.2,27.6,25.2,25.5,19.6,28.4,46.2,24.0,45.0,28.0,23.7,28.6,53.2,,19.6,23.8,27.7,37.7,45.8,53.2,29.7,28.8
04-20,27.8,29.0,21.6,42.8,28.4,43.3,37.4,41.2,35.2,28.0,27.8,28.2,31.9,22.6,30.8,49.2,44.9,26.3,36.7,41.0,30.7,53.2,27.8,25.4,25.5,19.6,28.4,46.2,24.0,45.0,28.0,23.7,28.8,53.2,,19.6,23.8,27.8,37.8,45.9,53.2,29.8,28.9
04-21,27.8,29.2,21.6,42.8,28.4,43.4,37.9,41.3,36.1,28.6,27.8,28.8,32.2,22.7,31.0,50.0,44.9,26.3,36.7,41.1,30.7,53.6,27.8,25.8,25.5,19.6,28.4,46.4,24.0,45.2,28.0,23.7,28.8,53.2,,19.6,23.8,27.8,38.2,46.1,53.6,30.0,29.0
04-22,27.8,29.2,22.0,42.8,28.4,43.6,37.9,41.6,36.1,28.8,27.8,29.6,32.4,22.8,31.4,50.0,44.9,26.4,36.7,41.1,31.0,53.8,27.8,25.8,25.5,19.6,28.4,46.4,24.0,45.4,28.0,23.7,28.8,53.7,,19.6,23.8,27.8,38.2,46.2,53.8,30.3,29.4
04-23,27.8,29.3,22.2,42.9,28.4,43.7,38.0,41.7,36.1,29.0,28.0,29.9,32.4,23.2,31.6,50.2,44.9,27.0,36.7,41.1,31.1,53.9,27.8,25.8,25.6,19.6,28.4,46.5,24.0,45.4,28.0,23.7,29.6,53.8,,19.6,23.8,27.9,38.3,46.2,53.9,30.4,29.8
04-24,27.8,29.3,22.2,43.0,28.4,43.7,38.0,42.4,36.2,29.3,28.2,29.9,32.4,23.4,31.6,50.3,44.9,27.0,36.8,41.2,31.3,54.0,27.8,25.8,25.6,19.6,29.5,46.5,24.0,45.4,28.3,23.7,30.2,53.8,,19.6,23.8,28.2,38.3,46.2,54.0,30.6,30.0
04-25,28.0,29.4,22.2,43.2,28.6,43.8,38.0,43.0,36.4,29.8,28.3,29.9,32.4,23.5,31.6,50.8,45.1,27.0,37.2,41.5,31.3,54.1,27.8,25.8,25.6,20.4,29.8,46.8,24.0,45.7,28.4,23.7,30.2,54.3,,20.4,23.8,28.3,38.3,46.5,54.3,30.7,30.0
04-26,29.2,30.0,22.3,43.2,28.7,43.8,38.0,43.0,36.4,30.2,28.3,29.9,32.4,23.5,31.6,51.0,45.2,27.0,37.2,41.9,31.3,54.8,27.8,25.8,26.0,20.8,30.2,47.4,24.0,45.7,28.4,23.7,30.2,54.4,,20.8,23.8,28.3,38.3,46.9,54.8,30.8,30.2
04-27,29.8,30.4,22.4,43.2,29.2,44.1,38.0,43.0,36.4,30.4,28.3,30.0,32.4,23.5,31.7,51.2,45.2,27.0,37.2,42.0,31.3,55.4,28.2,25.8,26.6,21.0,30.9,47.8,24.0,46.0,28.4,25.4,30.2,54.4,,21.0,24.4,28.3,38.4,47.2,55.4,30.8,30.7
04-28,30.2,31.1,22.4,43.2,29.6,44.4,38.0,43.4,36.4,31.1,28.3,30.0,33.1,23.5,31.8,51.7,45.2,27.0,37.2,42.2,31.4,55.4,28.3,25.8,27.0,21.0,31.5,48.3,24.0,46.0,28.4,25.4,30.2,54.4,,21.0,24.4,28.3,38.4,47.6,55.4,31.4,31.2
04-29,30.8,31.2,22.4,43.3,30.2,44.4,38.0,43.6,36.4,31.9,28.3,30.0,33.2,23.5,31.9,52.0,45.2,27.0,37.2,42.2,31.6,55.8,28.3,25.8,27.3,21.0,31.8,48.6,24.0,46.0,28.4,25.4,30.2,54.4,,21.0,24.4,28.3,38.4,47.8,55.8,31.8,31.8
04-30,31.2,31.3,22.4,43.3,30.3,44.8,38.1,43.9,36.5,32.4,28.3,30.0,33.2,23.5,32.0,52.4,45.2,27.0,37.2,42.2,32.0,56.4,28.4,25.8,27.3,21.0,31.9,48.6,24.0,46.0,28.4,25.4,30.5,54.4,,21.0,24.4,28.4,38.5,47.9,56.4,32.0,32.0
05-01,31.2,32.2,22.4,43.3,30.4,45.1,38.2,44.4,36.5,32.6,28.3,30.0,33.2,23.5,32.0,52.6,45.2,27.0,37.4,42.2,32.4,56.6,28.5,25.8,27.3,21.0,31.9,48.6,24.5,46.5,28.4,25.4,30.5,54.4,,21.0,24.7,28.5,38.5,48.0,56.6,32.2,32.1
05-02,31.2,32.2,22.4,43.3,30.6,45.8,38.2,44.6,36.6,32.7,28.3,30.0,33.3,23.7,32.0,52.9,45.2,27.1,37.7,42.4,33.0,56.6,29.1,25.9,27.4,21.0,32.0,48.8,24.5,46.7,28.4,25.4,30.6,54.4,,21.0,24.7,29.0,38.6,48.2,56.6,32.2,32.1
05-03,31.2,32.3,22.4,43.3,30.6,46.7,38.2,44.8,36.6,33.8,28.3,30.0,33.3,24.0,32.0,53.0,45.2,27.1,37.8,43.3,33.6,56.6,29.1,25.9,27.4,21.1,32.0,48.8,24.9,46.7,28.6,25.4,30.6,54.4,,21.1,25.1,29.0,38.7,48.2,56.6,32.6,32.2
05-04,31.2,32.8,22.4,44.3,30.7,46.8,38.2,44.9,36.6,34.7,28.3,30.1,33.3,24.2,32.0,53.1,45.2,27.6,37.8,43.7,33.8,56.6,29.1,25.9,27.4,21.1,32.0,48.8,24.9,46.7,28.6,25.4,30.8,54.4,,21.1,25.1,29.0,38.7,48.2,56.6,32.9,32.4
05-05,31.2,32.9,22.4,44.7,30.7,47.1,38.2,44.9,36.8,35.0,28.3,30.1,33.3,24.8,32.0,53.2,45.8,27.8,37.8,43.8,33.8,56.7,29.1,25.9,27.4,21.2,32.0,48.8,24.9,46.7,28.7,25.4,30.9,54.6,,21.2,25.1,29.1,38.7,48.3,56.7,32.9,32.5
05-06,31.2,32.9,22.4,45.3,30.7,47.7,38.2,45.0,37.0,35.3,28.3,30.2,33.3,25.0,32.0,53.7,46.2,28.1,37.8,43.8,33.8,56.7,29.1,25.9,27.4,21.7,32.0,48.8,24.9,46.7,28.7,25.4,30.9,54.8,,21.7,25.2,29.1,38.8,48.5,56.7,32.9,32.5
05-07,31.2,32.9,22.4,46.8,30.7,48.4,38.2,45.0,37.2,35.4,28.3,30.2,33.4,25.3,32.0,54.4,46.2,28.1,37.8,43.8,33.8,56.7,29.1,26.0,27.5,22.2,32.2,49.0,24.9,46.7,28.7,25.4,30.9,55.0,,22.2,25.3,29.1,38.8,48.8,56.7,32.9,32.5
05-08,31.2,32.9,22.6,47.4,30.7,48.7,38.2,45.0,37.4,36.2,28.6,30.2,33.4,25.7,32.0,54.6,46.2,28.1,38.2,43.8,33.8,56.7,29.1,26.2,28.1,22.3,32.2,49.0,24.9,47.1,28.7,25.5,31.0,55.0,,22.3,25.6,29.1,38.8,48.9,56.7,32.9,32.6
05-09,31.2,32.9,22.6,48.3,30.7,48.8,38.6,45.0,37.8,36.2,28.9,30.4,33.4,26.0,32.0,54.7,46.2,28.1,38.2,43.8,33.8,57.2,29.1,26.3,28.2,22.6,32.9,49.1,24.9,47.4,28.7,25.5,31.4,55.2,,22.6,25.7,29.1,39.1,49.0,57.2,33.0,32.9
05-10,31.2,33.0,23.0,48.6,30.7,48.8,38.6,45.0,38.0,36.2,29.0,30.6,33.4,26.4,32.0,54.8,46.2,28.1,38.4,43.8,33.8,57.8,29.1,26.3,28.8,23.2,33.3,49.1,24.9,47.5,28.7,25.5,31.6,55.2,,23.0,25.7,29.1,39.1,49.0,57.8,33.2,33.2
05-11,31.2,33.5,23.1,48.6,30.7,49.0,38.6,45.0,38.1,36.3,29.3,30.6,33.5,26.7,32.0,55.8,46.2,28.1,38.4,43.8,34.3,58.0,29.1,26.3,28.9,23.2,33.3,49.1,24.9,47.5,28.7,25.5,31.6,55.2,,23.1,25.8,29.3,39.2,49.1,58.0,33.6,33.4
05-12,31.5,33.6,23.2,48.6,30.7,49.9,38.8,45.0,38.4,36.4,29.7,30.6,33.8,27.0,32.4,56.5,46.2,28.1,38.4,43.8,35.0,58.0,29.1,26.3,29.1,23.2,33.4,49.1,25.5,47.5,28.7,25.5,31.6,55.2,,23.2,25.8,29.6,39.2,49.7,58.0,33.8,33.5
05-13,31.6,33.6,23.4,48.6,31.2,50.4,38.8,45.0,38.6,36.7,29.8,30.6,33.8,27.0,32.4,56.9,46.2,28.1,38.4,43.8,35.0,58.0,29.1,26.3,29.1,23.2,33.4,49.1,25.8,47.5,28.7,25.5,31.8,55.2,,23.2,25.9,29.7,39.3,50.0,58.0,33.9,33.5
05-14,31.7,33.6,23.4,48.6,31.8,50.8,38.8,45.0,39.0,37.4,29.8,30.6,33.8,27.1,32.6,57.1,46.2,28.1,38.4,43.8,35.1,58.0,29.1,26.4,29.1,23.2,33.4,49.1,25.8,47.5,28.7,25.5,31.8,55.6,,23.2,26.0,29.7,39.4,50.3,58.0,33.9,33.5
05-15,32.0,33.8,23.4,48.6,31.8,51.2,38.8,45.1,39.1,37.5,29.8,30.6,33.8,27.2,32.6,57.2,46.2,28.1,38.4,43.8,35.2,58.2,29.1,26.4,29.1,23.6,33.4,49.1,26.4,47.5,28.7,25.5,31.8,56.2,,23.4,26.4,29.7,39.6,50.5,58.2,34.0,33.6
05-16,32.0,33.8,23.4,48.6,32.0,51.4,38.8,45.1,39.5,37.7,29.8,30.7,33.8,27.3,32.6,57.3,46.2,28.1,38.4,43.8,35.2,58.2,29.1,26.4,29.1,23.8,34.0,49.1,26.4,47.5,28.7,25.5,31.8,56.2,,23.4,26.4,29.7,39.9,50.7,58.2,34.1,33.8
05-17,32.1,33.8,23.4,48.6,32.2,51.5,38.8,45.1,39.5,37.8,29.8,30.7,33.8,27.3,32.6,57.3,46.2,28.1,38.4,43.8,35.2,58.3,29.1,26.4,29.1,24.8,34.4,49.6,26.4,48.3,28.7,25.6,31.8,56.2,,23.4,26.4,29.7,39.9,50.9,58.3,34.2,33.8
05-18,32.1,33.9,23.5,48.6,32.2,51.6,38.8,45.1,39.5,37.8,30.2,30.7,33.8,27.3,32.6,57.8,46.2,28.1,38.4,43.8,35.2,59.3,29.1,26.8,29.1,25.3,34.4,50.0,26.4,49.1,28.7,25.6,31.8,56.4,,23.5,26.5,30.0,39.9,51.1,59.3,34.3,33.8
05-19,32.1,34.0,23.5,48.7,32.2,51.7,39.0,45.1,39.6,37.8,30.2,30.8,33.8,27.3,32.6,58.0,46.2,28.1,38.4,43.8,35.6,59.9,29.2,27.2,29.1,25.5,34.4,50.0,26.4,49.4,28.7,25.6,31.8,56.4,,23.5,26.7,30.1,40.0,51.2,59.9,34.3,33.8
05-20,32.2,34.0,23.7,48.8,32.2,51.8,39.0,45.1,39.7,37.8,30.2,30.8,33.8,27.3,32.6,58.0,46.2,28.1,38.4,43.8,35.6,60.6,29.2,27.5,29.1,25.8,34.8,50.0,26.4,49.8,28.7,25.6,31.8,56.4,,23.7,26.7,30.1,40.1,51.3,60.6,34.4,33.8
05-21,32.4,34.0,24.0,48.8,32.2,52.0,39.0,45.6,40.2,37.9,30.2,30.8,33.8,27.4,32.6,58.1,46.2,28.2,38.4,43.9,35.6,61.3,29.3,27.7,29.1,25.8,34.8,50.1,26.4,50.0,28.8,25.6,32.0,56.4,,24.0,26.7,30.1,40.5,51.5,61.3,34.4,33.8
05-22,32.4,34.0,24.4,49.4,32.2,52.1,39.1,45.6,40.9,37.9,30.2,30.8,34.8,27.4,32.6,58.1,46.2,28.4,38.7,43.9,35.8,61.4,29.3,27.8,29.2,26.0,35.2,50.5,26.5,50.3,28.8,25.8,32.0,56.4,,24.4,26.8,30.1,41.2,51.6,61.4,34.8,34.4
05-23,32.4,34.0,24.5,49.4,32.2,52.4,39.2,45.6,41.0,38.0,30.2,30.8,35.3,27.4,32.8,58.2,46.2,28.4,39.5,43.9,36.0,61.7,29.3,27.8,29.2,26.0,35.2,50.5,26.8,50.8,29.0,25.8,32.0,56.4,,24.5,26.9,30.1,41.2,51.9,61.7,35.0,34.6
05-24,32.4,34.2,24.6,49.4,32.2,52.8,39.2,46.0,41.0,38.2,30.2,30.8,35.5,27.4,33.0,58.2,46.3,28.4,39.8,44.0,36.4,62.2,29.4,27.8,29.2,26.2,35.3,50.5,26.9,51.6,29.3,26.6,32.0,56.8,,24.6,27.0,30.1,41.3,52.5,62.2,35.2,34.7
05-25,32.4,34.2,24.6,49.4,32.2,53.3,39.5,47.2,41.0,38.2,30.4,30.8,35.5,27.4,33.0,58.2,46.3,28.4,39.8,44.4,37.0,62.6,29.4,27.8,29.4,26.3,35.4,50.5,26.9,52.3,29.3,26.6,32.0,56.8,,24.6,27.0,30.3,41.3,53.0,62.6,35.4,34.8
05-26,32.4,34.5,24.6,49.4,32.2,53.9,39.8,47.5,41.0,38.2,30.8,30.8,35.5,27.4,33.0,58.2,46.3,28.4,39.9,44.4,37.0,62.6,29.5,27.8,29.4,26.5,35.4,50.6,26.9,52.3,29.3,26.6,32.0,56.8,,24.6,27.0,30.6,41.4,53.4,62.6,35.4,35.0
05-27,32.4,34.5,25.0,49.4,32.3,54.4,40.2,47.6,41.3,38.2,30.8,30.8,35.5,27.4,33.0,58.2,46.3,28.4,40.2,44.6,37.0,62.6,30.4,27.8,29.4,26.8,35.6,50.6,26.9,52.4,29.3,26.6,32.0,56.8,,25.0,27.0,30.7,41.7,53.9,62.6,35.5,35.0
05-28,32.4,34.5,25.0,49.4,32.7,54.6,40.4,47.6,41.3,38.2,30.8,30.8,35.5,27.4,33.1,58.2,46.4,28.4,40.2,44.6,37.0,62.6,30.8,27.8,29.4,26.9,35.6,50.6,27.0,52.7,29.3,26.6,32.0,56.8,,25.0,27.1,30.8,41.7,54.1,62.6,35.5,35.0
05-29,32.7,34.5,25.0,49.4,32.7,54.8,40.6,47.6,41.3,38.2,30.8,30.8,35.5,27.4,33.8,58.2,46.6,28.4,40.2,44.6,37.0,63.0,30.8,28.4,29.4,27.0,35.6,50.6,27.2,52.7,29.3,26.6,32.2,56.8,,25.0,27.2,30.8,41.7,54.2,63.0,35.5,35.0
05-30,32.8,34.5,25.0,49.4,32.7,54.8,40.6,47.6,41.3,38.3,30.8,30.8,35.5,27.4,34.1,58.3,46.6,28.4,40.2,44.6,37.0,63.6,30.8,28.4,29.4,27.0,35.8,50.6,27.2,52.9,29.3,26.6,33.2,56.8,,25.0,27.3,30.8,41.7,54.3,63.6,35.6,35.0
05-31,33.6,35.0,25.0,49.4,32.7,55.0,40.6,47.6,41.3,38.3,30.8,30.8,35.5,27.4,34.1,58.8,46.6,28.4,40.2,44.6,37.0,64.2,30.8,28.4,29.4,27.0,35.8,50.6,27.2,53.0,29.3,26.6,33.3,56.8,,25.0,27.3,30.8,41.7,54.4,64.2,35.7,35.2
06-01,33.7,35.4,25.0,49.4,33.8,55.0,40.6,47.6,41.3,38.3,30.8,30.8,35.6,27.4,34.1,59.0,46.6,28.4,40.2,44.6,37.0,64.2,30.8,28.4,29.4,27.0,35.8,50.6,27.2,53.2,29.3,26.6,33.4,56.8,,25.0,27.3,30.8,41.7,54.4,64.2,35.8,35.5
06-02,34.1,35.7,25.0,49.5,33.8,55.1,40.6,47.6,41.3,38.4,30.8,30.8,36.1,27.4,34.1,59.0,46.6,28.4,40.2,44.7,37.1,64.2,30.8,28.4,29.4,27.0,35.8,50.6,27.2,53.4,29.3,26.6,33.4,56.8,,25.0,27.3,30.8,41.7,54.6,64.2,35.9,35.7
06-03,34.2,35.8,25.0,49.8,33.8,55.7,40.6,47.6,41.3,40.0,30.8,30.8,36.2,27.4,34.1,59.0,46.6,28.4,40.4,44.7,37.1,64.2,30.8,28.4,29.4,27.0,35.8,50.6,27.2,53.4,29.3,26.6,33.4,57.0,,25.0,27.3,30.8,41.7,55.0,64.2,36.0,35.8
06-04,34.2,35.8,25.0,50.0,33.8,56.2,40.6,47.6,41.6,40.2,30.8,30.8,36.2,27.4,34.1,59.0,46.6,28.4,40.4,44.8,37.1,64.2,30.8,28.4,29.4,27.0,35.8,50.6,27.2,53.4,29.3,26.6,33.4,57.0,,25.0,27.3,30.8,41.9,55.4,64.2,36.0,35.8
06-05,34.2,36.0,25.0,50.4,33.8,56.4,40.6,47.6,42.0,40.2,30.8,30.8,36.2,27.4,34.1,59.0,46.6,28.4,40.9,44.8,37.3,64.2,30.8,28.4,29.4,27.0,35.8,50.6,27.2,53.6,29.3,26.6,33.4,57.0,,25.0,27.3,30.8,42.3,55.5,64.2,36.1,35.9
06-06,34.2,36.0,25.0,51.4,33.8,56.4,40.6,47.6,42.2,40.3,30.8,30.8,36.2,27.4,34.1,59.0,46.7,28.5,41.0,44.8,37.3,64.2,30.8,28.4,29.4,27.0,35.8,50.6,27.2,53.6,29.3,26.6,33.4,57.0,,25.0,27.3,30.8,42.5,55.6,64.2,36.1,35.9
06-07,34.2,36.0,25.1,52.2,33.8,56.4,40.6,47.6,42.3,40.8,30.8,30.8,36.2,27.4,34.1,59.2,46.7,29.9,41.1,44.9,37.3,64.2,30.8,28.4,29.4,27.0,35.8,50.6,27.2,53.8,31.7,26.6,33.4,57.2,,25.1,27.3,30.8,42.6,55.7,64.2,36.1,35.9
06-08,34.2,36.0,25.1,53.0,33.8,57.0,40.6,47.6,42.7,40.8,30.8,30.8,36.2,27.4,34.1,59.4,46.7,30.0,41.2,45.0,37.5,64.2,30.8,28.4,29.4,27.1,35.8,50.6,27.2,53.8,32.4,26.6,33.4,57.2,,25.1,27.3,30.8,42.9,56.1,64.2,36.2,35.9
06-09,34.2,36.0,25.1,53.0,33.8,57.2,40.6,47.9,43.0,40.8,30.8,30.8,36.2,27.4,34.1,59.8,46.9,30.0,41.2,45.3,37.6,64.4,30.8,28.4,29.4,27.1,35.8,50.6,27.2,53.8,32.7,26.6,33.4,57.2,,25.1,27.3,30.8,43.2,56.2,64.4,36.2,35.9
06-10,34.2,36.0,25.1,53.0,33.8,57.4,40.6,48.2,43.5,40.8,30.8,30.8,36.2,27.4,34.4,59.8,47.8,30.0,41.2,45.7,37.6,64.4,30.8,28.4,29.4,27.1,35.8,50.6,27.2,53.8,32.7,26.6,33.4,57.2,,25.1,27.3,30.8,43.7,56.2,64.4,36.2,35.9
06-11,35.1,36.0,25.2,53.0,33.8,57.4,40.6,48.7,43.6,40.8,30.8,30.8,36.2,27.4,35.0,59.8,47.8,30.0,41.2,46.2,37.7,64.4,30.8,28.4,29.4,27.4,35.8,50.6,27.2,53.8,32.7,26.6,33.4,57.2,,25.2,27.4,30.8,43.9,56.2,64.4,36.2,35.9
06-12,36.0,36.0,25.2,53.0,33.8,57.6,40.8,48.8,43.6,40.8,30.8,30.8,36.2,27.4,35.0,60.0,47.8,30.0,41.4,46.4,38.2,64.4,30.8,28.4,29.4,27.6,36.4,50.6,27.2,53.8,32.7,26.6,33.4,57.3,,25.2,27.5,30.8,43.9,56.3,64.4,36.6,36.2
06-13,36.2,36.2,25.2,53.0,33.8,57.6,40.8,49.2,43.9,40.8,30.8,31.4,36.2,27.4,35.0,60.2,47.8,30.0,41.4,46.8,38.6,64.4,30.8,28.4,29.4,27.6,36.6,50.6,27.2,53.8,32.7,26.6,33.4,57.4,,25.2,27.5,31.3,44.2,56.3,64.4,36.6,36.2
06-14,36.2,36.2,25.2,53.0,33.8,57.6,40.8,50.0,44.8,40.8,30.8,31.4,36.2,27.4,35.0,60.2,47.8,30.0,41.4,47.4,38.8,64.5,30.8,28.4,29.4,27.6,36.9,51.2,27.2,54.0,32.7,26.6,34.0,57.4,,25.2,27.5,31.4,45.0,56.4,64.5,36.8,36.2
06-15,36.2,36.2,25.6,53.0,33.8,57.6,40.8,50.0,44.8,40.8,30.8,31.4,36.2,27.6,35.0,60.2,47.8,30.0,41.4,47.5,38.8,64.5,30.8,28.4,29.4,27.6,36.9,51.2,27.2,54.0,32.7,26.6,34.0,57.6,,25.6,27.6,31.4,45.0,56.5,64.5,36.8,36.2
06-16,36.4,36.2,25.8,53.0,33.8,57.6,40.8,50.2,44.8,40.8,30.8,31.4,36.2,27.6,35.0,60.2,47.8,30.0,41.4,47.6,38.8,64.5,30.8,28.4,29.4,27.8,36.9,51.2,27.2,54.0,32.7,26.6,34.0,58.0,,25.8,27.6,31.4,45.0,56.6,64.5,36.8,36.3
06-17,36.6,36.2,26.0,53.0,33.8,57.6,40.8,50.2,45.6,40.8,30.8,31.4,36.2,27.6,35.0,60.2,47.8,30.0,41.4,47.8,38.8,64.5,30.8,28.4,29.4,27.8,36.9,51.2,27.2,54.1,32.8,26.6,34.0,58.0,,26.0,27.6,31.4,45.8,56.6,64.5,36.8,36.4
06-18,36.6,36.2,26.4,53.4,33.8,57.6,40.8,50.2,46.4,40.8,30.8,31.4,36.2,27.6,35.1,60.2,47.8,30.0,41.4,48.4,38.8,64.5,30.8,28.4,30.0,27.8,36.9,51.2,27.3,54.1,33.0,26.6,34.0,58.0,,26.4,27.6,31.4,46.6,56.6,64.5,36.8,36.4
06-19,36.6,36.2,26.6,53.4,33.8,57.9,40.8,50.3,46.4,40.8,31.2,31.4,36.2,27.6,35.1,60.2,47.8,30.0,41.4,48.4,38.8,64.5,30.8,28.4,30.1,27.8,36.9,51.2,27.3,54.1,33.0,26.6,34.0,58.0,,26.6,27.6,31.4,46.6,56.8,64.5,36.8,36.4
06-20,36.6,36.2,26.6,53.4,33.8,57.9,40.8,50.3,46.4,40.8,31.3,31.4,36.2,27.6,35.1,60.2,47.8,30.0,41.4,48.4,38.8,65.8,30.8,28.4,30.1,27.8,36.9,51.2,27.3,54.1,33.0,26.6,34.0,58.0,,26.6,27.6,31.4,46.6,56.8,65.8,36.8,36.4
06-21,36.6,36.2,26.6,53.4,33.8,57.9,40.8,50.3,46.4,40.8,31.3,31.4,36.2,27.8,35.1,60.2,47.8,30.0,41.4,49.8,38.8,65.8,30.8,28.4,30.1,27.8,36.9,51.4,27.3,54.1,33.0,26.6,34.0,58.5,,26.6,27.8,31.4,46.6,56.8,65.8,36.8,36.4
06-22,36.6,36.2,26.6,53.4,33.8,57.9,40.8,50.3,46.4,40.8,31.3,31.4,36.2,28.2,35.1,60.3,47.8,30.0,41.4,50.0,38.8,65.8,30.8,28.4,30.1,27.8,36.9,51.4,27.3,54.2,33.0,26.6,34.0,58.5,,26.6,27.9,31.4,46.6,56.8,65.8,36.8,36.4
06-23,36.6,36.2,26.6,53.4,33.8,57.9,40.8,50.3,46.4,40.8,31.3,31.4,36.2,28.6,35.1,60.4,47.8,30.0,41.4,50.1,38.8,65.8,30.8,28.4,30.1,27.8,36.9,51.4,27.3,54.2,33.0,26.6,34.0,58.5,,26.6,28.0,31.4,46.6,56.8,65.8,36.8,36.4
06-24,36.6,36.2,26.6,53.4,33.8,57.9,40.8,50.3,46.4,40.8,31.3,31.4,36.2,29.7,35.1,60.4,47.8,30.0,41.4,50.1,38.8,65.8,30.8,28.4,30.1,27.8,36.9,51.4,27.3,54.2,33.0,26.6,34.0,58.5,,26.6,28.0,31.4,46.6,56.8,65.8,36.8,36.4
06-25,36.6,36.2,26.6,53.4,33.8,57.9,40.8,50.3,46.4,40.8,31.3,31.4,36.2,30.1,35.1,60.4,47.8,30.0,41.4,50.1,38.8,65.8,30.8,28.6,30.1,27.8,36.9,51.4,27.3,54.2,33.0,27.0,34.0,58.5,,26.6,28.0,31.4,46.6,56.8,65.8,36.8,36.4
06-26,36.6,36.2,26.6,53.4,33.8,58.0,40.8,50.3,46.4,40.8,31.3,31.4,36.2,30.2,35.2,60.5,47.8,30.0,41.4,50.1,38.8,65.8,30.8,28.6,30.1,27.8,36.9,51.4,27.3,54.2,33.0,27.0,34.0,58.5,,26.6,28.0,31.4,46.6,56.8,65.8,36.8,36.4
06-27,36.6,36.2,26.6,53.4,33.8,58.0,41.4,50.3,46.4,40.8,31.3,31.4,36.2,30.2,35.2,60.5,47.8,30.0,41.4,50.5,38.8,65.8,30.8,28.6,30.2,27.8,36.9,51.4,27.3,54.2,33.0,27.0,34.0,58.5,,26.6,28.0,31.4,46.6,56.8,65.8,36.8,36.4
06-28,36.6,36.2,26.6,53.4,33.8,58.0,41.4,50.3,46.4,40.8,31.3,31.4,36.2,30.2,35.2,60.5,47.8,30.0,41.4,50.5,38.8,65.8,30.8,28.6,30.2,27.8,36.9,51.4,27.3,54.2,33.0,27.0,34.0,58.5,,26.6,28.0,31.4,46.6,56.8,65.8,36.8,36.4
06-29,36.7,36.2,26.6,53.4,33.8,58.0,41.4,50.3,46.4,40.8,31.3,31.4,36.2,30.2,35.2,60.8,47.8,30.0,41.4,50.5,38.8,65.8,30.8,28.6,30.2,27.8,37.0,51.4,27.3,54.2,33.1,27.0,34.0,58.5,,26.6,28.0,31.4,46.6,56.8,65.8,36.8,36.4
06-30,36.7,36.3,26.6,53.4,33.8,58.0,41.4,50.3,46.4,40.8,31.3,31.4,36.2,30.2,35.2,60.8,47.8,30.0,41.4,50.5,38.8,66.0,30.8,28.6,30.2,27.8,37.0,51.4,27.3,54.2,33.2,27.0,34.6,58.6,,26.6,28.0,31.4,46.6,56.8,66.0,36.8,36.5
07-01,36.7,36.3,26.6,53.4,33.8,58.0,41.4,50.3,46.4,40.8,31.4,31.4,36.2,30.2,35.4,60.8,48.2,30.0,41.4,50.5,38.8,66.0,30.8,28.6,30.2,27.8,37.0,51.4,27.3,54.2,33.3,27.0,34.6,58.6,,26.6,28.0,31.4,46.6,56.8,66.0,36.8,36.5
07-02,36.7,36.3,26.6,53.4,33.8,58.0,41.4,50.3,46.4,40.8,31.4,31.4,36.2,30.2,35.4,60.8,48.2,30.0,41.4,50.8,38.8,66.0,30.8,28.6,30.2,27.8,37.0,51.4,27.3,54.2,33.3,27.0,34.6,58.6,,26.6,28.0,31.4,46.6,56.9,66.0,36.8,36.5
07-03,36.7,36.3,26.6,53.6,33.8,58.5,41.4,50.3,46.4,40.8,31.4,31.4,36.2,30.2,35.4,60.8,48.2,30.0,41.4,50.8,38.8,66.0,30.8,28.6,30.2,27.8,37.0,51.4,27.3,54.2,33.3,27.0,34.6,58.6,,26.6,28.0,31.4,46.6,57.2,66.0,36.8,36.5
07-04,36.7,36.3,26.8,53.6,33.8,59.2,41.4,50.3,46.4,40.8,31.4,31.4,36.2,30.2,35.4,60.8,48.2,30.0,41.4,50.8,38.8,66.0,30.8,28.6,30.2,27.8,37.0,51.4,27.3,54.2,33.3,27.0,34.6,58.6,,26.8,28.0,31.4,46.6,57.2,66.0,36.8,36.5
07-05,36.7,36.3,26.8,53.6,33.8,59.2,41.4,50.3,46.4,40.8,31.4,31.4,36.2,30.2,35.4,60.8,48.6,30.0,41.4,50.8,38.8,66.0,30.8,28.8,30.2,27.8,37.0,51.4,27.3,54.3,33.3,27.0,34.6,58.6,,26.8,28.1,31.4,46.7,57.3,66.0,36.8,36.5
07-06,36.7,36.3,26.8,53.6,33.8,59.2,41.4,50.3,46.4,40.8,31.4,31.4,36.2,30.2,35.4,60.8,48.6,30.0,41.4,50.8,38.8,66.0,31.3,30.2,30.2,27.8,37.0,51.4,27.3,54.3,33.3,27.0,34.6,58.6,,26.8,28.5,31.4,46.7,57.3,66.0,36.8,36.5
07-07,36.7,36.3,26.8,53.6,33.8,59.2,41.4,50.3,46.4,40.8,31.4,31.6,36.2,30.2,35.4,60.8,48.7,30.0,41.4,50.8,38.8,66.0,31.4,30.5,30.2,27.9,37.0,51.4,27.3,54.3,33.3,27.0,34.6,58.6,,26.8,28.5,31.6,46.7,57.3,66.0,36.8,36.5
07-08,36.7,36.3,27.0,53.6,33.8,59.2,41.4,50.3,46.5,41.4,31.4,31.6,36.2,30.2,35.4,60.8,48.7,30.0,41.4,50.8,38.8,66.2,31.8,30.9,30.2,28.1,37.0,51.4,27.3,54.3,33.3,27.0,34.6,58.6,,27.0,28.7,31.8,46.7,57.3,66.2,36.8,36.5
07-09,37.5,36.5,27.0,53.6,33.8,59.2,41.4,50.3,46.5,41.4,31.5,31.9,36.2,30.2,35.4,60.8,48.7,30.1,41.4,50.8,38.8,66.2,31.8,30.9,30.2,28.8,37.0,51.4,27.6,54.3,33.3,27.0,34.6,58.6,,27.0,29.2,31.9,46.7,57.3,66.2,37.0,36.7
07-10,37.6,36.6,27.0,53.6,33.8,59.4,41.4,50.3,46.5,41.4,31.5,32.0,36.2,30.2,35.4,60.8,48.7,30.1,41.4,50.8,38.9,66.6,31.9,31.0,30.2,28.8,37.0,51.4,27.6,54.3,33.3,27.0,34.6,58.6,,27.0,29.2,31.9,46.7,57.3,66.6,37.0,36.8
07-11,37.6,36.7,27.2,53.6,33.8,59.6,41.4,50.3,46.5,41.4,31.6,32.0,36.2,30.2,35.4,60.8,48.7,30.1,41.4,50.8,38.9,66.8,31.9,31.0,30.2,29.0,37.0,51.4,27.6,54.3,33.3,27.0,34.6,58.6,,27.0,29.3,31.9,46.7,57.3,66.8,37.0,36.8
07-12,37.6,36.7,27.6,53.6,33.8,60.0,41.4,50.3,46.5,41.4,31.6,32.0,36.2,30.2,35.4,60.8,48.7,30.1,41.4,50.8,39.0,66.8,32.0,31.0,30.3,29.0,37.0,51.4,27.6,54.3,33.3,27.0,34.6,58.6,,27.0,29.3,32.0,46.7,57.3,66.8,37.0,36.8
07-13,37.6,36.7,28.2,53.6,33.8,60.0,41.4,50.6,46.5,41.4,31.6,32.0,36.2,30.2,35.4,60.8,48.7,30.1,41.4,50.9,39.0,66.8,32.0,31.2,30.3,29.0,37.0,51.4,27.7,54.3,33.3,27.0,34.6,58.6,,27.0,29.3,32.0,46.7,57.3,66.8,37.0,36.8
07-14,37.6,36.7,28.4,53.6,33.8,60.0,41.4,50.6,46.5,41.4,31.6,32.0,36.2,30.2,35.4,60.8,48.7,30.1,41.4,50.9,39.0,66.8,32.1,31.4,30.3,29.0,37.0,51.6,27.7,54.3,33.3,27.0,34.7,58.6,,27.0,29.3,32.1,46.7,57.3,66.8,37.0,36.8
07-15,37.6,36.7,28.5,53.6,34.0,60.0,41.4,50.6,46.5,41.9,31.6,32.0,36.2,30.2,36.1,60.8,48.7,30.1,41.4,50.9,39.0,66.8,32.2,31.4,30.3,29.0,37.0,51.8,27.8,54.3,33.3,27.2,34.7,58.6,,27.2,29.3,32.2,46.7,57.3,66.8,37.0,36.8
07-16,37.6,36.7,28.5,53.6,34.0,60.0,41.6,50.6,46.5,41.9,31.6,32.0,36.2,30.2,36.1,60.8,48.7,30.1,41.4,50.9,39.0,66.8,32.3,31.4,30.3,29.0,37.0,51.8,27.8,54.3,33.3,27.2,34.8,58.6,,27.2,29.3,32.3,46.7,57.3,66.8,37.0,36.8
07-17,37.6,36.7,28.5,53.6,34.0,60.0,42.0,50.6,46.5,42.0,31.8,32.0,36.2,30.2,36.4,60.8,48.7,30.1,41.4,50.9,39.0,66.8,32.4,31.5,30.3,29.0,37.0,51.8,27.9,54.3,33.3,27.2,34.8,58.6,,27.2,29.3,32.4,46.7,57.3,66.8,37.0,36.8
07-18,37.6,36.8,28.5,53.6,34.0,60.0,42.1,50.6,46.5,42.0,31.8,32.0,36.3,30.3,36.8,60.8,48.7,30.1,41.4,50.9,39.0,66.8,32.4,31.6,30.3,29.0,37.0,51.8,27.9,54.3,33.3,27.2,34.8,58.6,,27.2,29.3,32.4,46.7,57.3,66.8,37.0,36.9
07-19,37.6,36.8,28.5,53.6,34.0,60.1,42.1,50.6,46.5,42.0,31.8,32.0,36.3,30.4,36.8,60.8,48.7,30.1,41.4,50.9,39.0,66.8,32.4,31.6,30.3,29.0,37.0,51.8,27.9,54.3,33.3,27.2,35.2,58.6,,27.2,29.3,32.4,46.7,57.3,66.8,37.0,36.9
07-20,37.7,36.8,28.5,53.6,34.0,60.2,42.1,50.6,46.5,42.0,31.8,32.0,36.3,30.4,36.8,60.8,48.8,30.1,41.4,50.9,39.0,67.1,32.4,31.6,30.3,29.0,37.0,51.8,27.9,54.3,33.3,27.4,35.2,59.0,,27.4,29.3,32.4,46.7,57.6,67.1,37.0,36.9
07-21,37.7,36.8,28.5,53.6,34.0,60.2,42.1,50.6,46.5,42.0,31.8,32.0,36.3,30.4,36.8,60.8,48.8,30.1,41.4,50.9,39.0,67.1,32.4,31.6,30.3,29.0,37.0,51.8,27.9,54.3,33.3,27.4,35.2,59.0,,27.4,29.3,32.4,46.7,57.6,67.1,37.0,36.9
07-22,37.7,36.8,28.5,53.8,34.0,60.2,42.1,50.6,46.6,42.0,31.8,32.0,36.3,30.4,36.9,60.8,48.8,30.1,41.4,50.9,39.0,67.1,32.4,31.6,30.3,29.2,37.0,51.8,28.0,54.3,33.3,27.4,35.2,59.0,,27.4,29.4,32.4,46.8,57.6,67.1,37.0,36.9
07-23,37.8,36.8,28.5,53.8,34.2,60.4,42.1,50.7,46.6,42.0,31.8,32.0,36.4,30.4,37.2,60.9,48.8,30.1,41.4,50.9,39.0,67.1,32.4,31.6,30.3,29.2,37.0,51.8,28.0,54.3,33.5,27.4,35.2,59.0,,27.4,29.5,32.4,46.9,57.6,67.1,37.2,37.1
07-24,37.8,36.8,28.5,56.3,34.2,60.4,42.1,50.8,46.8,42.0,31.8,32.0,36.4,30.4,37.2,60.9,48.8,30.2,41.4,50.9,39.0,67.1,32.5,31.6,30.3,29.2,37.0,51.8,28.0,54.3,33.5,27.4,35.2,59.0,,27.4,29.5,32.5,46.9,58.2,67.1,37.2,37.1
07-25,38.2,36.8,28.5,56.3,34.2,60.4,42.1,50.8,46.8,42.0,31.8,32.0,36.4,30.7,37.4,61.0,48.8,30.2,41.4,51.0,39.0,67.1,32.5,31.7,30.3,29.2,37.0,52.2,28.0,54.3,33.5,27.4,35.2,59.2,,27.4,29.5,32.5,47.0,58.4,67.1,37.2,37.2
07-26,38.2,36.9,28.5,56.6,34.2,60.4,42.1,50.8,47.0,42.0,31.8,32.0,36.5,30.7,37.4,61.0,48.8,30.4,41.4,51.0,39.2,67.1,32.6,31.8,30.3,29.2,37.0,52.4,28.0,54.6,33.5,27.4,35.2,59.3,,27.4,29.5,32.5,47.2,58.5,67.1,37.3,37.2
07-27,38.2,37.0,28.5,57.0,34.2,60.4,42.1,50.8,47.0,42.0,31.8,32.0,36.5,30.8,37.4,61.0,48.8,30.7,41.6,51.0,39.3,67.2,32.6,31.8,30.3,29.2,37.0,52.7,28.0,54.7,33.6,27.4,35.3,59.4,,27.4,29.5,32.5,47.2,58.6,67.2,37.3,37.2
07-28,38.2,37.0,28.5,57.0,34.2,60.4,42.1,50.9,47.5,42.2,31.8,32.0,36.5,30.8,37.4,61.0,48.8,30.7,41.6,51.0,39.3,67.2,32.6,31.8,30.3,29.2,37.0,52.7,28.1,54.7,33.6,27.4,35.3,59.4,,27.4,29.5,32.5,47.6,58.6,67.2,37.3,37.2
07-29,38.2,37.0,28.5,57.0,34.2,60.4,42.1,51.0,47.8,42.2,31.8,32.0,36.5,30.8,37.4,61.0,48.8,30.7,41.7,51.0,39.3,67.2,32.6,31.8,30.6,29.2,37.0,52.8,28.2,54.7,33.6,28.0,35.3,59.4,,28.0,29.6,32.5,47.9,58.6,67.2,37.4,37.2
07-30,38.2,37.0,28.5,57.0,34.2,60.4,42.1,51.0,47.8,42.2,31.8,32.0,36.5,30.8,37.4,61.0,48.8,30.8,41.7,51.0,39.5,67.2,32.6,31.8,30.8,29.2,37.0,52.8,28.2,54.7,33.6,28.0,36.2,59.4,,28.0,29.7,32.5,47.9,58.6,67.2,37.4,37.2
07-31,38.2,37.0,28.5,57.0,34.2,60.4,42.1,51.0,47.8,42.4,31.8,32.0,36.5,30.8,37.4,61.1,48.8,31.0,41.7,51.0,39.5,67.2,32.6,31.8,30.8,29.2,37.0,52.8,28.2,54.7,33.6,28.5,36.4,59.4,,28.2,29.7,32.5,47.9,58.6,67.2,37.4,37.2
08-01,38.2,37.0,28.5,57.0,34.2,60.5,42.1,51.0,47.8,42.6,31.8,32.0,36.5,30.8,37.4,61.1,49.4,31.0,41.7,51.0,39.5,67.4,32.6,31.8,30.8,29.2,37.0,52.8,28.2,55.2,33.6,28.6,36.4,59.4,,28.2,29.7,32.5,48.0,58.7,67.4,37.4,37.2
08-02,38.2,37.2,28.5,57.0,34.2,60.5,42.2,51.0,47.8,42.6,31.8,32.0,36.5,30.8,37.6,61.2,49.8,31.2,41.7,51.0,39.5,67.5,32.6,31.8,30.9,29.2,37.0,52.8,28.2,55.2,33.6,29.4,37.3,60.6,,28.2,29.9,32.5,48.0,59.4,67.5,37.4,37.4
08-03,38.2,37.2,28.5,57.0,34.2,60.5,42.2,51.0,47.8,42.6,31.8,32.0,36.5,30.8,37.6,61.2,49.8,31.5,41.7,51.0,39.6,67.6,32.6,31.8,30.9,29.2,37.0,52.8,28.3,55.2,33.6,29.6,37.4,61.0,,28.3,30.0,32.6,48.0,59.4,67.6,37.5,37.6
08-04,38.3,37.2,28.5,57.0,34.2,60.5,42.4,51.0,47.8,42.6,31.8,32.1,36.5,30.9,37.8,61.2,49.8,31.6,41.7,51.0,39.6,67.6,32.6,31.8,30.9,30.3,37.0,52.8,28.4,55.4,33.6,29.8,37.4,62.8,,28.4,30.5,32.6,48.0,59.4,67.6,37.6,37.6
08-05,38.4,37.6,28.5,57.1,34.2,60.5,42.4,51.4,47.8,42.6,32.0,32.1,36.5,30.9,37.9,61.2,49.8,31.6,41.7,51.0,40.6,67.6,32.6,31.8,31.5,30.3,37.0,52.8,28.4,55.6,33.6,29.8,37.4,62.8,,28.4,30.5,32.6,48.0,59.5,67.6,37.7,37.8
08-06,38.4,37.6,28.6,57.2,34.3,60.6,42.4,51.5,47.8,42.6,32.0,32.1,36.5,30.9,38.0,61.2,49.8,31.6,41.8,51.0,40.9,67.6,32.6,31.8,31.9,30.3,37.0,52.8,28.4,55.6,33.6,29.8,37.6,62.8,,28.4,30.5,32.6,48.0,59.5,67.6,37.7,37.8
08-07,38.4,37.6,28.6,57.2,34.3,60.6,42.4,51.5,47.8,42.6,32.0,32.2,36.5,30.9,38.0,61.2,49.8,31.6,41.8,51.0,40.9,67.6,32.7,31.8,32.1,30.4,37.1,52.8,28.4,55.6,33.6,29.8,37.7,62.8,,28.4,30.5,32.7,48.0,59.6,67.6,37.7,37.8
08-08,38.4,37.6,28.6,57.4,34.4,60.6,42.4,51.5,47.8,42.6,32.0,32.2,36.5,30.9,38.0,61.2,49.8,31.6,41.8,51.0,41.0,67.6,32.7,31.9,32.2,30.9,37.6,52.9,28.4,55.8,33.6,29.8,37.7,62.8,,28.4,30.9,32.7,48.0,59.6,67.6,37.8,37.8
08-09,38.4,37.6,28.6,57.6,34.6,60.7,42.4,51.5,48.1,42.6,32.0,32.2,36.5,30.9,38.0,61.2,49.8,31.6,41.9,51.0,41.0,67.7,32.7,31.9,32.2,30.9,37.7,53.1,28.4,56.2,33.6,29.8,37.7,63.0,,28.4,30.9,32.7,48.3,59.8,67.7,37.8,37.8
08-10,38.4,37.6,28.6,57.6,35.0,60.7,42.4,51.8,48.2,42.7,32.0,32.2,36.5,30.9,38.0,61.2,49.8,31.6,41.9,51.0,41.0,67.7,32.7,32.0,32.2,30.9,37.7,53.4,28.4,56.3,33.6,29.8,37.7,63.0,,28.4,30.9,32.7,48.3,59.8,67.7,37.8,37.8
08-11,38.4,37.6,28.6,57.8,35.4,61.2,42.4,52.2,48.2,43.1,32.0,32.2,36.5,30.9,38.0,61.2,49.8,31.6,42.0,51.0,41.0,67.7,32.8,32.0,32.2,30.9,37.8,53.6,28.4,56.3,33.6,29.8,37.7,63.0,,28.4,30.9,32.7,48.3,60.2,67.7,37.8,37.8
08-12,38.4,37.6,28.6,57.8,35.5,61.2,42.4,52.2,48.2,43.2,32.0,32.2,36.5,31.0,38.0,61.3,50.0,31.6,42.0,51.0,41.0,67.8,32.8,32.0,32.2,30.9,37.8,53.6,28.4,56.4,33.6,29.8,37.9,63.0,,28.4,30.9,32.8,48.3,60.2,67.8,37.9,37.9
08-13,38.4,37.8,28.6,57.9,35.6,61.2,42.4,52.4,48.2,43.2,32.0,32.2,36.5,31.0,38.0,61.3,50.0,31.6,42.0,51.0,41.0,67.8,32.8,32.0,32.2,30.9,37.8,53.6,28.4,56.4,33.6,29.8,38.0,63.0,,28.4,30.9,32.8,48.3,60.2,67.8,37.9,38.0
08-14,38.7,37.8,28.6,57.9,36.0,61.2,42.4,52.6,48.2,43.2,32.0,32.2,36.5,31.0,38.0,61.3,50.0,31.6,42.0,51.0,41.0,67.8,32.8,32.0,32.4,30.9,37.8,53.7,28.4,56.4,33.6,29.8,38.3,63.0,,28.4,30.9,32.8,48.3,60.2,67.8,38.0,38.1
08-15,38.7,38.1,28.6,57.9,36.0,61.2,42.4,52.6,48.2,43.2,32.0,32.2,36.5,31.0,38.0,61.3,50.0,31.6,42.0,51.2,41.0,68.1,32.8,32.0,32.6,30.9,37.8,53.8,28.6,56.4,33.6,29.8,38.4,63.0,,28.6,30.9,32.8,48.3,60.2,68.1,38.0,38.3
08-16,38.7,38.4,29.2,57.9,36.0,61.2,42.4,52.6,48.2,43.2,32.1,32.2,36.5,31.0,38.0,61.4,50.1,31.6,42.0,51.4,41.0,68.2,32.8,32.0,32.6,30.9,37.8,53.8,28.6,56.4,33.6,29.8,38.4,63.0,,28.6,30.9,32.8,48.3,60.2,68.2,38.1,38.4
08-17,38.8,38.4,29.4,57.9,36.0,61.2,42.4,52.6,48.4,43.2,32.1,32.2,36.5,31.0,38.0,61.6,50.1,31.6,42.0,51.4,41.0,68.2,32.8,32.0,32.6,30.9,37.8,53.8,28.6,56.4,33.6,29.8,38.4,63.2,,28.6,30.9,32.8,48.5,60.2,68.2,38.2,38.4
08-18,38.8,38.4,29.4,57.9,36.1,61.2,42.4,52.8,48.6,43.2,32.1,32.2,36.5,31.0,38.0,61.6,50.1,31.6,42.0,51.4,41.0,68.2,32.8,32.0,32.6,30.9,37.8,53.8,28.8,56.4,33.6,30.6,38.4,63.3,,28.8,30.9,32.8,48.7,60.2,68.2,38.2,38.4
08-19,38.9,38.5,29.4,57.9,36.2,61.2,42.4,52.8,48.7,43.2,32.5,32.2,36.5,31.0,38.4,61.6,50.1,32.0,42.0,51.4,41.1,68.2,32.9,32.0,32.6,30.9,37.8,54.1,28.8,56.4,33.6,32.6,38.4,63.3,,28.8,31.3,32.9,48.8,60.2,68.2,38.2,38.5
08-20,39.0,38.6,29.5,58.0,36.4,61.4,42.4,52.8,48.7,43.2,32.6,32.2,36.5,31.0,38.4,61.6,50.2,32.0,42.0,51.5,41.6,68.2,32.9,32.4,32.8,30.9,37.9,54.1,28.8,56.4,33.6,33.4,38.5,63.5,,28.8,31.3,33.3,48.8,60.4,68.2,38.3,38.5
08-21,39.5,38.6,29.6,58.2,36.4,61.6,42.4,52.8,48.7,44.2,32.6,33.0,36.6,31.0,38.4,61.6,50.2,32.0,42.0,51.5,41.6,68.3,33.0,32.4,33.8,30.9,37.9,54.2,29.0,56.4,33.6,33.4,38.8,63.5,,29.0,31.3,33.6,48.8,60.6,68.3,38.4,38.7
08-22,39.5,38.6,29.6,58.4,36.5,61.6,42.4,52.9,48.7,44.2,32.6,33.6,36.6,31.2,38.4,61.6,50.2,32.0,42.0,51.5,41.7,68.3,33.0,32.4,33.9,30.9,37.9,54.2,29.0,56.4,33.6,33.7,39.0,63.8,,29.0,31.5,33.6,48.8,60.6,68.3,38.4,38.8
08-23,39.5,38.6,29.6,58.4,36.5,61.6,42.4,52.9,48.7,44.2,32.6,33.6,36.6,31.8,38.5,61.6,50.2,32.0,42.0,51.5,41.8,68.3,33.0,32.7,34.4,30.9,37.9,54.2,30.0,56.4,33.6,33.7,39.0,64.2,,29.6,31.9,33.6,48.8,60.6,68.3,38.4,38.8
08-24,39.5,38.7,29.6,58.4,36.6,61.8,42.4,53.2,48.8,44.2,32.6,33.6,36.6,31.8,38.6,61.6,50.2,32.0,42.0,51.8,41.8,68.3,33.0,33.1,35.3,30.9,37.9,54.2,30.2,56.4,33.6,33.7,39.0,64.3,,29.6,31.9,33.6,48.9,60.7,68.3,38.5,38.8
08-25,39.5,39.0,29.6,58.4,36.6,61.8,42.4,53.2,48.8,44.2,32.6,33.6,36.6,31.8,38.9,61.7,50.2,32.0,42.0,51.8,41.8,68.3,33.0,33.2,35.7,30.9,38.0,54.2,30.2,56.4,33.6,33.7,39.0,64.3,,29.6,31.9,33.6,48.9,60.7,68.3,38.7,39.0
08-26,39.5,39.1,29.6,58.4,36.6,61.8,42.4,53.2,49.4,44.2,32.6,33.6,36.6,31.8,39.0,61.7,50.5,32.0,42.0,51.8,41.8,68.4,33.0,33.2,35.8,30.9,38.0,54.2,30.2,56.4,33.6,33.9,39.0,64.3,,29.6,31.9,33.9,49.5,60.7,68.4,38.8,39.0
08-27,39.5,39.2,29.6,58.4,36.6,61.8,42.4,53.2,49.8,44.2,33.1,33.6,36.6,31.8,39.0,61.7,50.5,32.3,42.0,51.8,41.8,68.4,33.0,33.2,35.9,31.6,38.0,54.2,30.2,56.4,33.6,33.9,39.0,64.3,,29.6,32.0,33.9,49.8,60.7,68.4,38.8,39.1
08-28,39.5,39.7,29.8,58.4,36.6,62.0,42.4,53.2,49.8,44.3,33.1,33.6,36.6,32.2,39.0,61.7,50.5,32.4,42.0,51.8,42.6,69.0,33.0,33.7,36.0,31.6,38.0,54.2,30.2,56.4,33.6,33.9,39.0,64.4,,29.8,32.2,33.9,49.8,60.7,69.0,39.0,39.2
08-29,39.5,39.9,29.8,58.5,36.6,62.0,42.4,53.2,49.8,44.3,33.1,33.6,36.6,32.2,39.0,61.7,50.5,32.4,42.0,51.8,42.6,69.4,33.0,33.7,36.0,31.6,38.0,54.2,30.2,56.4,33.6,33.9,39.0,64.4,,29.8,32.2,33.9,49.8,60.7,69.4,39.0,39.2
08-30,39.5,40.0,29.8,58.5,36.6,62.0,42.4,53.2,49.8,44.3,33.1,33.6,36.6,32.6,39.0,61.7,50.5,32.4,42.0,51.8,42.7,69.7,33.0,33.7,36.0,31.6,38.0,54.3,30.2,56.4,33.6,33.9,39.0,64.4,,29.8,32.4,33.9,49.8,60.7,69.7,39.0,39.2
08-31,40.0,40.0,30.0,58.5,36.6,62.0,42.4,53.2,49.8,45.2,34.2,33.6,36.6,32.6,39.0,61.7,50.6,32.4,42.2,51.8,42.8,69.7,33.2,33.7,36.0,31.6,38.0,54.4,30.2,56.4,33.6,33.9,39.0,64.4,,30.0,32.4,34.2,49.8,60.7,69.7,39.1,39.4
09-01,40.0,40.0,30.1,58.5,36.6,62.0,42.4,53.2,49.8,45.3,35.3,33.6,36.6,32.6,39.0,61.7,50.6,32.4,44.0,51.8,42.8,69.8,33.2,33.8,36.0,31.6,38.0,54.4,30.2,56.4,33.7,33.9,39.0,64.4,,30.1,32.4,35.2,49.8,60.7,69.8,39.4,39.4
09-02,40.0,40.0,30.1,58.5,36.7,62.2,42.4,53.2,49.8,45.4,36.0,33.6,36.6,32.6,39.0,61.7,50.6,32.4,44.6,51.8,42.8,69.8,34.2,33.8,36.0,31.6,38.0,54.4,30.2,56.4,33.7,34.0,39.0,64.6,,30.1,32.4,35.8,49.9,60.7,69.8,39.4,39.5
09-03,40.4,40.0,30.1,58.5,36.7,62.2,42.4,53.4,49.8,46.2,36.0,33.6,36.6,32.8,39.0,61.7,50.6,32.4,44.8,51.8,42.8,69.9,34.2,34.0,36.0,31.6,38.2,54.4,30.2,56.4,33.7,34.1,39.0,64.6,,30.1,32.5,35.9,49.9,60.7,69.9,39.4,39.6
09-04,40.5,40.0,30.4,58.5,36.7,62.2,42.4,53.4,49.8,46.6,36.0,33.6,36.6,32.8,39.1,61.7,50.6,32.4,44.9,51.8,42.8,69.9,34.2,34.0,36.0,31.6,38.2,54.4,30.2,56.4,33.7,34.2,39.0,65.2,,30.2,32.5,35.9,49.9,60.7,69.9,39.4,39.6
09-05,40.6,40.0,31.0,58.5,36.7,62.6,42.4,53.4,49.8,46.6,36.0,33.6,36.6,32.8,39.2,61.7,50.6,32.8,44.9,51.8,42.8,70.0,34.3,34.0,36.0,31.6,38.2,54.4,30.3,56.4,33.7,34.2,39.0,66.2,,30.3,32.8,35.9,49.9,60.7,70.0,39.4,39.6
09-06,40.6,40.0,31.1,58.5,36.7,62.6,42.8,53.6,49.8,46.6,36.0,34.0,36.6,32.8,39.3,61.7,50.6,33.2,44.9,51.8,42.8,70.0,34.3,34.0,36.0,31.6,38.2,54.4,30.3,56.4,33.7,34.2,39.0,66.2,,30.3,32.9,35.9,49.9,60.7,70.0,39.6,39.7
09-07,40.6,40.2,31.1,58.5,36.8,62.6,42.8,53.7,49.8,46.6,36.0,34.0,38.8,32.8,39.3,61.7,50.6,33.2,44.9,51.8,42.8,70.1,34.4,34.1,36.2,31.6,38.2,54.4,30.3,56.4,33.7,34.2,39.0,66.2,,30.3,32.9,35.9,49.9,60.7,70.1,39.6,39.8
09-08,40.6,42.2,31.2,58.5,36.8,62.6,42.8,54.0,50.0,46.6,36.0,34.0,39.3,32.8,39.3,61.7,50.6,33.2,44.9,51.8,42.9,70.2,34.4,34.7,36.2,31.6,38.2,54.4,30.3,56.4,33.8,34.2,39.0,66.2,,30.3,32.9,35.9,50.1,60.7,70.2,40.0,40.0
09-09,40.6,42.4,31.2,58.5,36.8,62.6,42.8,54.0,50.0,46.6,36.2,34.0,40.0,33.0,39.3,61.8,50.6,33.2,45.0,51.8,43.1,70.2,34.4,35.0,37.0,31.6,38.2,54.4,30.3,57.2,33.8,34.2,39.0,66.2,,30.3,33.0,36.1,50.1,60.8,70.2,40.4,40.3
09-10,40.6,42.8,31.2,58.5,36.8,62.6,42.8,54.1,50.2,46.6,36.2,34.0,40.0,33.8,39.3,61.8,50.6,33.2,45.2,51.8,43.2,70.2,34.4,35.0,37.6,31.6,38.2,54.4,30.3,57.3,33.8,34.2,39.0,66.2,,30.3,33.4,36.1,50.2,60.8,70.2,40.4,40.3
09-11,40.6,43.3,31.2,58.5,36.8,62.6,42.8,54.1,50.8,46.6,36.2,34.0,40.0,34.5,39.3,61.9,50.6,33.2,45.6,51.8,43.2,70.2,34.4,35.1,37.6,31.6,38.2,54.4,30.3,57.6,33.8,34.2,39.0,66.3,,30.3,33.4,36.1,50.6,60.9,70.2,40.4,40.3
09-12,40.6,43.3,31.2,58.5,36.8,62.7,43.0,54.2,50.8,46.6,36.2,34.0,40.5,34.5,39.3,61.9,50.6,33.2,45.7,51.8,43.2,70.2,34.4,35.4,37.6,31.7,38.2,54.4,30.3,59.0,33.8,34.3,39.0,66.3,,30.3,33.4,36.1,50.6,61.0,70.2,40.7,40.6
09-13,40.6,43.3,31.2,58.5,36.8,62.7,43.4,54.2,50.8,46.6,36.2,34.0,40.8,34.5,39.6,62.0,50.6,33.2,45.7,51.8,43.2,70.2,34.4,36.1,37.6,31.7,38.3,54.4,30.3,59.1,33.8,34.3,39.0,66.5,,30.3,33.4,36.2,50.6,61.2,70.2,41.0,40.7
09-14,40.6,43.4,31.2,58.5,36.9,62.7,43.8,54.2,50.8,46.7,36.2,34.2,40.9,34.5,39.6,62.0,50.6,33.2,45.7,52.0,43.2,70.2,34.4,36.2,37.6,31.7,39.2,54.4,30.3,59.1,33.8,34.3,39.6,66.6,,30.3,33.4,36.2,50.6,61.2,70.2,41.2,40.8
09-15,40.6,43.4,31.2,58.5,36.9,62.7,43.9,54.2,50.8,46.8,36.2,34.2,40.9,34.5,39.6,62.0,52.0,33.2,45.7,52.8,43.2,70.2,34.4,36.2,37.6,32.2,39.2,54.6,30.3,59.1,33.8,34.3,40.5,66.6,,30.3,33.4,36.2,51.0,61.2,70.2,41.2,40.8
09-16,40.6,43.4,31.3,58.5,36.9,62.7,43.9,55.2,50.8,46.8,36.2,34.2,40.9,34.5,39.6,62.0,53.0,33.3,45.7,53.0,43.2,70.2,34.4,36.2,37.6,33.6,39.4,55.6,30.3,59.1,33.8,34.3,40.8,66.6,,30.3,33.7,36.2,51.1,61.2,70.2,41.2,40.8
09-17,40.7,43.4,31.4,58.7,37.0,62.7,44.8,55.2,50.8,46.8,36.2,34.6,41.8,34.5,39.6,62.0,53.4,33.3,45.7,53.0,43.2,70.8,34.4,36.2,37.6,35.0,39.4,55.8,30.3,59.1,33.8,34.3,40.8,66.6,,30.3,34.0,36.2,51.1,61.2,70.8,41.8,41.3
09-18,40.7,43.4,31.4,59.1,37.0,63.1,45.3,55.2,50.8,46.8,36.2,34.6,42.1,34.5,39.6,62.0,53.5,33.3,45.7,53.4,43.2,71.5,34.4,36.6,37.6,35.4,39.4,55.8,30.3,59.4,33.8,34.3,40.8,66.6,,30.3,34.0,36.6,51.1,61.2,71.5,42.0,41.5
09-19,41.2,43.4,31.4,59.2,37.0,63.1,45.3,56.4,50.8,46.8,36.3,34.6,42.7,34.5,39.6,62.0,53.5,33.3,45.7,53.8,43.2,71.6,34.4,36.6,37.6,35.4,39.4,55.8,30.3,59.4,33.8,35.3,40.8,66.6,,30.3,34.0,36.6,51.1,61.2,71.6,42.3,41.9
09-20,41.3,43.4,31.6,59.2,37.0,63.1,45.3,57.1,50.8,47.0,36.3,34.6,42.7,34.5,40.2,62.0,53.5,33.3,45.9,53.8,43.2,71.8,34.4,36.6,37.6,35.4,39.4,56.2,30.4,59.4,34.0,35.4,40.8,66.6,,30.4,34.1,36.6,51.1,61.3,71.8,42.3,42.0
09-21,41.3,43.4,31.6,59.2,37.0,63.1,45.3,57.4,50.8,47.0,36.4,34.6,42.7,34.5,40.8,62.0,53.8,33.3,46.0,53.8,43.2,71.8,34.4,36.6,37.6,35.4,39.4,56.2,30.4,59.9,34.0,35.4,40.8,66.7,,30.4,34.1,36.6,51.1,61.4,71.8,42.4,42.0
09-22,41.3,43.5,31.6,59.2,37.0,63.1,45.3,57.6,51.2,47.0,36.9,34.6,42.7,34.5,40.8,62.6,54.0,33.3,46.0,53.8,43.2,71.8,34.6,36.6,38.5,35.4,39.4,56.4,30.4,59.9,34.0,35.4,41.0,66.8,,30.4,34.2,36.9,51.5,61.8,71.8,42.4,42.0
09-23,41.3,43.5,31.7,59.2,37.0,63.1,45.3,57.6,51.2,47.0,37.4,34.6,42.7,34.5,40.8,62.6,54.5,34.2,46.2,53.8,43.8,71.8,34.6,36.8,38.5,35.5,40.7,56.6,30.4,59.9,34.0,35.4,41.0,67.1,,30.4,34.3,37.0,51.5,61.8,71.8,42.5,42.0
09-24,42.1,43.5,32.0,59.2,37.0,63.1,45.3,57.6,51.4,47.0,38.0,34.6,42.7,34.5,40.8,62.7,54.6,34.5,46.3,53.8,43.8,71.8,34.6,36.8,38.5,35.5,41.2,57.0,30.4,59.9,34.0,35.4,41.0,67.1,,30.4,34.5,37.0,51.6,61.9,71.8,42.5,42.4
09-25,42.1,43.6,32.1,59.2,37.0,63.1,45.3,57.7,51.4,47.0,38.0,34.6,42.7,34.5,40.8,62.7,54.6,34.8,46.3,53.8,43.8,71.8,34.8,36.8,38.5,35.5,41.9,57.8,30.4,59.9,34.0,35.4,41.0,67.1,,30.4,34.5,37.0,51.6,61.9,71.8,42.5,42.4
09-26,42.4,43.6,32.1,59.2,37.0,63.1,45.3,57.8,51.6,47.0,38.0,34.6,42.7,34.5,40.8,62.7,54.6,34.8,46.3,53.8,43.8,71.8,35.6,37.2,38.5,35.5,41.9,57.8,30.4,59.9,34.0,35.4,41.0,67.1,,30.4,34.5,37.1,51.8,61.9,71.8,42.5,42.5
09-27,42.4,43.6,32.1,59.2,37.0,63.1,45.3,58.4,51.6,47.0,38.0,34.6,42.7,34.5,40.8,62.7,54.6,35.0,46.3,53.8,43.8,71.8,35.6,37.6,38.7,35.5,41.9,57.8,30.4,59.9,34.0,35.4,41.0,67.1,,30.4,34.5,37.5,51.8,61.9,71.8,42.5,42.6
09-28,42.5,43.6,32.2,59.2,37.0,63.1,45.3,58.4,51.6,47.0,38.0,34.6,42.7,34.5,40.8,63.2,54.6,35.0,46.3,53.8,43.8,71.8,35.7,37.8,40.5,35.5,41.9,57.8,30.4,59.9,34.2,35.4,41.0,67.1,,30.4,34.5,37.7,51.8,62.1,71.8,42.5,42.6
09-29,42.6,43.7,32.2,59.2,37.1,63.1,45.3,58.4,51.6,47.0,38.0,34.6,42.8,34.5,40.8,63.2,54.6,35.0,46.4,53.8,43.8,71.8,35.8,37.8,40.8,35.5,41.9,57.8,30.4,60.2,34.2,35.8,41.0,67.1,,30.4,34.5,37.7,51.8,62.2,71.8,42.5,42.6
09-30,42.6,43.7,32.3,59.2,39.2,63.6,45.3,58.4,52.0,47.0,38.0,34.6,43.8,34.5,41.2,63.2,54.6,35.5,46.4,53.9,43.8,71.8,35.8,37.8,40.8,35.5,41.9,57.8,30.4,60.8,34.2,35.8,41.2,67.1,,30.4,34.5,38.0,52.2,62.5,71.8,42.8,43.1
