date,1987,1988,1989,1990,1991,1992,1993,1994,1995,1996,1997,1998,1999,2000,2001,2002,2003,2004,2005,2006,2007,2008,2009,2010,2011,2012,2013,2014,2015,2016,2017,2018,2019,2020,2021,2022,2023,2024,Min,10%,30%,70%,90%,Max,Median ('91-'20),Median (POR)
10-01,0.0,0.0,0.0,0.0,0.0,0.0,0.0,0.0,0.0,0.0,0.0,0.0,0.0,0.0,0.0,0.0,0.0,0.0,0.0,0.0,0.0,0.0,0.0,0.0,0.0,0.0,0.0,0.0,0.0,0.0,0.0,0.0,0.0,0.0,0.0,0.0,0.0,0.0,0.0,0.0,0.0,0.0,0.0,0.0,0.0,0.0
10-02,0.5,0.0,0.0,0.0,0.0,0.0,0.0,0.0,0.0,0.0,0.0,0.0,0.0,0.0,0.0,0.0,0.3,0.0,0.0,0.0,0.0,0.2,0.0,0.0,0.0,0.0,0.0,0.0,0.0,0.1,0.0,0.0,0.0,0.0,0.0,0.0,0.0,0.0,0.0,0.0,0.0,0.0,0.0,0.5,0.0,0.0
10-03,0.6,0.0,0.0,0.0,0.0,0.0,0.0,0.0,0.0,0.0,0.4,1.0,0.0,0.0,0.0,0.0,0.7,0.1,0.0,0.0,0.0,0.2,0.0,0.0,0.0,0.0,0.0,0.0,0.0,0.1,0.0,0.0,0.5,0.0,0.0,0.1,0.2,0.0,0.0,0.0,0.0,0.0,0.4,1.0,0.0,0.0
10-04,0.6,0.0,0.0,0.0,0.0,0.0,0.0,0.0,0.1,0.0,0.4,1.0,0.0,0.0,0.0,0.0,0.8,0.1,0.0,0.0,0.3,0.2,0.0,0.1,0.0,0.3,0.0,0.0,0.0,0.1,0.0,0.0,0.6,0.0,0.0,0.2,0.3,0.0,0.0,0.0,0.0,0.1,0.5,1.0,0.0,0.0
10-05,0.6,0.0,0.0,0.0,0.0,0.0,0.0,0.0,0.1,0.0,0.4,1.1,0.0,0.0,0.0,0.0,0.8,0.2,0.1,0.0,0.3,0.2,0.6,0.1,1.2,0.3,0.0,0.0,0.0,0.2,0.0,0.0,1.0,0.0,0.0,0.2,0.3,0.0,0.0,0.0,0.0,0.2,0.7,1.2,0.0,0.0
10-06,0.6,0.0,0.1,0.0,0.0,0.0,0.0,0.8,0.4,0.0,0.4,1.1,0.0,0.0,0.0,0.0,0.8,0.2,0.2,0.0,0.4,0.3,0.6,0.1,3.5,2.1,0.0,0.0,0.0,1.0,0.0,0.0,1.1,0.0,0.0,0.6,0.3,0.0,0.0,0.0,0.0,0.4,1.0,3.5,0.0,0.1
10-07,0.6,0.0,0.2,0.0,0.0,0.0,0.0,1.8,0.4,0.0,0.4,1.1,0.0,0.1,0.0,0.1,0.8,0.2,0.2,0.0,1.1,0.3,0.6,0.1,4.0,2.3,0.0,0.0,0.0,1.0,0.0,0.0,1.6,0.0,0.0,0.6,0.3,0.0,0.0,0.0,0.0,0.4,1.3,4.0,0.1,0.1
10-08,0.6,0.0,0.3,0.0,0.0,0.0,0.0,1.8,0.4,0.0,0.5,1.1,0.0,0.1,0.0,0.1,0.9,0.2,0.2,0.0,1.1,0.3,0.7,0.1,4.0,2.3,0.0,0.0,0.0,1.0,0.0,0.0,1.7,0.0,0.0,0.6,0.3,0.0,0.0,0.0,0.0,0.5,1.3,4.0,0.1,0.1
10-09,0.6,0.0,0.3,0.0,0.0,0.0,0.0,1.8,0.4,0.0,0.5,1.1,0.0,0.1,0.0,0.5,0.9,0.2,0.2,0.0,1.1,0.3,0.7,0.1,4.0,2.3,0.0,0.0,0.0,1.0,0.0,0.0,1.7,0.0,0.0,1.9,0.3,0.0,0.0,0.0,0.0,0.5,1.7,4.0,0.2,0.2
10-10,0.6,0.0,0.3,0.0,0.0,0.0,0.0,1.8,0.4,0.0,0.5,1.1,0.0,0.1,0.0,0.5,0.9,0.2,0.2,0.0,1.1,0.3,0.7,0.1,4.0,2.4,0.0,0.4,0.0,1.0,0.0,0.0,1.8,0.0,0.0,1.9,0.3,0.0,0.0,0.0,0.0,0.5,1.8,4.0,0.2,0.2
10-11,0.9,0.0,0.3,0.0,0.0,0.0,0.0,1.8,0.4,0.0,0.5,1.1,0.0,0.1,1.5,0.5,0.9,0.2,0.3,0.0,1.3,0.3,0.8,0.1,4.0,2.4,0.0,0.7,0.0,1.0,0.0,0.0,1.8,0.0,0.0,1.9,0.3,0.0,0.0,0.0,0.0,0.8,1.8,4.0,0.3,0.3
10-12,1.1,0.0,0.3,0.0,0.0,0.0,0.0,2.1,0.4,0.0,0.5,1.1,0.0,0.1,1.6,0.5,0.9,0.2,0.3,0.0,1.3,0.3,0.8,0.1,4.0,2.4,0.1,0.7,0.0,1.0,0.0,0.0,2.1,0.0,0.0,2.1,0.3,0.0,0.0,0.0,0.0,0.8,2.1,4.0,0.3,0.3
10-13,1.1,0.1,0.3,0.0,0.0,0.0,0.0,2.1,0.4,0.0,0.5,1.2,0.0,0.1,1.6,0.5,0.9,0.2,0.3,0.0,1.3,0.3,0.8,0.1,4.0,2.4,0.5,0.7,0.0,1.0,0.0,0.0,2.1,0.0,0.0,2.4,0.3,0.0,0.0,0.0,0.0,0.8,2.1,4.0,0.4,0.3
10-14,1.1,0.4,0.3,0.0,0.0,0.0,0.0,2.1,0.6,0.0,0.5,1.2,0.0,0.1,1.6,0.5,0.9,0.2,0.3,0.0,1.4,0.3,0.9,0.1,4.0,2.4,0.5,0.7,0.0,1.0,0.0,0.0,2.1,0.0,0.0,2.4,0.3,,0.0,0.0,0.0,0.9,2.1,4.0,0.4,0.3
10-15,1.1,0.5,0.3,0.0,0.0,0.0,0.0,2.1,1.5,0.0,0.5,1.2,0.0,0.1,1.6,0.5,1.0,0.2,0.3,0.0,2.5,0.3,0.9,0.1,4.0,2.4,0.5,0.7,0.0,1.0,0.0,0.0,2.1,0.0,0.0,2.4,0.3,,0.0,0.0,0.0,1.0,2.2,4.0,0.4,0.3
10-16,1.1,0.5,0.3,0.0,0.0,0.0,0.0,2.1,2.2,0.0,0.5,1.2,0.0,0.1,1.6,0.5,1.0,0.2,0.3,0.4,2.5,0.3,0.9,0.1,4.2,2.4,0.5,0.7,0.0,1.0,0.0,0.0,2.1,0.0,0.0,2.4,0.3,,0.0,0.0,0.1,1.0,2.3,4.2,0.4,0.4
10-17,1.1,0.5,0.3,0.0,0.0,0.0,0.0,2.3,2.2,0.0,0.5,1.2,0.1,0.2,1.6,0.5,1.0,0.2,0.3,0.5,2.5,0.3,0.9,0.1,4.2,2.4,0.5,0.7,0.0,1.1,0.0,0.0,2.1,0.0,0.0,2.4,0.3,,0.0,0.0,0.1,1.0,2.3,4.2,0.5,0.5
10-18,1.1,0.5,0.3,0.0,0.0,0.1,0.0,2.4,2.2,0.0,0.5,1.2,0.1,0.2,1.6,0.5,1.0,0.2,0.7,0.5,2.8,0.3,1.0,0.1,4.3,2.5,0.5,0.7,0.0,1.6,0.0,0.0,2.1,0.0,0.0,2.4,0.3,,0.0,0.0,0.1,1.0,2.4,4.3,0.5,0.5
10-19,1.1,0.5,0.3,0.0,0.2,0.1,0.0,2.5,2.2,0.0,0.5,1.3,0.1,0.2,1.6,0.5,1.0,0.2,0.9,1.4,2.8,0.3,1.0,0.1,4.7,2.5,0.5,0.7,0.1,3.3,0.0,0.0,2.2,0.0,0.0,2.4,0.3,,0.0,0.0,0.2,1.1,2.5,4.7,0.5,0.5
10-20,1.2,0.5,0.4,0.0,2.2,0.1,0.0,2.6,2.2,0.0,0.5,1.3,0.1,0.2,1.6,0.5,1.0,0.2,1.7,1.4,2.8,0.3,1.0,0.2,4.7,2.5,0.5,0.7,0.1,3.4,0.0,0.0,2.2,0.0,0.0,2.4,0.3,,0.0,0.0,0.2,1.4,2.5,4.7,0.6,0.5
10-21,1.2,0.5,0.4,0.0,2.2,0.1,0.0,2.6,2.2,0.0,0.5,1.3,0.1,0.2,1.6,0.5,1.0,0.2,4.7,1.4,2.8,0.3,1.0,0.2,4.8,2.5,0.5,0.7,0.1,3.7,0.0,0.1,2.2,0.0,0.0,2.4,0.3,,0.0,0.0,0.2,1.4,2.7,4.8,0.6,0.5
10-22,1.3,0.5,0.4,0.4,2.2,0.1,0.0,2.6,2.2,0.0,0.5,1.3,0.8,0.2,2.5,0.5,1.0,0.2,6.4,1.4,2.8,0.3,1.0,0.2,4.8,2.5,0.5,0.7,0.1,3.8,0.0,0.1,2.6,0.1,0.0,2.4,0.3,,0.0,0.1,0.3,1.6,2.7,6.4,0.8,0.5
10-23,1.3,0.6,0.4,0.5,2.2,0.1,0.0,2.6,2.2,0.0,0.6,1.3,1.2,0.2,3.2,0.5,1.1,0.2,6.5,1.4,2.8,0.3,1.0,0.2,4.9,2.5,0.5,0.7,0.1,3.9,0.0,0.1,3.5,0.1,0.0,2.4,1.5,,0.0,0.1,0.3,1.6,3.3,6.5,0.8,0.7
10-24,1.3,1.3,0.4,0.6,2.2,0.7,0.0,2.6,2.2,0.0,0.6,1.3,1.2,0.2,3.6,0.5,1.1,0.2,6.5,1.4,2.9,0.3,1.0,0.2,5.0,2.5,0.6,0.7,0.1,3.9,0.0,0.1,3.5,0.1,0.0,2.4,1.7,,0.0,0.1,0.4,1.8,3.5,6.5,0.8,1.0
10-25,1.3,1.8,0.4,0.6,2.2,0.7,1.1,2.6,2.2,0.0,0.6,1.3,1.2,0.2,3.8,0.5,1.1,0.2,6.5,1.4,3.0,0.3,1.0,0.2,5.0,2.5,0.6,0.7,0.1,3.9,0.4,0.1,3.5,0.1,0.0,2.5,1.7,,0.0,0.1,0.5,1.9,3.6,6.5,1.0,1.1
10-26,1.3,1.8,0.4,0.7,2.2,0.8,1.4,2.6,2.2,0.0,0.7,1.4,2.1,0.2,3.8,0.5,1.2,0.2,6.5,1.4,3.0,0.3,1.0,0.2,5.0,2.7,0.6,0.7,0.1,4.0,0.4,0.1,3.5,0.1,0.1,2.8,1.8,,0.0,0.1,0.5,2.1,3.6,6.5,1.1,1.2
10-27,1.3,1.8,0.4,0.8,2.3,0.9,1.4,2.6,2.2,0.0,0.7,1.4,2.5,0.3,3.8,0.5,1.3,0.2,6.5,1.4,3.0,0.3,1.0,0.2,5.0,2.7,0.6,0.7,0.1,4.0,0.4,0.1,3.5,0.1,0.2,2.8,1.8,,0.0,0.2,0.5,2.2,3.6,6.5,1.2,1.3
10-28,1.3,1.8,0.4,0.8,2.3,1.3,1.4,2.6,2.2,0.0,1.2,1.4,2.6,0.3,4.6,0.5,1.5,0.2,7.6,1.5,3.0,0.3,1.0,0.3,5.0,2.8,0.6,0.7,0.1,4.0,0.4,0.1,3.5,0.1,0.2,2.8,1.8,,0.0,0.2,0.5,2.2,3.7,7.6,1.4,1.3
10-29,1.3,1.8,0.4,0.8,2.3,1.3,1.5,2.6,2.2,0.0,1.5,1.4,2.6,0.3,4.8,0.5,1.6,0.2,8.1,1.7,3.0,0.3,1.0,0.3,5.0,2.8,0.6,1.7,0.1,4.0,0.4,0.1,3.5,0.1,0.2,2.8,1.8,,0.0,0.2,0.5,2.2,3.7,8.1,1.5,1.5
10-30,1.3,2.4,0.9,0.8,2.3,1.5,1.9,2.6,2.2,0.0,1.5,1.4,2.7,0.3,4.8,0.5,1.6,0.2,8.1,1.7,3.0,0.3,1.0,0.3,5.0,2.8,0.6,2.0,0.1,4.2,0.4,0.1,3.5,0.1,0.2,2.8,1.8,,0.0,0.2,0.6,2.3,3.8,8.1,1.6,1.5
10-31,1.4,2.5,0.9,0.8,2.3,1.6,2.9,2.7,2.2,0.0,1.5,1.4,2.7,0.3,5.6,0.5,1.6,0.3,8.1,1.7,3.0,0.3,1.0,0.3,5.0,2.8,0.6,2.0,0.1,4.2,0.4,0.1,3.5,0.1,0.2,2.8,1.8,,0.0,0.2,0.6,2.5,3.8,8.1,1.6,1.6
11-01,1.8,3.2,0.9,0.8,2.3,1.6,2.9,2.7,2.2,0.1,1.7,1.4,2.7,0.3,5.7,0.6,1.6,0.4,8.2,1.7,3.0,0.3,1.0,0.3,5.0,2.8,0.6,2.0,0.1,4.2,0.4,0.1,3.5,0.1,0.2,2.8,1.8,,0.1,0.2,0.6,2.7,3.8,8.2,1.6,1.7
11-02,1.9,3.4,0.9,0.8,2.3,1.6,2.9,2.7,2.3,0.1,1.7,1.4,2.7,0.3,5.9,0.6,1.6,0.4,8.2,1.7,3.0,0.3,1.0,0.3,5.0,2.9,0.6,2.0,0.1,4.2,0.4,0.1,3.5,0.1,0.2,2.8,1.8,,0.1,0.2,0.6,2.7,3.8,8.2,1.6,1.7
11-03,2.0,4.1,0.9,0.8,2.4,1.6,3.0,2.7,2.4,0.1,1.7,1.4,2.7,0.3,5.9,0.6,1.6,0.5,8.2,1.7,3.1,0.3,1.1,0.3,5.1,2.9,0.6,2.0,0.2,4.2,0.4,0.1,3.5,0.1,0.3,2.8,2.1,,0.1,0.3,0.6,2.7,4.1,8.2,1.6,1.7
11-04,2.0,4.2,0.9,0.8,2.4,1.6,3.0,2.7,2.6,0.1,2.0,1.5,2.7,0.3,5.9,0.6,1.6,0.5,8.2,1.7,3.1,0.3,1.2,0.3,5.1,2.9,0.6,2.0,0.2,4.3,0.4,0.1,3.5,0.1,0.3,2.8,2.2,,0.1,0.3,0.6,2.7,4.2,8.2,1.6,1.7
11-05,2.0,4.2,0.9,0.8,2.4,1.6,3.0,2.7,2.6,0.1,2.0,1.5,2.7,0.3,5.9,0.6,1.6,0.6,8.2,1.7,3.1,0.4,1.2,0.3,5.1,2.9,0.6,2.0,0.2,4.6,0.4,0.1,3.5,0.1,0.3,2.8,2.2,,0.1,0.3,0.6,2.7,4.4,8.2,1.6,1.7
11-06,2.0,5.0,0.9,0.8,2.4,1.6,3.0,2.7,2.6,0.1,2.0,1.5,2.8,0.3,5.9,0.6,1.6,0.6,8.2,1.7,3.1,0.4,1.2,0.3,5.1,2.9,0.6,2.0,0.2,4.6,0.4,0.1,3.5,0.1,0.3,2.8,2.3,,0.1,0.3,0.6,2.7,4.8,8.2,1.6,1.7
11-07,2.0,5.5,0.9,0.8,2.4,1.6,3.0,2.7,2.6,0.1,2.0,1.5,2.8,0.3,5.9,0.6,1.7,0.6,8.2,1.7,3.1,0.4,1.3,0.3,5.1,3.3,0.6,2.0,0.2,4.6,0.4,0.1,3.5,0.1,0.3,2.8,2.3,,0.1,0.3,0.6,2.7,4.8,8.2,1.7,1.7
11-08,2.0,5.5,0.9,0.8,2.4,1.6,3.0,2.7,2.6,0.1,2.0,1.5,2.8,0.3,5.9,0.6,1.7,0.6,8.7,1.7,3.1,0.4,1.3,0.3,5.1,3.5,0.6,2.1,0.2,4.6,0.4,0.1,3.5,0.1,0.5,2.8,2.3,,0.1,0.3,0.6,2.7,4.8,8.7,1.7,1.7
11-09,2.0,5.6,0.9,0.8,2.4,1.6,3.0,2.7,2.6,0.1,2.0,1.5,4.1,0.3,5.9,0.6,2.2,0.6,10.2,1.7,3.1,0.4,1.3,0.3,5.3,3.5,0.9,2.1,0.2,4.6,0.4,0.1,3.5,0.1,0.8,2.8,2.6,,0.1,0.3,0.8,2.7,4.9,10.2,1.8,2.0
11-10,2.0,5.6,0.9,0.8,2.5,1.7,3.0,2.7,2.6,0.1,2.0,1.5,4.2,0.3,6.0,0.7,3.2,0.7,10.2,1.7,3.1,0.4,1.3,0.3,5.3,3.5,1.5,2.1,0.2,4.6,0.4,0.1,3.5,0.1,1.0,2.8,3.5,,0.1,0.3,0.9,3.0,4.9,10.2,1.8,2.0
11-11,2.0,5.6,0.9,0.8,2.5,1.7,3.2,2.7,2.6,0.1,2.0,1.5,4.2,0.3,6.3,0.7,3.2,0.8,10.2,1.7,3.1,0.4,1.3,0.3,5.3,3.5,1.5,2.1,0.2,4.8,0.4,0.1,3.5,0.1,1.0,2.8,3.5,,0.1,0.3,0.9,3.1,5.0,10.2,1.8,2.0
11-12,2.0,5.6,0.9,0.8,2.5,1.7,3.2,3.2,2.7,0.1,2.0,2.0,4.4,0.3,6.5,0.7,3.2,0.9,10.2,1.9,3.2,0.5,1.3,0.4,5.3,3.5,1.6,2.1,0.2,5.1,0.4,0.1,3.5,0.1,1.0,2.8,3.5,,0.1,0.3,0.9,3.2,5.2,10.2,2.0,2.0
11-13,2.0,5.6,0.9,0.9,2.5,1.7,3.2,3.6,3.1,0.1,2.0,2.0,4.5,0.3,6.6,0.7,3.2,1.1,10.3,1.9,3.2,0.5,1.3,0.4,5.3,3.5,1.6,2.1,0.2,5.1,0.4,0.1,3.5,0.1,1.0,2.8,3.5,,0.1,0.3,1.0,3.2,5.2,10.3,2.0,2.0
11-14,2.0,5.9,0.9,0.9,2.5,1.7,3.2,3.6,3.1,0.1,2.0,2.1,4.5,0.3,6.6,0.7,3.2,1.3,10.4,1.9,3.2,0.5,1.3,0.6,5.3,3.5,1.6,2.1,0.3,5.1,0.4,0.1,3.5,0.1,1.4,2.8,3.6,,0.1,0.3,1.2,3.2,5.2,10.4,2.0,2.0
11-15,2.0,6.3,1.3,0.9,2.5,1.9,3.2,3.7,3.1,0.1,2.0,2.1,4.5,0.3,6.6,0.7,3.2,1.3,10.5,1.9,3.2,0.5,1.3,0.6,5.4,3.5,1.6,2.1,0.3,5.1,0.4,0.1,3.5,0.1,1.4,2.8,3.6,,0.1,0.3,1.3,3.2,5.2,10.5,2.0,2.0
11-16,2.0,6.3,1.3,0.9,2.5,2.6,3.2,3.7,3.1,0.1,2.3,2.1,4.5,0.3,6.6,0.7,3.2,1.4,10.5,1.9,3.2,0.5,1.3,0.7,5.4,3.5,1.6,2.1,0.3,5.7,0.4,0.1,3.5,0.1,1.4,2.8,3.6,,0.1,0.3,1.3,3.2,5.5,10.5,2.2,2.1
11-17,2.0,6.3,1.3,0.9,2.5,2.6,3.2,3.7,3.1,0.1,2.3,2.1,4.5,0.3,6.6,0.7,3.2,1.4,10.5,1.9,3.2,0.5,1.3,0.7,5.4,3.5,1.7,2.1,0.3,5.7,0.4,0.1,3.5,0.1,1.4,2.8,3.6,,0.1,0.3,1.3,3.2,5.5,10.5,2.2,2.1
11-18,2.0,6.3,1.4,0.9,2.5,2.8,3.2,3.7,3.4,0.1,2.3,2.1,4.5,0.3,6.6,0.7,3.2,1.4,10.5,1.9,3.2,0.5,1.3,0.7,5.4,3.5,1.7,2.1,0.3,5.7,0.4,0.1,3.5,0.1,1.4,2.8,3.6,,0.1,0.3,1.4,3.2,5.5,10.5,2.2,2.1
11-19,2.8,6.3,1.4,0.9,2.6,2.8,3.3,3.7,4.5,0.1,2.3,2.1,4.5,0.3,6.6,0.7,3.2,1.4,10.5,1.9,3.2,0.5,1.3,0.7,5.4,3.6,1.7,2.1,0.3,5.7,0.4,0.1,3.5,0.2,1.4,2.8,3.6,,0.1,0.3,1.4,3.3,5.5,10.5,2.2,2.3
11-20,2.8,6.3,1.4,0.9,2.6,2.8,3.3,3.7,4.7,0.1,2.3,2.1,4.5,0.3,6.6,0.7,3.2,1.5,10.5,1.9,3.2,0.5,1.3,0.7,5.4,3.6,1.7,2.1,0.3,5.7,0.4,0.1,3.5,0.6,1.4,2.8,3.6,,0.1,0.4,1.4,3.3,5.5,10.5,2.2,2.3
11-21,2.8,6.3,1.4,0.9,3.2,2.8,3.3,3.7,4.8,0.1,2.3,2.1,4.5,0.3,6.6,0.7,3.2,1.5,10.5,1.9,3.2,0.5,1.3,0.7,6.0,3.7,1.7,2.2,0.3,5.7,0.5,0.1,3.5,2.0,1.4,2.8,3.6,,0.1,0.4,1.4,3.3,5.8,10.5,2.2,2.3
11-22,2.8,6.3,1.4,0.9,3.2,2.8,3.3,3.7,4.8,0.1,3.4,2.1,4.5,0.6,6.6,0.7,3.2,1.5,11.3,1.9,3.2,0.5,1.3,0.7,7.2,3.8,1.7,2.9,0.3,5.7,1.0,0.1,3.5,2.0,1.4,2.8,3.6,,0.1,0.6,1.4,3.4,5.9,11.3,2.8,2.8
11-23,2.8,6.3,1.4,0.9,3.2,2.8,3.3,3.8,4.8,0.1,4.2,2.1,4.5,0.6,6.6,0.7,3.2,1.5,11.3,1.9,3.2,0.5,1.3,0.7,7.2,3.8,1.8,3.5,0.4,5.7,1.0,0.1,3.6,2.0,1.4,2.8,3.6,,0.1,0.6,1.4,3.6,5.9,11.3,3.0,2.8
11-24,2.8,6.3,1.4,0.9,3.2,2.8,3.3,3.8,4.8,0.1,4.2,2.1,4.5,0.6,6.6,0.8,3.2,1.5,11.3,1.9,3.2,0.5,1.3,0.7,7.5,3.8,1.8,3.9,0.4,5.7,1.0,0.1,3.6,2.0,1.4,2.8,3.6,,0.1,0.6,1.4,3.6,5.9,11.3,3.0,2.8
11-25,2.8,6.3,1.4,0.9,3.2,2.8,3.3,3.8,4.8,0.1,4.2,2.1,4.5,0.6,6.6,1.5,3.2,1.5,11.3,1.9,3.2,0.5,1.3,0.7,7.5,3.8,2.1,3.9,0.4,5.7,1.0,0.1,3.6,2.0,1.4,2.8,3.7,,0.1,0.6,1.5,3.7,5.9,11.3,3.0,2.8
11-26,2.8,6.3,1.4,0.9,3.2,2.8,3.3,3.8,4.8,0.1,4.2,2.1,4.5,0.6,6.6,1.9,3.2,1.5,11.3,1.9,3.2,0.5,1.3,0.7,7.5,3.8,2.1,3.9,0.4,5.7,1.0,0.1,3.6,2.0,1.4,2.8,3.7,,0.1,0.6,1.5,3.7,5.9,11.3,3.0,2.8
11-27,2.8,6.4,1.4,1.2,3.6,2.8,3.3,3.8,5.1,0.1,4.2,2.4,4.5,0.6,6.6,1.9,3.2,1.5,11.3,1.9,3.2,0.5,2.1,0.7,7.5,3.8,2.1,3.9,0.4,5.8,1.1,0.1,3.6,2.1,1.4,2.8,3.7,,0.1,0.6,1.8,3.7,6.0,11.3,3.0,2.8
11-28,2.8,6.4,1.4,1.2,3.6,2.8,3.3,3.8,5.1,0.1,4.2,2.6,4.5,0.6,6.6,1.9,3.2,1.5,11.6,1.9,3.4,0.5,2.6,0.7,7.5,3.8,2.1,3.9,0.4,5.9,1.2,0.1,3.6,2.2,1.4,2.8,3.7,,0.1,0.6,1.8,3.7,6.1,11.6,3.0,2.8
11-29,2.8,6.4,1.4,1.2,3.6,2.9,3.3,3.8,5.1,0.1,4.3,2.7,4.9,0.6,6.6,2.0,3.2,1.5,11.6,2.0,3.6,0.5,2.6,0.9,7.9,3.8,2.1,3.9,0.4,6.1,1.4,0.1,3.7,2.9,1.4,2.8,3.7,,0.1,0.6,1.9,3.7,6.2,11.6,3.0,2.9
11-30,2.8,6.4,1.4,1.2,3.6,2.9,3.3,3.8,5.1,0.1,4.4,2.7,4.9,0.6,6.6,2.0,3.2,1.5,11.6,2.0,3.6,0.5,2.7,0.9,7.9,3.8,2.1,3.9,0.4,6.1,1.4,0.1,4.2,5.2,1.4,2.8,3.7,,0.1,0.6,1.9,3.8,6.2,11.6,3.2,2.9
12-01,2.8,6.4,1.4,1.2,3.6,2.9,3.3,3.9,5.1,0.1,4.4,2.7,4.9,0.6,6.6,2.0,3.4,1.5,11.6,2.0,3.6,1.8,2.7,0.9,7.9,3.8,2.1,3.9,0.4,6.1,1.4,0.1,4.3,5.2,1.4,2.8,3.7,,0.1,0.8,2.0,3.9,6.2,11.6,3.4,2.9
12-02,2.8,6.4,1.5,1.2,3.6,2.9,3.4,3.9,5.1,0.1,4.4,2.7,4.9,0.6,6.6,2.2,3.5,1.5,11.6,2.0,3.7,2.8,2.7,0.9,7.9,4.4,2.1,3.9,0.4,6.2,1.4,0.1,4.7,5.2,1.4,2.8,3.9,,0.1,0.8,2.1,4.0,6.3,11.6,3.4,2.9
12-03,2.8,6.4,1.5,1.2,3.7,2.9,3.4,3.9,5.1,0.1,4.4,2.7,4.9,0.6,6.6,2.2,3.5,1.5,11.6,2.5,3.7,2.8,2.7,0.9,8.0,4.9,2.1,3.9,0.5,6.2,1.4,0.1,4.7,5.2,1.4,2.8,4.0,,0.1,0.8,2.2,4.1,6.3,11.6,3.4,2.9
12-04,2.8,6.4,1.5,1.2,3.7,2.9,3.4,3.9,5.1,0.1,4.4,2.7,4.9,0.6,6.6,2.3,3.5,1.5,11.6,2.5,3.7,2.9,2.7,0.9,8.0,4.9,2.1,4.6,0.6,6.2,1.4,0.1,4.7,5.2,1.4,2.8,4.0,,0.1,0.8,2.3,4.4,6.3,11.6,3.4,2.9
12-05,2.9,6.7,1.5,1.2,3.7,2.9,3.4,3.9,5.1,0.1,4.4,2.7,5.1,0.6,6.6,2.4,3.5,1.5,11.8,2.5,3.7,2.9,2.7,0.9,8.0,5.0,2.1,4.6,0.9,6.2,1.4,0.1,4.7,5.9,1.4,2.8,4.0,,0.1,0.9,2.3,4.4,6.4,11.8,3.4,2.9
12-06,3.1,6.7,1.5,1.2,3.7,2.9,3.5,3.9,5.1,0.1,4.5,2.7,5.3,0.6,6.6,2.5,3.5,1.5,11.9,2.5,3.7,2.9,2.7,0.9,8.0,5.0,2.1,4.6,0.9,6.2,1.4,0.1,4.9,6.5,1.4,2.8,4.0,,0.1,0.9,2.4,4.5,6.5,11.9,3.5,3.1
12-07,3.4,6.7,1.5,1.2,3.7,2.9,3.6,4.0,5.2,0.1,4.7,2.7,5.3,0.6,6.6,2.5,3.5,1.7,11.9,2.5,3.7,3.0,2.7,1.0,8.1,5.0,2.4,4.6,0.9,6.2,1.4,0.1,4.9,6.6,1.4,2.9,4.2,,0.1,1.0,2.5,4.6,6.6,11.9,3.6,3.4
12-08,3.5,6.8,1.5,1.2,3.7,2.9,3.6,4.0,5.3,0.2,4.7,2.9,5.3,0.6,6.6,2.5,3.5,2.0,12.0,2.5,3.7,4.2,2.7,2.4,8.1,5.0,2.4,5.6,0.9,6.2,1.4,0.1,4.9,6.6,1.4,2.9,4.7,,0.1,1.1,2.5,4.7,6.6,12.0,3.6,3.5
12-09,3.5,6.8,1.5,1.2,3.7,2.9,3.6,4.0,5.3,0.2,4.7,3.2,5.3,0.6,6.6,2.5,3.5,2.1,12.0,2.5,3.7,4.6,2.7,2.4,8.1,5.0,2.4,5.6,0.9,6.2,1.5,0.1,4.9,6.6,1.4,3.0,4.7,,0.1,1.1,2.5,4.7,6.6,12.0,3.6,3.5
12-10,3.5,6.8,1.5,1.2,3.7,2.9,3.6,4.0,5.3,0.2,5.0,3.2,5.3,0.6,6.7,2.5,3.5,2.1,12.0,2.5,3.7,4.6,2.7,2.4,8.1,5.0,2.4,5.6,0.9,6.2,1.5,0.1,4.9,6.6,1.4,3.6,4.7,,0.1,1.1,2.5,4.9,6.6,12.0,3.6,3.6
12-11,3.5,6.8,1.5,1.2,3.7,3.1,3.6,4.0,5.3,0.2,5.6,3.2,5.3,0.8,6.7,2.5,3.5,2.1,12.0,2.5,4.2,4.6,2.7,2.4,8.1,5.0,2.4,5.6,0.9,6.2,1.5,0.1,4.9,6.6,1.4,3.6,4.7,,0.1,1.1,2.5,4.9,6.6,12.0,3.6,3.6
12-12,3.5,6.8,1.5,1.2,3.7,3.2,3.7,4.2,5.3,0.2,5.7,3.2,5.3,0.8,6.8,2.5,3.5,2.1,12.0,2.5,4.2,4.6,2.7,2.5,8.1,5.0,2.4,5.6,0.9,6.5,1.5,0.1,4.9,6.7,1.4,3.6,5.5,,0.1,1.1,2.5,5.1,6.7,12.0,3.7,3.6
12-13,3.5,6.8,1.5,1.2,4.2,3.2,4.0,4.3,5.3,0.2,5.7,3.2,5.4,0.8,6.8,2.5,3.5,2.1,12.0,2.5,4.2,4.6,2.7,3.4,8.1,5.9,2.4,5.6,1.6,6.5,1.5,0.1,4.9,6.7,1.4,3.6,5.5,,0.1,1.3,2.5,5.3,6.7,12.0,4.1,3.6
12-14,3.5,6.8,1.5,1.2,4.5,3.2,4.0,4.3,5.8,0.8,5.7,3.2,5.4,0.8,6.8,2.8,3.5,2.1,12.0,2.5,4.3,4.6,2.9,4.4,8.1,5.9,2.6,5.7,1.9,6.7,1.5,0.1,4.9,6.7,1.5,3.6,5.5,,0.1,1.4,2.8,5.4,6.7,12.0,4.3,4.0
12-15,3.5,6.8,1.5,1.2,4.5,3.2,4.0,4.3,5.8,0.8,5.7,3.3,5.4,0.8,6.9,2.9,3.5,2.3,12.0,2.5,4.3,4.6,2.9,4.4,8.1,5.9,3.3,5.7,1.9,7.2,1.5,0.1,4.9,6.7,1.5,4.4,5.5,,0.1,1.4,2.9,5.4,6.8,12.0,4.3,4.3
12-16,3.5,6.8,1.5,1.2,4.5,3.2,4.0,4.5,5.8,0.8,5.7,3.3,5.4,0.8,6.9,3.0,3.6,2.3,12.0,2.5,4.3,4.6,3.8,4.4,8.1,5.9,3.6,5.7,2.0,7.2,1.7,0.1,4.9,6.7,1.5,4.4,5.5,,0.1,1.4,3.2,5.4,6.8,12.0,4.4,4.3
12-17,3.5,6.8,1.5,1.2,4.5,3.2,4.0,4.5,5.8,0.8,5.7,3.3,5.4,0.8,6.9,3.3,3.9,2.3,12.0,2.5,4.3,4.6,4.4,4.4,8.2,5.9,3.6,5.7,2.0,7.2,3.3,0.1,4.9,6.7,1.5,4.4,5.5,,0.1,1.4,3.3,5.4,6.8,12.0,4.4,4.4
12-18,3.5,7.3,1.5,1.2,4.5,3.2,4.2,4.5,5.8,0.9,5.7,3.3,5.4,0.8,6.9,3.3,4.5,2.3,12.0,2.5,4.9,4.6,5.2,4.4,8.4,5.9,3.6,5.7,2.2,7.2,3.3,0.1,4.9,6.7,1.7,4.4,5.5,,0.1,1.4,3.3,5.4,7.0,12.0,4.5,4.5
12-19,3.6,7.3,1.6,1.3,4.5,3.4,4.5,4.5,5.8,0.9,5.7,3.3,5.4,0.8,6.9,3.3,4.6,2.4,12.0,2.6,4.9,4.6,5.8,4.4,8.8,5.9,4.4,5.7,2.2,7.2,3.3,0.1,4.9,6.7,1.7,4.4,5.5,,0.1,1.5,3.3,5.5,7.0,12.0,4.6,4.5
12-20,3.7,7.3,1.7,1.3,5.3,3.5,4.5,4.5,5.8,0.9,5.7,3.3,5.5,0.8,7.0,3.3,4.6,2.4,12.0,2.6,5.1,4.7,5.8,4.4,10.2,5.9,4.4,5.7,2.2,7.2,3.4,0.1,4.9,6.7,1.7,4.4,5.5,,0.1,1.5,3.4,5.5,7.1,12.0,4.6,4.5
12-21,3.7,7.3,1.8,1.3,5.6,3.5,4.5,4.5,5.8,0.9,5.7,3.3,6.2,0.8,7.0,3.3,4.8,2.4,12.1,2.6,5.1,4.8,5.8,4.4,12.8,5.9,4.4,5.7,2.2,7.3,3.4,0.6,4.9,6.8,1.7,4.4,5.5,,0.6,1.5,3.4,5.7,7.1,12.8,4.8,4.5
12-22,3.7,7.3,2.7,1.3,5.6,3.5,4.5,4.5,5.9,0.9,5.8,3.4,6.2,0.8,7.0,3.3,4.8,2.4,12.1,2.6,5.1,4.8,5.8,4.5,14.9,5.9,4.4,5.7,2.2,7.3,3.5,0.6,4.9,6.8,1.7,4.4,5.5,,0.6,1.5,3.5,5.7,7.1,14.9,4.8,4.5
12-23,3.7,7.6,2.7,1.3,5.6,3.5,4.5,4.5,5.9,0.9,6.8,3.4,6.2,0.8,7.0,3.3,4.9,2.4,12.1,2.6,5.3,4.8,6.5,5.2,17.0,5.9,4.4,5.7,2.2,7.9,3.8,0.7,4.9,6.8,1.7,4.4,5.6,,0.7,1.5,3.5,5.7,7.2,17.0,4.9,4.8
12-24,3.7,7.7,2.8,1.3,5.6,3.5,4.5,4.5,6.0,0.9,6.9,3.5,6.2,0.8,7.0,3.3,4.9,2.4,12.1,2.6,5.3,4.8,6.5,5.2,17.0,5.9,4.6,5.7,2.2,8.0,4.0,0.7,5.0,7.0,1.7,5.2,5.6,,0.7,1.5,3.5,5.7,7.3,17.0,5.0,4.9
12-25,3.7,7.7,3.1,1.3,5.6,3.5,4.5,4.5,6.5,0.9,6.9,3.5,6.2,0.8,7.0,3.3,4.9,2.4,12.2,2.6,5.3,4.8,6.8,5.2,17.0,5.9,4.8,5.7,2.2,8.3,5.4,0.7,5.0,7.7,1.7,6.2,5.6,,0.7,1.5,3.5,6.0,7.7,17.0,5.1,5.0
12-26,3.7,7.7,3.7,1.3,5.6,3.5,4.5,4.5,6.7,0.9,6.9,3.5,6.2,0.8,7.0,3.3,4.9,3.7,12.2,2.6,5.3,4.8,8.3,5.2,17.0,5.9,4.8,5.7,2.3,8.4,5.4,0.7,5.3,8.0,1.7,6.6,5.6,,0.7,1.5,3.7,6.0,8.1,17.0,5.2,5.2
12-27,3.7,7.7,3.7,1.3,5.6,3.5,4.5,4.5,6.7,0.9,6.9,3.5,6.2,1.0,7.0,3.5,4.9,4.4,12.2,2.8,5.4,4.8,8.4,5.2,17.2,5.9,4.9,5.7,2.3,8.4,5.4,0.7,5.3,8.0,1.7,7.1,5.6,,0.7,1.5,3.7,6.0,8.2,17.2,5.2,5.2
12-28,3.7,7.7,3.7,1.3,5.6,3.5,5.0,4.6,6.7,0.9,7.2,3.5,6.2,1.0,7.0,3.5,4.9,4.4,12.3,2.8,5.7,4.8,8.4,5.2,17.2,5.9,5.0,5.7,2.3,8.4,5.5,0.7,5.3,8.1,1.7,7.4,5.8,,0.7,1.5,3.7,6.0,8.2,17.2,5.2,5.2
12-29,3.7,7.7,3.8,1.3,5.6,3.7,5.7,4.6,6.7,0.9,7.3,3.5,6.2,1.0,7.0,3.5,5.0,4.4,12.6,2.8,5.8,4.8,8.4,5.2,17.3,5.9,5.0,5.7,2.3,8.4,5.5,0.7,5.3,8.1,2.1,7.7,6.0,,0.7,1.8,3.8,6.0,8.2,17.3,5.4,5.3
12-30,3.7,7.8,3.8,1.3,5.6,3.7,6.4,4.6,6.7,0.9,7.4,3.5,6.2,1.0,7.0,3.5,5.0,4.4,14.0,2.8,5.8,4.8,8.4,5.2,18.8,5.9,5.0,5.7,2.3,8.4,5.5,0.7,5.3,8.2,2.2,7.9,6.2,,0.7,1.8,3.8,6.2,8.3,18.8,5.4,5.3
12-31,3.7,7.9,3.8,1.3,5.6,4.0,6.8,4.6,6.7,0.9,7.4,3.5,6.2,1.0,7.0,3.5,5.0,4.7,14.1,2.8,5.8,4.8,8.4,5.3,18.8,5.9,5.0,5.7,2.4,8.5,5.6,0.7,5.3,8.2,2.2,8.5,6.3,,0.7,1.8,4.0,6.4,8.4,18.8,5.4,5.3
01-01,3.7,7.9,3.8,1.3,5.6,4.0,6.8,4.6,6.7,0.9,7.4,3.5,6.2,1.0,7.0,3.5,5.0,4.7,14.4,3.4,5.8,4.8,8.4,5.3,18.8,5.9,5.0,5.7,2.6,8.5,5.6,0.7,5.3,8.2,2.2,9.0,6.8,,0.7,1.8,4.0,6.7,8.4,18.8,5.4,5.3
01-02,3.7,7.9,3.8,1.3,5.7,4.0,6.8,4.6,6.8,1.0,7.4,3.5,6.2,1.0,7.0,3.5,5.0,4.7,14.5,3.4,5.8,4.8,8.4,5.3,18.8,5.9,5.0,5.7,2.7,8.5,5.6,0.7,5.3,8.2,2.2,9.0,8.1,,0.7,1.8,4.0,6.8,8.4,18.8,5.4,5.3
01-03,3.7,7.9,3.8,1.3,5.7,4.0,7.2,4.6,6.8,1.0,7.5,3.5,6.2,1.0,7.0,3.5,5.0,5.3,14.5,3.8,5.8,4.9,8.4,5.3,18.8,5.9,5.0,5.7,2.7,8.5,5.6,0.7,5.3,8.2,2.2,9.0,8.2,,0.7,1.8,4.0,6.8,8.4,18.8,5.4,5.3
01-04,3.7,7.9,3.8,1.3,6.0,4.4,7.3,4.6,6.8,1.0,8.5,3.7,6.2,1.1,7.0,3.5,5.1,5.6,15.0,3.9,5.8,5.0,8.4,5.3,18.8,5.9,5.0,5.7,2.7,8.5,5.6,0.7,5.3,8.2,2.2,9.0,8.2,,0.7,1.8,4.3,6.8,8.5,18.8,5.6,5.6
01-05,3.9,8.0,4.5,1.3,6.3,4.5,7.3,4.6,7.3,1.0,8.5,4.1,6.2,1.2,7.0,3.5,5.1,5.6,15.2,3.9,6.0,5.3,8.4,5.3,18.8,5.9,5.0,5.7,2.7,9.1,5.7,0.7,5.3,8.2,2.2,9.0,8.4,,0.7,1.8,4.5,7.1,8.7,18.8,5.6,5.6
01-06,4.7,8.5,5.1,1.3,6.3,4.7,7.3,4.6,7.9,1.0,8.7,4.3,6.2,1.2,7.0,3.5,5.1,5.6,15.2,3.9,6.0,7.1,8.6,5.3,18.8,5.9,5.0,5.7,2.8,9.5,5.9,0.7,5.7,8.2,2.2,9.0,9.0,,0.7,1.8,4.7,7.1,9.0,18.8,5.8,5.7
01-07,4.9,8.5,5.3,1.3,6.3,5.3,7.5,4.6,7.9,1.0,8.7,4.3,6.2,1.2,7.0,3.7,5.1,5.6,15.2,3.9,6.0,7.8,8.6,5.3,18.8,5.9,5.0,5.7,2.8,10.0,5.9,0.8,6.2,8.2,2.2,9.0,9.0,,0.8,1.8,5.0,7.6,9.0,18.8,5.9,5.9
01-08,5.4,8.5,5.3,1.3,6.3,5.3,8.2,4.6,8.1,1.0,8.7,4.3,6.2,1.2,7.0,3.7,5.1,5.7,15.7,3.9,6.0,7.8,8.6,5.3,18.8,5.9,5.0,5.7,2.8,10.5,5.9,0.8,6.4,8.2,2.2,9.0,9.0,,0.8,1.8,5.1,7.9,9.0,18.8,5.9,5.9
01-09,5.5,8.5,5.3,1.3,6.3,5.3,8.8,4.6,8.4,1.0,8.7,4.3,6.2,1.2,7.1,3.7,5.1,5.7,17.7,3.9,6.0,7.8,8.6,5.3,18.8,5.9,5.0,5.7,2.8,10.5,6.1,0.9,6.4,8.2,2.2,9.0,9.0,,0.9,1.8,5.1,7.9,9.0,18.8,6.0,5.9
01-10,5.5,8.5,5.3,1.4,6.3,5.3,9.1,4.6,8.6,1.0,8.7,4.4,6.2,1.2,7.1,3.7,5.4,5.7,18.5,3.9,6.0,7.8,8.6,5.3,18.8,5.9,5.0,5.7,2.8,10.5,7.1,1.6,6.4,8.2,2.2,9.0,9.7,,1.0,2.0,5.2,7.9,9.3,18.8,6.0,5.9
01-11,5.5,8.5,5.3,1.4,6.3,5.3,10.5,4.6,9.3,1.0,8.7,4.5,6.2,1.2,7.3,3.7,5.4,5.7,19.5,3.9,6.0,7.8,8.6,5.3,18.8,5.9,5.1,5.7,2.9,10.5,7.1,1.6,6.4,8.2,2.2,9.0,10.6,,1.0,2.0,5.3,7.9,10.5,19.5,6.0,5.9
01-12,5.5,8.5,5.3,1.4,6.3,5.3,10.7,4.6,10.2,1.0,8.7,4.5,6.2,1.2,8.1,3.7,5.4,5.7,21.1,3.9,6.2,7.8,8.6,5.3,18.9,5.9,5.1,5.7,2.9,10.5,7.4,1.6,6.4,8.2,2.2,9.0,10.6,,1.0,2.0,5.3,8.1,10.5,21.1,6.0,5.9
01-13,5.5,8.5,5.3,1.4,6.3,5.3,10.8,4.6,10.2,1.0,9.9,4.5,6.2,1.2,8.7,3.7,5.4,5.7,21.1,3.9,6.2,7.8,8.6,5.3,18.9,5.9,5.1,5.7,3.1,10.5,8.4,1.6,6.4,8.2,2.2,9.0,10.6,,1.0,2.0,5.3,8.4,10.5,21.1,6.0,5.9
01-14,5.5,8.5,5.3,1.5,6.3,5.3,11.4,4.6,10.2,1.0,11.1,4.7,6.2,1.2,9.0,3.7,5.4,5.7,21.1,3.9,6.2,7.8,8.6,5.3,18.9,5.9,5.1,5.7,3.1,10.5,8.7,1.6,6.4,8.2,2.2,9.0,10.6,,1.0,2.0,5.3,8.5,10.8,21.1,6.0,5.9
01-15,5.5,8.6,5.3,2.2,6.3,5.3,12.2,4.6,10.2,1.0,11.2,4.8,6.2,1.2,9.0,3.7,5.4,5.7,21.1,4.0,6.2,7.8,8.6,5.3,18.9,5.9,5.1,5.7,3.1,10.5,8.9,1.6,6.4,8.2,2.2,9.0,11.3,,1.0,2.2,5.3,8.6,11.2,21.1,6.0,5.9
01-16,5.5,8.6,5.3,2.2,6.4,5.3,12.4,4.6,10.6,1.0,11.2,4.8,6.2,1.2,9.1,3.7,5.4,5.7,21.1,4.0,6.2,7.8,8.6,5.3,18.9,5.9,5.2,5.7,3.1,10.6,9.0,1.6,7.7,8.2,2.2,9.0,12.1,,1.0,2.2,5.3,8.6,11.6,21.1,6.0,5.9
01-17,5.5,8.6,5.3,2.5,6.4,5.3,12.8,4.6,10.6,1.2,11.2,4.8,6.2,1.2,9.1,3.7,5.4,5.7,21.1,4.0,6.2,7.8,8.6,5.3,18.9,5.9,5.2,5.7,3.1,10.6,9.0,1.6,7.7,8.2,2.2,9.0,13.3,,1.2,2.4,5.3,8.6,11.8,21.1,6.0,5.9
01-18,5.5,9.7,5.3,2.6,6.4,5.3,13.4,4.6,10.7,1.3,11.2,4.8,6.2,1.3,9.1,3.7,5.4,5.7,21.1,4.1,6.2,7.8,8.6,5.3,18.9,5.9,5.2,5.7,3.1,10.6,9.0,1.6,8.4,8.4,2.2,9.0,13.3,,1.3,2.4,5.3,8.7,12.0,21.1,6.0,5.9
01-19,5.5,9.9,5.3,2.8,6.4,5.3,14.0,4.6,10.7,1.3,11.2,4.8,6.2,1.4,9.3,3.7,5.4,5.7,21.1,4.1,6.2,7.8,8.6,6.4,18.9,6.0,5.2,5.7,3.1,10.6,9.0,1.6,8.4,8.5,2.2,9.0,13.3,,1.3,2.6,5.3,8.7,12.0,21.1,6.2,6.2
01-20,5.5,9.9,5.3,2.8,6.4,5.3,14.0,4.6,10.7,1.4,11.2,5.1,6.2,1.4,9.3,3.9,5.4,5.7,21.1,4.1,6.2,7.9,8.6,7.0,18.9,6.0,5.2,5.7,3.1,10.7,9.3,1.6,8.4,8.5,2.2,9.0,13.4,,1.4,2.6,5.3,8.7,12.1,21.1,6.2,6.2
01-21,5.5,10.0,5.3,2.8,6.4,5.3,14.0,4.6,10.7,1.4,11.2,5.1,6.2,1.4,9.3,3.9,5.4,5.7,21.1,4.1,6.2,7.9,8.6,7.4,18.9,6.0,5.2,5.7,3.1,10.7,10.4,2.0,8.4,8.5,2.2,9.0,13.4,,1.4,2.6,5.3,8.7,12.1,21.1,6.2,6.2
01-22,5.5,10.0,5.3,2.8,6.4,5.3,14.0,4.6,10.8,1.5,11.3,5.1,6.5,1.4,9.3,4.0,5.4,5.7,21.1,4.1,6.2,7.9,8.6,8.8,18.9,6.9,5.2,5.7,3.1,10.7,10.5,2.0,8.6,8.7,2.2,9.0,13.4,,1.4,2.6,5.3,8.8,12.1,21.1,6.4,6.4
01-23,5.5,10.0,5.3,2.8,6.4,5.3,14.0,4.6,10.8,1.9,11.5,5.1,6.5,1.4,9.3,4.0,5.4,5.7,21.1,4.1,6.2,7.9,8.6,9.6,18.9,6.9,5.2,5.7,3.1,10.7,11.4,2.0,8.6,8.7,2.8,9.0,13.4,,1.4,2.8,5.3,9.1,12.3,21.1,6.4,6.4
01-24,5.5,10.0,5.3,2.8,6.4,5.3,14.1,4.6,11.0,1.9,11.9,5.1,6.5,1.5,9.3,4.0,5.4,5.7,21.1,4.2,6.2,8.0,8.7,9.6,18.9,7.3,5.2,5.7,3.1,10.8,12.1,2.0,8.6,8.7,2.9,9.0,13.4,,1.5,2.9,5.3,9.1,12.6,21.1,6.4,6.4
01-25,5.5,10.0,5.3,2.8,6.4,5.3,14.1,4.6,11.5,1.9,11.9,5.1,6.5,1.5,9.3,4.0,5.4,5.7,21.1,4.2,6.2,8.5,9.1,9.6,18.9,7.3,5.3,5.7,3.1,10.8,12.1,2.0,8.6,8.7,3.0,9.0,13.4,,1.5,2.9,5.3,9.1,12.6,21.1,6.4,6.4
01-26,5.5,10.0,5.3,2.8,6.4,5.3,14.1,5.1,11.9,1.9,12.2,5.1,6.6,1.6,9.4,4.0,5.4,5.7,21.1,4.7,6.2,8.5,9.5,9.6,18.9,7.3,5.3,5.7,3.1,10.8,12.1,2.1,8.6,8.7,3.9,9.0,13.4,,1.6,3.0,5.3,9.4,12.7,21.1,6.5,6.4
01-27,5.5,10.0,5.3,2.8,6.4,5.3,14.1,5.1,12.3,1.9,12.7,5.1,7.0,2.0,9.5,4.1,5.4,5.7,21.7,4.7,6.2,8.5,9.7,9.7,18.9,7.3,5.7,5.7,3.1,10.8,12.1,2.1,8.6,8.7,4.0,9.0,13.4,,1.9,3.0,5.3,9.5,13.0,21.7,6.7,6.4
01-28,5.7,10.0,5.3,2.8,6.4,5.3,14.1,5.3,12.3,2.0,12.7,5.1,7.0,2.1,9.5,4.1,5.4,5.7,21.8,4.7,6.2,9.6,9.7,10.4,18.9,7.3,6.4,5.7,3.3,10.8,12.2,2.1,8.6,8.7,4.0,9.0,13.4,,2.0,3.1,5.3,9.6,13.0,21.8,6.7,6.4
01-29,6.0,10.0,5.3,2.8,6.4,5.3,14.1,5.3,12.3,2.1,12.8,5.1,7.0,2.1,9.5,4.1,5.4,5.7,21.9,4.7,6.2,10.0,9.7,10.4,18.9,7.3,6.5,5.7,3.3,10.8,12.2,2.1,8.6,8.7,4.0,9.0,13.4,,2.1,3.1,5.3,9.8,13.0,21.9,6.8,6.5
01-30,6.0,10.0,5.3,2.8,6.4,5.3,14.2,5.3,12.3,2.1,12.8,5.1,7.0,2.1,9.8,4.1,5.4,5.7,21.9,4.7,6.2,10.0,9.7,10.4,18.9,7.3,6.6,5.8,3.4,10.8,12.2,2.1,8.6,8.7,4.4,9.0,13.4,,2.1,3.2,5.3,9.8,13.0,21.9,6.8,6.6
01-31,6.0,10.0,5.3,2.8,6.4,5.3,15.0,5.3,12.3,2.1,12.8,5.1,7.0,2.2,9.8,4.1,5.4,5.7,21.9,4.7,6.2,10.0,9.7,10.4,18.9,7.3,6.6,6.0,3.9,10.9,12.2,2.1,8.6,8.7,4.4,9.0,13.4,,2.1,3.5,5.3,9.8,13.0,21.9,6.8,6.6
02-01,6.0,10.0,5.3,2.9,6.4,5.3,15.4,5.3,12.3,2.2,12.8,5.1,7.1,2.2,9.8,4.1,5.4,5.7,21.9,4.7,6.2,10.1,9.7,10.4,18.9,7.3,6.6,6.5,3.9,12.3,12.2,2.1,8.6,8.7,4.4,9.0,13.4,,2.1,3.5,5.3,9.8,13.0,21.9,6.8,6.6
02-02,6.0,10.0,5.3,3.4,6.4,5.3,15.4,5.3,12.3,2.2,12.8,5.2,7.1,2.2,9.8,4.1,5.4,5.7,21.9,4.7,6.2,10.2,9.7,10.5,18.9,7.3,6.6,6.5,3.9,12.4,12.2,2.1,8.6,8.7,4.4,9.0,13.4,,2.1,3.7,5.3,9.8,13.0,21.9,6.8,6.6
02-03,6.1,10.3,5.3,3.5,6.4,5.3,15.4,5.3,12.3,2.2,12.9,5.3,7.1,2.2,9.8,4.2,5.4,6.0,21.9,4.7,6.2,10.2,9.7,10.5,18.9,7.3,6.6,6.5,3.9,12.4,12.2,2.1,9.5,8.7,4.4,9.0,13.4,,2.1,3.7,5.3,9.9,13.1,21.9,6.8,6.6
02-04,6.1,10.4,5.7,3.5,6.4,5.3,15.5,5.4,12.3,2.2,12.9,5.4,7.1,2.2,9.8,4.3,5.4,6.4,21.9,4.7,6.3,11.4,9.7,10.5,18.9,7.3,6.6,6.5,3.9,12.4,12.2,2.1,10.1,8.7,4.4,9.0,13.4,,2.1,3.7,5.4,10.2,13.1,21.9,6.8,6.6
02-05,6.1,10.4,6.9,3.5,6.4,5.3,15.5,5.5,12.3,2.3,13.0,5.5,7.3,2.2,9.8,4.3,5.4,6.4,21.9,4.7,6.3,11.4,9.7,10.5,18.9,7.3,6.6,6.5,3.9,12.4,12.2,2.1,10.5,8.7,4.4,9.0,13.4,,2.1,3.7,5.5,10.4,13.2,21.9,7.0,6.9
02-06,6.1,10.4,7.0,3.5,6.4,5.3,15.5,5.5,12.3,2.3,13.1,5.5,7.7,2.2,9.8,4.3,5.6,6.4,22.0,4.7,6.3,11.4,9.8,10.8,18.9,7.4,6.6,6.5,3.9,12.4,12.2,2.1,11.6,8.7,4.4,9.0,13.7,,2.1,3.7,5.6,10.5,13.3,22.0,7.0,7.0
02-07,6.1,10.4,7.1,3.5,6.4,5.3,15.5,5.5,12.3,2.3,13.1,5.7,7.7,2.2,9.8,4.3,5.6,6.4,22.1,4.7,6.3,11.4,10.0,11.6,18.9,7.4,6.6,6.6,3.9,12.4,12.3,2.1,11.6,8.7,4.4,9.0,13.7,,2.1,3.7,5.7,10.6,13.3,22.1,7.0,7.1
02-08,6.1,10.4,7.1,3.8,6.4,5.5,15.9,6.4,12.3,2.3,13.2,6.1,7.7,2.2,9.8,4.3,5.6,6.4,22.5,4.7,6.3,11.4,10.0,11.9,18.9,7.4,6.6,6.6,3.9,12.4,12.4,2.1,11.6,8.8,4.4,9.0,13.7,,2.1,3.9,6.1,10.6,13.4,22.5,7.0,7.1
02-09,6.1,10.4,7.1,3.8,6.4,5.5,17.2,7.3,12.3,2.3,13.2,6.6,7.7,2.2,9.8,4.3,5.6,6.4,22.5,4.7,6.3,11.4,10.4,11.9,18.9,7.4,6.7,6.6,3.9,12.4,12.4,2.1,11.6,8.8,4.4,9.0,13.7,,2.1,3.9,6.3,10.6,13.4,22.5,7.4,7.3
02-10,6.1,10.4,7.4,3.8,6.4,5.6,17.7,7.3,12.3,2.3,13.2,6.7,7.8,2.4,9.8,4.3,5.6,6.5,22.5,4.7,6.3,11.4,10.9,12.0,18.9,7.4,6.7,6.6,3.9,12.4,12.4,2.1,11.6,8.9,4.4,9.0,13.7,,2.1,3.9,6.3,11.0,13.4,22.5,7.4,7.4
02-11,6.2,10.4,7.5,3.8,6.4,6.1,17.8,7.3,12.3,2.3,13.3,6.7,7.9,2.5,10.0,4.3,5.6,6.5,22.5,4.7,6.3,11.5,10.9,12.0,18.9,7.4,6.9,6.6,3.9,12.4,12.6,2.1,12.0,8.9,4.4,9.0,13.7,,2.1,3.9,6.3,11.0,13.5,22.5,7.4,7.4
02-12,6.3,10.4,7.5,3.8,6.4,6.6,17.8,7.5,12.4,2.3,13.3,6.8,7.9,2.7,10.0,4.3,5.6,6.5,24.1,4.7,6.5,11.5,11.0,12.0,18.9,7.5,6.9,6.6,3.9,12.4,13.4,2.1,12.0,8.9,4.4,9.0,13.7,,2.1,3.9,6.5,11.1,13.5,24.1,7.5,7.5
02-13,6.4,10.4,7.6,3.9,6.4,7.0,17.8,7.5,12.4,2.3,13.3,6.8,7.9,3.2,10.1,4.3,6.0,6.5,24.1,4.7,6.5,11.5,11.3,12.0,18.9,7.7,6.9,6.6,3.9,12.4,13.7,2.6,12.0,8.9,4.4,9.0,13.7,,2.3,3.9,6.5,11.3,13.7,24.1,7.6,7.6
02-14,6.7,10.4,7.7,3.9,6.4,7.7,17.9,7.5,12.6,2.3,13.3,6.9,7.9,3.4,10.3,4.3,6.6,6.5,24.1,4.7,6.5,11.6,11.5,12.0,18.9,8.7,6.9,6.6,3.9,12.4,13.7,2.7,12.1,8.9,4.5,9.0,13.7,,2.3,3.9,6.6,11.5,13.7,24.1,7.8,7.7
02-15,6.9,10.4,7.7,4.1,6.4,7.7,18.0,7.5,14.3,2.3,13.3,7.6,7.9,3.5,10.4,4.3,6.7,6.5,24.2,4.7,6.5,11.6,11.5,12.0,18.9,8.7,6.9,6.6,3.9,12.4,13.7,2.9,13.4,8.9,4.7,9.0,14.3,,2.3,4.0,6.6,11.5,14.3,24.2,7.8,7.7
02-16,6.9,10.4,7.7,4.1,6.4,8.2,18.1,7.5,14.3,2.3,13.4,8.2,7.9,3.5,10.6,4.3,6.7,6.5,24.2,4.7,6.5,11.6,11.6,12.0,18.9,8.8,6.9,6.6,3.9,12.4,13.7,2.9,13.4,8.9,4.8,9.0,14.4,,2.3,4.0,6.6,11.6,14.3,24.2,8.2,8.2
02-17,6.9,10.4,7.7,4.1,6.6,8.5,18.3,7.6,14.3,2.3,13.4,8.2,8.0,3.6,10.6,4.3,6.8,6.5,24.2,4.7,6.5,11.7,12.6,12.0,19.2,8.8,6.9,6.6,3.9,12.4,13.7,2.9,13.5,8.9,4.8,9.0,14.4,,2.3,4.0,6.6,11.8,14.3,24.2,8.4,8.2
02-18,6.9,10.4,7.7,5.0,6.6,8.5,18.3,9.0,14.3,2.3,13.4,8.3,8.0,3.8,10.6,4.3,6.8,6.5,24.2,4.7,6.5,11.7,12.6,12.0,19.2,8.8,6.9,6.6,3.9,12.4,14.0,2.9,13.9,8.9,4.8,9.0,14.4,,2.3,4.1,6.6,11.8,14.3,24.2,8.6,8.5
02-19,6.9,10.4,7.7,5.9,6.6,8.5,19.1,9.0,14.3,2.3,13.4,8.3,8.0,3.8,10.7,4.4,6.8,6.5,24.8,4.8,6.5,11.7,12.6,12.0,19.4,8.8,6.9,6.6,3.9,12.9,14.3,2.9,13.9,8.9,4.8,9.0,14.4,,2.3,4.2,6.6,11.8,14.3,24.8,8.6,8.5
02-20,6.9,10.4,7.7,6.1,6.6,8.5,20.2,9.2,14.3,2.5,13.4,8.3,8.0,3.8,10.7,4.4,6.8,6.5,25.4,4.9,6.6,11.7,12.6,12.0,21.3,9.1,7.0,6.6,3.9,12.9,14.3,3.0,13.9,8.9,4.9,9.0,14.4,,2.5,4.2,6.6,11.8,14.3,25.4,8.7,8.5
02-21,6.9,10.4,7.7,6.2,6.6,8.5,20.8,9.5,14.3,3.7,13.4,8.4,8.0,4.0,10.7,4.4,6.8,6.5,25.5,4.9,6.6,11.9,12.6,12.3,21.3,9.1,7.1,6.6,3.9,12.9,14.4,3.0,14.4,8.9,4.9,9.0,14.4,,3.0,4.2,6.6,12.0,14.4,25.5,8.7,8.5
02-22,6.9,10.4,7.7,6.2,6.6,8.5,20.9,9.6,14.3,5.0,13.4,8.4,8.0,4.5,10.7,4.4,6.8,7.0,25.7,4.9,6.6,12.0,12.6,12.7,21.3,9.1,7.1,6.6,3.9,12.9,14.4,3.0,14.8,9.0,4.9,9.2,14.6,,3.0,4.7,6.8,12.1,14.7,25.7,8.8,8.5
02-23,6.9,10.4,7.7,6.2,6.6,8.6,21.0,9.6,14.3,5.5,13.4,8.6,8.0,4.7,10.8,4.4,6.8,7.7,26.0,4.9,6.7,12.7,12.7,12.7,21.3,9.1,7.1,6.6,4.7,12.9,14.4,3.4,14.8,9.5,4.9,10.0,15.0,,3.4,4.8,6.8,12.7,14.9,26.0,8.8,8.6
02-24,7.2,10.4,7.7,6.2,6.6,8.6,21.4,9.6,14.3,5.5,13.4,8.8,8.0,5.2,10.9,4.4,6.8,8.1,26.1,4.9,6.9,12.7,12.8,12.7,21.3,9.1,7.2,6.6,5.1,12.9,14.4,3.4,14.8,9.5,4.9,10.3,16.0,,3.4,5.0,6.9,12.7,15.3,26.1,9.0,8.8
02-25,7.9,10.4,7.7,6.2,6.6,8.6,22.0,9.6,14.3,5.5,13.4,9.3,8.0,5.6,11.3,4.4,7.1,8.2,26.1,4.9,6.9,13.0,12.8,12.8,21.4,9.1,7.2,6.6,5.1,12.9,14.5,3.4,14.8,9.5,4.9,10.3,16.2,,3.4,5.0,7.1,12.8,15.4,26.1,9.2,9.1
02-26,8.2,10.4,7.7,6.2,6.6,8.6,22.0,9.6,14.5,6.0,13.6,9.4,8.0,5.7,11.4,4.4,8.0,8.2,26.1,4.9,7.0,13.0,12.8,12.8,21.4,9.1,7.2,6.6,5.1,12.9,14.5,3.5,14.8,9.5,4.9,10.3,16.2,,3.5,5.0,7.2,12.8,15.4,26.1,9.2,9.1
02-27,8.3,10.4,7.7,6.2,6.6,8.6,22.0,9.6,14.5,6.2,13.6,9.4,8.0,5.7,11.4,4.4,8.5,9.5,26.2,4.9,7.0,13.0,12.8,12.9,23.1,9.1,7.2,6.6,5.1,12.9,14.5,3.5,14.8,9.5,4.9,10.3,16.4,,3.5,5.0,7.2,12.8,15.4,26.2,9.4,9.4
02-28,8.3,10.7,7.7,6.2,6.7,8.6,22.6,9.8,14.5,6.2,14.3,9.4,8.0,5.7,11.6,4.4,9.1,10.0,26.2,4.9,7.3,13.0,12.8,13.0,23.1,9.7,7.2,6.8,5.2,12.9,14.8,3.5,14.8,9.5,4.9,10.3,16.8,,3.5,5.1,7.3,12.8,15.6,26.2,9.6,9.5
02-29,,10.7,,,,8.6,,,,6.3,,,,5.8,,,,10.2,,,,13.0,,,,9.8,,,,12.9,,,,9.6,,,,,3.5,5.1,7.3,12.8,15.6,26.2,9.7,9.5
03-01,8.3,10.8,7.7,6.2,7.6,8.6,22.6,9.8,14.6,6.3,14.3,9.5,8.0,5.8,12.2,4.4,9.1,10.2,26.2,5.9,7.3,13.0,12.8,13.0,23.1,9.8,7.2,7.8,6.2,12.9,14.8,3.5,14.8,9.6,4.9,10.3,17.3,,3.5,5.9,7.7,12.8,15.8,26.2,9.7,9.6
03-02,8.3,10.9,7.7,6.2,8.9,8.6,22.6,9.9,14.7,6.3,14.3,9.5,8.0,6.1,12.4,4.4,9.3,10.3,26.2,5.9,7.3,13.0,12.8,13.0,23.1,9.9,7.2,7.9,7.1,12.9,14.8,3.5,14.9,9.6,4.9,10.3,18.2,,3.5,6.0,7.9,12.8,16.2,26.2,9.8,9.6
03-03,8.3,10.9,8.9,6.2,8.9,9.4,22.6,9.9,14.9,6.3,14.3,9.5,8.1,6.1,12.6,4.4,9.3,10.5,26.2,5.9,7.4,13.0,12.8,13.1,23.1,9.9,7.2,7.9,9.0,12.9,14.8,3.5,15.2,9.6,4.9,10.3,18.2,,3.5,6.0,8.3,12.8,16.4,26.2,9.8,9.6
03-04,8.3,10.9,9.3,6.2,8.9,10.0,22.6,9.9,15.1,6.3,14.4,9.5,8.1,6.1,12.7,4.4,9.3,10.5,26.4,5.9,7.4,13.0,12.8,13.2,23.1,9.9,7.2,7.9,9.0,12.9,14.8,3.5,15.2,9.6,5.0,10.3,18.2,,3.5,6.0,8.3,12.8,16.4,26.4,9.9,9.9
03-05,8.3,11.0,9.3,6.2,9.2,10.0,22.6,9.9,15.3,6.3,14.4,9.5,8.1,6.1,12.7,4.4,9.4,10.5,26.4,5.9,7.4,13.0,12.8,13.2,23.1,9.9,7.2,7.9,9.0,12.9,14.8,3.6,15.2,9.6,5.0,10.4,18.2,,3.6,6.0,8.3,12.8,16.5,26.4,9.9,9.9
03-06,8.3,11.0,9.3,6.4,9.4,10.1,22.6,9.9,16.1,6.7,14.4,9.5,8.1,6.8,12.8,4.5,9.4,10.5,26.4,5.9,7.4,13.0,12.8,13.2,23.1,9.9,7.2,7.9,9.0,12.9,14.8,3.6,15.4,9.7,5.0,10.9,18.2,,3.6,6.2,8.3,12.8,16.9,26.4,9.9,9.9
03-07,8.3,11.0,9.3,6.4,9.4,10.1,22.6,9.9,16.2,6.7,14.4,10.1,8.1,7.3,12.8,4.5,9.4,10.5,26.4,5.9,7.4,13.0,12.8,13.4,23.2,10.0,7.2,7.9,9.0,13.3,14.8,3.6,16.8,9.7,5.0,10.9,18.2,,3.6,6.2,8.3,12.8,17.4,26.4,10.0,10.0
03-08,8.3,11.0,9.3,6.4,9.4,10.5,22.6,9.9,16.3,6.7,14.4,10.2,8.2,7.4,12.8,4.5,9.4,10.5,26.4,6.1,7.4,13.0,12.8,13.8,23.6,10.0,7.2,8.0,9.0,13.3,14.8,3.6,16.8,9.7,5.0,10.9,18.2,,3.6,6.3,8.3,12.8,17.4,26.4,10.1,10.0
03-09,8.3,11.0,9.3,6.4,9.4,10.7,22.6,9.9,16.3,6.8,14.4,10.2,8.2,7.8,12.8,4.5,9.4,10.5,26.4,6.1,7.4,13.0,12.8,14.0,23.6,10.0,8.5,8.0,9.0,13.3,14.8,3.6,17.1,9.8,5.0,10.9,18.2,,3.6,6.3,8.5,12.8,17.5,26.4,10.1,10.0
03-10,8.3,11.2,9.3,6.4,9.4,10.7,22.6,9.9,16.3,6.8,14.4,10.2,8.2,8.1,12.9,4.7,9.4,10.5,26.4,6.2,7.4,13.0,13.2,14.5,23.6,10.0,8.5,8.0,9.0,13.3,14.8,3.6,17.1,9.8,5.0,11.0,18.2,,3.6,6.3,8.5,13.0,17.5,26.4,10.1,10.0
03-11,8.3,11.4,9.3,6.4,9.4,10.7,22.6,9.9,16.6,6.8,14.4,10.2,8.2,8.2,13.2,4.7,9.4,10.5,26.4,6.7,7.4,13.0,13.2,14.6,23.6,10.0,8.5,8.0,9.0,13.3,14.8,3.7,17.1,9.8,5.2,11.0,18.8,,3.7,6.6,8.5,13.2,17.8,26.4,10.1,10.0
03-12,8.3,11.4,9.3,7.0,9.6,10.7,22.7,9.9,18.3,6.8,14.4,10.2,8.3,8.2,13.4,4.7,9.5,10.5,26.4,7.2,7.4,13.0,13.2,14.6,23.6,10.0,8.5,8.0,9.0,13.3,14.8,3.8,17.2,10.1,5.6,11.0,19.6,,3.8,6.9,8.5,13.2,18.8,26.4,10.2,10.1
03-13,8.3,11.4,9.4,7.2,9.6,10.7,22.7,10.1,18.4,6.8,14.4,10.2,8.3,8.2,13.6,4.7,9.5,10.7,26.4,7.3,7.4,13.0,13.2,14.6,23.6,10.0,8.5,8.0,9.0,13.4,14.8,3.8,17.3,10.1,6.1,11.0,19.6,,3.8,7.0,8.5,13.2,18.9,26.4,10.2,10.1
03-14,8.3,11.4,9.4,7.2,9.8,10.7,22.7,10.1,18.4,7.0,14.4,10.4,8.3,8.2,13.6,4.7,9.5,10.7,26.4,7.3,7.4,13.0,13.2,14.8,23.6,10.0,8.5,8.0,9.0,13.4,14.8,3.8,17.4,11.2,6.1,11.0,19.9,,3.8,7.1,8.5,13.2,19.0,26.4,10.6,10.4
03-15,8.6,11.4,9.4,7.2,10.1,10.7,22.7,10.1,18.4,7.0,14.4,10.6,8.3,8.2,13.6,4.7,9.5,10.7,26.4,7.3,7.4,13.0,13.2,14.8,23.6,10.0,8.5,8.0,9.0,13.4,14.8,4.0,17.4,11.4,6.1,11.0,20.2,,4.0,7.1,8.6,13.2,19.1,26.4,10.6,10.6
03-16,9.7,11.4,9.5,7.2,10.4,10.7,22.7,10.1,18.4,7.0,14.4,10.6,8.3,8.2,13.6,4.7,9.8,10.7,26.4,7.3,7.4,13.1,13.2,14.8,23.6,10.0,8.5,8.0,9.0,13.4,14.8,4.2,17.4,11.4,6.1,11.0,20.9,,4.2,7.1,8.9,13.2,19.4,26.4,10.6,10.6
03-17,9.7,11.4,9.5,7.2,10.5,10.7,22.7,10.1,18.5,7.1,14.4,10.6,8.3,8.2,13.7,4.7,10.4,10.7,26.4,7.3,7.4,13.7,13.2,14.8,23.6,10.0,8.5,8.0,9.0,13.4,14.8,4.2,17.4,11.4,6.3,11.0,20.9,,4.2,7.2,8.9,13.5,19.5,26.4,10.6,10.6
03-18,9.7,11.4,9.5,7.2,10.5,10.7,22.9,10.1,18.5,7.1,14.4,10.7,8.3,8.2,13.7,4.7,10.5,10.7,26.4,7.4,7.4,13.7,13.2,14.8,23.7,10.3,8.5,8.0,9.0,13.4,14.8,4.5,17.4,11.5,6.3,11.0,20.9,,4.5,7.2,8.9,13.5,19.5,26.4,10.7,10.7
03-19,9.7,11.4,9.5,7.2,10.5,10.7,23.0,10.1,18.5,7.1,14.4,10.8,8.4,8.2,13.7,4.7,10.5,10.7,26.5,7.7,7.4,13.7,13.2,14.8,23.7,10.9,8.5,8.0,9.1,13.4,14.8,4.5,17.4,11.9,6.3,11.0,20.9,,4.5,7.2,9.0,13.5,19.5,26.5,10.8,10.7
03-20,9.7,11.4,9.5,7.2,11.0,10.7,23.1,10.4,18.5,7.1,14.4,10.8,8.4,8.2,13.7,4.7,10.5,10.7,26.7,7.8,7.4,13.7,13.2,14.8,23.7,11.2,8.5,8.0,9.1,13.4,14.8,4.5,17.4,12.3,6.3,11.0,21.3,,4.5,7.2,9.0,13.5,19.6,26.7,10.9,10.8
03-21,9.7,11.5,9.6,7.3,11.4,10.7,23.1,10.5,18.5,7.1,14.4,10.8,8.4,8.5,13.7,4.7,10.5,10.7,28.0,8.0,7.4,13.7,13.2,14.8,23.7,11.2,8.6,8.0,9.1,13.4,14.8,4.5,17.6,12.5,6.3,11.0,22.2,,4.5,7.2,9.0,13.5,20.0,28.0,11.0,10.8
03-22,9.9,11.5,9.6,7.3,11.4,10.8,23.1,10.5,18.8,7.1,14.4,10.8,8.4,8.5,13.7,4.7,10.5,10.7,28.0,8.7,8.0,13.7,13.2,14.9,24.7,11.2,8.6,8.0,9.1,13.4,14.8,4.5,18.0,12.6,6.3,11.0,23.0,,4.5,7.2,9.0,13.5,20.5,28.0,11.0,10.8
03-23,10.2,11.5,9.6,7.3,11.4,11.0,23.1,10.6,18.8,7.2,14.5,10.8,8.4,8.5,13.7,4.7,10.6,10.7,28.1,8.7,8.1,13.7,13.3,14.9,24.7,11.2,8.6,8.0,9.1,13.4,15.1,5.8,18.1,12.6,6.3,11.0,23.3,,4.7,7.3,9.0,13.5,20.5,28.1,11.1,11.0
03-24,10.2,11.5,9.6,7.3,11.4,11.3,23.1,10.6,19.1,7.2,14.5,10.8,8.4,8.5,13.7,4.7,10.6,10.7,28.9,8.7,8.2,13.7,13.3,14.9,24.7,11.2,8.6,8.0,9.1,13.4,15.1,6.5,18.1,13.0,6.3,11.0,23.4,,4.7,7.3,9.0,13.5,20.7,28.9,11.2,11.0
03-25,10.2,11.5,9.6,7.4,11.4,11.3,23.3,10.6,19.1,7.2,14.5,10.8,8.4,8.5,13.7,4.7,10.6,10.9,29.2,8.7,8.2,13.7,13.3,14.9,24.9,11.2,8.6,8.0,9.1,13.5,15.1,6.5,18.1,13.0,6.3,11.0,23.4,,4.7,7.3,9.0,13.5,20.8,29.2,11.2,11.0
03-26,10.2,11.6,10.3,7.4,11.8,11.3,23.3,10.9,19.3,7.2,14.5,10.8,8.4,8.5,13.7,4.7,10.6,10.9,29.3,8.7,8.2,13.7,13.3,14.9,24.9,11.3,8.6,8.0,9.1,13.5,15.2,6.5,18.1,13.0,6.3,11.0,23.4,,4.7,7.3,9.0,13.5,20.9,29.3,11.3,11.0
03-27,10.2,11.6,10.7,7.4,12.2,11.4,23.7,10.9,19.3,7.2,14.5,11.0,8.4,8.5,13.7,4.7,10.6,11.0,29.3,8.7,8.2,13.7,13.3,15.1,25.1,11.3,8.6,8.2,9.1,13.5,15.2,6.5,18.1,13.0,6.3,11.0,23.5,,4.7,7.3,9.0,13.5,21.0,29.3,11.4,11.0
03-28,10.2,11.7,10.7,7.4,12.5,11.8,23.9,11.0,19.3,7.2,14.5,11.5,8.4,8.5,13.7,4.7,10.6,11.0,29.3,8.8,8.2,13.7,13.3,15.1,25.1,11.3,8.6,8.2,9.1,13.5,15.2,6.5,18.1,13.0,6.3,11.0,23.5,,4.7,7.3,9.0,13.5,21.0,29.3,11.6,11.3
03-29,10.3,11.7,10.7,7.5,12.5,11.9,24.0,11.0,19.4,7.3,14.5,12.6,8.4,8.5,13.7,4.7,10.6,11.1,29.4,9.7,8.2,13.7,13.3,15.1,25.1,11.3,8.6,8.2,9.1,13.8,15.2,6.5,18.1,13.0,6.3,11.2,23.5,,4.7,7.4,9.6,13.7,21.0,29.4,12.2,11.3
03-30,10.3,11.7,10.7,7.6,12.5,12.0,24.1,11.0,19.4,7.3,14.5,12.9,8.4,8.5,13.7,4.7,10.6,11.1,29.6,10.6,8.2,13.7,13.3,15.2,25.1,11.3,8.6,8.2,9.1,14.0,15.2,6.5,18.1,13.0,6.3,11.4,24.0,,4.7,7.5,10.1,13.7,21.2,29.6,12.2,11.4
03-31,10.3,11.7,10.7,7.6,12.5,12.6,24.1,11.0,19.4,7.4,14.5,12.9,8.4,8.5,13.7,4.7,10.6,11.1,29.6,10.6,8.2,13.9,13.4,15.2,25.1,11.3,8.6,8.2,9.1,14.0,15.3,6.5,18.1,13.0,6.3,11.4,24.5,,4.7,7.5,10.1,13.7,21.3,29.6,12.6,11.4
04-01,10.3,11.8,10.7,7.7,12.5,12.9,24.1,11.0,19.4,7.4,14.5,12.9,8.4,8.5,13.7,4.7,10.6,11.1,29.6,10.8,8.2,13.9,13.4,15.3,25.1,11.3,8.6,8.2,9.1,14.1,15.8,6.5,18.1,13.0,6.3,11.4,24.5,,4.7,7.6,10.1,13.7,21.3,29.6,12.7,11.4
04-02,10.3,11.8,10.7,7.7,12.6,13.0,24.1,11.0,19.4,7.4,14.7,13.1,8.4,8.5,13.8,4.7,10.6,11.4,29.6,10.9,8.2,13.9,13.4,15.3,25.1,11.4,8.6,8.4,9.1,14.1,15.8,6.5,18.1,13.0,6.3,11.4,24.5,,4.7,7.6,10.1,13.8,21.3,29.6,12.8,11.4
04-03,10.3,11.8,10.7,7.7,12.6,13.0,24.1,11.1,19.4,7.4,15.4,13.2,8.4,8.5,13.8,4.7,10.6,11.8,29.6,10.9,8.2,13.9,13.4,15.4,25.1,11.4,8.6,8.5,9.1,14.1,16.0,6.5,18.2,13.0,6.3,11.4,24.5,,4.7,7.6,10.1,13.8,21.3,29.6,12.8,11.8
04-04,10.5,11.8,10.8,7.7,12.6,13.1,24.1,11.1,19.4,7.4,15.5,13.2,8.6,8.5,13.8,4.7,10.6,12.0,29.6,10.9,8.2,13.9,13.8,15.4,25.1,11.4,8.6,8.5,9.1,14.1,16.5,6.5,18.3,13.0,6.3,11.4,24.6,,4.7,7.6,10.2,13.8,21.3,29.6,12.8,11.8
04-05,10.5,11.8,10.8,7.7,12.6,13.1,24.1,11.1,19.4,7.4,15.7,13.3,8.9,8.5,13.9,4.7,10.6,12.1,29.6,11.0,8.2,13.9,13.8,15.4,25.1,11.4,8.6,8.6,9.1,14.1,16.5,6.5,18.3,13.0,6.3,11.4,24.6,,4.7,7.6,10.2,13.9,21.3,29.6,12.8,11.8
04-06,10.5,11.8,10.8,7.8,12.6,13.1,24.2,11.1,19.4,7.4,15.7,13.3,9.0,8.5,14.0,4.7,10.6,12.1,29.6,11.3,8.2,13.9,13.8,15.5,25.1,11.4,8.6,8.6,9.1,14.1,16.5,6.5,18.4,13.0,6.3,11.4,24.6,,4.7,7.6,10.2,13.9,21.3,29.6,12.8,11.8
04-07,10.6,11.8,10.8,7.8,12.6,13.1,24.2,11.1,19.5,7.4,15.7,13.4,9.0,8.5,14.2,4.7,10.6,12.2,29.6,11.3,8.2,13.9,13.8,15.6,25.1,11.4,8.6,8.6,9.1,14.1,16.5,6.5,18.4,13.0,6.3,11.4,24.6,,4.7,7.6,10.3,13.9,21.4,29.6,12.8,11.8
04-08,10.8,11.9,10.8,7.8,12.6,13.2,24.2,11.2,19.5,7.5,15.7,13.7,9.2,8.5,15.1,4.7,10.7,12.2,29.7,11.3,8.2,13.9,13.8,15.6,25.4,11.4,8.6,8.6,9.1,14.1,16.5,6.7,18.4,13.0,6.3,11.4,24.6,,4.7,7.7,10.4,13.9,21.4,29.7,12.8,11.9
04-09,10.8,11.9,10.9,8.1,12.7,13.2,24.2,11.8,19.5,7.5,15.8,13.7,9.2,8.5,15.5,4.7,10.8,12.3,29.7,11.3,8.3,14.0,13.8,15.6,26.1,11.4,8.8,8.6,9.1,14.5,16.6,6.7,18.4,13.2,6.3,11.4,24.6,,4.7,7.9,10.5,14.1,21.4,29.7,13.0,11.9
04-10,10.8,11.9,10.9,8.1,12.7,13.2,24.2,12.2,19.5,7.5,15.8,13.7,9.5,8.5,15.7,4.7,10.8,12.3,30.0,11.3,8.3,14.0,13.8,15.6,26.3,11.4,8.8,8.6,9.1,14.8,16.6,6.7,18.4,13.3,6.3,11.4,24.6,,4.7,7.9,10.5,14.2,21.4,30.0,13.0,12.2
04-11,10.8,11.9,10.9,8.2,12.7,13.2,24.2,12.3,19.5,7.5,15.8,13.7,9.5,8.7,15.8,4.7,10.8,12.4,30.0,11.3,8.3,14.0,13.9,15.6,26.3,11.4,8.8,8.6,9.1,14.8,16.6,6.7,18.4,13.3,6.3,11.4,24.6,,4.7,7.9,10.5,14.2,21.4,30.0,13.0,12.3
04-12,10.8,11.9,10.9,8.2,12.7,13.2,24.2,12.3,19.5,7.5,15.8,13.7,9.5,8.7,16.0,4.9,10.8,12.4,30.0,11.3,8.4,14.0,14.3,15.6,26.3,11.5,8.8,8.6,9.1,14.8,16.6,6.7,18.4,13.3,6.3,11.6,24.6,,4.9,7.9,10.5,14.4,21.4,30.0,13.0,12.3
04-13,10.9,12.0,10.9,8.2,12.7,13.3,24.2,12.3,19.5,7.7,16.1,14.1,9.5,8.7,16.0,4.9,10.8,12.4,30.0,11.3,8.4,14.0,14.3,15.8,26.3,11.9,8.8,8.6,9.1,14.8,16.6,6.7,18.5,13.3,6.3,11.6,24.6,,4.9,8.0,10.5,14.4,21.4,30.0,13.0,12.3
04-14,10.9,12.3,10.9,8.2,12.7,13.3,24.2,12.3,19.5,7.7,16.1,14.2,9.6,8.7,16.0,4.9,10.8,12.4,30.0,11.3,8.4,14.0,14.3,15.9,26.3,12.1,8.8,8.6,9.1,14.8,16.6,6.8,18.5,13.3,6.3,11.6,24.6,,4.9,8.0,10.6,14.4,21.4,30.0,13.0,12.3
04-15,10.9,12.4,10.9,8.2,12.8,13.3,24.2,12.4,19.5,7.7,16.2,14.5,9.6,8.7,16.0,5.0,10.8,12.4,30.0,11.7,8.4,14.0,14.5,15.9,26.3,12.5,8.8,8.6,9.1,14.8,16.6,6.8,18.6,13.3,6.3,11.7,24.6,,5.0,8.0,10.6,14.6,21.4,30.0,13.0,12.4
04-16,10.9,13.2,10.9,8.2,12.8,13.3,24.3,12.4,19.6,7.8,16.2,14.6,9.6,8.7,16.0,5.1,11.0,12.4,30.0,11.7,8.4,14.0,14.7,15.9,26.4,12.5,8.8,8.6,9.1,14.9,16.6,6.8,18.6,13.3,6.3,11.7,24.6,,5.1,8.0,10.6,14.7,21.5,30.0,13.0,12.5
04-17,10.9,13.7,10.9,8.3,12.8,13.3,24.3,12.4,19.6,7.8,16.2,14.6,9.6,8.7,16.0,5.1,11.0,12.5,30.0,11.7,8.7,14.0,14.7,15.9,26.4,12.5,9.0,8.6,9.2,14.9,16.6,6.8,18.6,13.3,6.3,11.7,24.6,,5.1,8.1,10.6,14.7,21.5,30.0,13.0,12.5
04-18,10.9,13.9,10.9,8.4,12.8,13.3,24.3,12.4,19.9,7.8,16.2,14.6,9.6,8.7,16.0,5.1,11.1,12.6,30.0,11.7,8.7,14.0,14.8,15.9,26.4,12.5,9.0,8.6,9.2,14.9,16.6,6.8,18.6,13.4,6.3,11.7,24.6,,5.1,8.2,10.6,14.8,21.7,30.0,13.0,12.6
04-19,10.9,13.9,11.0,8.9,12.8,13.4,24.3,12.4,20.4,7.9,16.2,14.6,9.6,9.0,16.0,5.1,11.2,12.9,30.0,11.7,8.7,14.0,14.8,15.9,26.4,12.5,9.0,8.6,9.2,14.9,16.6,6.8,18.6,13.5,6.4,11.7,24.6,,5.1,8.3,10.6,14.8,22.0,30.0,13.2,12.8
04-20,10.9,14.0,11.0,8.9,12.8,13.4,24.3,12.4,20.5,7.9,16.2,14.6,9.6,9.0,16.0,5.1,11.2,12.9,30.0,11.7,8.7,14.0,14.8,15.9,26.4,12.5,9.0,8.6,9.2,14.9,16.6,6.8,18.6,13.6,6.4,11.7,24.6,,5.1,8.3,10.6,14.8,22.0,30.0,13.2,12.8
04-21,10.9,14.7,11.0,8.9,12.9,13.4,24.3,12.4,20.6,7.9,16.2,14.7,9.6,9.0,16.2,5.1,11.2,12.9,30.0,11.7,8.7,14.0,14.8,15.9,26.6,12.5,9.0,8.6,9.2,14.9,16.6,6.9,18.6,13.7,6.4,11.7,24.6,,5.1,8.3,10.6,14.8,22.1,30.0,13.2,12.9
04-22,10.9,15.4,11.0,8.9,12.9,13.5,24.3,12.4,21.2,7.9,16.2,14.7,9.6,9.1,16.4,5.1,11.2,12.9,30.0,11.7,8.7,14.0,14.8,16.2,26.7,12.5,9.0,8.6,9.2,14.9,16.6,6.9,18.6,13.8,6.4,11.7,24.6,,5.1,8.3,10.6,15.0,22.4,30.0,13.2,12.9
04-23,10.9,15.5,11.0,9.1,12.9,13.5,24.3,12.4,21.3,7.9,16.2,14.7,9.6,9.1,16.7,5.1,11.3,12.9,30.1,11.7,9.3,14.0,14.8,16.3,26.7,12.5,9.0,8.6,9.2,14.9,16.6,6.9,18.6,13.8,6.4,11.8,24.6,,5.1,8.3,10.6,15.0,22.5,30.1,13.2,12.9
04-24,10.9,16.0,11.0,9.6,12.9,13.5,24.3,12.4,21.3,7.9,16.3,14.8,10.6,9.1,16.7,5.1,11.4,12.9,30.5,11.7,9.8,14.0,14.8,16.3,26.9,12.5,9.0,8.6,9.2,14.9,16.6,6.9,18.6,13.8,6.4,11.8,25.0,,5.1,8.3,10.8,15.1,22.5,30.5,13.2,12.9
04-25,10.9,16.0,11.0,9.8,12.9,13.5,24.3,12.4,21.3,7.9,16.3,14.8,11.2,9.1,16.7,5.1,11.4,12.9,31.1,11.7,9.8,14.0,14.8,16.3,27.1,12.5,9.0,8.6,9.5,14.9,16.6,6.9,18.6,13.8,6.4,11.8,25.0,,5.1,8.3,11.0,15.1,22.5,31.1,13.2,12.9
04-26,10.9,16.0,11.0,9.9,13.1,13.5,24.3,12.8,21.3,7.9,16.4,15.0,11.2,9.1,16.7,5.1,11.5,12.9,31.2,11.7,9.8,14.0,14.8,16.3,27.1,12.5,9.0,8.6,9.8,15.2,16.6,6.9,18.6,13.8,6.4,11.8,25.0,,5.1,8.3,11.0,15.4,22.5,31.2,13.3,12.9
04-27,10.9,16.0,11.0,9.9,13.1,13.5,24.3,12.9,21.3,7.9,16.4,15.0,11.2,9.1,16.7,5.2,11.5,13.0,31.2,11.7,9.8,14.0,14.8,16.3,27.1,12.5,9.0,9.4,9.8,15.2,16.6,6.9,18.6,13.8,6.6,11.8,25.0,,5.2,8.6,11.0,15.4,22.5,31.2,13.3,13.0
04-28,10.9,16.0,11.0,9.9,13.2,13.6,24.3,13.1,21.3,7.9,16.4,15.0,11.3,9.1,16.7,5.3,11.5,13.0,31.4,11.8,9.8,14.0,14.8,16.3,27.1,12.5,9.0,9.4,9.8,15.4,16.6,6.9,18.6,13.8,6.6,11.8,25.0,,5.3,8.6,11.0,15.5,22.5,31.4,13.4,13.1
04-29,10.9,16.0,11.1,9.9,13.2,13.6,24.3,13.5,21.3,7.9,16.4,15.0,11.3,9.1,16.7,5.3,11.5,13.0,31.4,11.8,9.8,14.0,14.8,16.4,27.1,12.5,9.0,9.4,9.8,15.8,16.6,6.9,18.6,13.8,6.7,11.8,25.0,,5.3,8.6,11.1,15.8,22.5,31.4,13.6,13.2
04-30,10.9,16.0,11.1,9.9,13.2,13.6,24.3,13.5,21.3,7.9,16.4,15.0,11.5,9.1,16.7,5.3,11.5,13.0,31.4,11.8,9.8,14.0,14.8,16.4,27.1,12.5,9.0,9.4,9.8,15.8,16.6,6.9,19.2,13.8,6.7,11.8,25.0,,5.3,8.6,11.1,15.8,22.5,31.4,13.6,13.2
05-01,10.9,16.1,11.1,10.0,13.2,13.6,24.3,13.5,21.3,7.9,16.4,15.0,11.6,9.1,16.7,5.3,11.5,13.0,31.4,11.8,9.8,14.0,14.8,16.5,27.1,12.5,9.0,9.4,9.8,15.9,16.6,6.9,19.5,13.8,6.7,11.8,25.0,,5.3,8.6,11.1,15.9,22.5,31.4,13.6,13.2
05-02,10.9,16.1,11.1,10.3,13.2,13.6,24.4,13.5,21.4,7.9,16.4,15.1,11.6,9.1,16.7,5.3,11.5,13.1,31.5,11.8,9.8,14.0,14.8,16.5,27.1,12.5,9.0,9.4,9.8,15.9,16.6,7.3,19.6,13.8,6.7,11.8,25.0,,5.3,8.6,11.1,15.9,22.6,31.5,13.6,13.2
05-03,10.9,16.1,11.1,10.3,13.2,13.6,24.4,13.6,21.5,7.9,16.4,15.1,11.6,9.1,16.7,5.3,11.5,13.1,31.5,11.8,9.8,14.0,14.8,16.5,27.1,12.5,9.0,9.4,9.8,16.2,16.6,7.5,19.6,13.8,6.7,11.8,25.0,,5.3,8.6,11.1,16.1,22.7,31.5,13.6,13.2
05-04,10.9,16.1,11.1,10.3,13.2,13.6,24.4,13.6,21.5,7.9,16.4,15.1,12.4,9.1,16.7,5.3,11.6,13.1,31.5,11.9,9.8,14.0,14.8,16.5,27.1,12.5,9.0,9.4,9.8,16.2,16.6,7.5,19.7,13.8,6.7,11.8,25.0,,5.3,8.6,11.1,16.1,22.7,31.5,13.6,13.2
05-05,10.9,16.1,11.1,10.3,13.2,13.6,24.5,13.6,21.5,7.9,16.4,15.1,12.4,9.1,16.7,5.3,11.6,13.1,31.5,11.9,9.9,14.0,14.8,16.5,27.1,12.5,9.0,9.4,10.0,16.2,16.6,7.5,19.7,13.8,6.7,11.8,25.0,,5.3,8.6,11.1,16.1,22.7,31.5,13.6,13.2
05-06,10.9,16.2,11.1,10.3,13.2,13.6,24.5,13.6,21.6,7.9,16.4,15.3,12.4,9.1,16.7,5.3,11.6,13.1,31.5,11.9,9.9,14.1,14.8,16.5,27.1,12.5,9.0,9.4,10.6,16.2,16.6,7.5,19.7,13.8,6.7,11.8,25.0,,5.3,8.6,11.1,16.2,22.8,31.5,13.6,13.2
05-07,10.9,16.2,11.1,10.3,13.3,13.7,24.6,13.6,21.7,7.9,16.4,15.5,12.4,9.1,16.7,5.3,11.7,13.1,31.9,11.9,9.9,14.1,14.8,16.5,27.1,12.5,9.1,9.4,10.6,16.2,16.6,7.5,19.7,13.8,6.7,11.8,25.0,,5.3,8.6,11.1,16.2,22.9,31.9,13.6,13.3
05-08,10.9,16.2,11.1,10.4,13.3,13.7,24.6,13.6,21.7,7.9,16.4,15.6,12.4,9.1,16.7,5.5,11.7,13.1,31.9,11.9,9.9,14.5,14.8,16.5,27.1,12.5,9.3,9.8,10.6,16.2,16.6,7.5,19.7,13.8,6.7,11.8,25.0,,5.5,8.6,11.1,16.2,22.9,31.9,13.6,13.3
05-09,11.0,16.2,11.1,10.4,13.3,13.8,24.6,13.6,21.7,7.9,16.4,15.9,12.4,9.1,16.7,5.5,11.8,13.1,31.9,11.9,9.9,14.5,14.8,16.5,27.5,12.5,9.4,9.8,10.8,16.2,16.6,7.5,19.8,13.8,6.7,11.8,25.0,,5.5,8.6,11.1,16.2,22.9,31.9,13.7,13.3
05-10,11.0,16.2,11.1,10.4,13.3,13.8,24.6,13.6,21.7,7.9,16.4,16.0,12.4,9.1,16.7,5.5,11.9,13.1,31.9,11.9,9.9,14.5,14.8,16.5,28.2,12.5,9.7,9.8,10.9,16.2,16.7,7.5,19.9,13.8,6.7,11.8,25.0,,5.5,8.6,11.1,16.2,22.9,31.9,13.7,13.3
05-11,11.0,16.2,11.2,10.4,13.3,13.8,24.6,13.6,21.7,7.9,16.5,16.0,12.4,9.1,16.7,5.5,11.9,13.1,31.9,11.9,9.9,14.5,14.8,16.6,28.3,12.5,9.7,10.0,10.9,16.2,16.7,7.5,20.4,13.8,6.7,11.8,25.0,,5.5,8.6,11.2,16.2,22.9,31.9,13.7,13.3
05-12,11.0,16.2,11.4,10.4,13.3,13.8,24.6,13.6,21.8,7.9,16.5,16.0,12.4,9.1,16.7,5.5,12.0,13.1,31.9,11.9,9.9,14.5,14.8,16.7,28.3,12.5,9.7,10.1,10.9,16.2,16.7,7.5,20.4,13.8,6.7,11.8,25.0,,5.5,8.6,11.3,16.2,22.9,31.9,13.7,13.3
05-13,11.0,16.2,11.4,10.4,13.4,13.8,24.8,13.7,21.8,7.9,16.5,16.0,12.5,9.1,16.7,5.5,12.0,13.1,31.9,11.9,9.9,14.5,14.8,16.7,28.3,12.5,9.7,10.1,10.9,16.2,16.7,7.5,20.4,13.8,6.7,11.8,25.0,,5.5,8.6,11.3,16.2,23.0,31.9,13.8,13.4
05-14,11.1,16.2,11.7,10.4,13.4,13.8,25.1,13.7,21.8,7.9,16.5,16.2,12.5,9.1,16.9,5.5,12.0,13.1,31.9,11.9,9.9,14.5,14.8,16.7,28.3,12.5,9.7,10.1,10.9,16.2,16.7,7.6,20.4,13.8,6.7,11.8,25.0,,5.5,8.6,11.6,16.2,23.1,31.9,13.8,13.4
05-15,11.1,16.2,11.8,10.4,13.4,13.8,25.1,13.7,21.8,7.9,16.5,16.2,12.5,9.1,16.9,5.5,12.0,13.1,31.9,11.9,9.9,14.5,14.8,16.7,28.3,12.5,9.7,10.1,11.2,16.2,16.7,7.6,20.4,13.8,6.7,11.8,25.2,,5.5,8.6,11.7,16.2,23.1,31.9,13.8,13.4
05-16,11.2,16.2,11.8,10.4,13.4,13.8,25.1,13.7,21.8,8.1,16.5,16.2,12.5,9.1,16.9,5.5,12.6,13.1,31.9,11.9,9.9,14.5,14.8,16.7,28.3,12.5,9.7,10.1,11.5,16.2,16.7,7.6,20.6,13.8,6.7,11.8,25.2,,5.5,8.7,11.7,16.2,23.1,31.9,13.8,13.4
05-17,11.7,16.3,11.9,10.4,13.4,13.8,25.9,13.7,22.1,8.1,16.5,16.3,12.5,9.1,16.9,5.5,12.6,13.1,31.9,11.9,9.9,14.5,14.8,16.7,28.3,12.5,9.7,10.1,11.5,16.2,16.8,7.6,20.7,13.8,6.7,11.8,25.2,,5.5,8.7,11.8,16.3,23.3,31.9,13.8,13.4
05-18,11.8,16.4,11.9,10.4,13.4,13.8,26.0,13.7,22.1,8.1,16.5,16.3,12.5,9.3,16.9,5.5,12.6,13.1,31.9,11.9,9.9,14.5,14.8,16.7,28.5,12.5,9.7,10.1,11.5,16.2,17.0,7.6,20.7,13.8,7.1,11.8,25.4,,5.5,8.8,11.8,16.3,23.4,31.9,13.8,13.4
05-19,12.0,16.4,11.9,10.4,13.4,13.8,26.0,13.7,22.1,8.1,16.5,16.3,12.5,9.4,16.9,5.5,12.6,13.1,32.0,11.9,9.9,14.5,14.8,16.7,28.8,12.5,9.7,10.1,11.5,16.2,17.0,7.6,20.7,13.8,7.1,11.8,25.4,,5.5,8.9,11.9,16.3,23.4,32.0,13.8,13.4
05-20,12.0,16.4,11.9,10.4,13.4,13.9,26.0,13.7,22.1,8.1,17.3,16.3,12.5,9.5,16.9,5.5,12.6,13.1,32.0,11.9,9.9,14.5,14.8,16.7,28.8,12.5,9.9,10.1,11.5,16.2,17.1,7.6,21.8,13.8,7.1,11.8,25.6,,5.5,8.9,11.9,16.3,23.5,32.0,13.8,13.4
05-21,12.1,16.4,11.9,10.4,13.4,14.4,26.0,13.7,22.1,8.1,17.3,16.4,12.5,9.5,16.9,5.5,12.6,13.1,32.0,11.9,9.9,14.5,14.8,16.7,28.8,12.5,10.0,10.1,11.5,16.2,17.1,7.6,22.2,13.8,7.1,11.8,25.6,,5.5,8.9,11.9,16.4,23.6,32.0,13.8,13.4
05-22,12.2,16.4,11.9,10.4,13.4,14.5,26.1,13.7,22.1,8.1,17.5,16.4,12.5,9.5,16.9,5.5,12.6,13.1,32.0,11.9,9.9,14.6,14.9,16.7,28.8,12.5,10.0,10.1,11.5,16.2,17.1,7.6,22.3,13.8,7.1,11.8,25.6,,5.5,8.9,11.9,16.4,23.6,32.0,13.8,13.4
05-23,12.3,16.4,11.9,10.4,13.4,14.5,26.1,13.7,22.2,8.1,17.5,16.5,12.5,9.5,16.9,5.5,12.6,13.1,32.0,11.9,9.9,14.7,14.9,16.7,28.8,12.5,10.0,10.1,11.7,16.2,17.1,7.6,22.4,13.8,7.1,11.8,25.6,,5.5,8.9,11.9,16.4,23.7,32.0,13.8,13.4
05-24,12.3,16.4,11.9,10.4,13.4,15.0,26.1,13.7,22.2,8.1,17.5,16.5,12.5,9.5,16.9,5.5,12.6,13.1,32.0,11.9,9.9,14.8,15.2,16.7,28.8,12.5,10.0,10.2,12.0,16.2,17.1,7.6,22.6,13.8,7.1,11.8,25.6,,5.5,8.9,11.9,16.4,23.8,32.0,13.8,13.4
05-25,12.3,16.4,11.9,10.4,13.4,15.4,26.1,13.7,23.2,8.2,17.7,16.5,12.5,9.5,16.9,5.5,12.6,13.1,32.0,11.9,9.9,14.9,15.2,16.9,28.8,12.5,10.0,10.2,12.0,16.2,17.1,7.6,22.6,13.8,7.1,11.8,25.6,,5.5,9.0,11.9,16.4,24.2,32.0,13.8,13.4
05-26,12.3,16.4,11.9,10.4,13.4,15.5,26.1,13.9,23.3,8.3,17.7,16.5,12.6,9.5,16.9,5.5,12.6,13.1,32.0,11.9,9.9,14.9,15.2,16.9,28.8,12.5,10.0,10.2,12.0,16.2,17.1,7.6,22.6,13.8,7.1,11.8,25.6,,5.5,9.0,11.9,16.4,24.2,32.0,13.8,13.4
05-27,12.3,16.4,11.9,10.4,13.4,15.8,26.1,13.9,23.4,8.3,17.7,16.5,12.8,9.6,16.9,5.5,12.6,13.1,32.0,11.9,9.9,14.9,15.3,16.9,28.8,12.5,10.0,10.2,12.2,16.2,17.1,7.6,22.7,13.8,7.1,11.8,25.6,,5.5,9.1,11.9,16.4,24.3,32.0,13.8,13.4
05-28,12.3,16.4,11.9,10.4,13.4,15.8,26.1,13.9,23.5,8.3,17.7,16.5,12.8,9.6,16.9,5.5,12.6,13.1,32.0,11.9,9.9,14.9,15.3,16.9,28.8,12.5,10.0,10.2,12.2,16.2,17.1,7.6,23.0,13.8,7.1,11.8,25.6,,5.5,9.1,11.9,16.4,24.3,32.0,13.8,13.4
05-29,12.4,16.4,11.9,11.3,13.4,15.8,26.1,13.9,23.5,8.3,17.7,16.5,12.8,9.6,16.9,5.5,12.6,13.1,32.0,11.9,9.9,14.9,15.4,16.9,28.8,12.5,10.0,10.2,12.3,16.2,17.1,7.6,23.2,13.8,7.1,11.8,25.6,,5.5,9.1,11.9,16.4,24.3,32.0,13.8,13.4
05-30,12.5,16.8,11.9,11.4,13.5,16.1,26.1,13.9,23.5,8.3,17.7,16.5,12.8,9.6,16.9,5.5,12.8,13.2,32.0,11.9,9.9,14.9,15.4,16.9,28.8,12.5,10.0,10.2,12.3,16.2,17.1,7.6,23.2,13.8,7.1,11.8,25.6,,5.5,9.1,11.9,16.6,24.3,32.0,13.8,13.5
05-31,12.5,16.9,11.9,11.4,13.7,16.1,26.1,13.9,23.5,8.3,17.7,16.5,12.8,9.6,16.9,5.5,12.8,13.2,32.1,11.9,9.9,14.9,15.4,16.9,28.8,12.5,10.0,10.2,12.3,16.2,17.1,7.6,23.2,13.8,7.1,11.8,25.6,,5.5,9.1,11.9,16.6,24.3,32.1,13.8,13.7
06-01,12.5,16.9,11.9,11.4,14.1,16.1,26.1,14.0,23.5,8.3,17.7,16.5,12.8,9.6,16.9,5.5,12.8,13.3,32.1,11.9,9.9,14.9,15.4,16.9,28.8,12.5,10.0,10.2,12.3,16.2,17.1,7.6,23.2,13.8,7.1,11.8,25.6,,5.5,9.1,11.9,16.6,24.3,32.1,14.0,13.8
06-02,12.5,16.9,11.9,11.4,14.2,16.1,26.1,14.0,23.5,8.4,17.7,16.5,12.9,9.6,16.9,5.5,12.8,13.3,32.1,11.9,9.9,14.9,15.4,16.9,28.8,12.5,10.0,10.2,12.3,16.2,17.1,7.6,23.2,13.8,7.1,11.8,25.6,,5.5,9.1,11.9,16.6,24.3,32.1,14.1,13.8
06-03,12.5,16.9,11.9,11.4,14.3,16.3,26.1,14.0,23.6,8.4,17.7,16.5,13.8,9.6,16.9,5.5,12.8,13.3,32.2,11.9,9.9,14.9,15.4,16.9,28.8,12.5,10.0,10.2,12.3,16.2,17.1,7.6,23.2,13.8,7.1,11.8,25.6,,5.5,9.1,11.9,16.6,24.4,32.2,14.2,13.8
06-04,12.5,16.9,11.9,11.4,14.3,16.3,26.1,14.0,23.7,8.4,17.7,16.5,13.8,9.6,16.9,5.5,12.8,13.3,32.6,11.9,9.9,14.9,15.4,16.9,28.8,12.5,10.0,10.2,12.3,16.2,17.1,7.6,23.2,13.8,7.1,11.8,25.6,,5.5,9.1,11.9,16.6,24.5,32.6,14.2,13.8
06-05,12.5,16.9,11.9,11.4,14.3,16.3,26.2,14.0,23.7,8.4,17.7,16.6,14.0,9.6,16.9,5.5,12.8,13.3,32.6,11.9,9.9,15.0,15.4,16.9,28.8,12.5,10.0,10.2,12.3,16.2,17.1,7.6,23.2,13.8,7.1,11.8,25.8,,5.5,9.1,11.9,16.7,24.5,32.6,14.2,14.0
06-06,12.5,16.9,11.9,11.4,14.3,16.3,26.3,14.0,23.7,8.4,17.7,16.6,14.0,9.6,16.9,5.5,12.8,13.3,32.6,11.9,9.9,15.0,15.4,16.9,28.8,12.5,10.0,10.2,12.3,16.2,17.1,7.6,23.2,13.8,7.1,11.8,25.8,,5.5,9.1,11.9,16.7,24.5,32.6,14.2,14.0
06-07,12.5,16.9,11.9,11.4,14.3,16.4,26.7,14.0,23.7,8.4,17.7,16.6,14.1,9.6,16.9,5.5,12.8,13.3,32.6,11.9,10.3,15.0,15.5,16.9,28.8,12.5,10.0,10.2,12.4,16.2,17.1,7.6,23.2,14.0,7.1,11.8,25.8,,5.5,9.1,11.9,16.7,24.5,32.6,14.2,14.0
06-08,12.5,16.9,11.9,11.4,14.3,16.4,26.7,14.0,23.7,8.4,17.7,16.7,14.1,9.6,16.9,5.5,12.8,13.3,32.6,11.9,10.3,15.0,15.5,16.9,28.8,12.5,10.0,10.2,12.4,16.2,17.1,7.6,23.2,14.0,7.1,11.8,25.8,,5.5,9.1,11.9,16.7,24.5,32.6,14.2,14.0
06-09,12.5,16.9,11.9,11.4,14.3,16.4,26.7,14.0,24.1,8.4,18.1,16.7,14.1,9.6,16.9,5.5,12.8,13.3,32.6,11.9,10.3,15.0,15.5,16.9,28.8,12.5,10.0,10.2,12.4,16.2,17.1,7.6,23.2,14.0,7.1,11.8,25.8,,5.5,9.1,11.9,16.7,24.8,32.6,14.2,14.0
06-10,12.5,16.9,12.0,11.5,14.3,16.6,26.7,14.0,24.2,8.4,18.2,16.9,14.1,9.6,16.9,5.5,12.8,13.3,32.6,11.9,10.3,15.0,15.5,16.9,28.8,12.5,10.0,10.2,12.4,16.2,17.1,7.6,23.2,14.0,7.1,11.8,25.8,,5.5,9.1,12.0,16.9,24.8,32.6,14.2,14.0
06-11,12.6,16.9,12.0,11.6,14.3,16.6,26.7,14.0,24.2,8.4,18.2,16.9,14.1,9.6,16.9,5.5,12.8,13.3,32.6,11.9,10.3,15.0,15.5,16.9,28.8,12.5,10.0,10.2,12.7,16.2,17.1,7.6,23.2,14.0,7.1,11.8,25.8,,5.5,9.1,12.0,16.9,24.8,32.6,14.2,14.0
06-12,12.6,16.9,12.0,11.6,14.3,16.6,26.7,14.0,24.2,8.4,18.2,16.9,14.1,9.6,16.9,5.5,12.8,13.3,33.0,11.9,10.3,15.0,15.5,17.0,28.8,12.5,10.0,10.2,12.9,16.2,17.1,7.6,23.2,14.0,7.1,11.8,25.8,,5.5,9.1,12.0,16.9,24.8,33.0,14.2,14.0
06-13,12.6,16.9,12.0,11.6,14.3,16.6,26.7,14.0,24.2,8.4,18.2,16.9,14.1,9.6,16.9,5.5,12.8,13.3,33.0,11.9,10.3,15.0,15.5,17.2,28.8,12.5,10.0,10.2,12.9,16.2,17.1,7.6,23.2,14.0,7.1,11.8,25.9,,5.5,9.1,12.0,16.9,24.9,33.0,14.2,14.0
06-14,12.6,16.9,12.0,11.6,14.3,16.6,26.8,14.0,24.2,8.4,18.3,17.0,14.1,9.6,16.9,5.5,12.8,13.3,33.0,11.9,10.3,15.0,15.5,17.2,28.8,12.5,10.0,10.2,12.9,16.2,17.1,7.6,23.2,14.0,7.1,11.8,26.0,,5.5,9.1,12.0,16.9,24.9,33.0,14.2,14.0
06-15,12.6,16.9,12.0,11.6,14.3,16.6,26.8,14.0,24.2,8.4,18.5,17.0,14.1,9.6,16.9,5.5,12.8,13.3,33.0,11.9,10.3,15.0,15.5,17.2,28.8,12.5,10.0,10.2,12.9,16.2,17.1,7.6,23.2,14.0,7.1,11.8,26.0,,5.5,9.1,12.0,16.9,24.9,33.0,14.2,14.0
06-16,12.6,16.9,12.0,11.6,14.3,16.6,26.8,14.0,24.2,8.4,18.7,17.0,14.1,9.6,16.9,5.5,12.8,13.4,33.0,11.9,10.3,15.0,15.5,17.2,28.8,12.5,10.0,10.2,12.9,16.2,17.1,7.6,23.2,14.0,7.1,11.8,26.2,,5.5,9.1,12.0,16.9,25.0,33.0,14.2,14.0
06-17,12.6,16.9,12.0,11.6,14.3,16.6,26.8,14.0,24.3,8.4,18.7,17.4,14.1,9.6,16.9,5.5,12.8,13.4,33.0,11.9,10.3,15.0,15.5,17.2,28.8,12.5,10.0,10.2,12.9,16.2,17.1,7.6,23.8,14.0,7.1,11.8,26.4,,5.5,9.1,12.0,16.9,25.1,33.0,14.2,14.0
06-18,12.6,16.9,12.0,11.6,14.3,16.6,26.8,14.0,24.5,8.4,18.7,17.6,14.2,9.6,16.9,5.5,12.8,13.4,33.0,11.9,10.3,15.0,15.5,17.2,28.8,12.5,10.0,10.2,12.9,16.2,17.1,7.6,24.1,14.0,7.1,11.8,26.4,,5.5,9.1,12.0,16.9,25.3,33.0,14.2,14.0
06-19,12.6,17.0,12.0,11.6,14.3,16.6,26.9,14.0,24.6,8.4,18.7,17.6,14.2,9.6,16.9,5.5,12.8,13.4,33.0,11.9,10.3,15.0,15.5,17.2,28.8,12.5,10.0,10.2,12.9,16.2,17.1,7.6,24.7,14.0,7.1,11.8,26.4,,5.5,9.1,12.0,16.9,25.4,33.0,14.2,14.0
06-20,12.6,17.0,12.0,11.6,14.3,16.6,26.9,14.0,24.6,8.4,18.8,17.6,14.2,9.6,16.9,5.5,12.8,13.4,33.0,11.9,10.3,15.0,15.5,17.2,28.8,12.5,10.0,10.2,12.9,16.2,17.1,7.6,24.7,14.0,7.1,11.8,26.4,,5.5,9.1,12.0,16.9,25.4,33.0,14.2,14.0
06-21,12.6,17.1,12.0,11.6,14.3,16.6,26.9,14.0,24.6,8.4,18.8,17.6,14.2,9.6,16.9,5.5,12.8,13.4,33.0,11.9,10.3,15.0,15.7,17.2,28.8,12.5,10.0,10.2,12.9,16.2,17.1,7.6,24.7,14.0,7.1,11.8,26.4,,5.5,9.1,12.0,16.9,25.4,33.0,14.2,14.0
06-22,12.6,17.1,12.0,11.6,14.3,16.6,26.9,14.1,24.6,8.4,18.8,17.6,14.2,9.6,16.9,5.5,12.8,13.4,33.0,11.9,10.3,15.0,15.7,17.2,28.8,12.5,10.0,10.2,12.9,16.2,17.1,7.6,24.7,14.0,7.1,11.8,26.4,,5.5,9.1,12.0,16.9,25.4,33.0,14.2,14.1
06-23,12.6,17.1,12.0,11.6,14.3,16.6,26.9,14.1,24.6,8.4,18.8,17.6,14.2,9.6,16.9,5.5,12.8,13.4,33.1,11.9,10.3,15.0,15.7,17.2,28.8,12.5,10.0,10.2,12.9,16.2,17.1,7.6,24.7,14.0,7.1,11.8,26.4,,5.5,9.1,12.0,16.9,25.4,33.1,14.2,14.1
06-24,12.6,17.1,12.0,11.6,14.3,16.6,26.9,14.1,24.6,8.4,18.8,17.7,14.2,9.6,16.9,5.5,12.8,13.4,33.1,11.9,10.3,15.0,15.7,17.2,28.8,12.5,10.0,10.2,12.9,16.2,17.1,7.6,24.7,14.0,7.1,11.8,26.4,,5.5,9.1,12.0,16.9,25.4,33.1,14.2,14.1
06-25,12.6,17.1,12.0,11.6,14.3,16.6,26.9,14.1,24.6,8.4,18.8,17.7,14.2,9.6,16.9,5.5,12.8,13.4,33.2,11.9,10.3,15.0,15.7,17.2,28.8,12.5,10.0,10.2,12.9,16.2,17.1,7.6,24.7,14.0,7.1,11.9,26.4,,5.5,9.1,12.0,16.9,25.4,33.2,14.2,14.1
06-26,12.6,17.1,12.0,11.6,14.3,16.6,26.9,14.1,24.6,8.4,18.8,17.7,14.2,9.6,16.9,5.5,12.8,13.4,33.3,11.9,10.3,15.0,15.7,17.2,28.8,12.5,10.0,10.2,12.9,16.2,17.1,7.6,24.7,14.0,7.1,11.9,26.4,,5.5,9.1,12.0,16.9,25.4,33.3,14.2,14.1
06-27,12.6,17.1,12.0,11.6,14.3,16.6,26.9,14.1,24.6,8.4,18.8,17.7,14.2,9.6,17.0,5.5,12.8,13.4,33.3,11.9,10.3,15.0,15.9,17.2,28.8,12.5,10.0,10.2,12.9,16.2,17.1,7.6,24.7,14.0,7.1,11.9,26.4,,5.5,9.1,12.0,17.0,25.4,33.3,14.2,14.1
06-28,12.6,17.1,12.0,11.6,14.3,16.6,26.9,14.1,24.6,8.4,18.8,17.7,14.2,9.6,17.0,5.5,12.8,13.4,33.3,11.9,10.3,15.0,15.9,17.2,28.8,12.5,10.0,10.2,12.9,16.2,17.1,7.6,24.7,14.0,7.1,11.9,26.4,,5.5,9.1,12.0,17.0,25.4,33.3,14.2,14.1
06-29,12.6,17.4,12.0,11.6,14.3,16.6,26.9,14.1,24.7,8.4,18.8,17.7,14.2,9.6,17.0,5.5,12.8,13.4,33.3,11.9,10.3,15.0,15.9,17.2,28.8,12.5,10.0,10.2,12.9,16.2,17.1,7.6,24.7,14.0,7.1,11.9,26.4,,5.5,9.1,12.0,17.0,25.4,33.3,14.2,14.1
06-30,12.6,17.5,12.0,11.6,14.3,16.6,26.9,14.1,24.9,8.4,18.8,17.7,14.2,9.6,17.0,5.5,12.8,13.4,33.3,11.9,10.3,15.0,15.9,17.2,28.8,12.5,10.0,10.2,12.9,16.2,17.1,7.6,24.7,14.0,7.1,11.9,26.6,,5.5,9.1,12.0,17.0,25.6,33.3,14.2,14.1
07-01,12.6,17.6,12.0,11.6,14.3,16.6,26.9,14.1,25.0,8.4,18.8,17.7,14.2,9.6,17.0,5.5,12.8,13.4,33.3,11.9,10.3,15.0,15.9,17.2,28.8,12.5,10.0,10.2,12.9,16.4,17.1,7.6,24.7,14.0,7.1,11.9,26.6,,5.5,9.1,12.0,17.0,25.6,33.3,14.2,14.1
07-02,12.6,17.6,12.0,11.6,14.3,16.6,26.9,14.1,25.0,8.4,18.8,17.7,14.2,9.6,17.0,5.5,12.8,13.4,33.3,12.0,10.3,15.0,15.9,17.2,28.8,12.5,10.0,10.2,13.4,16.4,17.1,7.6,24.7,14.0,7.1,11.9,26.6,,5.5,9.1,12.0,17.0,25.6,33.3,14.2,14.1
07-03,12.6,17.6,12.0,11.6,14.3,16.6,26.9,14.1,25.0,8.4,18.8,17.7,14.2,9.6,17.0,5.5,12.8,13.4,33.3,12.0,10.3,15.0,16.0,17.2,28.8,12.5,10.0,10.2,13.4,16.4,17.1,7.6,24.7,14.0,7.1,11.9,26.6,,5.5,9.1,12.0,17.0,25.6,33.3,14.2,14.1
07-04,12.6,17.6,12.0,11.6,14.3,16.6,26.9,14.1,25.0,8.4,18.8,17.7,14.2,9.6,17.0,5.5,12.8,13.4,33.3,12.4,10.3,15.0,16.0,17.2,28.8,12.5,10.0,10.2,13.4,16.4,17.1,7.6,24.7,14.0,7.1,11.9,26.6,,5.5,9.1,12.3,17.0,25.6,33.3,14.2,14.1
07-05,12.6,17.6,12.0,11.6,14.3,16.6,26.9,14.1,25.0,8.4,18.8,17.7,14.2,9.6,17.0,5.5,12.8,13.4,33.3,12.4,10.3,15.0,16.0,17.2,28.8,12.5,10.4,10.2,13.4,16.4,17.1,7.6,24.7,14.0,7.1,11.9,26.6,,5.5,9.1,12.3,17.0,25.6,33.3,14.2,14.1
07-06,12.6,17.6,12.0,11.6,14.3,16.6,26.9,14.1,25.0,8.4,18.8,18.7,14.2,9.6,17.0,5.5,12.8,13.4,33.3,12.4,10.3,15.0,16.0,17.2,28.8,12.5,10.4,10.2,13.5,16.4,17.1,7.6,24.7,14.0,7.1,11.9,26.6,,5.5,9.1,12.3,17.0,25.6,33.3,14.2,14.1
07-07,12.6,17.6,12.0,11.6,14.3,16.6,26.9,14.1,25.0,8.4,18.8,18.8,14.2,9.6,17.1,5.5,12.8,13.4,33.3,13.2,10.3,15.2,16.0,17.2,28.9,12.5,10.5,10.3,13.5,16.4,17.1,7.6,24.7,14.0,7.1,11.9,26.6,,5.5,9.1,12.4,17.1,25.6,33.3,14.2,14.1
07-08,12.6,17.6,12.0,11.7,14.3,16.6,26.9,14.1,25.0,8.4,18.8,18.8,14.2,9.6,17.1,5.5,12.8,13.4,33.3,13.5,10.3,15.2,16.0,17.2,28.9,12.5,10.6,10.6,13.5,16.4,17.1,7.6,24.7,14.0,7.1,11.9,26.6,,5.5,9.1,12.4,17.1,25.6,33.3,14.2,14.1
07-09,12.6,17.6,12.0,11.7,14.3,16.7,26.9,14.1,25.0,8.5,18.8,18.8,14.8,9.6,17.1,5.5,12.8,13.4,33.3,13.5,10.3,15.2,16.0,17.2,28.9,12.5,10.6,10.7,14.0,16.4,17.1,7.6,24.7,14.0,7.1,11.9,26.6,,5.5,9.2,12.4,17.1,25.6,33.3,14.6,14.1
07-10,12.6,17.6,12.0,12.1,14.3,16.8,26.9,14.1,25.0,8.7,18.8,18.9,15.1,9.6,17.1,5.5,12.8,13.4,33.3,13.6,10.3,15.2,16.0,17.2,28.9,12.5,10.6,10.7,14.0,16.4,17.1,7.6,24.7,14.0,7.1,11.9,26.6,,5.5,9.2,12.4,17.1,25.6,33.3,14.7,14.1
07-11,12.6,17.6,12.0,12.1,14.3,16.8,26.9,14.1,25.0,8.8,18.8,18.9,15.2,9.6,17.1,5.5,12.8,13.4,33.3,13.6,10.3,15.2,16.0,17.2,28.9,12.5,10.6,10.7,14.0,16.4,17.1,7.6,24.7,14.0,7.1,11.9,26.6,,5.5,9.3,12.4,17.1,25.6,33.3,14.8,14.1
07-12,12.6,17.6,12.0,12.1,14.3,16.8,26.9,14.1,25.5,8.8,18.8,18.9,15.4,9.6,17.1,5.6,12.8,13.4,33.3,13.6,10.3,15.2,16.0,17.2,28.9,12.5,10.7,10.7,14.1,16.4,17.4,7.6,24.7,14.0,7.1,11.9,26.6,,5.6,9.3,12.4,17.1,25.9,33.3,14.8,14.1
07-13,12.6,17.6,12.0,12.2,14.3,16.8,26.9,14.1,25.7,8.8,18.8,18.9,15.9,9.6,17.1,5.6,12.8,13.4,33.3,13.6,10.3,15.3,16.0,17.2,29.0,12.5,10.9,10.7,14.1,16.4,17.4,8.2,24.7,14.0,7.1,11.9,26.6,,5.6,9.3,12.4,17.1,26.1,33.3,14.8,14.1
07-14,12.6,17.6,12.0,12.6,14.3,16.8,26.9,14.1,25.7,8.9,18.8,18.9,16.0,9.6,17.1,5.6,12.8,13.4,33.3,13.6,10.3,15.3,16.0,17.2,29.0,12.5,10.9,10.7,14.1,16.4,17.4,8.6,24.7,14.0,7.6,11.9,26.6,,5.6,9.3,12.6,17.1,26.1,33.3,14.8,14.1
07-15,12.6,17.6,12.0,12.6,14.3,16.8,26.9,14.1,25.7,8.9,18.8,18.9,16.1,9.6,17.6,5.7,12.8,13.4,33.3,13.6,10.3,15.4,16.0,17.2,29.0,12.7,10.9,11.0,14.1,16.4,17.4,9.0,24.7,14.0,9.1,12.0,26.6,,5.7,9.4,12.6,17.2,26.1,33.3,14.8,14.1
07-16,12.6,17.6,12.0,12.7,14.3,16.8,26.9,14.1,25.7,9.0,18.8,18.9,16.1,9.6,17.6,5.8,12.8,13.5,33.3,13.6,10.3,15.4,16.0,17.2,29.0,12.8,10.9,11.8,14.1,16.4,17.4,9.0,24.7,14.0,9.1,12.0,26.6,,5.8,9.4,12.7,17.2,26.1,33.3,14.8,14.1
07-17,12.9,17.6,12.0,12.7,14.3,16.8,26.9,14.1,25.7,9.0,18.8,18.9,16.1,9.6,17.6,5.8,12.8,13.5,33.7,13.6,10.3,15.4,16.0,17.2,29.0,13.0,11.3,11.8,14.1,16.4,17.5,9.0,24.7,14.0,9.7,12.0,26.6,,5.8,9.7,12.8,17.3,26.1,33.7,14.8,14.1
07-18,12.9,17.6,12.0,12.7,14.3,16.8,26.9,14.1,25.7,9.0,18.8,18.9,16.1,9.6,17.6,5.9,12.8,13.6,33.7,13.6,10.3,15.4,16.0,17.3,29.0,13.0,11.3,11.8,14.1,16.4,17.5,9.0,24.7,14.0,9.7,12.0,26.6,,5.9,9.7,12.8,17.3,26.1,33.7,14.8,14.1
07-19,12.9,17.6,12.0,12.7,14.3,16.8,26.9,14.1,25.8,9.0,18.8,18.9,16.1,9.6,17.6,5.9,12.8,13.6,33.7,13.6,10.3,15.4,16.0,17.3,29.0,13.0,11.4,11.8,14.9,16.5,18.0,9.0,24.7,14.0,9.7,12.0,26.6,,5.9,9.7,12.8,17.4,26.1,33.7,15.2,14.3
07-20,13.0,17.6,12.0,12.7,14.3,16.8,26.9,14.1,25.8,9.0,18.8,18.9,16.2,9.6,17.6,6.0,12.8,13.6,33.7,14.5,10.3,15.4,16.1,17.3,29.0,13.0,11.6,11.8,14.9,16.5,18.2,9.5,24.7,14.0,9.7,12.0,26.6,,6.0,9.7,12.8,17.4,26.1,33.7,15.2,14.5
07-21,13.9,17.6,12.0,12.8,14.3,16.8,26.9,14.1,25.8,9.0,18.8,19.0,16.2,9.6,17.6,6.0,12.8,13.6,33.7,14.7,10.3,15.4,16.2,17.5,29.0,13.0,11.6,11.8,15.0,16.5,18.2,10.2,24.7,14.0,10.4,12.0,26.6,,6.0,10.3,12.8,17.5,26.1,33.7,15.2,14.7
07-22,13.9,17.6,12.0,12.8,14.3,16.8,26.9,14.1,25.8,9.0,19.0,19.0,16.2,9.6,17.6,6.1,12.9,13.6,33.7,14.9,10.3,15.4,16.2,17.5,29.0,13.1,11.7,11.8,15.0,16.5,18.2,10.4,24.7,14.0,10.9,12.0,26.6,,6.1,10.4,12.9,17.5,26.1,33.7,15.2,14.9
07-23,13.9,17.6,12.0,12.8,14.3,16.8,26.9,14.1,25.8,9.0,19.0,19.1,16.3,9.6,17.6,6.1,12.9,13.6,33.7,14.9,10.3,15.4,16.2,17.5,29.0,13.3,11.7,11.8,15.0,16.5,18.2,10.4,24.7,14.0,11.2,12.0,26.6,,6.1,10.4,12.9,17.5,26.1,33.7,15.2,14.9
07-24,13.9,17.7,12.0,12.8,14.3,16.8,26.9,14.1,25.8,9.0,19.0,19.2,16.3,9.6,17.6,6.1,12.9,13.6,33.8,14.9,10.4,15.4,16.2,17.5,29.0,13.3,11.7,11.8,15.0,16.5,18.2,10.4,24.7,14.8,11.2,12.0,26.6,,6.1,10.4,12.9,17.5,26.1,33.8,15.2,14.9
07-25,13.9,17.7,12.1,12.8,14.3,16.8,26.9,14.1,25.8,9.0,19.0,19.4,16.3,9.6,17.6,6.5,12.9,13.6,34.0,14.9,10.4,15.4,16.2,17.5,29.0,13.4,11.7,11.8,15.0,16.6,18.4,10.7,24.7,14.8,11.3,12.0,26.6,,6.5,10.6,12.9,17.5,26.1,34.0,15.2,14.9
07-26,13.9,17.7,12.1,12.8,14.3,17.2,26.9,14.1,25.8,9.0,19.0,19.4,16.3,9.6,17.7,6.6,13.0,13.6,34.3,14.9,10.5,15.4,16.2,17.6,29.0,13.4,11.7,11.8,15.0,16.6,19.2,10.7,24.8,14.8,11.3,12.2,26.6,,6.6,10.6,13.0,17.6,26.1,34.3,15.2,14.9
07-27,13.9,17.7,12.1,12.8,14.3,17.2,26.9,14.1,25.8,9.2,19.0,19.4,16.3,9.6,17.7,6.6,13.0,13.6,34.3,14.9,11.3,15.7,16.3,17.6,29.3,13.4,12.1,11.8,15.0,16.6,19.2,10.7,24.8,14.8,11.3,12.2,26.6,,6.6,11.1,13.0,17.6,26.1,34.3,15.4,14.9
07-28,14.0,18.0,12.4,12.8,14.3,17.2,26.9,14.1,25.8,9.2,19.0,19.7,16.4,9.6,17.7,6.6,13.0,13.8,34.3,15.0,11.3,15.7,16.5,17.6,29.3,13.4,12.4,11.8,15.0,16.6,19.3,10.8,24.8,15.2,11.3,12.3,26.6,,6.6,11.1,13.0,17.6,26.1,34.3,15.4,15.0
07-29,14.0,18.7,12.5,12.8,14.3,17.2,26.9,15.0,25.8,9.2,19.0,19.8,16.6,9.6,17.7,6.7,13.0,13.8,34.3,15.4,11.3,15.7,16.5,18.0,29.3,13.5,12.7,11.9,15.0,16.6,19.3,10.8,24.8,15.2,11.3,12.3,26.6,,6.7,11.1,13.0,17.8,26.1,34.3,15.6,15.2
07-30,14.3,18.7,12.5,12.8,14.3,17.2,26.9,15.0,25.8,9.2,19.0,19.9,16.6,9.6,17.7,6.7,13.0,13.8,34.3,16.4,11.3,15.7,16.6,18.2,29.3,13.8,12.7,12.0,15.0,16.6,19.4,10.8,24.8,15.2,11.4,12.4,26.6,,6.7,11.1,13.0,17.8,26.1,34.3,16.0,15.2
07-31,14.3,18.7,12.5,12.8,14.3,17.2,26.9,15.0,25.8,9.2,19.0,19.9,16.7,9.6,17.7,6.7,13.0,13.8,34.3,16.5,11.7,15.7,16.6,18.2,29.3,13.9,12.7,12.1,15.0,17.0,19.4,10.8,24.8,15.2,11.6,12.6,26.6,,6.7,11.3,13.0,17.8,26.1,34.3,16.1,15.2
08-01,14.3,18.8,13.4,12.8,14.3,17.2,26.9,15.0,25.8,9.2,19.0,19.9,16.7,9.6,17.7,6.7,13.0,13.8,34.3,16.7,11.7,15.7,16.6,19.4,29.3,13.9,12.7,12.4,15.0,17.9,19.4,10.8,25.2,15.2,11.6,12.8,26.7,,6.7,11.3,13.3,18.1,26.2,34.3,16.2,15.2
08-02,14.3,18.8,13.4,12.8,14.3,17.2,26.9,15.1,25.8,9.3,19.0,19.9,16.7,9.6,17.7,6.7,13.0,13.8,34.3,16.7,11.9,15.7,16.6,19.4,29.3,14.1,12.7,12.4,15.0,18.2,19.4,10.8,25.4,15.2,11.6,12.8,26.9,,6.7,11.3,13.3,18.3,26.2,34.3,16.2,15.2
08-03,14.3,19.1,13.4,13.1,14.3,17.2,26.9,15.1,25.8,9.3,19.0,19.9,16.7,9.6,17.9,6.7,13.1,13.8,35.4,16.8,12.0,15.7,16.6,19.4,29.3,14.1,12.7,12.4,15.0,18.2,19.4,11.9,25.5,15.2,11.6,12.8,27.0,,6.7,11.8,13.3,18.4,26.2,35.4,16.2,15.2
08-04,14.3,19.3,13.4,13.1,14.3,17.3,26.9,15.1,25.8,9.3,19.0,19.9,16.7,9.7,18.1,6.8,13.1,13.8,35.5,16.9,12.1,15.7,16.6,19.4,29.4,14.2,12.7,13.2,15.0,18.4,19.5,11.9,25.5,15.2,11.6,12.8,27.0,,6.8,11.8,13.4,18.5,26.2,35.5,16.2,15.2
08-05,14.3,19.3,13.4,13.2,14.3,17.3,26.9,15.1,25.8,9.3,19.2,19.9,16.7,9.7,18.1,6.8,13.1,13.8,35.5,17.0,12.6,15.7,16.6,19.4,29.4,14.3,12.7,13.2,15.0,18.7,19.7,12.0,25.5,15.3,11.6,12.9,27.0,,6.8,11.8,13.4,18.8,26.2,35.5,16.2,15.3
08-06,14.3,19.3,13.4,13.2,14.6,17.3,26.9,15.1,25.8,9.3,19.2,19.9,16.9,9.7,18.1,6.8,13.1,13.9,35.7,17.0,12.6,15.7,16.6,19.4,29.4,14.3,12.7,13.2,15.0,18.7,20.2,12.0,25.5,15.3,11.6,12.9,27.0,,6.8,11.8,13.4,18.8,26.2,35.7,16.2,15.3
08-07,14.3,19.3,13.4,13.2,14.8,17.6,26.9,15.1,25.8,9.3,19.2,19.9,16.9,9.7,18.1,6.8,13.1,13.9,35.7,17.0,12.7,16.0,16.7,19.4,29.4,14.7,12.7,13.2,15.0,19.3,20.6,12.0,25.5,15.3,11.7,12.9,27.0,,6.8,11.9,13.4,19.2,26.2,35.7,16.4,15.3
08-08,14.9,19.3,13.4,13.2,14.8,17.6,27.0,15.3,25.8,9.3,19.2,19.9,16.9,9.7,18.5,6.8,13.1,13.9,35.7,17.0,12.7,16.2,16.7,19.7,29.4,14.7,12.8,13.2,15.7,19.3,20.6,12.0,26.0,15.3,11.7,12.9,27.0,,6.8,11.9,13.4,19.2,26.4,35.7,16.4,15.7
08-09,14.9,19.3,13.6,13.2,14.8,17.6,27.7,15.3,25.8,9.3,19.2,19.9,16.9,9.7,18.5,6.8,13.1,13.9,35.8,17.0,12.7,16.2,16.7,19.8,29.4,14.7,12.8,13.2,15.7,19.4,20.6,12.0,26.0,15.3,11.7,12.9,27.0,,6.8,11.9,13.5,19.2,26.4,35.8,16.4,15.7
08-10,15.0,19.3,13.6,13.2,14.8,17.6,27.7,15.3,25.8,9.3,19.5,19.9,16.9,9.7,18.6,6.8,13.1,13.9,35.9,17.2,12.7,16.2,16.7,19.8,29.4,15.1,12.8,13.2,15.7,19.4,20.6,12.0,26.0,15.3,11.7,13.1,27.0,,6.8,11.9,13.5,19.3,26.4,35.9,16.4,15.7
08-11,15.0,19.3,13.7,13.2,14.8,17.6,27.7,15.4,26.0,9.3,20.7,19.9,17.2,9.7,18.9,6.8,13.1,13.9,36.1,17.2,12.7,16.2,16.7,19.8,29.4,15.1,12.8,13.2,15.7,19.6,20.6,12.0,26.0,15.3,11.7,13.2,27.2,,6.8,11.9,13.6,19.4,26.5,36.1,16.4,15.7
08-12,15.3,19.4,13.9,13.2,14.8,17.6,27.7,15.8,26.0,9.3,20.7,19.9,17.2,9.7,18.9,6.8,13.1,13.9,36.2,17.2,12.7,16.2,16.7,19.8,29.4,15.1,12.8,13.2,16.0,19.6,20.6,12.2,26.0,15.3,11.7,13.3,27.2,,6.8,12.0,13.8,19.4,26.5,36.2,16.4,16.0
08-13,16.3,19.4,13.9,13.2,14.8,17.6,27.7,15.9,26.4,9.3,20.9,19.9,17.2,9.7,18.9,6.8,13.1,13.9,36.5,17.2,12.7,16.2,16.7,19.8,29.4,15.1,12.8,13.7,16.0,19.6,20.6,12.2,26.0,15.3,11.7,13.4,27.4,,6.8,12.0,13.9,19.4,26.8,36.5,16.4,16.2
08-14,16.3,19.4,13.9,13.3,14.8,17.6,27.7,15.9,26.4,9.3,20.9,19.9,17.3,9.7,18.9,6.8,13.1,13.9,36.6,17.2,12.7,16.2,16.7,19.8,29.4,15.1,12.8,13.8,16.0,19.6,20.6,12.2,26.0,15.3,11.7,13.4,27.4,,6.8,12.0,13.9,19.4,26.8,36.6,16.4,16.2
08-15,16.3,19.4,13.9,13.3,14.8,17.6,27.7,15.9,26.4,9.3,20.9,19.9,17.3,9.7,18.9,6.8,13.1,13.9,36.6,17.2,12.7,16.3,16.7,19.8,29.4,15.1,12.8,13.8,16.0,19.6,20.6,12.2,26.0,15.3,11.7,13.5,27.4,,6.8,12.0,13.9,19.4,26.8,36.6,16.5,16.3
08-16,16.3,19.4,13.9,13.5,14.8,17.6,27.8,16.0,26.4,9.3,20.9,20.2,17.3,9.7,18.9,6.8,13.5,13.9,37.0,17.3,12.7,16.3,16.7,19.8,29.4,15.2,12.8,13.8,16.0,19.6,20.6,13.4,26.0,15.3,11.7,13.7,27.4,,6.8,12.3,13.9,19.4,26.8,37.0,16.5,16.3
08-17,16.4,19.4,13.9,13.6,14.8,17.6,27.8,16.0,26.6,9.3,20.9,20.2,17.3,9.7,18.9,6.8,13.5,14.2,37.0,17.3,12.8,16.3,16.7,19.8,29.4,15.3,12.8,13.8,16.0,19.6,20.6,13.4,26.0,15.3,11.7,14.3,27.4,,6.8,12.4,14.1,19.4,26.9,37.0,16.5,16.3
08-18,16.4,19.4,14.9,13.6,14.8,17.6,27.8,16.1,26.6,9.3,20.9,20.2,17.3,10.0,18.9,6.9,13.5,14.2,37.1,17.3,12.8,16.3,16.7,19.8,29.4,15.3,13.0,13.8,16.0,19.6,20.6,13.4,26.0,15.3,11.8,15.0,27.4,,6.9,12.4,14.7,19.4,26.9,37.1,16.5,16.3
08-19,16.4,19.4,14.9,13.6,14.8,17.7,27.8,16.1,26.6,9.3,20.9,20.3,17.3,10.0,19.0,6.9,13.6,14.3,37.1,17.3,12.8,16.3,16.7,20.0,29.4,15.3,13.0,13.8,16.0,19.6,20.6,13.4,26.0,15.4,14.4,15.2,27.5,,6.9,12.9,14.7,19.4,27.0,37.1,16.5,16.3
08-20,16.4,19.4,14.9,13.7,14.8,17.7,27.8,16.2,26.6,9.3,20.9,20.3,17.3,10.0,19.3,6.9,13.7,14.4,37.2,17.3,12.8,16.3,16.7,20.5,29.4,15.3,13.0,14.4,16.0,19.6,20.6,13.4,26.0,15.5,15.4,15.4,27.8,,6.9,12.9,14.9,19.4,27.1,37.2,16.5,16.3
08-21,16.4,19.4,14.9,13.7,14.8,17.7,28.9,16.2,26.6,9.3,20.9,20.3,17.6,10.0,19.4,6.9,13.7,16.3,37.2,17.3,12.8,16.3,16.7,20.5,29.4,15.4,13.0,14.4,16.0,19.6,20.6,13.4,26.0,15.5,15.4,16.2,27.8,,6.9,12.9,15.3,19.4,27.1,37.2,16.5,16.3
08-22,16.4,19.4,14.9,13.7,14.8,17.8,28.9,16.4,26.6,9.3,20.9,20.4,17.9,10.0,19.5,6.9,13.8,16.3,37.2,17.3,12.8,16.3,16.7,20.5,29.4,15.7,13.2,14.4,16.0,19.6,20.6,13.6,26.0,15.5,15.4,16.4,29.1,,6.9,13.0,15.3,19.5,27.5,37.2,16.6,16.4
08-23,16.7,19.4,14.9,13.7,14.8,19.6,28.9,16.4,26.7,9.3,20.9,20.4,18.0,10.0,19.5,6.9,13.8,16.3,37.2,17.3,12.8,16.3,16.7,20.5,29.4,15.9,13.2,14.4,16.1,19.7,20.7,13.7,26.0,15.6,15.4,16.4,29.5,,6.9,13.0,15.3,19.6,27.6,37.2,16.6,16.4
08-24,17.3,19.4,14.9,13.7,14.8,19.9,28.9,16.4,26.9,9.3,20.9,20.4,18.0,10.0,19.5,6.9,13.8,16.4,37.3,17.4,12.8,16.3,16.8,20.5,29.4,15.9,13.5,14.5,16.1,19.7,20.7,13.7,26.0,15.7,15.4,16.4,30.3,,6.9,13.2,15.3,19.7,27.7,37.3,16.6,16.4
08-25,17.3,19.4,14.9,13.7,14.8,19.9,28.9,16.4,26.9,9.3,20.9,20.7,18.0,10.1,19.5,6.9,13.8,16.4,37.3,17.4,12.8,16.3,16.8,20.5,29.4,15.9,13.5,14.5,16.1,19.8,20.7,13.7,26.0,15.7,15.4,16.5,30.4,,6.9,13.2,15.3,19.8,27.7,37.3,16.6,16.5
08-26,17.3,19.4,14.9,13.7,14.8,20.1,28.9,16.5,27.0,10.5,20.9,20.7,18.0,10.1,19.5,6.9,13.8,16.4,37.3,17.4,12.8,16.3,16.8,20.5,29.4,16.3,13.8,14.5,16.2,20.0,20.7,13.7,26.0,15.7,15.4,16.6,30.4,,6.9,13.3,15.3,20.0,27.8,37.3,16.6,16.6
08-27,17.6,19.5,14.9,13.7,14.8,20.1,29.4,16.5,27.0,10.5,20.9,20.7,18.0,10.1,19.5,6.9,13.8,16.5,37.3,17.4,12.8,16.3,16.8,20.5,29.4,16.3,14.3,15.5,16.7,20.0,20.7,13.7,26.0,15.7,15.4,17.3,30.4,,6.9,13.3,15.5,20.0,28.0,37.3,16.8,16.8
08-28,17.6,19.8,14.9,13.7,15.3,20.1,29.6,16.5,27.0,10.5,20.9,20.7,18.3,10.2,19.5,6.9,13.8,16.5,37.3,17.4,13.3,16.3,16.8,20.5,29.5,16.3,14.6,15.5,16.7,20.6,20.7,13.8,26.0,15.7,15.4,17.3,30.4,,6.9,13.5,15.5,20.2,28.0,37.3,16.8,16.8
08-29,17.6,19.8,14.9,13.7,15.3,20.1,29.7,16.5,27.0,10.5,20.9,20.7,18.3,10.3,19.5,6.9,13.8,16.5,37.3,17.4,14.5,16.3,16.8,20.5,30.3,16.3,14.6,15.5,16.7,20.7,20.7,13.8,26.0,15.7,15.4,17.3,30.4,,6.9,13.8,15.5,20.2,28.1,37.3,16.8,16.8
08-30,17.6,19.8,14.9,13.7,15.3,20.1,30.0,16.5,27.0,10.5,20.9,20.7,18.3,10.7,19.5,6.9,13.8,16.5,37.3,17.4,14.6,16.3,16.8,20.5,30.3,16.3,14.6,15.5,16.7,20.7,20.7,13.8,26.0,15.8,15.4,17.3,30.4,,6.9,13.8,15.5,20.2,28.2,37.3,16.8,16.8
08-31,17.6,19.8,14.9,13.7,15.3,20.4,30.0,16.5,27.0,10.5,21.2,20.8,18.8,11.0,19.5,6.9,13.9,16.6,37.3,17.4,14.8,16.3,16.8,20.5,30.3,16.4,14.8,15.5,16.7,20.7,20.7,13.8,26.0,15.8,15.5,17.3,30.4,,6.9,13.8,15.5,20.4,28.2,37.3,16.8,16.8
09-01,17.6,19.8,14.9,13.7,15.3,20.7,30.0,16.5,27.0,10.5,21.4,20.8,18.9,11.0,19.5,6.9,13.9,16.6,37.3,17.4,14.9,16.5,16.8,20.5,30.4,16.7,14.9,15.5,16.7,20.7,20.7,13.8,26.0,15.8,15.6,17.3,30.6,,6.9,13.8,15.6,20.5,28.2,37.3,16.8,16.8
09-02,17.6,19.8,14.9,13.7,15.3,20.7,30.0,16.5,27.0,10.5,21.7,20.8,18.9,11.0,19.5,6.9,14.0,16.6,37.3,17.5,14.9,16.5,16.8,20.5,30.4,16.7,15.1,15.5,16.7,20.7,20.7,13.8,26.0,15.8,16.2,17.3,31.2,,6.9,13.8,15.7,20.5,28.2,37.3,16.8,16.8
09-03,17.6,19.8,14.9,13.7,15.3,20.7,30.0,16.6,27.0,10.5,21.8,20.9,18.9,11.0,19.5,6.9,14.0,16.6,37.3,17.5,15.0,16.5,16.8,20.5,30.4,16.7,15.1,15.5,16.7,20.7,20.7,13.8,26.0,15.8,16.2,17.3,31.5,,6.9,13.8,15.7,20.5,28.2,37.3,16.8,16.8
09-04,17.6,19.8,14.9,13.7,15.3,20.7,30.0,16.9,27.0,10.5,22.1,20.9,18.9,11.0,19.5,6.9,14.0,16.6,37.3,17.5,15.0,16.5,16.8,20.5,30.4,16.7,15.1,15.5,16.7,20.8,20.7,13.8,26.0,15.8,16.2,17.3,31.5,,6.9,13.8,15.7,20.5,28.2,37.3,16.8,16.9
09-05,17.6,19.8,14.9,13.8,15.3,20.7,30.0,16.9,27.0,10.5,22.2,21.0,18.9,11.0,19.5,6.9,14.1,16.7,37.5,17.5,15.0,16.5,16.8,20.5,30.4,16.9,15.3,15.5,16.7,20.8,20.7,13.8,26.0,15.8,16.2,17.3,31.6,,6.9,13.8,15.7,20.5,28.2,37.5,16.9,16.9
09-06,17.6,19.8,14.9,13.8,15.3,20.7,30.0,16.9,27.0,10.5,22.2,21.3,18.9,11.0,19.5,6.9,14.2,16.7,37.5,17.5,15.1,16.5,17.0,20.5,30.5,16.9,15.3,15.5,16.7,20.8,20.7,13.8,26.0,15.8,16.2,17.3,31.6,,6.9,13.8,15.7,20.5,28.2,37.5,17.0,17.0
09-07,18.1,19.8,14.9,13.9,15.6,20.7,30.0,17.2,27.1,10.5,22.3,21.3,18.9,11.0,19.6,7.8,14.3,16.7,37.5,17.6,15.1,16.5,17.0,20.5,30.5,16.9,15.3,15.5,16.7,20.8,20.9,13.8,26.1,15.8,16.2,17.3,31.6,,7.8,13.9,15.8,20.5,28.3,37.5,17.1,17.2
09-08,18.1,19.8,14.9,14.0,16.1,20.7,30.0,17.2,27.1,10.5,22.3,21.5,18.9,11.0,19.6,8.7,14.3,16.7,37.5,17.9,15.1,16.5,17.0,20.6,30.5,16.9,15.6,15.5,16.7,20.8,20.9,13.8,26.1,15.8,16.2,17.3,31.6,,8.7,13.9,16.0,20.6,28.3,37.5,17.1,17.2
09-09,18.1,19.8,14.9,14.0,16.1,20.7,30.0,17.2,27.5,10.5,22.8,21.5,18.9,11.0,19.6,8.8,14.3,16.7,37.5,18.0,15.1,16.5,17.0,20.6,30.5,16.9,15.9,16.5,16.7,20.8,20.9,13.8,26.1,15.8,16.2,17.3,31.6,,8.8,13.9,16.2,20.6,28.5,37.5,17.1,17.2
09-10,18.1,19.8,14.9,14.0,16.2,20.7,30.0,17.2,27.5,10.5,22.9,21.7,18.9,11.0,19.6,8.9,14.3,16.9,37.6,18.0,15.2,16.5,17.1,20.6,30.8,16.9,16.5,17.1,16.7,20.8,21.1,13.8,26.1,15.8,16.2,17.3,31.6,,8.9,13.9,16.4,20.6,28.5,37.6,17.2,17.2
09-11,18.1,19.8,14.9,14.0,16.3,20.7,30.0,17.2,27.5,10.8,22.9,22.4,18.9,11.0,19.6,8.9,14.3,17.0,37.6,18.0,15.2,16.5,17.2,20.6,30.9,16.9,17.0,17.1,16.7,20.8,21.1,13.8,26.3,15.9,16.2,17.3,31.7,,8.9,13.9,16.5,20.6,28.5,37.6,17.2,17.2
09-12,18.1,19.8,14.9,14.0,16.3,20.7,30.0,17.2,27.5,10.9,23.1,23.9,19.0,11.0,19.6,9.2,14.3,17.0,37.6,18.0,15.2,16.5,17.2,20.6,31.2,17.9,17.7,17.1,16.7,20.8,21.1,13.8,26.3,15.9,16.2,17.3,31.7,,9.2,13.9,16.5,20.6,28.5,37.6,17.8,17.7
09-13,18.1,19.9,14.9,14.0,16.3,20.7,30.0,17.2,27.6,10.9,23.1,24.5,19.3,11.0,19.6,9.2,14.3,17.0,37.6,18.0,15.2,16.5,17.2,20.6,31.3,17.9,17.7,17.1,16.7,20.8,21.1,13.8,26.3,15.9,16.2,17.6,31.8,,9.2,13.9,16.5,20.6,28.6,37.6,17.8,17.7
09-14,18.1,19.9,14.9,14.0,16.4,20.7,30.0,17.2,27.6,11.3,23.3,24.5,19.4,11.0,19.7,9.2,14.3,17.0,37.6,18.0,15.2,16.5,17.2,20.6,31.3,17.9,17.7,17.1,16.9,20.9,21.1,13.8,26.3,15.9,16.2,18.2,31.8,,9.2,13.9,16.5,20.6,28.6,37.6,17.8,17.9
09-15,18.1,19.9,14.9,14.0,16.4,20.7,30.0,17.2,27.6,11.3,23.8,24.5,19.7,11.0,19.7,9.2,14.3,17.0,37.6,18.2,15.2,16.5,17.2,20.6,31.4,17.9,18.0,17.1,17.3,20.9,21.9,13.8,26.3,15.9,16.2,18.6,31.8,,9.2,13.9,16.5,20.6,28.6,37.6,18.0,18.0
09-16,18.1,19.9,14.9,14.0,16.4,20.8,30.0,17.2,27.6,11.3,24.4,24.5,19.8,11.0,19.7,9.3,14.3,17.1,37.7,18.2,15.2,16.5,17.2,20.6,31.5,17.9,19.0,17.1,19.2,20.9,21.9,13.8,26.3,15.9,16.2,18.6,31.8,,9.3,13.9,16.5,20.6,28.6,37.7,18.6,18.2
09-17,18.1,19.9,14.9,14.0,16.4,20.8,30.0,17.2,27.6,11.7,24.4,24.5,20.2,11.0,19.7,9.3,14.3,17.1,37.7,18.3,15.2,16.5,17.2,20.6,31.5,17.9,19.0,17.1,19.2,20.9,21.9,13.8,26.3,15.9,16.2,18.6,31.8,,9.3,13.9,16.5,20.6,28.6,37.7,18.6,18.3
09-18,18.1,19.9,14.9,14.0,16.4,20.8,30.0,17.2,27.6,11.7,24.4,24.5,20.2,11.2,19.7,9.3,14.3,17.1,37.7,18.3,15.2,16.6,17.2,20.6,31.5,17.9,19.0,17.1,19.2,20.9,21.9,13.8,26.3,15.9,16.2,18.6,31.8,,9.3,13.9,16.6,20.6,28.6,37.7,18.6,18.3
09-19,18.1,19.9,14.9,14.1,16.4,21.2,30.0,17.2,27.6,11.8,24.4,24.5,20.4,11.2,19.7,9.4,14.3,17.2,37.7,18.3,15.2,16.8,17.3,20.6,31.5,17.9,19.1,17.1,19.2,20.9,21.9,13.8,26.3,15.9,16.6,18.6,31.8,,9.4,14.0,16.8,20.7,28.6,37.7,18.7,18.3
09-20,18.1,19.9,14.9,14.1,16.4,21.2,30.0,17.4,27.6,11.9,24.4,24.5,20.5,11.2,19.7,9.4,14.3,17.7,37.7,18.3,15.2,16.8,17.4,20.6,31.5,17.9,19.1,17.1,19.2,20.9,21.9,13.8,26.3,15.9,16.6,18.6,31.8,,9.4,14.0,16.8,20.7,28.6,37.7,18.7,18.3
09-21,18.1,19.9,14.9,14.1,16.4,21.2,30.1,17.6,27.6,11.9,24.4,24.5,20.5,11.2,19.7,9.4,14.3,17.7,37.7,18.3,15.2,16.8,17.4,20.6,31.5,17.9,19.1,17.2,19.2,20.9,21.9,13.8,26.3,15.9,16.6,18.8,31.8,,9.4,14.0,16.8,20.7,28.6,37.7,18.7,18.3
09-22,18.1,20.3,14.9,14.3,16.4,21.2,30.1,17.6,27.6,11.9,24.4,24.5,20.5,11.2,19.7,9.4,14.3,17.7,37.7,18.3,15.2,16.8,17.4,20.6,31.5,17.9,19.1,17.7,19.2,21.7,21.9,13.8,26.3,15.9,16.6,19.9,31.8,,9.4,14.1,16.8,20.7,28.6,37.7,18.7,18.3
09-23,18.1,20.4,14.9,14.3,16.4,21.2,30.1,17.6,27.6,11.9,24.4,24.5,20.6,11.2,19.7,9.4,14.3,17.7,37.7,18.3,16.8,16.8,17.4,20.6,31.5,17.9,19.1,17.7,19.2,23.8,21.9,13.8,26.3,16.1,16.6,19.9,31.8,,9.4,14.1,16.8,20.7,28.6,37.7,18.7,18.3
09-24,18.1,20.4,14.9,14.6,16.4,21.2,30.1,17.6,27.6,11.9,24.4,24.5,20.6,11.3,19.7,9.5,14.3,17.7,37.7,18.3,16.8,16.8,17.4,20.6,31.5,18.0,19.1,17.7,19.2,23.8,21.9,13.8,26.3,16.1,16.6,19.9,31.8,,9.5,14.1,16.8,20.7,28.6,37.7,18.7,18.3
09-25,18.1,20.4,14.9,14.6,16.4,21.2,30.1,17.6,27.6,11.9,24.4,24.5,20.6,11.3,19.7,9.5,14.3,17.7,37.7,18.3,16.8,16.8,17.4,20.6,31.5,18.1,19.2,17.7,19.2,23.8,21.9,13.8,26.3,16.1,16.6,19.9,31.8,,9.5,14.1,16.8,20.7,28.6,37.7,18.8,18.3
09-26,18.1,20.4,14.9,14.6,16.4,21.2,30.1,17.6,27.6,11.9,25.1,24.5,20.6,11.3,19.7,9.5,14.3,17.7,37.7,18.3,16.8,16.8,17.4,20.6,31.5,18.2,19.2,17.7,19.2,23.8,21.9,13.8,26.3,16.1,16.6,19.9,31.8,,9.5,14.1,16.8,20.7,28.6,37.7,18.8,18.3
09-27,18.1,20.4,14.9,14.6,16.4,21.2,30.1,17.6,27.6,12.0,25.7,24.5,20.6,11.3,19.7,9.5,14.3,17.7,37.7,18.3,16.8,16.8,17.4,20.6,31.5,18.2,19.3,17.8,19.2,23.8,21.9,13.8,26.4,16.1,16.6,19.9,31.8,,9.5,14.1,16.8,20.7,28.6,37.7,18.8,18.3
09-28,18.1,20.4,14.9,14.6,16.4,21.2,30.1,17.6,27.6,12.0,25.7,24.5,20.6,11.3,19.7,9.5,14.3,17.7,37.8,18.3,16.8,16.9,17.4,20.6,31.5,18.2,19.3,20.3,19.2,23.8,22.1,13.8,26.5,16.1,16.6,19.9,31.8,,9.5,14.1,16.9,20.7,28.6,37.8,19.2,19.2
09-29,18.1,20.4,14.9,14.7,16.6,21.2,30.1,17.6,27.7,12.0,25.7,24.5,20.6,11.3,19.7,9.9,14.3,18.3,37.8,18.3,16.8,17.1,17.4,20.6,31.5,18.2,19.3,20.5,19.2,23.9,22.1,13.8,26.5,16.1,16.6,19.9,31.8,,9.9,14.1,17.0,20.7,28.7,37.8,19.2,19.2
09-30,18.1,20.4,14.9,14.7,16.6,21.2,30.1,18.0,27.7,12.0,25.7,24.5,20.6,11.3,19.7,10.3,14.3,18.5,37.8,18.3,16.9,17.1,17.4,20.6,31.5,18.2,19.3,20.6,19.2,24.1,22.1,13.8,26.5,16.1,16.6,19.9,31.8,,10.3,14.1,17.1,20.7,28.7,37.8,19.2,19.2
