date,2008,2009,2010,2011,2012,2013,2014,2015,2016,2017,2018,2019,2020,2021,2022,2023,2024,Min,10%,30%,70%,90%,Max,Median ('91-'20),Median (POR)
10-01,0.0,0.0,0.0,0.0,0.0,0.0,0.0,0.0,0.0,0.0,0.0,0.0,0.0,0.0,0.0,0.0,0.0,0.0,0.0,0.0,0.0,0.0,0.0,0.0,0.0
10-02,0.1,0.0,0.0,0.0,0.0,0.0,0.0,0.0,0.1,0.1,0.1,0.0,0.0,0.0,0.0,0.0,0.1,0.0,0.0,0.0,0.0,0.1,0.1,0.0,0.0
10-03,0.2,0.0,0.0,0.0,0.0,0.0,0.0,0.1,0.4,0.1,0.2,0.4,0.0,0.0,0.0,0.0,0.6,0.0,0.0,0.0,0.1,0.3,0.4,0.0,0.0
10-04,0.2,0.1,0.1,0.1,0.1,0.0,0.2,0.1,0.6,0.3,0.2,0.7,0.0,0.0,0.0,0.0,0.9,0.0,0.0,0.0,0.2,0.5,0.7,0.1,0.1
10-05,0.2,0.5,0.9,0.2,0.4,0.0,0.3,0.1,0.7,0.3,0.3,1.8,0.2,0.0,0.0,0.0,1.1,0.0,0.0,0.2,0.4,0.8,1.8,0.3,0.2
10-06,0.3,0.9,1.1,0.2,0.6,0.0,0.3,0.1,0.7,0.4,0.3,2.0,0.2,0.0,0.0,0.0,1.1,0.0,0.0,0.2,0.5,1.0,2.0,0.4,0.3
10-07,0.9,0.9,1.1,0.2,1.2,0.0,0.3,0.2,0.9,0.4,0.3,2.0,0.2,0.0,0.1,0.0,1.1,0.0,0.0,0.2,0.9,1.2,2.0,0.4,0.3
10-08,1.1,0.9,1.1,0.3,1.8,0.0,0.3,0.2,1.0,0.4,0.4,2.0,0.2,0.0,0.3,0.0,1.1,0.0,0.0,0.3,0.9,1.5,2.0,0.5,0.4
10-09,1.1,0.9,1.1,0.7,1.9,0.0,0.3,0.2,1.0,0.5,0.4,2.0,0.2,0.0,1.4,0.0,1.1,0.0,0.0,0.3,1.1,1.7,2.0,0.5,0.6
10-10,1.1,0.9,1.2,0.7,1.9,0.0,0.3,0.2,1.0,0.5,0.4,2.5,0.4,0.0,1.8,0.0,1.1,0.0,0.0,0.3,1.1,1.8,2.5,0.6,0.6
10-11,1.1,1.0,1.2,0.7,2.2,0.0,0.6,0.2,1.0,0.5,0.4,3.4,0.4,0.3,1.8,0.0,1.1,0.0,0.1,0.4,1.1,2.0,3.4,0.6,0.6
10-12,1.1,1.6,1.6,0.7,2.7,0.0,0.6,0.3,1.0,0.5,0.4,3.4,0.4,1.1,2.3,0.0,1.4,0.0,0.2,0.4,1.4,2.5,3.4,0.7,0.8
10-13,1.1,1.7,1.6,0.7,2.9,0.1,0.7,0.4,1.0,0.5,0.4,3.4,0.4,1.1,2.9,0.0,1.5,0.0,0.2,0.5,1.4,2.9,3.4,0.7,0.8
10-14,1.2,1.7,1.9,0.7,2.9,0.2,0.8,0.4,1.0,0.5,0.4,3.4,0.4,1.1,3.0,0.0,1.6,0.0,0.3,0.5,1.4,2.9,3.4,0.8,0.9
10-15,1.2,1.7,2.4,0.7,2.9,0.2,0.9,0.4,1.0,0.7,0.6,3.4,0.4,1.5,3.0,0.0,1.5,0.0,0.3,0.6,1.6,3.0,3.4,0.9,1.0
10-16,1.2,1.7,2.4,0.7,2.9,0.2,0.9,0.4,1.0,1.6,0.6,3.4,0.4,1.5,3.0,0.0,,0.0,0.3,0.6,1.7,3.0,3.4,1.0,1.1
10-17,1.3,1.7,2.4,0.7,3.3,0.8,1.0,0.4,1.0,3.5,0.6,3.4,0.4,1.6,3.0,0.0,,0.0,0.4,0.7,2.1,3.4,3.5,1.1,1.2
10-18,1.8,1.7,2.4,0.7,3.5,0.8,1.0,0.4,1.1,4.7,0.6,3.4,0.6,1.6,3.0,0.0,,0.0,0.5,0.7,2.1,3.5,4.7,1.1,1.3
10-19,1.8,1.7,2.4,0.7,3.5,0.8,1.0,0.4,1.2,5.0,0.6,3.4,0.6,1.6,3.1,0.1,,0.1,0.5,0.7,2.1,3.5,5.0,1.2,1.4
10-20,2.0,1.7,2.7,0.7,3.6,0.8,1.0,0.4,1.4,5.0,0.6,3.4,1.4,1.6,3.8,0.1,,0.1,0.5,0.9,2.4,3.7,5.0,1.3,1.5
10-21,2.5,1.8,2.7,0.7,3.6,0.8,1.0,0.4,1.4,5.1,0.7,3.4,1.9,1.6,3.8,0.1,,0.1,0.5,0.9,2.6,3.7,5.1,1.5,1.7
10-22,2.5,1.8,2.7,0.7,3.6,0.8,1.0,0.4,1.4,5.1,0.7,3.4,2.3,1.6,3.8,0.1,,0.1,0.6,0.9,2.6,3.7,5.1,1.6,1.7
10-23,2.5,1.8,2.8,0.7,3.6,1.9,1.0,0.4,1.5,5.1,0.7,3.5,2.3,1.6,3.8,0.7,,0.4,0.7,1.2,2.6,3.7,5.1,1.9,1.9
10-24,2.5,1.9,3.0,0.9,3.6,3.0,1.0,0.5,1.5,5.1,0.7,3.8,2.3,1.6,4.0,0.9,,0.5,0.8,1.2,3.0,3.9,5.1,2.0,2.1
10-25,2.5,1.9,3.2,3.9,3.6,3.3,1.0,0.5,1.5,5.2,0.7,3.8,2.3,1.8,4.3,0.9,,0.5,0.8,1.6,3.4,4.1,5.2,2.5,2.4
10-26,2.5,1.9,3.2,4.5,3.7,3.5,1.0,0.5,1.5,5.2,0.7,3.8,2.3,1.8,5.0,1.1,,0.5,0.8,1.6,3.6,4.8,5.2,2.5,2.4
10-27,2.5,1.9,3.3,5.2,3.7,3.6,1.0,0.6,1.5,5.3,0.7,3.8,2.3,1.8,5.1,1.7,,0.6,0.8,1.7,3.6,5.2,5.3,2.6,2.4
10-28,2.5,1.9,3.6,5.2,3.7,3.6,1.0,0.7,1.5,5.3,0.7,3.8,2.6,1.8,5.2,1.7,,0.7,0.8,1.8,3.7,5.2,5.3,2.7,2.5
10-29,2.6,1.9,3.6,5.3,3.8,3.7,1.2,0.7,1.5,5.8,0.7,3.8,2.7,1.8,5.2,1.7,,0.7,1.0,1.8,3.7,5.3,5.8,2.8,2.6
10-30,2.6,1.9,3.7,5.3,3.8,3.7,1.4,0.7,1.6,5.9,0.7,3.8,3.1,1.8,5.2,1.7,,0.7,1.1,1.8,3.7,5.3,5.9,2.8,2.8
10-31,2.6,1.9,3.8,5.4,3.8,3.7,1.5,0.8,1.6,6.3,0.7,3.8,3.1,1.8,5.2,1.7,,0.7,1.1,1.8,3.8,5.3,6.3,2.9,2.9
11-01,2.6,1.9,3.8,5.7,3.9,3.7,1.7,0.8,1.7,6.5,0.7,3.9,3.1,1.8,5.2,1.7,,0.7,1.2,1.8,3.8,5.5,6.5,3.0,2.9
11-02,2.6,1.9,3.8,5.7,4.0,3.7,1.7,0.8,1.9,6.6,0.7,4.0,3.1,1.8,5.3,1.7,,0.7,1.3,1.8,3.9,5.5,6.6,3.1,2.9
11-03,2.6,2.8,3.8,5.7,4.0,3.7,1.7,0.8,1.9,6.7,0.7,4.1,3.1,1.9,5.5,2.1,,0.7,1.3,2.0,3.9,5.6,6.7,3.2,2.9
11-04,2.6,2.9,3.8,5.7,4.1,3.7,1.9,0.8,2.3,6.7,1.5,4.1,3.1,1.9,5.5,2.1,,0.8,1.7,2.2,3.9,5.6,6.7,3.2,3.0
11-05,2.7,4.0,3.8,5.7,4.1,3.7,2.0,0.9,2.3,6.7,2.9,4.8,3.1,1.9,5.5,2.3,,0.9,1.9,2.5,4.1,5.6,6.7,3.4,3.4
11-06,2.7,4.2,3.8,5.7,4.1,3.7,2.0,0.9,2.4,6.7,3.4,4.8,3.1,1.9,5.5,3.9,,0.9,1.9,2.9,4.1,5.6,6.7,3.5,3.7
11-07,2.7,4.3,3.8,5.7,4.2,3.7,2.1,0.9,2.7,6.7,3.5,4.8,3.1,1.9,5.5,3.9,,0.9,2.0,2.9,4.2,5.6,6.7,3.6,3.7
11-08,2.7,4.3,3.8,5.7,4.2,3.7,2.1,0.9,2.7,6.7,3.5,4.8,3.1,2.3,5.6,4.0,,0.9,2.2,2.9,4.3,5.7,6.7,3.6,3.7
11-09,2.7,4.3,3.8,5.9,4.2,3.7,2.1,0.9,2.7,6.7,3.5,4.8,3.1,2.7,5.7,5.1,,0.9,2.4,2.9,4.6,5.8,6.7,3.7,3.7
11-10,2.7,4.6,3.8,5.9,4.3,4.4,2.1,1.0,3.0,6.7,3.5,4.8,3.1,2.8,6.2,6.4,,1.0,2.4,3.1,4.7,6.3,6.7,3.8,4.0
11-11,2.7,5.0,3.8,5.9,4.3,4.5,2.1,1.0,3.1,6.7,3.5,4.8,3.1,3.1,6.4,6.4,,1.0,2.4,3.1,4.9,6.4,6.7,3.9,4.0
11-12,2.9,5.2,3.8,5.9,4.3,4.7,2.1,1.0,3.1,6.7,3.5,4.8,3.1,3.5,6.5,6.4,,1.0,2.5,3.3,5.0,6.4,6.7,3.9,4.1
11-13,3.0,5.4,4.1,6.0,5.4,4.7,2.1,1.0,3.1,6.7,3.5,4.8,3.1,3.6,6.5,6.4,,1.0,2.5,3.3,5.4,6.5,6.7,4.2,4.4
11-14,3.2,5.8,4.1,6.0,6.2,4.7,2.1,1.4,3.1,6.7,3.5,4.9,3.1,4.6,6.5,6.4,,1.4,2.6,3.4,5.9,6.5,6.7,4.3,4.7
11-15,3.2,5.8,4.3,6.4,6.2,4.8,2.1,3.0,3.1,6.7,3.5,4.9,3.1,4.9,6.5,6.4,,2.1,3.0,3.4,6.0,6.5,6.7,4.4,4.9
11-16,3.2,5.8,4.4,6.8,6.2,4.8,2.4,3.0,3.1,6.7,3.5,4.9,3.1,5.8,6.5,6.4,,2.4,3.0,3.4,6.0,6.6,6.8,4.4,4.9
11-17,3.2,5.8,4.4,7.5,6.2,4.8,3.3,3.0,3.1,6.7,5.0,4.9,3.1,5.9,6.7,6.4,,3.0,3.1,3.9,6.1,6.7,7.5,4.7,5.0
11-18,3.3,5.8,4.4,7.5,6.3,5.0,3.4,3.0,3.2,6.9,6.6,5.1,3.1,5.9,6.7,6.4,,3.0,3.1,3.9,6.4,6.8,7.5,5.0,5.5
11-19,3.3,5.8,4.4,7.6,7.6,5.8,3.4,3.1,3.2,6.9,6.6,5.1,3.1,6.2,6.7,6.4,,3.1,3.1,3.9,6.5,7.2,7.6,5.2,5.8
11-20,3.3,5.8,4.4,7.6,7.6,5.9,3.5,3.2,4.0,6.9,6.6,5.1,3.1,6.2,6.9,6.4,,3.1,3.2,4.2,6.5,7.2,7.6,5.2,5.9
11-21,3.4,5.8,4.4,8.9,7.8,6.0,3.8,3.2,4.5,6.9,6.6,5.1,3.4,6.2,6.9,6.4,,3.2,3.4,4.5,6.5,7.4,8.9,5.3,5.9
11-22,3.4,5.8,4.6,9.4,8.0,6.1,3.9,3.2,4.5,7.3,6.6,5.1,3.5,6.2,6.9,6.4,,3.2,3.4,4.6,6.5,7.7,9.4,5.3,6.0
11-23,3.4,5.8,5.0,10.1,8.0,6.1,3.9,4.4,4.5,7.3,6.6,5.5,3.5,6.2,6.9,6.4,,3.4,3.7,4.8,6.5,7.7,10.1,5.5,6.0
11-24,3.4,5.8,5.0,10.7,8.1,6.1,3.9,4.8,4.6,7.5,6.6,6.3,3.5,6.2,7.0,6.6,,3.4,3.7,4.9,6.6,7.8,10.7,5.7,6.2
11-25,3.4,5.9,5.0,10.7,8.1,6.1,3.9,5.1,4.6,7.6,6.6,7.1,3.5,6.2,7.0,6.6,,3.4,3.7,5.1,6.8,7.8,10.7,5.9,6.2
11-26,3.4,5.9,5.0,10.8,8.2,6.2,3.9,5.8,4.8,7.6,6.6,7.1,3.8,6.4,7.0,6.6,,3.4,3.8,5.4,6.8,7.9,10.8,6.1,6.3
11-27,3.4,5.9,5.1,10.9,8.2,6.2,3.9,5.8,4.8,7.7,6.6,7.1,3.8,6.4,7.0,6.7,,3.4,3.8,5.4,6.9,8.0,10.9,6.2,6.3
11-28,3.8,5.9,5.1,10.9,8.3,6.2,3.9,5.8,4.9,8.3,6.8,7.1,4.5,6.4,7.0,6.7,,3.8,4.2,5.4,6.9,8.3,10.9,6.3,6.3
11-29,3.9,5.9,5.1,11.1,8.3,6.2,3.9,5.8,5.0,9.0,6.8,7.7,5.1,6.4,7.0,7.2,,3.9,4.4,5.4,7.1,8.6,11.1,6.4,6.3
11-30,3.9,6.2,5.1,11.1,8.3,6.2,3.9,5.8,5.0,9.0,6.8,8.2,5.6,6.4,7.0,7.2,,3.9,4.5,5.7,7.1,8.6,11.1,6.5,6.3
12-01,4.2,6.2,5.1,11.2,8.3,6.6,3.9,6.1,5.0,9.0,6.8,8.8,5.8,6.4,7.0,7.3,,3.9,4.6,6.0,7.2,8.9,11.2,6.7,6.5
12-02,4.3,6.2,5.1,11.5,8.3,6.7,3.9,6.3,5.1,9.0,6.8,8.9,5.8,6.4,7.0,7.7,,3.9,4.7,6.0,7.4,9.0,11.5,6.9,6.6
12-03,4.3,6.5,5.1,11.6,8.4,7.5,4.3,6.3,5.1,9.0,6.8,9.3,5.8,6.4,7.0,8.0,,4.3,4.7,6.1,7.8,9.1,11.6,7.0,6.7
12-04,4.3,6.7,5.1,12.0,8.5,7.6,4.4,6.4,5.1,9.1,8.1,9.3,5.8,6.4,7.0,8.1,,4.3,4.8,6.1,8.1,9.2,12.0,7.2,6.9
12-05,4.4,6.8,5.1,12.4,8.6,7.8,4.4,6.4,5.1,9.3,8.1,9.3,5.9,6.4,7.0,8.6,,4.4,4.8,6.1,8.3,9.3,12.4,7.3,6.9
12-06,4.4,6.9,5.2,12.4,8.6,8.4,4.4,6.4,5.1,9.3,8.1,9.3,6.2,6.4,7.0,8.6,,4.4,4.8,6.3,8.5,9.3,12.4,7.5,7.0
12-07,4.5,6.9,5.3,13.2,8.6,8.5,4.4,6.4,5.2,9.3,8.1,9.3,6.2,6.4,7.1,8.6,,4.4,4.8,6.3,8.5,9.3,13.2,7.5,7.0
12-08,5.0,6.9,5.4,13.2,8.7,8.5,4.8,6.4,5.6,9.3,8.1,9.3,6.2,6.4,7.1,8.6,,4.8,5.2,6.3,8.6,9.3,13.2,7.6,7.0
12-09,5.1,7.2,5.5,13.2,8.7,8.7,4.8,6.4,5.7,9.8,8.1,9.3,6.8,6.4,7.2,8.6,,4.8,5.3,6.4,8.6,9.6,13.2,7.8,7.2
12-10,5.2,7.3,5.6,13.2,8.7,8.8,4.8,6.4,5.7,10.7,8.1,9.3,6.8,6.4,7.7,8.9,,4.8,5.4,6.4,8.7,10.0,13.2,7.8,7.5
12-11,5.2,7.4,5.6,14.5,8.7,9.3,4.8,6.4,6.1,12.2,8.1,9.3,6.8,6.4,7.9,8.9,,4.8,5.4,6.4,8.8,10.8,14.5,7.9,7.6
12-12,5.2,7.4,5.7,14.5,8.7,9.3,4.8,6.4,6.1,12.5,8.1,9.3,6.9,6.5,7.9,9.6,,4.8,5.4,6.5,9.0,11.0,14.5,7.9,7.6
12-13,5.2,7.5,6.2,14.5,8.7,9.3,4.8,6.5,6.1,12.5,8.1,10.0,8.0,6.5,7.9,9.8,,4.8,5.7,6.5,9.0,11.2,14.5,8.1,8.0
12-14,5.3,8.5,7.1,14.5,8.8,9.4,4.9,6.7,6.2,12.5,8.2,10.0,8.5,6.8,7.9,9.8,,4.9,5.8,7.0,9.1,11.2,14.5,8.5,8.3
12-15,5.4,8.6,7.1,15.1,8.8,9.5,4.9,6.7,6.4,13.1,8.2,10.0,9.2,6.9,8.7,10.0,,4.9,5.9,7.0,9.4,11.6,15.1,8.8,8.7
12-16,5.4,8.7,7.2,15.2,8.8,9.5,4.9,6.7,6.5,13.6,8.2,10.0,9.2,7.0,8.7,10.0,,4.9,5.9,7.1,9.4,11.8,15.2,8.9,8.7
12-17,5.4,8.9,7.4,15.2,8.8,10.2,4.9,6.7,6.9,15.2,8.3,10.0,9.2,7.0,9.2,10.0,,4.9,6.1,7.2,9.6,12.7,15.2,9.0,8.8
12-18,5.5,9.0,7.4,15.3,8.8,11.5,4.9,6.7,7.0,15.2,8.3,10.0,9.2,7.6,9.6,10.0,,4.9,6.1,7.5,9.8,13.4,15.3,9.0,8.9
12-19,5.7,9.1,7.4,15.8,8.8,11.5,5.0,6.7,7.2,15.2,8.3,10.0,9.2,7.6,9.6,10.0,,5.0,6.2,7.5,9.8,13.4,15.8,9.1,8.9
12-20,6.1,9.5,7.4,17.3,8.8,11.5,5.4,6.9,7.3,15.4,8.3,10.1,9.2,7.6,9.6,10.0,,5.4,6.5,7.5,9.8,13.5,17.3,9.2,9.0
12-21,7.6,9.7,7.4,17.6,8.8,11.5,5.5,7.2,7.6,15.5,8.4,10.1,9.2,7.7,9.6,10.0,,5.5,7.3,7.7,9.8,13.5,17.6,9.2,9.0
12-22,7.8,9.8,7.4,17.7,9.0,11.6,5.7,8.7,9.0,15.5,8.4,10.3,9.2,7.7,9.6,10.8,,5.7,7.6,8.6,10.1,13.5,17.7,9.6,9.1
12-23,7.8,10.6,7.5,18.3,9.0,11.6,5.9,9.6,9.6,15.5,8.5,10.3,9.2,8.0,9.7,10.8,,5.9,7.6,8.7,10.4,13.5,18.3,9.7,9.6
12-24,8.1,10.7,7.5,18.3,9.0,11.9,6.3,9.7,10.2,15.6,9.4,10.3,9.3,8.0,10.5,10.9,,6.3,7.7,9.1,10.6,13.7,18.3,9.9,10.0
12-25,8.6,10.9,7.5,18.3,9.0,12.3,6.6,9.9,10.4,16.0,9.6,10.5,9.4,8.1,11.7,11.1,,6.6,7.8,9.2,11.0,14.2,18.3,10.1,10.1
12-26,8.6,12.0,7.5,18.3,9.0,12.3,6.6,10.1,10.4,16.4,10.3,10.7,9.5,8.1,11.7,11.2,,6.6,7.8,9.2,11.5,14.3,18.3,10.3,10.4
12-27,8.6,12.0,7.5,18.3,9.0,12.5,6.6,10.2,10.4,16.4,10.3,10.7,9.5,8.5,12.4,11.2,,6.6,8.0,9.2,11.6,14.4,18.3,10.3,10.4
12-28,8.6,12.4,7.5,18.3,9.0,12.5,6.6,10.3,10.4,16.5,10.3,10.8,9.5,8.6,12.9,12.7,,6.6,8.0,9.3,12.4,14.7,18.3,10.5,10.4
12-29,8.8,12.9,7.5,18.3,9.1,12.6,6.6,10.6,10.5,16.6,10.3,10.8,9.5,8.6,12.9,12.9,,6.6,8.0,9.3,12.7,14.8,18.3,10.5,10.5
12-30,9.3,12.9,7.5,19.5,9.3,12.6,6.6,10.7,10.5,16.6,10.3,10.9,9.6,8.6,13.4,12.9,,6.6,8.0,9.5,12.7,15.0,19.5,10.6,10.6
12-31,10.1,12.9,7.8,19.6,9.5,12.6,6.6,10.7,10.6,16.6,10.3,11.3,9.6,8.6,14.4,13.5,,6.6,8.2,9.8,12.7,15.5,19.6,10.8,10.6
01-01,10.1,12.9,7.9,19.6,9.5,12.6,6.8,10.7,10.6,16.6,10.3,11.3,9.6,8.6,14.5,14.2,,6.8,8.3,9.9,12.8,15.5,19.6,10.9,10.6
01-02,10.2,13.0,8.4,19.6,9.6,12.6,6.8,10.8,10.6,17.0,10.3,11.3,10.5,8.6,14.5,14.9,,6.8,8.5,10.3,12.8,15.9,19.6,10.9,10.7
01-03,10.3,13.8,8.5,19.6,9.6,12.6,6.8,10.8,10.7,17.0,10.3,11.3,10.6,8.6,14.5,14.9,,6.8,8.6,10.3,13.2,16.0,19.6,11.0,10.8
01-04,10.3,13.8,8.5,19.6,9.6,12.6,6.9,10.9,10.7,17.4,10.3,11.4,10.6,8.9,14.6,15.1,,6.9,8.7,10.3,13.2,16.2,19.6,11.0,10.8
01-05,10.4,13.8,8.5,19.6,9.6,12.6,6.9,11.0,10.7,19.0,10.3,11.4,10.6,9.1,15.1,15.1,,6.9,8.8,10.4,13.2,17.1,19.6,11.1,10.8
01-06,11.6,14.2,8.7,19.6,9.6,12.6,6.9,11.1,10.8,19.0,10.3,11.5,11.1,9.5,17.3,15.3,,6.9,9.1,10.6,13.4,18.2,19.6,11.3,11.3
01-07,12.1,15.0,8.9,19.6,9.6,12.6,6.9,11.2,11.0,19.0,10.5,12.0,11.1,9.5,17.9,15.6,,6.9,9.2,10.8,13.8,18.5,19.6,11.5,11.6
01-08,12.2,15.2,8.9,19.6,9.6,12.6,7.0,11.2,11.0,19.3,10.5,12.6,11.1,9.5,18.1,15.6,,7.0,9.2,10.8,13.9,18.7,19.6,11.6,11.7
01-09,12.7,15.7,8.9,19.6,9.6,12.8,7.2,11.2,11.0,20.0,10.6,12.6,11.4,9.5,18.1,15.6,,7.2,9.2,10.8,14.2,18.8,20.0,11.7,12.0
01-10,13.4,15.8,9.0,19.6,9.6,12.8,7.7,11.2,11.1,21.7,10.9,12.6,11.8,9.5,18.1,16.1,,7.7,9.2,11.0,14.6,18.8,21.7,11.9,12.2
01-11,13.6,15.9,9.0,19.6,9.7,12.9,8.0,11.2,11.1,23.3,11.3,12.6,11.9,9.5,18.1,17.2,,8.0,9.2,11.1,14.7,18.9,23.3,12.0,12.3
01-12,14.0,16.0,9.0,19.7,9.7,13.0,8.5,11.3,11.1,25.1,12.0,12.6,12.3,9.5,18.1,17.9,,8.5,9.2,11.2,15.0,18.9,25.1,12.3,12.5
01-13,14.1,16.1,9.0,19.7,9.7,13.0,9.2,11.5,11.1,25.2,12.0,12.6,12.6,9.5,18.1,17.9,,9.0,9.3,11.3,15.1,18.9,25.2,12.3,12.6
01-14,14.1,16.1,9.0,20.2,9.7,13.0,9.5,11.5,11.1,25.2,12.0,12.6,13.3,9.7,18.1,18.0,,9.0,9.6,11.3,15.1,19.2,25.2,12.4,12.8
01-15,14.2,16.1,9.0,20.2,9.7,13.0,9.5,11.6,11.4,25.2,12.0,12.6,14.0,9.7,18.1,18.0,,9.0,9.6,11.5,15.2,19.2,25.2,12.5,12.8
01-16,14.4,16.1,9.0,20.3,9.7,13.2,9.5,11.6,11.7,25.2,12.0,12.7,14.1,9.7,18.1,18.5,,9.0,9.6,11.6,15.2,19.4,25.2,12.7,13.0
01-17,14.4,16.1,9.0,21.8,9.7,13.3,9.5,11.8,12.1,25.2,12.0,13.2,14.2,9.7,18.1,18.5,,9.0,9.6,11.9,15.2,20.2,25.2,12.9,13.2
01-18,14.5,16.1,9.0,22.3,9.7,13.3,9.5,11.9,12.3,25.2,12.0,14.0,14.8,9.7,18.1,18.5,,9.0,9.6,12.0,15.4,20.4,25.2,13.2,13.7
01-19,14.6,16.1,9.3,22.6,10.6,13.3,9.5,12.1,12.8,25.2,12.0,14.5,14.8,9.7,18.1,18.5,,9.3,9.6,12.0,15.4,20.6,25.2,13.4,13.9
01-20,14.7,16.1,9.7,23.3,12.3,13.3,9.5,12.1,12.9,25.3,12.6,14.7,14.8,9.7,18.1,18.5,,9.5,9.7,12.5,15.4,20.9,25.3,13.6,14.0
01-21,14.8,16.1,9.7,23.3,13.2,13.3,9.5,12.1,13.4,25.3,12.6,14.7,14.8,9.7,18.4,18.5,,9.5,9.7,12.9,15.5,20.9,25.3,13.9,14.0
01-22,14.9,16.1,10.2,23.6,14.4,13.3,9.5,12.1,13.4,25.7,12.6,14.9,14.9,9.7,18.4,18.5,,9.5,10.0,13.0,15.5,21.1,25.7,14.3,14.6
01-23,15.0,16.8,10.6,23.9,14.4,13.3,9.5,12.1,13.4,26.1,12.7,14.9,15.1,10.0,18.4,18.5,,9.5,10.3,13.0,15.9,21.2,26.1,14.4,14.7
01-24,15.0,17.2,11.4,24.0,14.7,13.3,9.5,12.1,13.6,27.1,12.7,15.1,15.2,10.1,18.4,18.5,,9.5,10.8,13.0,16.2,21.3,27.1,14.4,14.8
01-25,15.1,17.9,11.7,24.0,14.7,13.8,9.5,12.1,13.9,27.4,12.7,15.1,15.3,10.1,18.4,18.6,,9.5,10.9,13.3,16.6,21.3,27.4,14.6,14.9
01-26,15.4,18.4,11.7,24.1,14.7,13.9,9.5,12.1,14.0,27.4,13.0,15.1,15.3,10.1,18.4,18.6,,9.5,10.9,13.5,16.9,21.3,27.4,14.7,14.9
01-27,15.4,18.4,11.8,24.1,15.3,13.9,9.5,12.2,14.0,27.4,13.2,15.1,15.5,10.2,18.4,18.8,,9.5,11.0,13.5,16.9,21.5,27.4,14.8,15.2
01-28,15.7,18.4,12.0,24.2,15.3,14.3,9.5,12.3,14.0,27.4,13.4,15.1,15.7,10.2,18.5,19.9,,9.5,11.1,13.7,17.0,22.0,27.4,15.0,15.2
01-29,16.3,19.0,12.0,24.2,15.3,14.4,9.5,12.5,14.2,27.5,13.4,15.1,15.9,10.4,18.5,20.6,,9.5,11.2,13.8,17.4,22.4,27.5,15.1,15.2
01-30,16.5,19.0,12.0,24.3,15.3,14.7,10.8,12.5,14.9,27.5,13.4,15.1,15.9,10.9,18.5,20.8,,10.8,11.4,14.1,17.5,22.5,27.5,15.2,15.2
01-31,17.0,19.0,12.1,24.3,15.3,15.2,11.0,12.5,15.5,27.5,13.4,15.1,16.0,10.9,18.5,20.8,,10.9,11.6,14.3,17.7,22.5,27.5,15.3,15.4
02-01,17.8,19.1,13.3,24.3,15.3,15.3,11.0,12.5,15.5,27.5,13.4,15.1,16.1,11.0,18.5,20.8,,11.0,11.8,14.3,18.2,22.6,27.5,15.5,15.4
02-02,18.0,19.1,13.4,24.4,15.4,15.3,11.1,12.6,15.6,27.5,13.4,15.2,16.1,11.0,18.5,20.8,,11.0,11.8,14.3,18.3,22.6,27.5,15.5,15.5
02-03,18.1,19.1,13.5,24.4,15.4,15.3,11.1,13.0,15.6,27.6,13.6,15.4,16.2,11.0,18.5,20.8,,11.0,12.0,14.5,18.3,22.6,27.6,15.7,15.5
02-04,19.0,19.1,13.5,24.4,15.4,15.3,11.2,14.2,15.6,28.0,13.6,16.4,16.4,11.6,18.5,20.9,,11.2,12.6,14.8,18.8,22.6,28.0,16.0,16.0
02-05,19.0,19.1,13.5,24.4,15.4,15.3,11.2,14.6,16.0,28.3,13.8,17.0,16.4,11.7,18.5,20.9,,11.2,12.6,15.0,18.8,22.6,28.3,16.2,16.2
02-06,19.1,19.1,13.8,24.6,15.4,15.3,11.5,14.6,16.0,28.3,14.1,17.3,16.5,12.6,18.5,21.2,,11.5,13.2,15.0,18.8,22.9,28.3,16.2,16.3
02-07,19.4,19.4,13.9,24.6,15.4,15.3,11.9,14.6,16.1,29.1,14.1,17.3,17.5,12.6,18.5,21.5,,11.9,13.2,15.0,18.9,23.1,29.1,16.4,16.7
02-08,20.4,19.4,13.9,25.2,15.4,15.3,13.1,14.6,16.1,30.6,14.1,17.4,18.8,12.6,18.5,21.5,,12.6,13.5,15.0,19.1,23.4,30.6,16.4,16.7
02-09,20.5,19.5,13.9,25.2,15.7,15.6,14.8,14.6,16.1,31.4,14.1,17.4,18.8,12.6,18.5,21.6,,12.6,14.0,15.2,19.2,23.4,31.4,16.6,16.7
02-10,20.6,19.8,13.9,25.2,15.7,16.0,15.1,15.0,16.1,32.0,14.1,17.5,18.9,12.6,18.5,21.6,,12.6,14.0,15.4,19.4,23.4,32.0,16.9,16.8
02-11,20.7,19.8,13.9,25.2,15.9,16.2,15.4,15.0,16.1,33.1,14.1,17.9,18.9,12.6,18.5,21.7,,12.6,14.0,15.7,19.4,23.5,33.1,17.0,17.0
02-12,20.7,19.9,14.1,25.2,15.9,16.2,15.5,15.0,16.1,33.5,14.1,17.9,18.9,12.8,18.5,21.7,,12.8,14.1,15.7,19.4,23.5,33.5,17.0,17.0
02-13,20.8,19.9,14.5,25.2,15.9,16.2,16.2,15.0,16.1,33.5,14.2,17.9,19.0,13.8,18.5,21.7,,13.8,14.3,16.0,19.4,23.5,33.5,17.1,17.0
02-14,21.2,19.9,15.0,25.2,15.9,16.3,17.0,15.0,16.1,33.5,14.2,19.0,19.0,14.1,18.5,21.8,,14.1,14.6,16.0,19.5,23.5,33.5,17.3,17.8
02-15,21.3,20.2,15.0,25.2,16.0,16.3,17.8,15.0,16.7,33.5,14.3,20.1,19.0,14.1,18.5,22.0,,14.1,14.7,16.1,20.2,23.6,33.5,17.4,18.2
02-16,21.4,20.3,15.2,25.2,16.1,16.3,17.9,15.1,17.0,33.5,14.7,20.5,19.1,14.6,18.5,22.0,,14.6,14.9,16.2,20.4,23.6,33.5,17.5,18.2
02-17,21.4,20.5,15.3,25.9,16.1,16.3,18.3,15.1,17.0,33.6,14.7,20.7,19.7,15.3,18.7,22.0,,14.7,15.2,16.2,20.6,24.0,33.6,17.6,18.5
02-18,21.5,21.8,15.3,25.9,16.1,16.3,18.3,15.1,17.0,33.8,14.7,20.7,19.7,15.4,18.7,22.1,,14.7,15.2,16.2,21.1,24.0,33.8,17.8,18.5
02-19,21.5,22.0,15.3,25.9,16.3,16.4,18.4,15.1,17.7,34.0,16.1,20.8,19.7,15.4,18.7,22.2,,15.1,15.3,16.4,21.1,24.0,34.0,18.0,18.5
02-20,21.5,22.0,15.3,26.4,16.4,16.4,18.6,15.1,17.7,34.7,16.1,20.9,19.7,15.6,18.7,22.3,,15.1,15.4,16.4,21.2,24.3,34.7,18.0,18.6
02-21,21.5,22.1,15.3,27.2,16.5,16.4,18.6,15.2,17.9,35.4,16.2,21.0,19.8,16.0,18.7,22.5,,15.2,15.7,16.4,21.3,24.8,35.4,18.1,18.7
02-22,21.5,22.1,15.3,27.2,17.5,16.4,18.7,15.3,17.9,36.0,16.2,21.1,19.9,16.1,18.9,23.4,,15.3,15.7,17.0,21.3,25.3,36.0,18.3,18.8
02-23,21.6,22.2,15.3,27.6,17.8,16.7,19.4,15.4,18.0,36.5,16.4,21.1,19.9,16.1,18.9,23.8,,15.3,15.7,17.2,21.4,25.7,36.5,18.5,19.2
02-24,21.6,22.5,15.4,27.6,17.8,16.9,19.4,15.4,18.0,36.7,16.5,21.2,19.9,16.1,18.9,24.1,,15.4,15.8,17.3,21.4,25.8,36.7,18.5,19.2
02-25,22.5,22.9,15.7,27.9,17.8,16.9,19.4,15.4,18.1,36.9,16.7,21.3,20.0,16.2,19.0,24.1,,15.4,15.9,17.4,21.9,26.0,36.9,18.6,19.2
02-26,23.0,23.2,15.7,28.9,18.1,17.0,19.4,15.4,18.1,37.1,16.8,21.7,20.0,16.2,19.0,24.2,,15.4,16.0,17.5,22.4,26.5,37.1,18.7,19.2
02-27,23.0,23.5,15.8,28.9,18.2,17.0,19.5,15.4,18.1,37.1,17.1,21.9,20.1,16.8,19.0,25.0,,15.4,16.3,17.6,22.4,26.9,37.1,18.8,19.2
02-28,23.0,23.5,15.8,28.9,18.3,17.0,20.0,15.5,18.1,38.0,17.2,22.0,20.1,17.1,19.0,25.9,,15.5,16.4,17.6,22.5,27.4,38.0,19.0,19.5
02-29,23.0,,,,18.3,,,,18.1,,,,20.1,,,,,15.5,16.4,17.6,22.5,27.4,38.0,19.1,19.5
03-01,23.0,23.5,15.8,28.9,19.1,17.1,20.4,15.5,18.3,38.1,17.2,22.1,20.1,17.1,19.0,26.8,,15.5,16.5,17.8,22.6,27.9,38.1,19.4,19.6
03-02,23.6,23.6,15.8,28.9,19.4,17.1,22.0,15.5,18.4,38.1,17.3,22.4,20.3,17.2,19.0,26.9,,15.5,16.5,17.8,23.0,27.9,38.1,19.6,19.8
03-03,23.6,23.6,15.9,28.9,19.4,17.1,22.2,15.6,18.4,38.1,17.5,22.4,20.3,17.2,19.1,26.9,,15.6,16.5,17.9,23.0,27.9,38.1,19.8,19.9
03-04,23.6,23.6,15.9,29.5,19.5,17.6,22.5,15.8,18.4,38.1,17.6,22.4,20.3,17.2,19.1,27.1,,15.8,16.5,18.0,23.0,28.3,38.1,19.8,19.9
03-05,23.9,24.0,16.0,29.5,19.5,17.6,22.8,16.0,18.4,38.1,17.9,22.4,20.3,17.2,19.1,27.8,,16.0,16.6,18.1,23.3,28.7,38.1,19.9,19.9
03-06,24.0,24.1,16.1,29.5,19.5,17.6,22.8,16.1,18.4,39.4,17.9,22.5,20.3,17.2,19.7,28.3,,16.1,16.6,18.1,23.4,28.9,39.4,19.9,20.0
03-07,24.0,24.2,16.1,30.1,19.8,17.8,23.2,16.1,18.8,40.3,17.9,23.0,20.5,17.2,19.8,28.3,,16.1,16.6,18.3,23.6,29.2,40.3,20.1,20.1
03-08,24.0,24.2,16.1,30.3,19.8,18.0,23.2,16.1,18.8,40.3,17.9,23.6,20.7,17.2,19.8,28.3,,16.1,16.6,18.4,23.8,29.3,40.3,20.2,20.3
03-09,24.2,24.4,16.1,30.6,19.8,18.0,23.2,16.1,18.8,40.3,17.9,24.0,20.8,17.2,20.4,28.7,,16.1,16.7,18.4,24.1,29.7,40.3,20.3,20.6
03-10,24.2,25.2,16.1,30.6,19.8,18.0,23.2,16.1,19.3,40.3,17.9,24.0,20.9,17.4,20.6,29.0,,16.1,16.8,18.6,24.1,29.8,40.3,20.4,20.8
03-11,24.2,25.4,16.2,30.8,19.8,18.0,23.6,16.1,19.3,40.3,17.9,24.0,21.0,17.4,20.6,30.0,,16.1,16.8,18.6,24.1,30.4,40.3,20.5,20.8
03-12,24.2,25.4,16.2,30.8,19.8,18.0,23.8,16.1,19.3,40.3,17.9,24.1,21.0,17.4,20.7,30.0,,16.1,16.8,18.7,24.1,30.4,40.3,20.5,20.9
03-13,24.2,25.4,16.2,30.8,19.8,18.0,23.8,16.1,19.3,40.3,17.9,24.1,21.0,17.4,20.7,30.0,,16.1,16.8,18.7,24.2,30.4,40.3,20.5,20.9
03-14,24.6,25.4,16.3,30.8,19.8,18.0,23.8,16.1,19.5,40.3,17.9,24.3,21.1,17.4,21.2,30.2,,16.1,16.8,18.7,24.4,30.5,40.3,20.6,21.1
03-15,24.8,25.4,16.3,31.1,19.8,18.0,23.9,16.1,20.6,40.3,18.3,24.3,21.2,17.4,21.2,30.4,,16.1,16.9,19.1,24.6,30.8,40.3,20.9,21.2
03-16,24.8,25.4,16.3,31.2,19.8,18.0,23.9,16.1,21.1,40.3,18.6,24.3,21.3,17.4,21.2,31.3,,16.1,16.9,19.2,24.6,31.2,40.3,21.1,21.2
03-17,24.9,25.4,16.3,32.3,19.9,18.0,24.0,16.1,22.0,40.3,18.8,24.3,21.4,17.5,21.3,31.3,,16.1,16.9,19.3,24.6,31.8,40.3,21.4,21.7
03-18,25.0,25.4,16.3,32.3,19.9,18.4,24.4,16.1,22.3,40.5,19.0,24.3,21.4,17.5,21.3,31.3,,16.1,16.9,19.5,24.7,31.8,40.5,21.5,21.8
03-19,25.3,25.4,16.3,32.3,20.3,18.5,24.4,16.1,22.3,40.5,19.1,24.3,21.5,17.5,21.3,31.3,,16.1,16.9,19.7,24.8,31.8,40.5,21.6,21.9
03-20,25.7,25.4,16.4,32.3,20.6,18.5,24.4,16.1,22.3,40.5,19.1,24.3,21.7,17.6,21.3,31.4,,16.1,17.0,19.8,24.9,31.8,40.5,21.8,22.0
03-21,26.3,25.4,16.5,32.4,20.6,18.8,24.5,16.1,22.4,40.5,19.1,24.3,21.8,17.8,21.3,31.8,,16.1,17.2,19.8,24.9,32.1,40.5,21.9,22.1
03-22,26.5,25.4,16.5,32.9,20.6,19.2,24.5,16.1,22.4,41.0,19.2,24.4,21.8,17.9,21.3,32.0,,16.1,17.2,19.9,24.9,32.5,41.0,21.9,22.1
03-23,26.5,26.0,16.7,33.5,20.6,19.3,24.5,16.1,23.0,42.0,19.8,24.7,21.9,18.1,21.3,32.4,,16.1,17.4,20.2,25.4,32.9,42.0,22.2,22.4
03-24,26.5,26.4,16.7,33.5,20.6,19.4,24.5,16.5,23.1,42.5,20.3,24.8,21.9,18.3,21.3,32.6,,16.5,17.5,20.5,25.6,33.0,42.5,22.3,22.5
03-25,26.6,26.8,16.7,33.6,20.6,19.4,24.5,17.2,23.4,42.6,20.5,25.3,23.0,18.3,21.3,33.3,,16.7,17.7,20.6,25.9,33.4,42.6,22.8,23.2
03-26,27.0,28.4,16.7,33.9,20.6,19.5,24.5,17.3,23.4,43.0,20.8,25.3,23.4,18.6,21.3,33.6,,16.7,18.0,20.7,26.2,33.8,43.0,23.1,23.4
03-27,27.4,28.6,17.1,34.0,21.0,19.5,24.6,17.3,23.4,43.0,20.9,25.3,23.5,18.6,21.3,33.7,,17.1,18.0,21.0,26.4,33.9,43.0,23.2,23.4
03-28,27.7,28.6,17.1,34.5,21.0,19.5,25.3,17.3,23.5,43.5,21.0,25.3,23.5,18.7,21.3,33.8,,17.1,18.0,21.0,26.5,34.2,43.5,23.3,23.5
03-29,27.8,28.6,17.2,35.3,21.2,19.5,25.4,17.3,24.0,43.6,21.0,25.5,23.6,18.7,21.3,33.8,,17.2,18.0,21.1,26.6,34.6,43.6,23.6,23.8
03-30,28.0,29.7,17.2,35.3,21.2,19.5,25.4,17.3,25.0,43.6,21.0,26.0,23.6,18.7,21.4,34.3,,17.2,18.0,21.1,27.0,34.8,43.6,24.0,24.3
03-31,28.2,29.8,17.6,35.5,21.2,19.5,26.4,17.3,25.2,44.1,21.1,26.0,23.7,18.7,21.4,34.8,,17.3,18.1,21.1,27.3,35.1,44.1,24.2,24.4
04-01,28.4,30.7,18.1,35.5,21.2,19.5,26.4,17.3,25.2,44.6,21.1,26.0,24.4,18.7,21.5,35.7,,17.3,18.4,21.1,27.4,35.6,44.6,24.5,24.8
04-02,28.4,30.9,18.3,35.6,21.2,19.5,27.0,17.3,25.2,44.6,21.1,26.0,24.6,18.7,21.5,35.9,,17.3,18.5,21.2,27.7,35.7,44.6,24.6,24.9
04-03,28.5,31.2,18.6,36.0,21.2,19.5,27.0,17.3,25.2,44.7,21.5,26.2,24.6,18.7,21.5,36.6,,17.3,18.6,21.4,27.8,36.3,44.7,24.6,24.9
04-04,28.5,31.4,19.2,36.3,21.2,19.5,27.0,17.3,25.2,44.8,21.5,26.5,24.7,18.7,21.5,37.3,,17.3,19.0,21.4,27.8,36.8,44.8,24.7,24.9
04-05,28.6,31.7,19.6,36.3,21.2,19.5,27.0,17.3,25.2,44.8,21.5,26.5,24.7,18.7,21.8,37.6,,17.3,19.1,21.4,27.8,37.0,44.8,24.7,24.9
04-06,28.6,31.7,20.4,36.6,21.3,19.9,27.1,17.3,25.2,44.8,21.6,26.6,24.8,18.8,22.0,37.8,,17.3,19.3,21.4,27.8,37.2,44.8,24.7,25.0
04-07,28.6,31.8,20.9,36.9,21.4,20.2,27.4,17.3,25.2,44.8,22.1,26.8,24.9,18.9,22.0,37.8,,17.3,19.6,21.7,28.0,37.4,44.8,24.9,25.0
04-08,28.9,31.8,21.0,38.2,21.5,20.7,27.4,17.3,25.2,44.8,22.5,26.8,25.1,18.9,22.0,37.8,,17.3,19.8,21.7,28.1,38.0,44.8,25.0,25.2
04-09,29.0,31.9,21.0,38.5,21.5,21.8,27.4,17.5,25.2,46.2,23.0,26.8,25.1,18.9,22.0,37.8,,17.5,20.0,21.9,28.2,38.2,46.2,25.0,25.2
04-10,29.2,32.3,21.0,38.8,21.5,22.0,27.4,17.5,25.2,46.4,23.2,27.1,25.1,18.9,22.0,37.8,,17.5,20.0,22.0,28.3,38.3,46.4,25.0,25.2
04-11,29.3,32.5,21.1,38.8,21.5,22.1,27.4,17.5,25.4,46.4,23.2,27.4,25.1,18.9,22.0,37.8,,17.5,20.0,22.0,28.4,38.3,46.4,25.0,25.2
04-12,29.4,32.6,21.1,38.8,21.6,22.1,27.4,17.6,25.4,46.4,23.2,27.5,25.3,18.9,22.5,37.8,,17.6,20.0,22.3,28.5,38.3,46.4,25.2,25.4
04-13,29.4,32.6,21.1,38.8,22.0,22.1,27.4,17.6,25.4,46.9,24.0,27.7,25.3,18.9,23.1,37.8,,17.6,20.0,22.6,28.5,38.3,46.9,25.2,25.4
04-14,29.4,32.6,21.7,39.3,22.1,22.4,27.4,17.6,25.9,46.9,24.1,27.8,25.3,19.0,23.3,37.9,,17.6,20.4,22.8,28.6,38.6,46.9,25.3,25.6
04-15,29.4,33.0,21.7,39.3,22.1,22.4,27.4,17.8,26.5,46.9,24.1,28.6,25.4,20.0,23.7,38.0,,17.8,20.8,23.1,29.0,38.6,46.9,25.6,26.0
04-16,29.6,33.6,21.7,39.4,22.1,22.5,27.4,18.0,26.6,46.9,24.1,29.0,25.9,20.1,24.2,38.0,,18.0,20.9,23.3,29.3,38.7,46.9,25.9,26.3
04-17,29.7,34.1,21.7,39.7,22.1,22.7,27.4,18.1,26.6,46.9,24.1,29.4,26.1,20.2,24.4,38.0,,18.1,21.0,23.4,29.5,38.8,46.9,25.9,26.4
04-18,29.7,34.1,21.7,40.5,22.1,22.7,27.4,18.1,26.7,46.9,24.4,29.4,26.2,20.2,24.4,38.0,,18.1,21.0,23.5,29.5,39.2,46.9,26.0,26.4
04-19,29.7,34.1,21.7,41.3,22.6,22.7,27.6,18.1,26.7,47.4,24.4,29.4,26.3,20.2,24.4,38.6,,18.1,21.0,23.5,29.5,39.9,47.4,26.0,26.5
04-20,29.7,34.1,21.7,41.3,22.6,23.3,27.6,18.1,26.7,47.5,24.4,29.4,26.3,20.2,24.6,38.6,,18.1,21.0,23.8,29.6,40.0,47.5,26.0,26.5
04-21,29.9,34.1,21.7,41.4,22.6,23.6,27.6,18.1,26.7,47.8,24.4,29.6,26.3,20.2,24.7,38.8,,18.1,21.0,24.0,29.7,40.1,47.8,26.0,26.5
04-22,29.9,34.1,21.8,41.9,22.6,23.6,27.6,18.1,26.7,47.9,24.4,30.0,26.3,20.2,24.7,39.3,,18.1,21.0,24.0,29.9,40.6,47.9,26.0,26.5
04-23,29.9,34.1,21.9,42.0,22.6,23.7,27.8,18.1,26.7,47.9,24.4,30.0,26.3,20.2,25.0,39.3,,18.1,21.0,24.0,29.9,40.6,47.9,26.1,26.5
04-24,30.0,34.1,21.9,42.0,22.6,23.7,28.0,18.2,26.8,47.9,24.4,30.0,26.7,20.3,25.1,39.3,,18.2,21.1,24.0,30.0,40.6,47.9,26.2,26.8
04-25,30.6,34.3,21.9,42.1,22.6,23.7,28.0,18.5,27.0,48.7,24.4,30.0,26.8,20.3,25.1,39.7,,18.5,21.1,24.0,30.3,40.9,48.7,26.4,26.9
04-26,30.6,34.7,21.9,42.5,22.7,23.7,28.3,18.7,27.2,48.9,24.4,30.0,26.8,20.5,25.1,39.7,,18.7,21.2,24.0,30.3,41.1,48.9,26.6,27.0
04-27,30.6,34.8,21.9,42.8,23.0,23.7,28.9,19.0,27.3,49.4,24.4,30.3,26.8,20.8,25.1,39.8,,19.0,21.4,24.0,30.5,41.3,49.4,26.7,27.0
04-28,30.6,34.8,22.0,42.9,23.3,23.7,29.1,19.0,27.4,49.9,24.4,30.3,26.8,20.8,25.1,39.8,,19.0,21.4,24.0,30.5,41.3,49.9,26.7,27.1
04-29,30.7,35.0,22.6,43.2,23.3,23.7,29.3,19.0,27.4,50.2,24.4,30.3,26.8,20.8,25.3,39.8,,19.0,21.7,24.0,30.5,41.5,50.2,26.7,27.1
04-30,30.7,35.0,23.1,43.5,23.3,23.7,29.3,19.0,27.4,50.2,24.4,30.3,26.8,20.8,25.5,39.8,,19.0,22.0,24.0,30.5,41.6,50.2,26.7,27.1
05-01,30.8,35.0,23.6,43.5,23.7,23.7,29.3,19.0,27.5,50.2,25.0,30.6,26.8,20.8,25.5,39.8,,19.0,22.2,24.4,30.7,41.6,50.2,26.8,27.2
05-02,30.8,35.1,24.0,43.5,23.9,23.7,29.3,19.0,27.5,50.3,25.0,30.6,26.8,20.8,25.8,39.8,,19.0,22.3,24.5,30.7,41.6,50.3,26.8,27.2
05-03,30.8,35.4,24.1,43.7,23.9,23.7,29.3,19.0,27.5,50.3,25.1,30.6,26.9,20.9,26.0,39.8,,19.0,22.3,24.6,30.7,41.7,50.3,26.8,27.2
05-04,30.8,35.8,24.1,43.9,23.9,23.7,29.3,19.0,27.5,50.3,25.1,30.6,26.9,21.1,26.3,39.8,,19.0,22.4,24.6,30.7,41.8,50.3,26.8,27.2
05-05,30.8,35.9,24.1,43.9,24.0,23.7,29.3,19.1,27.5,50.3,25.1,30.6,26.9,21.1,26.4,40.0,,19.1,22.4,24.6,30.7,42.0,50.3,26.8,27.2
05-06,30.8,36.4,24.4,44.0,24.1,23.7,29.3,19.1,27.5,50.3,25.1,30.6,26.9,21.1,26.4,40.0,,19.1,22.4,24.7,30.7,42.0,50.3,26.9,27.2
05-07,30.8,36.5,24.4,44.0,24.2,23.8,29.4,19.4,28.1,50.3,25.1,30.6,26.9,21.1,26.4,40.3,,19.4,22.4,24.8,30.7,42.2,50.3,27.0,27.5
05-08,31.4,36.5,24.5,44.0,24.2,24.1,29.7,20.1,28.3,50.3,25.1,30.7,26.9,21.2,26.4,40.4,,20.1,22.6,24.8,31.1,42.2,50.3,27.3,27.6
05-09,31.6,36.5,24.5,44.4,24.2,24.1,29.7,20.2,28.6,50.3,25.1,31.0,26.9,21.2,26.4,40.5,,20.2,22.6,24.8,31.3,42.5,50.3,27.5,27.7
05-10,32.2,36.5,24.5,44.7,24.2,24.1,30.7,21.0,28.6,50.3,25.1,31.1,26.9,21.2,26.9,40.5,,21.0,22.6,24.8,31.6,42.6,50.3,27.6,27.8
05-11,32.2,36.5,24.7,44.9,24.2,24.1,30.9,21.0,28.8,50.3,25.1,31.1,26.9,21.3,26.9,40.5,,21.0,22.7,24.9,31.6,42.7,50.3,27.7,27.8
05-12,32.3,36.5,25.5,44.9,24.2,24.1,30.9,21.0,28.8,50.3,25.5,31.1,26.9,21.3,26.9,40.5,,21.0,22.7,25.5,31.7,42.7,50.3,27.7,27.8
05-13,32.3,36.5,25.6,44.9,24.2,24.1,31.0,21.0,28.8,50.3,26.1,31.1,26.9,21.3,27.0,40.6,,21.0,22.7,25.9,31.7,42.7,50.3,27.8,27.9
05-14,32.3,36.5,25.7,44.9,24.2,24.1,31.0,21.0,28.8,50.3,26.4,31.1,27.0,21.3,27.0,40.6,,21.0,22.7,26.0,31.7,42.7,50.3,27.8,27.9
05-15,32.3,36.6,25.7,45.0,24.2,24.1,31.0,21.1,28.8,50.3,26.4,31.1,27.0,21.4,27.0,41.1,,21.1,22.7,26.0,31.7,43.0,50.3,27.8,27.9
05-16,32.3,36.6,25.7,45.0,24.2,24.1,31.0,21.4,29.1,50.3,26.5,31.1,27.1,21.4,27.0,41.1,,21.4,22.8,26.1,31.7,43.0,50.3,27.9,28.1
05-17,32.3,36.6,25.7,45.1,24.2,24.1,31.0,22.0,29.4,50.7,26.6,31.3,27.1,21.5,27.0,41.1,,21.5,23.1,26.1,31.8,43.1,50.7,28.0,28.2
05-18,32.3,36.6,25.7,45.1,24.2,24.4,31.0,22.0,29.4,51.1,26.6,31.8,27.1,21.5,27.0,41.1,,21.5,23.1,26.1,32.1,43.1,51.1,28.1,28.2
05-19,32.3,36.6,25.9,46.0,24.5,24.6,31.0,22.8,29.4,51.4,26.7,31.9,27.1,21.5,27.0,41.1,,21.5,23.6,26.3,32.1,43.6,51.4,28.1,28.2
05-20,32.3,36.6,26.0,46.4,24.5,24.7,31.0,23.3,30.1,51.5,26.8,32.2,27.1,21.5,27.1,41.1,,21.5,23.9,26.4,32.3,43.8,51.5,28.3,28.6
05-21,32.4,36.6,26.0,46.6,24.5,24.9,31.0,23.4,30.5,51.5,26.8,32.2,27.5,21.5,27.1,41.1,,21.5,24.0,26.4,32.3,43.9,51.5,28.5,29.0
05-22,32.8,36.6,26.2,46.7,24.5,24.9,31.0,23.6,31.0,51.5,26.9,32.7,27.9,21.7,27.1,41.1,,21.7,24.0,26.6,32.8,43.9,51.5,28.7,29.4
05-23,33.3,36.7,26.4,46.9,24.5,24.9,31.0,23.9,31.1,51.5,27.2,33.1,28.1,21.7,27.1,41.2,,21.7,24.2,26.8,33.2,44.1,51.5,29.1,29.5
05-24,33.5,36.8,26.8,47.2,24.6,24.9,31.0,24.5,31.1,51.5,27.2,34.0,28.2,22.1,27.1,42.0,,22.1,24.5,27.0,33.7,44.6,51.5,29.3,29.6
05-25,33.5,37.4,27.4,47.3,24.6,24.9,31.2,24.7,31.2,51.6,27.2,34.4,28.2,22.1,27.2,42.1,,22.1,24.6,27.2,34.0,44.7,51.6,29.4,29.7
05-26,33.6,37.5,27.4,47.3,24.7,24.9,31.2,24.7,31.3,51.6,27.2,34.5,28.2,22.1,27.2,42.2,,22.1,24.7,27.2,34.0,44.8,51.6,29.4,29.7
05-27,34.0,37.6,27.4,47.4,25.3,24.9,31.2,24.8,31.3,51.6,27.2,34.5,28.2,22.1,27.2,42.3,,22.1,24.8,27.2,34.2,44.8,51.6,29.5,29.7
05-28,34.0,37.6,27.4,47.4,26.3,24.9,31.2,25.1,31.4,51.6,27.2,34.7,28.2,22.1,27.2,42.3,,22.1,25.0,27.2,34.4,44.8,51.6,29.5,29.7
05-29,34.0,37.6,27.5,47.8,26.3,25.1,31.2,25.2,31.4,51.6,27.2,34.8,28.2,22.1,27.5,42.3,,22.1,25.1,27.4,34.4,45.1,51.6,29.6,29.7
05-30,34.1,37.6,27.6,48.3,26.3,25.2,31.2,25.3,31.5,51.6,27.3,34.8,28.2,22.1,27.9,42.3,,22.1,25.2,27.4,34.5,45.3,51.6,29.7,29.7
05-31,34.1,37.6,27.6,48.8,26.3,25.2,31.2,25.3,31.5,51.6,27.4,34.9,28.2,22.1,28.0,42.3,,22.1,25.3,27.5,34.5,45.6,51.6,29.7,29.7
06-01,34.1,37.7,27.6,48.8,26.3,25.2,31.2,25.3,31.5,51.6,27.5,34.9,28.2,22.1,28.1,42.3,,22.1,25.3,27.5,34.5,45.6,51.6,29.7,29.7
06-02,34.1,37.9,27.9,48.8,26.4,25.2,31.2,25.3,31.5,51.6,27.6,34.9,28.2,22.1,28.1,42.4,,22.1,25.3,27.7,34.5,45.6,51.6,29.8,29.7
06-03,34.1,38.3,27.9,48.8,26.4,25.2,31.2,25.3,31.5,51.6,27.6,35.0,28.2,22.1,28.1,42.4,,22.1,25.3,27.7,34.6,45.6,51.6,29.8,29.7
06-04,34.5,38.3,27.9,48.8,26.4,25.2,31.2,25.5,31.5,51.6,27.6,35.0,28.2,22.1,28.1,42.4,,22.1,25.4,27.7,34.8,45.6,51.6,29.9,29.7
06-05,34.7,38.3,28.2,48.8,26.4,25.2,31.2,25.5,31.5,51.6,27.6,35.0,28.2,22.1,28.1,42.4,,22.1,25.4,27.8,34.8,45.6,51.6,30.0,29.7
06-06,34.8,38.4,28.2,48.8,26.4,25.2,31.2,25.5,31.5,51.6,27.6,35.0,28.2,22.1,28.3,42.5,,22.1,25.4,27.9,34.9,45.6,51.6,30.1,29.8
06-07,35.2,38.9,28.2,48.8,26.4,25.2,31.2,25.5,31.5,51.6,27.6,35.2,29.0,22.1,28.3,42.5,,22.1,25.4,27.9,35.2,45.6,51.6,30.2,30.1
06-08,35.2,39.7,28.2,48.8,26.4,25.2,31.2,25.5,31.5,51.6,27.6,35.5,29.6,22.1,28.3,42.5,,22.1,25.4,27.9,35.3,45.6,51.6,30.3,30.4
06-09,35.2,40.0,28.2,49.6,26.4,25.2,31.2,25.5,31.5,51.6,27.6,35.6,29.7,22.1,28.3,42.5,,22.1,25.4,27.9,35.4,46.1,51.6,30.3,30.5
06-10,35.2,40.2,28.5,49.6,26.4,25.2,31.2,25.5,31.5,51.6,27.6,35.6,29.8,22.1,28.3,42.7,,22.1,25.4,28.0,35.4,46.2,51.6,30.3,30.5
06-11,35.6,40.9,28.8,49.6,26.4,25.2,31.2,25.6,31.5,51.6,27.6,35.6,29.8,22.1,28.3,42.7,,22.1,25.4,28.0,35.6,46.2,51.6,30.5,30.5
06-12,36.0,41.2,29.3,49.6,26.4,25.2,31.2,25.6,31.6,51.6,27.6,35.6,29.8,22.1,28.3,42.8,,22.1,25.4,28.0,35.8,46.2,51.6,30.6,30.5
06-13,36.0,41.2,30.1,49.6,26.4,25.2,31.2,25.7,31.7,52.0,27.6,35.6,29.8,22.1,28.3,43.0,,22.1,25.4,28.0,35.8,46.3,52.0,30.7,30.7
06-14,36.0,41.6,30.4,49.9,26.4,25.2,31.2,25.7,32.0,52.7,27.6,35.6,29.8,22.1,28.6,43.0,,22.1,25.4,28.1,35.8,46.5,52.7,30.9,30.8
06-15,36.0,41.6,30.4,49.9,26.4,25.2,31.2,25.7,32.0,52.7,27.6,35.7,29.8,22.1,28.6,43.2,,22.1,25.4,28.1,35.8,46.6,52.7,30.9,30.8
06-16,36.0,41.6,30.4,49.9,26.4,25.2,31.2,25.7,32.0,52.7,27.6,35.7,29.8,22.1,28.6,43.4,,22.1,25.4,28.1,35.8,46.7,52.7,30.9,30.8
06-17,36.0,41.6,30.6,49.9,26.4,25.2,31.4,25.7,32.0,52.7,27.6,35.7,30.6,22.1,28.6,43.5,,22.1,25.4,28.1,35.8,46.7,52.7,31.0,31.0
06-18,36.0,42.0,30.6,49.9,26.4,25.2,31.8,25.7,32.0,52.7,28.3,35.7,31.0,22.1,28.6,43.5,,22.1,25.4,28.4,35.8,46.7,52.7,31.2,31.4
06-19,36.0,42.1,30.6,49.9,26.4,25.2,31.8,25.7,32.0,52.7,28.3,35.7,31.0,22.1,28.6,43.6,,22.1,25.4,28.5,35.8,46.7,52.7,31.2,31.4
06-20,36.0,42.2,30.6,50.2,26.4,25.2,31.9,25.7,32.0,52.7,28.3,35.7,31.0,22.1,28.7,43.8,,22.1,25.4,28.5,35.8,47.0,52.7,31.2,31.4
06-21,36.0,42.6,30.6,50.2,26.4,25.2,31.9,25.7,32.1,52.7,28.3,35.7,31.0,22.1,28.7,43.8,,22.1,25.4,28.5,35.9,47.0,52.7,31.3,31.4
06-22,36.0,42.6,30.7,50.2,26.4,25.2,31.9,25.7,32.1,52.7,28.3,35.8,31.0,22.1,28.7,43.8,,22.1,25.4,28.5,35.9,47.0,52.7,31.3,31.4
06-23,36.0,42.6,30.7,50.2,26.4,25.2,31.9,25.7,32.1,52.8,28.3,35.8,31.0,22.1,28.7,43.8,,22.1,25.4,28.5,35.9,47.0,52.8,31.3,31.4
06-24,36.0,42.6,30.7,50.2,26.4,25.2,31.9,25.7,32.1,52.8,28.3,35.8,31.0,22.1,28.7,43.8,,22.1,25.4,28.5,35.9,47.0,52.8,31.3,31.4
06-25,36.0,42.6,30.7,50.2,26.4,25.2,31.9,25.7,32.1,52.8,28.3,35.8,31.0,22.1,28.7,43.8,,22.1,25.4,28.5,35.9,47.0,52.8,31.3,31.4
06-26,36.0,42.6,30.7,50.2,26.4,25.2,31.9,25.7,32.1,52.8,28.3,35.8,31.0,22.2,28.7,43.8,,22.2,25.4,28.5,35.9,47.0,52.8,31.3,31.4
06-27,36.0,42.7,30.7,50.2,26.4,25.2,32.0,25.7,32.1,52.8,28.3,35.8,31.0,22.2,28.7,43.8,,22.2,25.4,28.5,35.9,47.0,52.8,31.3,31.5
06-28,36.0,42.7,30.7,50.2,26.4,25.2,32.5,25.7,32.1,52.8,28.3,35.8,31.0,22.2,28.7,43.9,,22.2,25.4,28.5,35.9,47.0,52.8,31.4,31.5
06-29,36.0,42.7,30.7,50.2,26.4,25.2,32.5,25.7,32.1,52.8,28.3,35.8,31.3,22.2,28.7,43.9,,22.2,25.4,28.5,35.9,47.0,52.8,31.5,31.7
06-30,36.0,42.7,30.7,50.3,26.4,25.2,32.5,25.7,32.1,52.8,28.3,35.8,31.5,22.2,28.7,44.0,,22.2,25.4,28.5,35.9,47.1,52.8,31.5,31.8
07-01,36.0,42.7,30.7,50.4,26.4,25.2,32.5,25.7,32.2,52.8,28.3,35.8,31.8,22.2,28.7,44.0,,22.2,25.4,28.5,35.9,47.2,52.8,31.6,32.0
07-02,36.0,42.7,30.7,50.4,26.4,25.2,32.5,25.7,32.2,52.8,28.3,35.8,31.8,22.3,28.7,44.0,,22.3,25.4,28.5,35.9,47.2,52.8,31.6,32.0
07-03,36.0,42.7,30.7,50.4,26.4,25.2,32.5,25.7,32.2,52.8,28.3,35.8,31.8,22.3,28.7,44.0,,22.3,25.4,28.5,35.9,47.2,52.8,31.6,32.0
07-04,36.0,42.7,30.7,50.4,26.4,25.2,32.5,25.7,32.2,52.8,28.3,35.8,31.8,22.3,28.7,44.1,,22.3,25.5,28.5,35.9,47.2,52.8,31.6,32.0
07-05,36.0,42.7,30.7,50.4,26.4,25.3,32.5,25.7,32.2,52.8,28.3,35.8,31.8,22.3,28.7,44.1,,22.3,25.5,28.5,35.9,47.2,52.8,31.6,32.0
07-06,36.0,42.7,30.7,50.5,26.6,25.4,32.5,25.8,32.2,52.8,28.3,35.8,31.8,22.3,28.7,44.1,,22.3,25.6,28.5,35.9,47.3,52.8,31.6,32.0
07-07,36.0,42.7,30.7,50.5,26.7,25.4,32.5,25.9,32.2,52.8,28.3,35.8,31.8,22.3,28.7,44.1,,22.3,25.6,28.5,35.9,47.3,52.8,31.6,32.0
07-08,36.0,42.7,30.7,50.6,26.7,25.4,32.5,26.1,32.2,52.8,28.3,35.8,31.8,22.3,28.7,44.1,,22.3,25.7,28.5,35.9,47.4,52.8,31.6,32.0
07-09,36.0,42.7,30.7,50.6,26.7,25.4,32.5,26.3,32.2,52.8,28.3,35.8,31.8,22.3,28.7,44.1,,22.3,25.8,28.5,35.9,47.4,52.8,31.6,32.0
07-10,36.0,42.7,30.7,50.9,26.7,25.4,32.5,26.4,32.2,52.8,28.3,35.8,31.8,22.3,28.7,44.1,,22.3,25.9,28.5,35.9,47.5,52.8,31.6,32.0
07-11,36.0,42.7,30.7,51.1,26.7,25.4,32.5,26.4,32.2,52.8,28.3,35.8,31.8,22.3,28.7,44.1,,22.3,25.9,28.5,35.9,47.6,52.8,31.6,32.0
07-12,36.0,42.7,30.7,51.1,26.7,25.4,32.5,26.4,32.2,52.8,28.3,35.8,31.8,22.3,28.7,44.1,,22.3,25.9,28.5,35.9,47.6,52.8,31.6,32.0
07-13,36.0,42.7,30.7,51.1,26.7,25.4,32.5,26.4,32.2,52.8,28.3,35.8,31.8,22.3,28.7,44.1,,22.3,25.9,28.5,35.9,47.6,52.8,31.6,32.0
07-14,36.0,42.7,30.7,51.1,26.7,25.5,32.5,26.5,32.2,52.8,28.3,35.8,31.8,22.3,28.7,44.1,,22.3,26.0,28.5,35.9,47.6,52.8,31.6,32.0
07-15,36.0,42.7,30.7,51.1,27.1,25.5,32.5,26.5,32.2,52.9,28.3,35.8,31.8,22.3,28.7,44.1,,22.3,26.0,28.5,35.9,47.6,52.9,31.6,32.0
07-16,36.0,42.7,30.7,51.1,27.1,25.5,32.5,26.5,32.2,52.9,28.3,35.8,31.8,22.3,28.7,44.1,,22.3,26.0,28.5,35.9,47.6,52.9,31.7,32.0
07-17,36.0,42.7,30.7,51.1,27.2,25.6,32.5,26.5,32.2,52.9,28.3,35.8,31.8,22.3,28.7,44.1,,22.3,26.0,28.5,35.9,47.6,52.9,31.7,32.0
07-18,36.0,42.7,30.7,51.1,27.2,25.8,32.5,26.5,32.2,52.9,28.3,35.8,31.8,22.3,28.7,44.1,,22.3,26.2,28.5,35.9,47.6,52.9,31.7,32.0
07-19,36.0,42.7,30.7,51.1,27.2,25.8,32.5,26.8,32.2,52.9,28.3,35.8,31.8,22.3,28.7,44.1,,22.3,26.3,28.5,35.9,47.6,52.9,31.7,32.0
07-20,36.0,42.7,30.7,51.1,27.2,25.8,32.5,26.8,32.2,52.9,28.3,35.8,31.8,22.3,28.7,44.2,,22.3,26.3,28.5,35.9,47.6,52.9,31.7,32.0
07-21,36.0,42.7,30.7,51.1,27.2,25.8,32.5,26.9,32.2,52.9,28.3,35.8,31.8,22.3,28.7,44.2,,22.3,26.4,28.5,35.9,47.6,52.9,31.7,32.0
07-22,36.0,42.7,30.8,51.1,27.2,25.8,32.5,26.9,32.2,52.9,28.3,35.8,31.8,22.3,28.7,44.2,,22.3,26.4,28.5,35.9,47.6,52.9,31.7,32.0
07-23,36.1,42.7,30.8,51.1,27.2,25.8,32.5,26.9,32.2,52.9,28.3,35.8,31.9,22.3,28.7,44.2,,22.3,26.4,28.5,36.0,47.6,52.9,31.7,32.1
07-24,36.1,42.7,30.8,51.1,27.2,25.8,32.5,27.0,32.2,52.9,28.3,35.8,31.9,22.3,28.7,44.2,,22.3,26.4,28.5,36.0,47.6,52.9,31.7,32.1
07-25,36.1,42.7,30.8,51.1,27.2,25.8,32.5,27.0,32.2,52.9,28.4,35.8,32.0,22.3,28.7,44.2,,22.3,26.4,28.5,36.0,47.6,52.9,31.7,32.1
07-26,36.1,42.8,30.8,51.1,27.3,25.8,32.5,27.0,32.2,52.9,28.4,35.8,32.0,22.3,28.7,44.2,,22.3,26.4,28.5,36.0,47.6,52.9,31.7,32.1
07-27,36.1,42.8,30.8,51.1,27.3,25.9,32.5,27.0,32.2,53.1,28.4,35.8,32.0,22.3,28.7,44.2,,22.3,26.4,28.5,36.0,47.6,53.1,31.7,32.1
07-28,36.1,42.8,30.8,51.1,27.3,26.0,32.5,27.1,32.2,53.1,28.4,36.0,32.0,22.3,28.7,44.2,,22.3,26.5,28.5,36.0,47.6,53.1,31.7,32.1
07-29,36.1,42.8,30.8,51.1,27.3,26.0,32.6,27.1,32.2,53.1,28.4,36.0,32.3,22.9,28.8,44.2,,22.9,26.6,28.6,36.0,47.6,53.1,31.7,32.2
07-30,36.1,42.8,30.9,51.1,27.3,26.0,33.3,27.1,32.2,53.1,28.4,36.0,32.3,22.9,28.8,44.2,,22.9,26.6,28.6,36.0,47.6,53.1,31.7,32.2
07-31,36.1,42.8,30.9,51.1,27.3,26.0,33.5,27.1,32.2,53.1,28.4,36.0,32.3,22.9,28.8,44.2,,22.9,26.6,28.6,36.0,47.6,53.1,31.7,32.2
08-01,36.1,42.9,31.0,51.5,27.3,26.0,33.5,27.1,32.2,53.1,28.4,36.0,32.3,23.3,28.8,44.6,,23.3,26.6,28.6,36.0,48.0,53.1,31.7,32.2
08-02,36.1,42.9,31.1,52.4,27.3,26.0,33.5,27.1,32.2,53.1,28.4,36.0,32.3,23.9,29.0,45.5,,23.9,26.6,28.7,36.1,48.9,53.1,31.8,32.2
08-03,36.1,42.9,31.1,52.4,27.3,26.0,33.5,27.1,32.2,53.1,28.4,36.0,32.3,24.0,29.3,45.6,,24.0,26.6,28.9,36.1,49.0,53.1,31.8,32.2
08-04,36.1,42.9,31.1,52.4,27.3,26.0,33.5,27.8,32.2,53.1,28.5,36.0,32.3,24.0,29.3,46.3,,24.0,26.7,28.9,36.1,49.4,53.1,31.8,32.3
08-05,36.1,42.9,31.1,52.4,27.3,26.0,33.8,27.8,32.2,53.1,28.5,36.0,32.3,24.0,29.3,46.6,,24.0,26.7,28.9,36.1,49.5,53.1,31.8,32.3
08-06,36.1,42.9,31.2,52.5,27.3,26.0,34.1,27.9,32.2,53.1,28.5,36.0,32.3,24.0,29.3,46.6,,24.0,26.7,28.9,36.1,49.5,53.1,31.9,32.3
08-07,36.1,43.1,31.3,52.5,27.3,26.0,34.2,27.9,32.2,53.1,28.5,36.0,32.3,24.0,30.2,46.6,,24.0,26.7,29.3,36.1,49.5,53.1,31.9,32.3
08-08,36.5,43.1,31.4,52.5,27.3,26.0,34.2,28.0,32.3,53.1,28.5,36.1,32.3,24.0,30.2,46.6,,24.0,26.7,29.3,36.3,49.5,53.1,32.0,32.3
08-09,36.5,43.2,31.4,52.5,27.3,26.0,34.3,28.0,32.3,53.1,28.5,36.2,32.3,24.0,30.2,46.7,,24.0,26.7,29.3,36.3,49.6,53.1,32.0,32.3
08-10,36.5,43.2,31.4,52.5,27.3,26.0,34.3,28.1,32.3,53.2,28.5,36.2,32.3,24.1,30.2,46.7,,24.1,26.7,29.3,36.4,49.6,53.2,32.0,32.3
08-11,36.8,43.2,31.4,52.5,27.5,26.0,34.3,28.1,32.3,53.2,28.5,36.2,32.3,24.1,30.2,46.7,,24.1,26.8,29.3,36.5,49.6,53.2,32.0,32.3
08-12,36.8,43.2,31.4,52.5,27.6,26.0,34.3,28.2,32.3,53.2,28.5,36.2,32.3,24.1,30.2,46.7,,24.1,26.8,29.3,36.5,49.6,53.2,32.0,32.3
08-13,36.8,43.2,31.4,52.5,27.6,26.1,34.5,28.2,32.3,53.2,28.5,36.2,32.3,24.1,30.2,46.7,,24.1,26.8,29.3,36.5,49.6,53.2,32.0,32.3
08-14,36.8,43.2,31.4,52.5,27.6,26.1,34.8,28.2,32.3,53.3,28.5,36.2,32.3,24.1,30.6,46.7,,24.1,26.8,29.5,36.5,49.6,53.3,32.0,32.3
08-15,36.8,43.2,31.4,52.5,27.6,26.1,34.8,28.2,32.3,53.3,28.5,36.2,32.3,24.1,30.6,46.7,,24.1,26.8,29.5,36.5,49.6,53.3,32.0,32.3
08-16,36.8,43.4,31.4,52.5,27.6,26.1,34.9,28.2,32.3,53.4,28.5,36.2,32.3,24.1,30.6,46.7,,24.1,26.8,29.5,36.5,49.6,53.4,32.0,32.3
08-17,36.8,43.4,31.4,52.5,27.6,26.1,34.9,28.2,32.3,53.4,28.5,36.2,32.3,24.1,30.6,46.7,,24.1,26.8,29.5,36.5,49.6,53.4,32.1,32.3
08-18,36.8,43.4,31.4,52.5,27.6,26.1,34.9,28.3,32.3,53.4,28.5,36.2,32.3,24.1,30.6,46.7,,24.1,26.9,29.5,36.5,49.6,53.4,32.1,32.3
08-19,36.8,43.4,31.4,52.5,27.6,26.1,34.9,28.3,32.4,53.4,28.5,36.2,32.3,24.7,30.6,46.7,,24.7,26.9,29.6,36.5,49.6,53.4,32.1,32.3
08-20,36.8,43.4,31.4,52.5,27.6,26.1,34.9,28.3,32.4,53.4,28.5,36.2,32.3,25.1,30.7,46.7,,25.1,26.9,29.6,36.5,49.6,53.4,32.1,32.3
08-21,36.8,43.4,31.4,52.6,27.6,26.1,35.4,28.3,32.4,53.4,28.5,36.2,32.3,25.2,30.9,46.8,,25.2,26.9,29.7,36.5,49.7,53.4,32.1,32.4
08-22,36.8,43.4,31.4,52.6,27.6,26.1,35.6,28.3,32.4,53.4,28.5,36.2,32.3,25.9,30.9,46.9,,25.9,26.9,29.7,36.5,49.8,53.4,32.1,32.4
08-23,36.8,43.4,31.8,52.6,27.6,26.1,36.6,28.3,32.4,53.4,28.8,36.2,32.3,26.0,30.9,47.0,,26.0,26.9,29.9,36.7,49.8,53.4,32.4,32.4
08-24,36.8,44.0,31.8,52.6,27.7,26.3,36.7,28.3,32.4,53.4,28.9,36.2,32.3,26.0,30.9,47.0,,26.0,27.0,29.9,36.8,49.8,53.4,32.4,32.4
08-25,36.8,44.4,31.8,52.6,27.7,26.5,36.7,28.3,32.4,53.5,28.9,36.2,32.3,26.0,30.9,47.0,,26.0,27.1,29.9,36.8,49.8,53.5,32.4,32.4
08-26,36.8,44.5,31.8,52.6,27.7,26.5,37.0,28.3,32.4,53.5,28.9,36.2,32.4,26.0,30.9,47.0,,26.0,27.1,29.9,36.9,49.8,53.5,32.4,32.4
08-27,36.8,44.5,31.8,52.6,27.7,26.5,37.1,28.5,32.4,53.5,28.9,36.2,32.4,26.0,30.9,47.3,,26.0,27.1,29.9,36.9,49.9,53.5,32.4,32.4
08-28,36.8,44.5,31.9,52.6,27.7,26.5,37.1,28.6,32.4,53.5,28.9,36.2,32.4,26.0,31.0,47.3,,26.0,27.1,29.9,37.0,49.9,53.5,32.5,32.4
08-29,36.8,44.5,32.0,52.6,27.7,26.5,37.1,28.6,32.4,53.5,28.9,36.2,32.4,26.0,31.0,47.3,,26.0,27.1,29.9,37.0,49.9,53.5,32.5,32.4
08-30,36.8,44.5,32.1,52.7,27.7,26.5,37.1,28.6,32.4,53.5,28.9,36.2,32.5,26.0,31.0,47.3,,26.0,27.1,29.9,37.0,50.0,53.5,32.5,32.4
08-31,36.8,44.6,32.4,52.7,27.7,26.5,37.1,28.7,32.4,53.5,28.9,36.2,32.5,26.0,31.0,47.4,,26.0,27.1,29.9,37.0,50.0,53.5,32.6,32.4
09-01,37.8,44.6,32.4,52.7,27.8,26.5,37.3,28.7,32.4,53.5,28.9,36.2,32.5,26.0,31.0,47.4,,26.0,27.1,29.9,37.5,50.0,53.5,32.7,32.4
09-02,38.0,44.6,32.4,52.7,28.2,26.5,37.3,28.7,32.4,53.5,28.9,36.2,32.5,26.0,31.0,47.4,,26.0,27.4,29.9,37.6,50.1,53.5,32.7,32.4
09-03,38.0,44.6,32.4,52.7,28.2,26.7,37.3,28.7,32.4,53.5,28.9,36.2,32.5,26.0,31.0,47.4,,26.0,27.5,29.9,37.7,50.1,53.5,32.8,32.5
09-04,38.2,44.6,32.4,52.7,28.2,26.7,37.3,28.7,32.4,53.5,28.9,36.2,32.5,26.1,31.0,47.7,,26.1,27.5,29.9,37.7,50.2,53.5,32.8,32.5
09-05,38.2,44.6,32.4,52.7,28.3,26.7,37.3,28.7,32.4,53.5,28.9,36.2,32.5,26.1,31.0,48.7,,26.1,27.5,29.9,37.8,50.7,53.5,32.8,32.5
09-06,38.2,44.6,32.4,52.7,28.3,26.7,37.3,28.9,32.4,53.5,28.9,36.2,32.5,26.1,31.0,48.7,,26.1,27.5,29.9,37.8,50.7,53.5,32.8,32.5
09-07,38.2,44.6,32.4,52.8,28.3,26.8,37.3,28.9,32.5,53.5,28.9,36.3,32.5,26.1,31.0,48.8,,26.1,27.5,29.9,37.8,50.8,53.5,32.8,32.5
09-08,38.2,44.6,32.4,52.8,28.3,26.8,37.3,28.9,32.5,53.5,28.9,36.3,32.6,26.1,31.0,48.8,,26.1,27.5,29.9,37.8,50.8,53.5,32.9,32.6
09-09,38.2,44.6,32.4,52.8,28.3,26.9,37.3,28.9,32.5,53.5,28.9,37.0,33.2,26.1,31.0,48.8,,26.1,27.6,29.9,37.8,50.8,53.5,32.9,32.8
09-10,38.2,44.6,32.7,52.8,28.3,27.0,37.5,28.9,32.5,53.5,28.9,37.1,33.2,26.1,31.0,48.8,,26.1,27.6,29.9,37.8,50.8,53.5,33.0,33.0
09-11,38.2,44.6,32.7,52.8,28.3,27.0,37.5,28.9,32.5,53.5,28.9,37.3,33.2,26.2,31.0,48.8,,26.2,27.6,30.0,37.8,50.8,53.5,33.0,33.0
09-12,38.2,44.6,32.7,52.8,28.3,27.7,37.5,28.9,32.5,53.5,28.9,38.0,33.3,26.4,31.0,48.8,,26.4,28.0,30.0,38.1,50.8,53.5,33.0,33.0
09-13,38.2,44.6,32.7,52.9,28.3,28.2,37.5,28.9,32.5,53.5,28.9,38.0,33.3,26.5,31.0,48.8,,26.5,28.2,30.0,38.1,50.8,53.5,33.1,33.0
09-14,38.2,44.7,32.7,52.9,28.3,28.2,37.5,28.9,33.0,53.5,28.9,38.0,33.3,26.6,31.3,48.8,,26.6,28.3,30.1,38.1,50.9,53.5,33.2,33.1
09-15,38.2,44.9,32.8,53.0,28.3,28.8,37.5,29.1,33.3,53.7,28.9,38.0,33.3,26.7,31.4,48.9,,26.7,28.5,30.3,38.1,50.9,53.7,33.4,33.3
09-16,38.2,44.9,32.8,53.0,28.3,28.9,37.5,29.7,33.4,53.9,28.9,38.0,33.3,26.7,31.8,48.9,,26.7,28.6,30.8,38.1,50.9,53.9,33.4,33.3
09-17,38.2,44.9,32.8,53.1,28.3,28.9,37.5,30.9,33.4,53.9,28.9,38.0,33.3,26.7,32.4,48.9,,26.7,28.6,31.6,38.1,51.0,53.9,33.5,33.3
09-18,38.2,44.9,32.8,53.3,28.3,29.1,37.5,31.1,33.4,53.9,28.9,38.1,33.3,26.7,32.6,48.9,,26.7,28.6,31.8,38.2,51.1,53.9,33.5,33.3
09-19,38.2,44.9,32.8,53.3,28.3,29.2,37.6,31.2,33.4,54.3,28.9,38.1,33.3,26.7,32.6,48.9,,26.7,28.6,31.9,38.2,51.1,54.3,33.6,33.3
09-20,38.2,44.9,32.8,53.3,28.3,29.2,37.7,31.2,33.4,55.1,28.9,38.1,33.7,26.9,32.6,49.2,,26.9,28.6,31.9,38.2,51.2,55.1,33.7,33.6
09-21,38.4,45.1,32.8,53.3,28.3,29.2,37.7,31.2,33.4,55.1,28.9,38.3,33.8,26.9,32.6,49.4,,26.9,28.6,31.9,38.3,51.3,55.1,33.7,33.6
09-22,38.4,45.1,32.8,53.3,28.3,29.2,37.8,31.2,33.9,55.2,28.9,38.3,33.8,26.9,33.1,49.7,,26.9,28.6,32.0,38.4,51.5,55.2,33.9,33.8
09-23,38.6,45.1,32.8,53.3,28.3,29.2,37.9,31.2,34.8,55.2,28.9,38.3,33.8,26.9,33.1,50.2,,26.9,28.6,32.0,38.5,51.7,55.2,34.3,34.3
09-24,38.6,45.1,32.8,53.3,28.3,29.2,37.9,31.2,35.7,55.5,28.9,38.4,33.8,26.9,33.1,50.2,,26.9,28.6,32.0,38.5,51.7,55.5,34.3,34.7
09-25,38.6,45.1,32.8,53.3,28.4,29.2,37.9,31.2,36.2,56.1,29.0,38.4,33.8,26.9,33.1,50.2,,26.9,28.7,32.0,38.5,51.7,56.1,34.3,35.0
09-26,38.6,45.1,32.8,53.3,28.5,29.6,37.9,31.2,36.2,56.1,29.0,38.4,33.8,26.9,33.1,50.2,,26.9,28.7,32.0,38.5,51.7,56.1,34.3,35.0
09-27,38.6,45.1,32.8,53.3,28.5,29.7,37.9,31.2,36.2,56.1,29.0,38.4,33.8,26.9,33.2,50.2,,26.9,28.8,32.0,38.5,51.7,56.1,34.3,35.0
09-28,38.6,45.1,32.8,53.3,28.6,29.8,39.7,31.2,36.2,56.1,29.0,38.5,33.8,26.9,33.2,50.2,,26.9,28.8,32.0,39.2,51.7,56.1,34.5,35.0
09-29,38.6,45.1,32.8,53.3,28.7,29.8,40.5,31.2,36.2,56.1,29.0,39.9,33.8,26.9,33.2,50.2,,26.9,28.8,32.0,40.2,51.8,56.1,34.5,35.0
09-30,38.6,45.1,32.8,53.3,28.7,29.8,40.6,31.2,36.3,56.2,29.0,40.3,33.8,26.9,33.2,50.2,,26.9,28.8,32.0,40.5,51.8,56.2,34.6,35.0
