date,1979,1980,1981,1982,1983,1984,1985,1986,1987,1988,1989,1990,1991,1992,1993,1994,1995,1996,1997,1998,1999,2000,2001,2002,2003,2004,2005,2006,2007,2008,2009,2010,2011,2012,2013,2014,2015,2016,2017,2018,2019,2020,2021,2022,2023,2024,Min,10%,30%,70%,90%,Max,Median ('91-'20),Median (POR)
10-01,0.0,0.0,0.0,0.0,0.0,0.0,0.0,0.0,0.0,0.0,0.0,0.0,0.0,0.0,0.0,0.0,0.0,0.0,0.0,0.0,0.0,0.0,0.0,0.0,0.0,0.0,0.0,0.0,0.0,0.0,0.0,0.0,0.0,0.0,0.0,0.0,0.0,0.0,0.0,0.0,0.0,0.0,0.0,0.0,0.0,0.0,0.0,0.0,0.0,0.0,0.0,0.0,0.0,0.0
10-02,0.0,0.0,0.0,0.0,0.4,1.8,0.1,0.0,0.5,0.0,0.0,0.1,0.0,0.0,0.0,0.0,0.0,0.0,0.0,0.0,0.2,0.0,0.0,0.0,0.6,0.0,0.0,0.0,0.0,0.1,0.0,0.0,0.0,0.0,0.0,0.0,0.0,0.0,0.1,0.0,0.0,0.0,0.0,0.0,0.0,0.3,0.0,0.0,0.0,0.0,0.2,1.8,0.0,0.0
10-03,0.0,0.0,0.0,0.0,0.6,3.1,0.2,0.0,0.7,0.0,0.0,0.2,0.0,0.0,0.0,0.0,0.3,0.0,0.0,0.2,0.3,0.0,0.0,0.0,0.7,0.1,0.0,0.0,0.3,0.1,0.0,0.0,0.0,0.0,0.0,0.4,0.1,0.3,0.2,0.1,0.7,0.0,0.0,0.0,0.0,0.9,0.0,0.0,0.0,0.1,0.5,3.1,0.0,0.0
10-04,0.0,0.0,0.0,0.8,0.6,3.1,0.2,0.0,0.8,0.0,0.0,0.3,0.0,0.0,0.2,0.0,0.5,0.4,0.0,0.2,1.3,0.0,0.0,0.0,0.9,0.2,0.0,0.2,0.3,0.1,0.1,0.1,0.0,0.1,0.0,0.5,0.1,0.5,0.4,0.2,0.9,0.1,0.0,0.0,0.0,1.5,0.0,0.0,0.0,0.3,0.8,3.1,0.1,0.1
10-05,0.0,0.0,0.0,1.1,0.8,3.2,0.2,0.0,1.4,0.0,0.0,0.3,0.0,0.0,0.2,0.0,0.6,0.7,0.0,0.2,1.4,0.0,0.0,0.0,0.9,0.2,0.0,0.4,0.4,0.1,1.6,0.8,0.4,0.5,0.0,0.5,0.1,0.5,0.4,0.2,2.5,0.1,0.0,0.0,0.0,1.5,0.0,0.0,0.0,0.5,1.3,3.2,0.2,0.2
10-06,0.0,0.0,0.0,1.2,0.8,3.3,0.2,0.0,1.4,0.0,0.0,0.3,0.0,0.0,0.2,0.0,2.2,0.8,0.0,0.2,1.4,0.0,0.0,0.0,0.9,0.2,0.0,0.4,0.7,0.6,2.1,1.0,0.4,1.2,0.0,0.5,0.1,0.6,0.4,0.2,3.0,0.1,0.0,0.1,0.0,1.5,0.0,0.0,0.0,0.6,1.4,3.3,0.3,0.2
10-07,0.0,0.0,0.0,1.2,0.9,3.3,0.3,0.4,1.4,0.0,0.0,0.3,0.4,0.0,0.4,0.1,2.3,0.8,0.0,0.2,1.4,0.0,0.0,0.2,0.9,0.2,0.0,0.4,1.5,1.3,2.1,1.0,0.5,1.4,0.0,0.5,0.1,0.6,0.4,0.2,3.0,0.1,0.0,0.4,0.0,1.5,0.0,0.0,0.1,0.7,1.5,3.3,0.4,0.4
10-08,0.0,0.0,0.0,1.3,1.0,3.3,0.3,2.3,1.5,0.0,0.0,0.3,0.5,0.0,0.4,1.1,2.4,0.8,0.0,0.7,1.4,0.0,0.0,0.2,0.9,0.2,0.0,0.4,2.8,1.3,2.1,1.0,0.7,1.9,0.0,0.5,0.1,0.6,0.4,0.2,3.1,0.1,0.0,0.9,0.0,1.5,0.0,0.0,0.1,1.0,2.2,3.3,0.5,0.4
10-09,0.0,0.0,0.0,1.4,1.0,3.3,0.3,2.4,1.5,0.0,0.0,0.3,0.5,0.0,0.4,1.5,2.4,0.8,0.0,0.7,1.4,0.0,0.0,0.2,1.0,0.2,0.0,0.5,2.8,1.3,2.1,1.0,1.3,2.0,0.0,0.5,0.1,0.6,0.4,0.3,3.1,0.1,0.0,1.8,0.0,1.5,0.0,0.0,0.1,1.3,2.3,3.3,0.6,0.5
10-10,0.0,0.0,0.0,1.4,1.1,3.8,0.3,2.8,1.5,0.0,0.0,0.3,0.5,0.0,0.4,1.8,2.4,0.8,0.0,0.7,1.4,0.0,0.0,0.3,1.0,0.2,0.0,0.5,2.9,1.3,2.1,1.0,1.5,2.0,0.0,0.6,0.1,0.6,0.4,0.3,3.7,0.2,0.0,2.4,0.0,1.5,0.0,0.0,0.1,1.3,2.4,3.8,0.6,0.5
10-11,0.0,0.0,0.0,3.1,1.2,4.2,0.3,3.0,1.5,0.0,0.0,0.3,0.5,0.0,0.4,1.8,2.4,0.8,0.0,0.7,1.4,0.0,0.7,0.3,1.0,0.2,0.0,0.5,2.9,1.3,2.2,1.0,1.5,2.3,0.1,0.9,0.1,0.6,0.5,0.3,4.2,0.2,0.0,2.4,0.0,1.5,0.0,0.0,0.2,1.3,2.7,4.2,0.7,0.5
10-12,0.0,0.0,0.1,4.4,1.2,4.3,1.4,3.1,1.5,0.0,0.0,0.3,0.5,0.0,0.4,2.2,2.4,0.8,0.0,1.5,1.4,0.0,1.3,0.5,1.0,0.2,0.0,0.5,2.9,1.3,2.5,1.2,1.5,2.5,0.1,0.9,0.1,0.6,0.5,0.3,4.2,0.2,0.7,2.8,0.1,1.9,0.0,0.0,0.3,1.4,2.8,4.4,0.7,0.7
10-13,0.0,0.0,0.5,4.6,1.2,4.3,1.6,3.2,1.5,0.5,0.1,0.3,0.5,0.0,0.4,2.2,2.4,0.8,0.0,1.5,1.4,0.0,1.4,0.6,1.0,0.2,0.0,0.5,2.9,1.3,2.6,1.3,1.5,2.6,0.3,1.0,0.1,0.6,0.5,0.3,4.2,0.2,0.7,3.3,0.1,2.1,0.0,0.0,0.3,1.5,3.0,4.6,0.8,0.7
10-14,0.0,0.0,0.7,4.8,1.2,4.5,1.9,3.3,1.5,1.2,0.1,0.3,0.5,0.1,0.4,2.3,2.4,0.8,0.0,1.5,1.4,0.0,2.2,0.6,1.0,0.2,0.0,0.5,2.9,1.4,2.6,1.9,1.5,2.7,0.4,1.2,0.1,0.6,0.5,0.3,4.2,0.2,0.7,3.3,0.1,2.1,0.0,0.1,0.4,1.5,3.1,4.8,0.8,0.8
10-15,0.0,0.0,0.8,4.9,1.2,5.0,2.0,3.4,1.5,1.3,0.1,0.3,0.5,0.1,0.4,2.5,3.6,0.8,0.2,1.5,1.4,0.0,2.4,0.6,1.0,0.2,0.0,0.5,2.9,1.5,2.6,2.6,1.5,2.7,0.4,1.2,0.1,0.6,0.6,0.4,4.2,0.2,0.7,3.3,0.1,2.1,0.0,0.1,0.4,1.5,3.4,5.0,0.8,0.8
10-16,0.0,0.0,1.0,5.2,1.2,5.0,2.1,3.6,1.5,1.4,0.1,0.4,0.5,0.1,0.4,2.8,3.8,0.8,0.2,1.5,1.5,0.0,2.4,0.6,1.0,0.2,0.0,0.6,2.9,1.5,2.6,2.6,1.5,2.7,0.4,1.2,0.1,0.6,0.7,0.4,4.2,0.2,0.7,3.4,0.1,,0.0,0.1,0.4,1.5,3.5,5.2,0.8,1.0
10-17,0.0,0.0,1.2,5.4,1.2,5.1,2.4,3.6,1.5,1.4,0.1,0.4,0.8,0.1,0.4,3.2,4.0,0.8,0.5,1.5,1.5,0.1,2.4,0.6,1.0,0.2,0.0,0.6,3.3,1.8,2.6,2.6,1.5,2.9,0.5,1.2,0.1,0.6,1.3,0.4,4.2,0.2,0.8,3.5,0.1,,0.0,0.1,0.5,1.8,3.6,5.4,0.9,1.2
10-18,0.0,0.0,1.4,5.4,1.2,5.1,3.7,3.7,1.6,1.4,0.1,0.4,0.8,0.1,0.4,3.2,4.4,0.8,0.5,1.5,1.5,0.1,2.4,0.6,1.0,0.2,0.1,0.6,3.4,2.5,2.6,2.6,1.6,3.1,0.6,1.2,0.1,0.8,2.3,0.4,4.2,0.4,0.8,3.5,0.1,,0.0,0.1,0.5,2.4,3.7,5.4,1.0,1.2
10-19,0.1,2.0,1.4,5.4,1.2,5.2,4.0,3.7,1.7,1.4,0.2,0.4,1.7,0.1,0.4,3.3,4.7,0.8,0.5,1.5,1.5,0.1,2.4,0.6,1.0,0.2,0.7,0.6,3.4,2.6,2.6,2.7,1.6,3.1,0.6,1.2,0.1,1.0,2.4,0.4,4.2,0.4,0.8,4.0,0.1,,0.1,0.1,0.6,2.4,4.0,5.4,1.1,1.4
10-20,0.1,3.9,1.4,5.4,1.2,5.3,4.4,3.9,1.8,1.4,0.2,0.4,2.3,0.1,0.4,3.3,4.7,0.8,1.2,1.5,1.5,0.1,2.4,0.6,1.0,0.2,1.9,0.6,3.5,2.6,2.6,3.1,1.6,3.1,0.6,1.2,0.1,1.2,2.4,0.4,4.2,1.1,0.8,4.6,0.1,,0.1,0.1,0.8,2.6,4.3,5.4,1.3,1.4
10-21,0.1,4.5,1.4,5.5,1.2,5.3,4.5,3.9,2.1,1.4,0.2,0.4,2.3,0.1,0.4,3.3,4.8,0.8,1.2,1.5,1.5,0.1,2.5,0.6,1.0,0.2,5.2,0.6,3.8,3.0,2.6,3.4,1.6,3.1,0.6,1.2,0.1,1.2,2.4,0.5,4.2,1.3,0.8,4.6,0.1,,0.1,0.2,0.8,2.9,4.6,5.5,1.5,1.4
10-22,0.1,4.5,1.4,5.5,1.2,5.3,4.6,4.0,2.1,1.5,0.2,0.5,2.3,0.1,0.4,3.3,4.8,0.9,1.2,1.6,1.5,0.1,2.7,0.6,1.1,0.2,5.6,0.6,3.8,3.0,2.6,3.5,1.6,3.1,0.6,1.2,0.2,1.2,2.5,0.5,4.3,1.5,0.8,4.6,0.1,,0.1,0.2,0.8,3.0,4.6,5.6,1.5,1.5
10-23,0.1,4.5,1.4,5.5,1.2,5.3,4.6,4.2,2.1,1.5,0.2,0.6,2.4,1.0,0.4,3.3,4.8,1.2,1.2,1.6,1.5,0.1,2.7,0.6,1.3,0.2,5.7,0.6,3.8,3.0,2.6,3.5,1.6,3.1,1.8,1.3,0.2,1.2,2.5,0.5,4.8,1.5,0.8,4.7,0.9,,0.1,0.3,1.2,3.0,4.7,5.7,1.7,1.5
10-24,0.1,4.5,1.4,5.5,1.3,5.3,4.7,4.8,2.4,1.5,0.2,0.6,2.4,2.0,0.4,3.3,4.8,1.2,1.2,2.0,1.7,0.1,2.8,0.7,1.5,0.2,7.2,0.6,3.8,3.0,2.6,3.6,2.2,3.1,3.2,1.3,0.2,1.2,2.5,0.5,4.8,1.5,0.8,5.0,1.0,,0.1,0.3,1.2,3.1,4.8,7.2,1.9,2.0
10-25,0.2,4.6,1.4,5.5,1.3,5.4,4.7,4.8,2.5,1.5,0.2,0.6,2.4,2.0,0.4,3.3,4.8,1.2,2.4,2.2,1.8,0.1,2.8,0.7,1.7,0.2,7.7,0.6,3.9,3.0,2.6,3.6,5.0,3.1,3.4,1.3,0.2,1.3,2.6,0.5,4.9,1.5,0.8,5.2,1.0,,0.1,0.3,1.3,3.2,4.9,7.7,2.2,2.2
10-26,0.2,4.6,1.4,5.5,1.7,5.5,4.7,4.8,2.5,1.5,0.2,1.0,2.4,2.0,0.4,3.3,4.8,1.2,3.6,2.2,1.9,0.1,3.0,0.7,1.7,0.2,8.1,0.6,4.2,3.0,2.7,3.6,5.5,3.1,4.2,1.3,0.2,1.3,2.6,0.5,4.9,1.5,0.8,5.7,1.1,,0.1,0.3,1.3,3.5,5.2,8.1,2.3,2.2
10-27,0.2,4.6,1.7,5.7,2.2,5.5,5.3,4.9,2.5,1.5,0.2,1.5,2.4,2.8,0.4,3.3,4.8,1.3,3.8,2.2,1.9,0.1,3.0,0.7,1.8,0.2,8.5,0.6,4.2,3.0,2.7,3.7,5.8,3.1,4.2,1.3,0.2,1.4,2.6,0.5,4.9,1.5,1.0,5.9,1.4,,0.1,0.3,1.4,3.6,5.4,8.5,2.4,2.4
10-28,0.2,4.6,1.7,5.9,2.4,5.5,5.4,5.0,2.5,1.6,0.2,1.7,2.4,3.5,0.4,3.3,4.8,1.3,3.8,2.2,2.0,0.1,3.1,0.8,1.8,0.2,8.8,1.2,4.3,3.0,2.7,3.9,5.8,3.1,4.3,1.3,0.3,1.4,2.7,0.5,4.9,1.6,1.0,6.0,1.4,,0.1,0.3,1.4,3.7,5.4,8.8,2.4,2.4
10-29,0.2,4.6,1.7,6.4,2.6,5.5,5.7,5.0,2.5,1.6,0.2,2.0,2.4,3.6,1.4,3.3,4.8,1.3,3.8,2.2,2.2,0.2,3.2,0.8,2.1,0.2,9.5,2.3,4.3,3.0,2.7,4.0,6.0,3.1,4.3,1.6,0.3,1.4,2.9,0.5,4.9,1.7,1.0,6.0,1.4,,0.2,0.4,1.6,3.8,5.6,9.5,2.7,2.5
10-30,0.3,4.6,1.7,6.7,3.2,5.5,5.8,5.1,2.5,1.6,0.2,2.2,2.4,3.9,4.0,3.4,4.8,1.3,3.8,2.2,2.5,0.2,3.4,0.8,2.1,0.3,10.1,2.7,4.3,3.0,2.7,4.1,6.0,3.1,4.3,2.1,0.3,1.5,3.0,0.5,4.9,2.1,1.0,6.1,1.5,,0.2,0.4,2.1,4.0,5.7,10.1,2.9,2.7
10-31,0.3,4.6,1.7,6.8,3.6,5.5,6.1,5.1,2.6,1.6,0.2,2.2,2.4,3.9,5.3,3.4,4.8,1.3,3.9,2.2,2.7,0.2,3.7,1.9,2.2,0.7,10.4,2.8,4.3,3.1,2.7,4.1,6.1,3.1,4.3,2.3,0.3,1.5,3.2,0.5,5.0,2.1,1.0,6.1,1.5,,0.2,0.6,2.1,4.1,5.9,10.4,3.0,2.8
11-01,0.3,4.6,1.7,6.8,3.9,5.8,6.2,5.1,2.6,1.7,0.2,2.2,2.6,3.9,5.7,3.4,4.8,1.7,3.9,2.3,2.7,0.2,3.8,3.9,2.3,1.0,10.7,2.8,4.3,3.1,2.8,4.1,6.4,3.2,4.3,2.3,0.3,1.5,3.4,0.5,5.0,2.1,1.0,6.1,1.5,,0.2,0.7,2.3,4.1,6.0,10.7,3.2,3.1
11-02,0.3,4.7,1.7,6.8,3.9,6.0,6.3,5.2,2.6,2.1,0.2,2.2,2.9,4.2,6.7,3.4,4.8,1.8,4.0,2.3,2.7,0.2,4.0,4.0,2.3,1.2,10.7,2.8,4.3,3.1,2.8,4.1,6.4,3.5,4.3,2.3,0.4,1.8,3.6,0.6,5.2,2.1,1.0,6.2,1.5,,0.2,0.7,2.3,4.2,6.3,10.7,3.3,3.1
11-03,0.5,4.8,1.7,6.8,4.0,6.0,6.3,5.2,2.9,2.3,0.6,2.2,3.0,4.3,7.5,3.4,5.4,1.8,4.0,2.3,2.8,0.2,4.0,4.0,2.3,1.3,10.8,2.8,4.3,3.1,3.5,4.1,6.5,3.5,4.3,2.3,0.5,1.9,3.6,0.6,5.2,2.1,1.0,6.4,2.1,,0.2,0.7,2.3,4.2,6.4,10.8,3.3,3.4
11-04,0.5,4.9,1.7,6.8,4.0,6.0,6.5,5.2,2.9,2.3,2.0,2.2,3.0,4.3,7.7,3.4,5.6,1.8,4.0,2.3,2.9,0.2,4.0,4.0,2.4,1.8,10.8,3.0,4.3,3.1,3.6,4.1,6.5,3.6,4.3,2.4,0.5,2.0,3.6,0.9,5.3,2.1,1.0,6.4,2.1,,0.2,1.3,2.3,4.2,6.5,10.8,3.3,3.4
11-05,0.5,5.1,1.7,6.8,4.1,6.1,6.6,5.4,2.9,2.4,2.0,2.2,3.3,4.3,7.7,3.4,5.6,1.8,4.2,2.3,2.9,0.2,4.2,4.1,2.4,2.3,10.9,3.4,4.4,3.1,4.4,4.1,6.5,3.6,4.3,2.5,0.5,2.1,3.6,1.8,5.5,2.1,1.0,6.4,2.2,,0.2,1.7,2.3,4.3,6.5,10.9,3.5,3.4
11-06,0.5,5.3,1.7,6.8,4.1,6.1,6.6,5.6,3.0,2.4,2.0,2.2,4.1,4.6,7.8,3.4,6.2,1.8,4.6,2.3,3.0,0.2,4.3,4.1,2.4,2.5,10.9,3.6,4.4,3.1,4.4,4.1,6.5,3.8,4.3,2.5,0.5,2.1,3.7,2.2,5.5,2.1,1.0,6.5,3.7,,0.2,1.8,2.4,4.4,6.5,10.9,3.6,3.7
11-07,0.5,5.3,1.8,6.8,4.1,6.2,6.6,5.6,3.2,2.7,2.2,2.2,4.2,5.0,7.8,3.5,6.2,1.8,4.6,2.3,3.3,0.2,4.4,4.2,2.4,2.5,10.9,3.7,4.4,3.1,4.5,4.1,6.5,3.9,4.3,2.5,0.5,2.2,3.7,2.2,5.5,2.1,1.0,6.5,3.8,,0.2,1.8,2.5,4.5,6.5,10.9,3.6,3.8
11-08,0.5,5.3,1.9,6.8,4.1,6.6,6.8,6.0,3.8,2.8,2.2,2.2,4.2,5.0,7.9,3.5,6.9,1.8,4.6,2.3,3.4,0.2,4.4,4.4,2.4,2.7,10.9,3.7,4.4,3.1,4.5,4.1,6.5,3.9,4.3,2.5,0.5,2.2,3.7,2.2,5.5,2.1,1.7,6.5,3.8,,0.2,1.8,2.6,4.5,6.7,10.9,3.6,3.8
11-09,0.5,5.4,1.9,6.8,4.1,6.9,10.4,6.4,4.0,2.8,2.3,2.2,4.2,5.0,8.2,3.5,7.0,1.8,4.6,2.5,4.0,0.2,4.7,4.4,4.4,2.7,10.9,3.7,4.4,3.1,4.5,4.1,6.9,3.9,4.4,2.5,0.5,2.3,3.7,2.2,5.5,2.1,2.4,6.5,4.6,,0.2,2.0,2.7,4.6,6.9,10.9,3.8,4.1
11-10,0.6,5.4,1.9,6.8,4.2,7.0,11.2,6.6,4.3,3.1,2.3,2.2,4.2,5.8,8.5,3.5,7.0,2.8,4.6,2.7,4.1,0.2,4.8,4.4,5.1,3.2,10.9,3.7,5.2,3.1,4.8,4.1,7.0,4.0,5.0,2.5,0.5,2.6,3.7,2.3,5.5,2.1,2.4,7.2,6.3,,0.2,2.1,3.1,5.2,7.0,11.2,3.9,4.2
11-11,1.2,5.4,2.0,6.8,4.2,7.0,11.3,7.1,4.4,3.2,2.7,2.2,4.2,6.0,8.5,3.5,7.0,3.0,4.6,2.7,4.1,0.2,4.9,4.4,5.5,3.5,10.9,3.7,5.3,3.1,5.2,4.1,7.1,4.0,5.2,2.5,0.5,2.7,3.7,2.3,5.5,2.1,2.7,7.3,6.3,,0.2,2.1,3.1,5.4,7.1,11.3,4.0,4.2
11-12,1.4,5.6,2.2,6.8,4.3,7.1,11.3,7.4,4.4,3.2,2.9,2.2,4.2,6.0,8.5,3.5,7.0,3.1,4.6,3.1,4.1,0.2,4.9,4.4,5.7,3.6,11.3,3.7,5.4,3.4,5.3,4.1,7.1,4.2,5.3,2.5,0.6,2.7,3.7,2.3,5.5,2.1,3.2,7.3,6.3,,0.2,2.2,3.2,5.5,7.2,11.3,4.1,4.2
11-13,1.9,5.6,2.8,6.8,4.4,7.4,11.4,7.8,4.5,3.2,3.8,2.2,4.2,6.0,8.5,3.5,7.7,3.6,4.6,3.1,4.1,0.2,5.0,4.4,5.8,3.6,11.4,3.8,5.5,3.4,5.5,4.3,7.1,5.3,5.3,2.5,0.6,2.7,3.7,2.3,5.5,2.1,3.3,7.3,6.3,,0.2,2.3,3.5,5.5,7.6,11.4,4.2,4.4
11-14,2.3,5.6,2.8,7.0,4.5,7.7,11.9,8.2,4.7,3.7,4.0,2.2,4.2,6.1,8.5,3.5,8.1,3.8,4.6,3.2,4.1,0.2,5.1,4.4,5.9,4.1,11.4,4.3,7.1,3.5,5.6,4.3,7.1,6.2,5.3,2.5,1.1,2.8,3.7,2.3,5.6,2.1,4.7,7.3,6.3,,0.2,2.3,3.7,5.8,8.0,11.9,4.3,4.5
11-15,2.5,5.6,2.9,7.4,4.6,7.8,12.3,8.4,4.8,3.8,4.5,2.3,4.2,6.6,8.5,3.6,8.2,3.8,4.6,3.2,4.2,0.2,5.2,4.4,5.9,4.2,11.4,5.4,8.1,3.5,5.6,4.6,7.3,6.2,5.4,2.5,1.9,2.8,3.7,2.3,5.6,2.1,4.8,7.3,6.3,,0.2,2.4,3.8,5.9,8.1,12.3,4.4,4.6
11-16,2.5,5.6,2.9,7.5,4.6,7.9,12.3,8.5,4.9,3.9,4.6,2.3,4.3,6.7,8.5,3.6,8.2,3.8,4.8,3.2,4.2,0.2,5.4,4.4,6.0,4.4,11.4,5.5,8.1,3.5,5.6,4.6,7.8,6.2,5.4,2.7,1.9,2.8,3.7,2.3,5.6,2.1,5.0,7.3,6.3,,0.2,2.4,3.8,5.9,8.2,12.3,4.5,4.8
11-17,2.6,5.6,3.0,7.6,4.6,7.9,12.3,8.8,4.9,4.1,5.4,2.3,4.3,6.7,8.5,3.6,8.9,3.8,5.1,3.2,4.2,0.2,5.5,4.5,6.0,5.0,11.4,5.5,8.2,3.5,5.6,4.6,8.0,6.2,5.4,3.9,1.9,2.8,3.7,3.5,5.6,2.1,5.0,7.4,6.3,,0.2,2.7,3.9,5.9,8.4,12.3,4.6,5.0
11-18,2.6,6.4,3.0,7.8,4.6,8.5,12.3,9.0,4.9,4.3,6.9,2.3,4.3,7.4,8.5,3.6,9.4,3.8,6.5,3.4,4.7,0.4,5.5,4.5,6.0,6.4,11.4,5.5,8.2,3.6,5.6,4.6,8.0,6.2,5.7,3.9,2.0,2.8,3.8,5.0,5.6,2.1,5.0,7.4,6.3,,0.4,2.7,4.3,6.4,8.5,12.3,4.8,5.5
11-19,2.6,6.7,3.2,7.9,6.6,8.6,12.4,9.4,5.0,4.3,7.2,2.3,4.6,7.6,8.5,3.7,9.6,3.9,8.0,3.4,5.1,0.4,5.6,4.6,6.0,6.5,11.4,5.5,8.2,3.6,5.6,4.6,8.0,6.9,6.3,4.0,2.1,2.9,3.9,5.0,5.6,2.1,5.1,7.4,6.3,,0.4,2.7,4.4,6.9,8.6,12.4,5.0,5.6
11-20,2.6,6.8,3.2,8.0,7.2,9.4,12.4,9.5,5.1,4.4,7.2,2.3,5.0,7.7,8.9,3.7,9.7,3.9,8.0,3.7,5.1,0.4,5.6,4.6,6.0,6.6,11.4,5.5,8.2,3.6,5.6,4.6,8.0,7.0,6.3,4.2,2.1,3.3,3.9,5.0,5.6,2.1,5.2,7.7,6.3,,0.4,2.8,4.4,7.2,9.2,12.4,5.0,5.6
11-21,2.6,6.8,3.3,8.0,7.7,10.5,12.4,9.6,5.4,4.4,7.2,2.3,6.4,7.9,9.2,3.7,9.7,3.9,8.1,4.1,5.1,0.8,5.6,4.6,6.0,6.6,11.5,5.5,8.2,3.6,5.6,4.6,8.8,7.1,6.3,4.5,2.1,3.4,4.1,5.0,5.6,2.2,5.2,7.7,6.3,,0.8,2.9,4.5,7.2,9.4,12.4,5.2,5.6
11-22,3.1,6.9,3.6,8.1,7.8,11.0,12.4,9.6,5.6,4.4,7.3,2.3,6.7,8.2,9.2,3.8,9.9,3.9,8.2,4.6,5.1,1.1,5.6,4.6,6.0,6.7,11.5,5.5,8.2,3.6,5.6,4.6,9.5,7.5,6.3,4.5,2.1,3.4,5.0,5.0,5.6,2.3,5.2,7.7,6.3,,1.1,3.3,4.6,7.4,9.6,12.4,5.4,5.6
11-23,3.9,7.1,3.7,8.3,7.9,11.1,12.4,9.9,5.7,4.4,7.9,2.3,6.8,8.2,9.8,5.1,9.9,3.9,9.8,4.6,5.3,1.1,5.6,6.6,6.0,6.8,11.5,5.5,8.2,3.6,5.6,5.0,10.6,7.5,6.3,4.5,3.0,3.5,5.0,5.0,6.1,2.3,5.2,7.7,6.4,,1.1,3.5,5.0,7.7,9.9,12.4,5.7,6.0
11-24,4.0,7.1,4.0,8.4,8.0,11.6,12.4,10.2,5.7,4.6,8.6,2.9,6.8,8.2,10.2,5.4,9.9,3.9,10.1,4.7,5.3,1.1,5.6,7.0,6.0,6.8,11.5,5.5,8.2,3.6,5.6,5.0,11.4,7.5,6.3,4.5,3.3,3.5,5.3,5.0,7.0,2.3,5.2,7.7,6.5,,1.1,3.6,5.1,7.7,10.2,12.4,5.9,6.0
11-25,4.0,7.9,4.1,8.7,8.0,12.2,13.1,11.7,5.7,4.7,9.0,3.8,6.8,8.2,10.2,5.7,9.9,3.9,10.1,4.7,5.4,1.2,5.6,7.4,6.2,7.0,11.6,5.5,8.2,3.6,5.6,5.0,11.4,7.5,6.3,4.5,3.4,3.5,5.3,5.0,8.1,2.3,5.2,7.7,6.5,,1.2,3.7,5.1,8.0,10.9,13.1,6.0,6.2
11-26,4.2,8.6,4.1,9.1,8.0,12.8,13.2,13.0,5.7,4.9,9.2,4.4,6.8,8.3,10.4,5.7,10.1,3.9,10.2,4.7,5.4,1.2,5.6,8.0,6.2,7.0,12.2,5.8,8.2,3.7,5.7,5.0,11.4,7.5,6.3,4.5,3.9,3.8,5.5,5.0,8.1,2.7,5.3,7.8,6.5,,1.2,3.9,5.1,8.1,11.0,13.2,6.1,6.2
11-27,4.3,8.8,4.1,9.2,8.1,13.1,13.3,13.5,5.8,5.0,9.5,5.9,7.2,8.5,10.4,5.8,10.4,4.4,10.3,4.9,5.4,1.3,5.7,8.0,6.2,7.4,12.3,6.5,8.2,3.7,5.7,5.0,11.4,7.5,6.4,4.5,3.9,3.9,5.6,5.2,8.1,2.7,5.3,7.8,6.5,,1.3,4.0,5.3,8.1,11.0,13.5,6.1,6.4
11-28,4.4,8.9,4.1,9.4,8.1,13.3,13.6,13.7,5.9,5.0,9.5,6.2,7.5,8.6,10.4,5.8,10.6,4.5,10.3,4.9,5.4,1.3,5.8,8.1,6.2,7.5,13.1,6.6,8.8,3.8,5.7,5.0,11.4,7.6,6.4,4.5,3.9,3.9,6.3,5.3,8.1,3.9,5.3,7.8,6.5,,1.3,4.0,5.3,8.1,11.1,13.7,6.2,6.4
11-29,4.6,8.9,4.3,9.4,8.3,14.0,14.3,14.4,5.9,5.0,9.8,6.2,7.6,8.8,10.4,5.9,11.0,5.1,10.4,4.9,5.6,1.3,5.8,8.2,6.2,7.6,13.2,6.6,9.0,3.9,5.7,5.0,11.7,7.6,6.5,4.5,3.9,4.0,7.1,5.3,8.7,4.8,5.3,7.8,7.2,,1.3,4.4,5.4,8.6,11.4,14.4,6.2,6.6
11-30,5.0,8.9,4.3,9.5,9.2,14.6,14.6,14.8,6.0,5.0,10.0,6.2,7.7,9.2,10.4,5.9,11.0,5.1,10.6,4.9,6.0,1.3,6.0,9.4,6.2,7.7,13.2,7.5,9.0,4.0,5.7,5.0,11.7,7.6,6.5,4.5,3.9,4.0,7.2,5.3,9.6,5.6,5.3,7.8,7.4,,1.3,4.4,5.6,9.1,11.4,14.8,6.4,7.2
12-01,6.6,8.9,4.4,9.5,10.0,15.6,14.8,15.2,6.0,5.1,10.0,6.2,7.7,9.2,10.4,5.9,11.0,5.1,10.6,5.0,6.0,1.3,6.2,10.0,6.2,7.8,13.3,7.6,9.0,4.5,5.7,5.0,11.8,7.7,7.1,4.5,4.4,4.0,7.2,5.3,10.4,5.6,5.3,7.8,7.4,,1.3,4.5,5.8,9.2,11.5,15.6,6.6,7.2
12-02,7.6,8.9,4.4,9.5,11.7,16.7,15.4,15.5,6.0,5.1,10.1,6.2,7.7,9.3,10.5,6.0,11.1,5.1,11.2,5.0,6.1,1.4,6.2,10.7,6.2,7.8,13.3,8.3,9.1,4.8,5.7,5.0,12.0,7.7,7.3,4.5,4.5,4.0,7.2,5.3,10.5,5.6,5.3,7.8,7.5,,1.4,4.6,5.8,9.2,11.9,16.7,6.7,7.5
12-03,8.2,8.9,4.4,9.5,11.8,17.5,15.7,16.2,6.0,5.2,10.1,6.2,7.8,9.5,10.6,6.1,11.2,5.4,11.4,5.0,6.1,1.6,6.2,10.9,6.2,7.8,13.3,9.2,9.1,4.8,5.9,5.0,12.0,7.8,7.9,5.1,4.5,4.0,7.2,5.3,10.8,5.6,5.3,7.8,7.9,,1.6,4.9,5.9,9.5,11.9,17.5,6.9,7.8
12-04,8.8,8.9,4.5,9.5,11.9,18.5,15.7,16.8,6.0,5.2,10.1,6.2,7.8,9.6,10.8,6.1,11.6,5.5,11.7,5.0,6.1,1.6,6.2,11.4,6.2,7.8,13.3,9.3,9.1,4.8,5.9,5.0,12.2,7.8,7.9,5.6,4.5,4.1,7.2,6.0,11.0,5.6,5.3,7.8,8.0,,1.6,4.9,6.0,9.5,12.1,18.5,7.1,7.8
12-05,9.8,8.9,5.3,9.5,12.0,19.0,15.7,17.5,6.2,5.2,10.1,6.2,7.8,9.6,10.8,6.4,12.3,6.6,11.8,5.0,6.6,1.6,6.2,11.6,6.2,7.8,13.3,9.4,9.1,4.9,6.0,5.0,12.4,7.9,8.2,5.6,4.6,4.1,7.3,6.0,11.0,5.7,5.3,7.8,8.4,,1.6,5.0,6.2,9.6,12.4,19.0,7.2,7.8
12-06,10.2,8.9,5.4,9.5,12.0,19.8,15.7,17.8,6.3,5.2,10.1,6.2,7.8,9.7,10.8,6.4,12.6,7.1,12.9,5.0,6.7,1.6,6.2,12.4,6.2,7.8,13.3,9.5,9.1,4.9,6.0,5.2,12.4,7.9,8.8,5.7,4.6,4.2,7.3,6.0,11.0,6.0,5.3,7.8,8.4,,1.6,5.1,6.2,9.6,12.8,19.8,7.3,7.8
12-07,10.4,8.9,5.5,9.5,12.2,20.8,15.7,17.8,6.3,5.3,10.1,6.2,7.8,9.7,10.8,6.5,13.2,7.3,13.5,5.0,6.7,1.7,6.2,13.7,6.2,7.8,13.4,9.7,9.1,5.1,6.0,5.2,13.3,7.9,8.8,5.7,4.6,4.2,7.3,6.0,11.0,6.0,5.3,7.8,8.4,,1.7,5.2,6.2,9.7,13.5,20.8,7.3,7.8
12-08,10.5,9.0,5.5,9.5,12.4,21.4,15.7,18.2,6.4,5.8,10.2,6.2,7.8,9.9,10.8,6.6,13.6,7.8,13.7,5.8,6.7,2.0,6.2,14.1,6.2,8.6,14.7,9.7,9.2,6.1,6.0,5.5,13.3,7.9,8.8,6.1,4.6,4.4,7.3,6.0,11.0,6.0,5.3,7.8,8.4,,2.0,5.5,6.2,9.8,13.9,21.4,7.4,7.8
12-09,10.6,9.0,5.6,9.5,12.8,23.0,15.8,18.6,6.4,6.0,10.2,6.2,7.8,10.0,11.3,6.6,13.7,7.9,13.7,6.4,6.8,2.0,6.3,14.1,6.2,8.8,16.5,9.8,9.2,6.3,6.3,5.5,13.3,7.9,9.0,6.1,4.6,4.5,7.9,6.0,11.0,6.6,5.3,8.0,8.4,,2.0,5.5,6.3,10.0,13.9,23.0,7.6,7.9
12-10,10.6,9.0,5.6,9.5,12.8,23.5,15.9,18.8,6.6,6.1,10.2,6.2,7.8,10.0,12.0,6.8,13.7,7.9,13.8,6.6,6.8,2.0,6.7,14.1,6.2,9.0,17.0,9.9,9.2,6.4,6.3,5.6,13.3,7.9,9.0,6.1,4.6,4.5,8.3,6.0,11.0,6.6,5.3,8.4,8.5,,2.0,5.6,6.6,10.0,14.0,23.5,7.7,8.3
12-11,10.6,9.0,5.6,9.5,12.8,24.0,15.9,19.0,6.7,6.4,10.2,6.3,7.8,10.0,12.1,6.8,13.7,7.9,15.4,6.7,6.8,2.2,7.3,14.1,6.3,9.0,17.0,9.9,9.4,6.4,6.3,5.6,14.1,7.9,9.2,6.1,4.6,4.9,10.4,6.0,11.0,6.6,5.3,8.6,8.6,,2.2,5.6,6.6,10.1,14.9,24.0,7.7,8.6
12-12,10.6,9.0,5.6,9.6,12.8,24.7,16.3,19.0,6.7,6.4,10.2,6.4,7.9,10.0,12.7,6.9,13.7,8.0,16.1,6.7,6.9,2.2,7.5,14.2,6.4,9.1,17.0,9.9,9.4,6.4,6.3,5.7,14.1,7.9,9.2,6.1,4.6,4.9,10.7,6.0,11.0,6.7,5.3,8.6,9.3,,2.2,5.6,6.7,10.1,15.3,24.7,7.7,8.6
12-13,10.7,9.0,5.6,9.6,12.8,25.2,16.5,19.0,6.7,6.6,10.2,6.4,8.0,10.1,12.9,7.2,13.8,8.8,17.0,6.7,6.9,2.2,7.6,14.2,6.4,9.1,17.0,9.9,9.8,6.4,6.4,6.9,14.1,7.9,9.2,6.1,4.6,4.9,10.7,6.0,11.4,8.1,5.3,8.6,9.7,,2.2,5.8,6.7,10.1,15.6,25.2,8.1,8.8
12-14,10.7,9.0,5.7,10.2,13.0,26.0,16.6,19.0,6.7,6.6,10.2,6.4,9.0,10.2,13.0,7.4,14.4,9.1,17.5,6.7,6.9,2.8,8.0,14.3,6.4,9.5,17.0,9.9,10.5,6.5,7.0,8.8,14.2,8.1,9.3,6.2,5.2,5.3,10.7,6.2,11.4,8.7,5.5,8.7,9.8,,2.8,5.9,6.9,10.4,15.7,26.0,8.8,9.0
12-15,10.7,9.0,5.7,10.7,13.0,26.4,16.9,19.1,6.7,6.7,10.4,6.4,9.2,10.2,13.1,7.4,14.4,9.2,17.7,6.8,6.9,2.9,9.4,15.7,6.5,9.7,17.0,9.9,10.9,6.5,7.2,8.8,14.9,8.1,9.5,6.2,5.2,5.6,11.6,6.2,11.4,9.5,5.6,9.5,9.9,,2.9,5.9,7.0,10.7,16.4,26.4,8.9,9.5
12-16,10.7,9.0,5.7,11.2,13.2,26.6,17.0,19.1,6.7,6.7,10.5,6.5,9.2,10.2,13.2,7.4,14.5,9.2,17.8,6.9,6.9,3.0,10.4,16.0,6.7,9.8,17.0,10.0,11.0,6.6,7.3,8.9,15.1,8.1,9.6,6.2,5.3,5.7,12.0,6.2,11.4,9.5,5.7,9.5,10.0,,3.0,5.9,7.0,11.0,16.6,26.6,9.0,9.5
12-17,11.0,9.0,5.7,11.4,13.4,27.0,17.7,19.2,6.7,6.7,10.5,6.5,9.4,10.2,13.3,7.5,14.5,9.2,18.2,6.9,6.9,3.1,10.4,16.0,7.6,9.9,17.0,10.0,11.0,6.6,7.5,9.0,15.1,8.1,10.4,6.2,5.3,6.0,14.8,6.3,11.4,9.5,5.7,10.1,10.0,,3.1,6.1,7.5,11.0,16.6,27.0,9.2,9.9
12-18,11.3,9.0,5.7,11.5,13.4,27.2,17.8,19.2,6.8,6.7,10.5,6.6,9.7,10.2,13.8,7.5,14.5,9.3,18.2,6.9,6.9,3.2,10.6,16.2,8.5,9.9,17.0,10.2,11.2,6.6,7.5,9.0,15.3,8.1,10.8,6.3,5.3,6.1,14.8,6.3,11.4,9.5,6.5,10.4,10.0,,3.2,6.3,7.5,11.3,16.7,27.2,9.4,9.9
12-19,11.8,9.0,5.7,11.9,13.5,27.8,17.8,19.2,6.8,6.7,10.5,6.7,10.4,10.4,14.0,7.5,14.8,9.3,18.2,7.0,7.0,3.3,10.7,16.2,8.6,9.9,17.0,10.6,11.2,7.0,7.5,9.0,17.1,8.1,10.8,6.6,5.4,6.2,14.8,6.3,11.4,9.5,6.5,10.4,10.0,,3.3,6.4,7.5,11.4,17.0,27.8,9.4,10.0
12-20,12.4,9.0,5.7,12.4,13.5,28.1,18.2,19.2,6.8,6.8,10.7,6.8,10.9,10.5,14.2,7.6,14.9,9.4,18.3,7.0,7.1,3.4,10.7,16.2,8.6,9.9,17.0,11.3,11.2,7.8,8.0,9.0,19.3,8.1,10.8,7.5,5.6,6.4,15.1,6.3,11.5,9.5,6.5,10.4,10.0,,3.4,6.4,7.8,11.5,17.7,28.1,9.5,10.0
12-21,12.7,9.0,5.7,13.0,13.5,28.4,18.3,19.2,6.8,6.8,11.3,6.8,11.1,10.6,14.2,7.6,15.0,9.4,18.9,7.0,7.2,3.4,10.8,16.2,8.8,9.9,17.0,11.5,11.2,9.2,8.4,9.0,19.7,8.1,10.8,7.6,6.1,6.8,15.1,6.5,11.6,9.6,6.5,10.4,10.0,,3.4,6.6,8.1,11.6,17.8,28.4,9.6,10.0
12-22,12.7,9.1,5.9,13.7,13.9,28.5,18.5,19.2,6.9,6.9,12.6,6.8,11.2,10.6,14.2,7.6,15.0,9.4,20.5,7.1,7.2,3.4,10.8,16.2,9.0,10.2,17.0,11.5,11.2,9.3,8.6,9.0,20.1,8.2,10.8,7.7,7.9,8.3,15.1,6.5,12.0,9.6,6.5,10.4,10.3,,3.4,6.8,8.4,12.5,17.9,28.5,9.6,10.3
12-23,13.0,9.2,5.9,14.2,14.8,28.6,18.5,19.2,7.0,7.9,13.4,6.8,11.3,10.6,14.2,7.6,15.0,9.4,21.2,7.1,7.2,3.4,10.8,16.3,9.2,10.2,17.1,12.6,11.3,9.3,9.6,9.1,21.2,8.2,10.9,8.0,8.6,9.5,15.1,6.5,12.0,9.6,6.7,10.4,10.3,,3.4,6.8,9.1,12.9,17.9,28.6,10.0,10.3
12-24,13.0,9.2,5.9,14.3,15.4,28.7,18.5,19.3,7.0,8.3,13.8,6.8,11.3,10.6,14.3,7.6,15.1,9.4,22.2,7.2,7.2,3.4,10.8,16.3,9.2,10.2,17.1,12.8,11.5,9.5,10.0,9.1,21.2,8.3,11.1,8.2,8.7,10.1,15.3,7.8,12.0,9.6,6.7,11.3,10.4,,3.4,7.0,9.1,13.0,18.0,28.7,10.0,10.4
12-25,13.0,9.3,6.2,15.1,15.9,29.6,18.5,19.4,7.0,8.5,14.2,6.8,11.4,10.6,14.3,7.6,15.2,9.4,22.3,7.3,7.2,3.4,11.0,16.3,9.3,10.6,17.1,12.8,11.6,9.8,10.3,9.1,21.2,8.3,11.7,8.2,8.8,10.1,15.9,8.2,12.2,9.9,6.7,12.2,10.5,,3.4,7.1,9.2,13.0,18.0,29.6,10.3,10.6
12-26,13.1,9.4,6.4,15.5,16.0,29.9,18.5,19.4,7.0,8.5,14.9,6.8,11.4,10.6,14.3,7.7,15.5,9.4,22.7,7.4,7.4,3.4,11.0,16.3,9.3,11.7,17.1,12.9,11.6,9.8,12.3,9.1,21.2,8.3,11.7,8.2,9.2,10.2,16.4,8.4,12.6,10.0,6.7,12.3,10.6,,3.4,7.1,9.2,13.1,18.0,29.9,10.7,11.0
12-27,13.2,9.4,6.4,16.2,16.0,30.4,18.5,19.5,7.0,8.5,15.0,6.8,11.4,10.7,14.3,7.8,15.6,9.4,25.4,7.4,7.4,3.5,11.0,16.4,9.4,12.4,17.1,13.3,11.7,9.9,12.4,9.1,21.4,8.3,12.3,8.2,9.3,10.2,16.4,8.4,12.6,10.2,7.1,12.8,10.6,,3.5,7.2,9.3,13.3,18.0,30.4,10.8,11.0
12-28,13.5,9.5,6.4,17.3,16.2,30.6,18.7,19.5,7.0,8.5,15.1,6.8,11.5,10.7,14.3,7.8,15.6,9.4,26.5,7.4,7.6,3.5,11.0,16.4,9.4,12.5,17.2,13.5,12.2,9.9,12.6,9.1,21.4,8.3,12.3,8.2,9.3,10.3,16.4,8.4,12.7,10.2,7.1,13.0,12.7,,3.5,7.2,9.4,13.5,18.1,30.6,10.9,11.5
12-29,14.2,9.5,6.5,17.7,16.4,30.9,18.9,19.5,7.0,8.5,15.2,6.8,11.6,10.7,14.8,7.9,15.6,9.4,27.2,7.4,8.4,3.5,11.0,16.5,9.4,12.7,17.3,13.9,12.2,10.1,12.8,9.1,21.4,8.3,12.3,8.2,9.5,10.4,16.4,8.4,12.7,10.2,7.1,13.1,12.9,,3.5,7.2,9.4,14.2,18.4,30.9,11.0,11.6
12-30,14.6,9.5,6.5,18.7,16.5,31.2,19.2,19.5,7.0,8.5,15.2,6.8,11.8,10.8,15.2,7.9,15.8,9.6,27.6,7.4,8.4,3.5,11.0,16.5,9.6,14.1,17.9,14.1,12.2,10.8,12.8,9.2,24.2,8.6,12.3,8.2,9.6,10.4,16.4,8.4,12.7,10.3,7.1,13.7,12.9,,3.5,7.2,9.5,14.5,19.0,31.2,11.1,11.8
12-31,15.0,9.5,6.5,19.4,16.9,31.8,19.2,19.5,7.0,8.7,15.4,6.8,11.9,10.8,16.0,7.9,15.8,10.6,27.6,7.4,8.4,3.5,11.0,16.5,9.8,15.3,18.4,15.0,12.2,11.5,12.8,9.6,24.2,8.6,12.3,8.2,9.6,10.4,16.4,8.4,12.9,10.3,7.1,14.9,13.7,,3.5,7.2,9.6,15.2,19.3,31.8,11.3,11.9
01-01,15.3,9.5,6.5,20.3,16.9,31.8,19.2,19.6,7.0,9.0,15.5,6.8,11.9,10.9,16.0,7.9,15.9,11.2,27.8,7.5,8.8,3.5,11.0,16.5,11.2,16.3,18.9,17.4,12.2,11.6,12.8,9.8,24.2,8.6,12.3,8.3,9.6,10.4,16.4,8.4,12.9,10.3,7.1,15.0,14.8,,3.5,7.2,9.7,15.8,19.4,31.8,11.4,11.9
01-02,15.3,9.6,6.7,21.0,16.9,31.8,19.2,19.6,8.3,9.1,15.6,6.8,11.9,10.9,16.0,8.0,15.9,11.4,27.9,7.5,9.0,3.5,11.0,16.6,11.2,16.8,19.1,17.8,12.2,11.6,12.8,10.1,24.2,8.6,12.3,8.3,9.7,10.5,16.6,8.4,12.9,11.3,7.1,15.0,15.8,,3.5,7.7,9.8,15.9,19.4,31.8,11.6,11.9
01-03,15.3,9.6,6.7,21.4,16.9,31.8,19.4,19.6,8.6,9.1,15.6,7.4,11.9,10.9,16.4,8.0,15.9,11.4,29.1,7.8,9.0,3.8,11.0,16.6,11.4,17.5,19.2,19.0,12.3,11.7,13.2,10.2,24.2,8.6,12.3,8.3,9.7,10.5,16.8,8.4,13.0,11.4,7.1,15.0,15.9,,3.8,7.9,9.8,15.9,19.5,31.8,11.7,11.9
01-04,15.3,9.8,6.7,21.9,16.9,32.0,19.4,19.6,8.6,9.1,15.7,7.5,11.9,11.0,16.6,8.1,15.9,11.5,30.2,7.9,9.0,3.9,11.0,16.7,11.4,17.6,19.3,20.2,12.3,11.8,13.2,10.2,24.2,8.6,12.3,8.3,9.7,10.5,16.9,8.4,13.0,11.4,7.5,15.1,15.9,,3.9,8.0,9.9,15.9,20.0,32.0,11.8,11.9
01-05,15.5,10.2,6.8,22.5,16.9,32.0,19.4,19.6,10.1,9.2,15.7,7.6,11.9,11.0,16.8,8.2,16.0,11.9,30.4,8.5,9.0,4.5,11.0,16.7,11.4,17.7,19.3,20.2,12.8,11.9,13.2,10.2,24.2,8.6,12.3,8.4,9.8,10.7,19.0,8.4,13.1,11.4,7.6,15.5,15.9,,4.5,8.2,10.2,15.9,20.0,32.0,11.8,11.9
01-06,15.5,10.4,6.8,22.9,16.9,32.0,19.4,19.9,10.5,9.4,16.2,7.7,11.9,11.0,16.8,8.9,16.3,11.9,30.5,8.9,9.0,4.7,11.0,16.7,11.4,17.9,19.4,20.6,12.9,13.3,13.7,10.2,24.2,8.6,12.3,8.4,9.8,10.9,19.0,8.4,13.2,11.6,7.9,17.5,16.2,,4.7,8.4,10.4,16.6,20.3,32.0,12.1,12.3
01-07,15.5,10.6,7.0,23.2,16.9,32.0,19.4,20.2,10.5,9.6,16.8,7.7,11.9,11.4,16.9,9.4,17.0,12.0,30.5,8.9,9.0,4.7,11.0,16.8,11.4,18.0,19.6,20.6,13.0,14.2,14.4,10.3,24.2,8.6,12.3,8.4,9.8,11.2,19.0,8.8,14.3,11.6,7.9,17.9,17.0,,4.7,8.5,10.5,16.9,20.4,32.0,12.2,12.3
01-08,15.6,11.2,7.0,23.2,17.0,32.1,19.4,20.3,10.6,10.0,17.0,8.3,12.5,11.6,17.3,9.5,17.5,12.0,30.6,9.0,9.0,4.8,11.0,16.9,11.4,18.4,19.8,20.7,13.1,14.4,14.6,10.3,24.2,8.8,12.3,8.4,9.9,11.4,19.2,8.8,15.4,11.6,7.9,18.0,17.0,,4.8,8.5,10.7,17.0,20.5,32.1,12.3,12.5
01-09,15.7,11.5,7.0,23.2,17.2,32.1,19.4,20.3,10.7,10.0,17.3,9.0,12.6,11.7,17.4,9.5,17.8,12.0,30.6,9.2,9.0,5.2,11.0,16.9,11.4,18.5,20.6,21.1,13.1,15.0,14.7,10.3,24.2,8.8,12.4,8.6,9.9,11.4,20.3,8.9,15.4,11.8,7.9,18.1,17.0,,5.2,8.8,10.8,17.3,20.9,32.1,12.4,12.6
01-10,15.7,14.0,7.0,23.2,17.4,32.2,19.4,20.3,10.7,11.0,18.1,9.2,12.6,11.7,18.1,10.2,18.0,12.0,30.7,9.2,9.0,5.5,11.1,16.9,11.4,18.6,21.4,21.2,13.1,16.0,14.9,10.3,24.3,8.8,12.4,9.4,9.9,11.5,21.9,10.0,15.4,12.1,7.9,18.1,18.4,,5.5,9.0,11.1,18.1,21.7,32.2,12.5,13.1
01-11,16.6,14.8,7.0,23.3,17.4,32.2,19.5,20.3,10.7,11.3,18.6,9.2,12.6,11.7,18.6,10.2,18.6,12.2,30.8,10.8,9.0,6.2,11.5,16.9,11.6,18.6,22.3,21.2,13.1,16.1,14.9,10.3,24.3,8.8,12.6,9.6,9.9,11.5,23.2,10.6,15.5,12.1,7.9,18.1,20.5,,6.2,9.0,11.4,18.5,22.8,32.2,12.6,13.1
01-12,17.7,16.3,7.0,23.3,17.4,32.2,19.6,20.3,10.7,11.8,18.7,9.2,12.6,11.7,19.0,10.3,20.0,12.2,31.8,13.2,9.0,6.9,11.8,16.9,11.6,18.6,24.1,21.9,13.4,16.6,14.9,10.3,24.3,8.8,12.9,9.8,10.1,11.5,25.6,10.9,15.5,12.7,7.9,18.1,21.1,,6.9,9.0,11.6,18.5,23.8,32.2,13.0,13.4
01-13,18.2,17.8,7.0,23.3,17.4,32.4,19.6,20.4,10.7,12.0,18.8,9.2,12.8,11.8,19.2,10.4,20.4,12.2,31.9,14.1,9.0,6.9,12.0,16.9,11.6,18.6,24.3,21.9,13.5,16.7,14.9,10.3,24.3,8.8,13.0,10.4,10.5,11.5,25.7,10.9,15.5,12.9,7.9,18.1,21.1,,6.9,9.1,11.7,18.5,23.9,32.4,13.2,14.1
01-14,18.4,19.5,7.0,23.4,17.4,32.4,19.7,20.5,10.8,12.0,18.8,9.8,13.1,11.9,19.4,10.4,21.0,12.2,32.0,15.0,9.0,6.9,12.2,17.0,11.6,18.6,24.3,22.0,13.5,16.7,14.9,10.3,24.8,8.8,13.0,10.6,10.7,11.6,25.7,10.9,15.5,13.3,7.9,18.1,21.1,,6.9,9.3,11.7,18.8,24.0,32.4,13.5,14.9
01-15,18.5,20.1,7.0,23.5,17.4,32.6,19.7,20.6,10.8,12.0,18.9,10.8,13.8,11.9,19.9,10.4,21.2,12.2,32.0,15.0,9.0,6.9,12.2,17.0,11.6,18.6,24.3,22.1,13.5,16.7,14.9,10.3,24.9,8.8,13.0,10.6,10.7,11.9,25.7,10.9,15.5,13.5,7.9,18.1,21.3,,6.9,9.5,11.9,18.9,24.0,32.6,13.6,14.9
01-16,19.9,20.8,7.0,23.6,17.4,32.6,19.7,20.6,11.0,12.4,19.0,11.6,14.4,12.0,20.0,10.4,22.3,12.2,32.0,16.3,9.4,7.0,12.2,17.0,11.7,18.6,24.4,22.3,13.5,16.7,14.9,10.3,24.9,8.8,13.0,10.6,10.7,12.3,25.8,10.9,15.6,13.5,8.0,18.1,22.1,,7.0,9.8,12.0,19.5,24.1,32.6,13.7,14.9
01-17,20.2,21.3,7.0,23.7,17.4,32.7,19.7,20.8,11.0,12.8,19.1,11.9,14.4,12.0,20.7,10.4,22.4,13.6,32.0,16.7,10.1,7.1,12.2,17.0,11.7,18.6,24.4,22.5,13.5,16.8,14.9,10.3,26.4,8.9,13.1,10.6,10.9,12.6,25.8,10.9,16.3,13.6,8.0,18.1,22.4,,7.0,10.2,12.0,19.6,24.1,32.7,13.8,14.9
01-18,20.5,21.4,7.0,23.7,17.4,32.8,19.7,21.0,11.0,12.8,19.1,12.0,14.5,12.0,20.7,10.4,22.6,14.3,32.0,18.4,10.5,7.1,12.3,17.0,11.7,18.6,24.4,22.6,13.5,16.8,14.9,10.3,26.5,9.0,13.1,10.6,10.9,12.8,25.8,10.9,17.6,14.1,8.0,18.1,22.6,,7.0,10.3,12.0,19.6,24.1,32.8,13.8,14.9
01-19,20.6,21.5,7.0,24.0,17.4,33.0,19.7,21.1,11.1,13.0,19.1,12.0,14.5,12.0,21.0,10.4,22.7,14.8,32.1,18.4,11.1,8.2,12.4,17.2,11.7,18.6,24.4,23.0,13.5,16.8,14.9,10.7,26.5,10.4,13.1,10.6,10.9,13.3,25.8,10.9,18.0,14.1,8.0,18.1,22.6,,7.0,10.5,12.1,19.6,24.2,33.0,13.9,14.9
01-20,20.6,21.5,7.2,24.2,17.4,33.1,19.7,21.4,11.2,13.1,19.1,12.0,14.6,12.0,21.1,10.4,23.0,16.1,32.2,19.7,11.6,8.2,12.5,17.3,11.7,18.6,24.4,23.0,13.5,16.9,14.9,11.3,27.3,11.8,13.1,10.6,10.9,13.7,26.1,11.4,18.1,14.1,8.0,18.1,22.7,,7.2,10.7,12.1,19.7,24.3,33.1,14.2,16.1
01-21,20.7,21.7,7.3,25.0,17.4,33.2,19.7,21.6,11.3,13.1,19.1,12.0,14.6,12.0,21.2,10.4,23.1,16.6,32.2,20.0,12.6,8.3,12.5,17.4,11.7,18.6,24.4,23.1,13.6,17.0,14.9,11.4,27.3,12.5,13.1,10.6,10.9,14.1,26.3,11.7,18.1,14.1,8.0,18.3,22.7,,7.3,10.7,12.5,19.9,24.7,33.2,14.3,16.6
01-22,20.8,21.7,7.3,25.3,17.4,33.2,19.8,21.8,11.3,13.1,19.1,12.0,14.7,12.0,21.4,10.5,23.2,16.7,33.0,20.0,13.6,8.6,12.6,17.8,11.8,18.6,24.4,23.1,13.6,17.4,15.0,11.9,27.3,14.0,13.1,10.6,10.9,14.1,26.7,11.7,18.6,14.2,8.0,18.3,22.8,,7.3,10.7,13.1,20.0,24.9,33.2,14.4,16.7
01-23,21.1,21.8,7.3,25.6,17.7,33.2,19.8,21.8,11.3,13.1,19.1,12.0,14.7,12.0,22.1,10.5,23.2,17.0,34.4,20.0,13.9,8.9,12.6,18.1,11.8,18.6,24.4,23.2,13.6,17.4,15.8,12.7,27.7,14.0,13.1,10.6,10.9,14.1,27.8,11.7,18.6,14.4,8.6,18.3,22.8,,7.3,10.7,13.1,20.0,25.1,34.4,14.7,17.0
01-24,21.3,21.8,7.3,25.6,18.0,33.4,19.9,21.8,11.4,13.2,19.2,12.1,14.7,12.0,22.2,10.7,23.2,17.3,34.9,20.2,14.5,9.0,12.6,18.2,12.0,18.6,24.4,23.3,13.6,17.4,16.3,13.2,27.7,14.4,13.2,10.6,10.9,14.4,30.1,11.7,18.7,14.5,9.3,18.3,22.8,,7.3,10.8,13.2,20.1,25.1,34.9,14.9,17.3
01-25,21.3,21.8,7.4,26.0,18.2,33.4,19.9,21.9,11.5,13.2,19.3,12.2,14.7,12.0,22.6,10.8,23.2,18.3,35.0,20.3,14.7,9.1,12.6,18.2,12.0,18.7,24.4,23.4,13.6,17.5,17.6,13.3,27.7,14.4,13.7,10.6,10.9,14.7,30.3,11.7,18.7,14.7,9.3,18.4,22.9,,7.4,10.8,13.4,20.2,25.4,35.0,15.1,17.6
01-26,21.3,21.8,7.4,26.4,18.4,33.8,19.9,22.0,11.7,13.2,19.3,12.2,14.7,12.0,22.6,10.8,23.2,18.8,36.6,20.4,14.7,10.1,12.8,18.3,12.0,19.2,24.4,23.4,13.6,17.8,18.4,13.3,27.7,14.4,13.8,10.6,10.9,14.7,30.3,12.0,18.7,14.7,9.3,18.4,22.9,,7.4,10.9,13.4,20.3,25.6,36.6,15.2,18.3
01-27,21.4,22.1,7.8,26.9,18.5,34.1,19.9,22.0,12.5,13.3,19.3,12.3,14.7,12.0,22.7,10.8,23.9,19.1,37.8,20.4,15.2,10.1,12.8,18.3,12.0,19.3,24.4,23.5,13.6,17.8,18.4,13.5,27.7,15.0,13.8,10.6,10.9,14.7,30.4,12.0,18.7,14.9,9.5,18.4,22.9,,7.8,10.9,13.5,20.3,25.9,37.8,15.5,18.3
01-28,21.7,22.2,8.0,27.0,18.6,34.1,19.9,22.1,12.6,13.3,19.3,12.4,14.7,12.0,22.7,10.9,24.1,19.5,38.0,20.4,15.3,10.1,12.8,18.8,12.7,19.5,24.5,23.9,13.6,18.1,18.5,13.5,27.8,15.0,14.5,10.6,11.3,14.7,30.4,12.0,18.7,15.0,9.6,18.4,23.6,,8.0,11.1,13.5,20.3,26.0,38.0,15.5,18.4
01-29,21.7,22.7,8.2,27.0,18.7,34.1,20.2,22.1,13.0,13.3,19.3,12.6,14.8,12.0,22.7,11.0,24.2,19.9,38.4,20.4,15.4,10.1,12.8,19.4,13.0,19.9,24.6,24.5,13.6,18.5,18.8,13.5,27.8,15.0,14.6,10.6,11.6,14.9,30.6,12.0,18.7,15.1,10.1,18.4,24.1,,8.2,11.3,13.5,20.3,26.1,38.4,15.6,18.5
01-30,21.7,22.9,8.9,27.2,19.0,34.1,20.4,22.2,13.1,13.6,19.5,13.0,14.8,12.0,22.7,11.1,24.2,20.4,38.4,20.4,15.4,10.2,13.0,19.7,13.0,19.9,24.7,24.7,13.6,19.0,18.8,13.5,27.8,15.0,15.0,11.6,11.6,15.6,30.6,12.0,18.7,15.3,10.9,18.4,24.4,,8.9,11.6,13.6,20.4,26.2,38.4,15.8,18.7
01-31,21.8,23.0,9.2,27.2,19.2,34.1,20.8,22.7,13.2,13.9,19.5,13.0,14.8,12.0,22.8,11.1,24.3,20.7,38.4,20.5,15.4,10.2,13.0,19.8,13.2,20.0,24.7,25.2,13.7,19.3,18.8,13.7,27.8,15.0,15.5,11.8,11.6,16.7,30.6,12.1,18.7,15.3,10.9,18.4,24.4,,9.2,11.7,13.8,20.8,26.4,38.4,16.1,18.7
02-01,22.0,23.1,9.4,27.2,19.2,34.2,20.9,23.3,13.2,14.0,19.6,13.4,14.8,12.0,22.8,11.1,24.6,20.8,38.5,20.6,15.5,10.3,13.0,19.9,13.2,20.1,24.7,25.4,13.8,20.1,18.8,14.4,27.8,15.0,15.5,11.8,11.6,16.7,30.6,12.1,18.7,15.3,10.9,18.4,24.4,,9.4,11.7,14.0,20.9,26.5,38.5,16.2,18.7
02-02,22.1,23.2,9.4,27.3,19.3,34.4,20.9,23.7,13.2,14.0,20.2,13.5,14.8,12.0,22.8,11.1,24.8,21.0,38.7,20.6,15.6,10.3,13.0,19.9,13.3,20.1,24.7,26.3,13.8,20.7,18.8,14.4,27.9,15.0,15.5,11.9,11.6,16.9,30.6,12.1,18.8,15.4,10.9,18.4,24.4,,9.4,11.7,14.1,20.9,26.9,38.7,16.3,18.8
02-03,22.1,23.2,9.4,27.5,19.4,34.4,21.1,24.3,13.2,14.1,20.6,13.6,14.8,12.0,22.8,11.1,24.8,21.0,38.8,21.0,15.6,10.3,13.2,20.0,13.8,20.2,24.7,26.4,13.8,20.8,18.8,14.4,27.9,15.1,15.5,11.9,11.9,16.9,30.8,12.1,19.0,15.4,11.0,18.4,24.5,,9.4,11.9,14.2,21.1,27.1,38.8,16.3,18.8
02-04,22.2,23.2,9.4,27.7,19.5,34.4,21.8,24.5,13.2,14.1,20.8,13.6,14.8,12.1,22.8,11.1,24.8,21.0,38.9,21.1,15.6,10.4,13.4,20.0,14.2,20.4,24.7,26.5,13.8,22.9,18.8,14.4,27.9,15.2,15.5,12.0,12.1,17.0,31.0,12.1,20.1,15.7,11.2,18.4,24.5,,9.4,12.0,14.2,22.1,27.2,38.9,16.4,18.8
02-05,22.3,23.7,9.4,27.8,19.7,34.4,21.9,24.7,13.3,14.2,21.0,13.6,14.8,12.1,22.8,11.2,24.8,21.2,39.1,21.2,15.8,10.4,13.4,20.0,14.4,20.5,24.7,26.7,13.8,22.9,18.8,14.4,27.9,15.2,15.5,12.0,12.4,17.2,31.2,12.1,20.6,15.7,11.3,18.4,24.5,,9.4,12.0,14.4,22.2,27.4,39.1,16.4,18.8
02-06,22.3,23.7,9.4,28.0,19.7,34.5,22.0,24.8,13.4,14.2,21.0,13.6,14.8,12.1,22.8,11.2,24.9,21.5,39.1,21.2,16.3,10.4,13.4,20.0,14.4,20.6,24.7,26.9,13.8,23.0,18.8,14.8,28.0,15.2,15.5,12.2,12.5,17.2,31.3,12.3,20.9,15.8,12.1,18.4,24.8,,9.4,12.1,14.5,22.2,27.5,39.1,16.6,18.8
02-07,22.3,23.7,9.4,28.0,19.8,34.5,22.1,24.9,13.6,14.2,21.2,14.0,14.8,12.1,22.8,11.3,24.9,21.6,39.2,21.7,16.6,10.4,13.6,20.0,14.4,20.7,24.9,27.0,13.8,23.2,19.3,15.0,28.0,15.2,15.5,12.5,12.5,17.2,32.2,12.3,21.1,16.5,12.2,18.4,24.9,,9.4,12.2,14.5,22.3,27.6,39.2,17.0,19.3
02-08,22.3,24.5,9.4,28.2,20.1,34.5,22.2,25.0,13.6,14.3,21.2,14.2,14.8,12.1,22.8,13.6,24.9,21.6,39.2,22.4,17.4,10.4,13.9,20.1,14.4,20.9,25.0,27.0,13.8,23.8,19.4,15.0,28.7,15.2,15.5,13.6,12.6,17.2,33.7,12.3,21.2,17.1,12.2,18.4,24.9,,9.4,12.4,14.5,22.4,27.7,39.2,17.3,19.4
02-09,22.5,24.5,9.4,28.2,20.3,34.5,22.7,25.1,13.6,14.4,21.2,14.3,14.8,12.1,22.9,14.6,25.0,21.6,39.2,23.2,18.3,10.4,13.9,20.3,14.5,21.0,25.1,27.0,13.8,23.9,20.0,15.0,28.7,15.3,15.5,15.7,12.6,17.2,34.0,12.3,21.2,17.1,12.2,18.4,24.9,,9.4,12.4,14.9,22.9,27.7,39.2,17.6,20.0
02-10,22.5,24.5,9.8,28.2,21.0,34.6,22.7,25.2,13.6,15.0,21.3,14.4,14.8,12.1,23.2,14.7,25.1,21.7,39.2,23.4,18.8,10.5,14.1,20.4,14.5,21.2,25.1,27.1,13.8,24.0,21.0,15.0,28.7,15.3,15.9,16.4,12.9,17.2,34.4,12.3,21.4,17.1,12.2,18.4,24.9,,9.8,12.5,15.0,23.1,27.8,39.2,17.9,20.4
02-11,22.6,24.5,9.8,28.2,21.2,34.6,22.9,25.2,13.6,15.0,21.4,14.4,14.8,12.3,23.3,15.3,25.2,21.7,39.3,23.5,19.2,10.6,14.3,20.4,14.5,21.3,25.1,27.1,14.5,24.0,21.2,15.1,28.7,15.3,16.0,16.5,12.9,17.2,35.4,12.3,21.8,17.1,12.2,18.4,25.1,,9.8,12.6,15.1,23.2,27.8,39.3,18.1,20.4
02-12,22.6,24.5,10.0,28.4,21.2,34.8,23.3,25.2,13.7,15.1,21.4,14.5,14.8,12.8,23.8,15.4,25.7,21.7,39.3,23.7,19.2,10.9,14.7,20.4,14.6,21.3,25.4,27.1,15.5,24.0,21.3,15.2,28.7,15.3,16.0,16.6,12.9,17.2,35.8,12.3,21.8,17.2,12.5,18.4,25.1,,10.0,12.8,15.4,23.6,27.9,39.3,18.2,20.4
02-13,22.6,24.5,10.2,28.6,21.2,34.8,23.6,26.3,13.8,15.1,21.4,15.0,14.8,12.9,24.0,15.8,26.2,21.7,39.4,23.8,19.2,12.5,15.2,20.4,14.6,21.3,25.7,27.1,15.6,24.0,21.3,15.5,28.7,15.4,16.0,17.0,12.9,17.2,35.8,12.3,21.8,17.2,13.2,18.4,25.1,,10.2,13.0,15.5,23.7,28.0,39.4,18.3,20.4
02-14,23.5,25.0,10.2,29.0,21.9,37.5,23.6,27.2,14.8,15.3,21.6,15.2,15.2,13.7,24.1,15.8,26.4,21.7,39.4,23.8,19.2,13.8,15.5,20.4,15.0,21.4,25.7,27.2,15.6,24.2,21.5,15.7,28.7,15.5,16.1,17.8,12.9,17.2,35.8,12.3,22.9,17.2,13.7,18.4,25.1,,10.2,13.8,15.6,23.8,28.1,39.4,18.4,20.4
02-15,24.2,25.2,10.2,29.7,22.0,37.8,23.6,27.9,15.0,15.3,21.7,15.3,15.4,13.8,24.2,16.0,27.4,21.7,39.5,24.2,19.3,15.4,15.6,20.4,15.2,21.4,26.9,27.2,15.7,24.4,21.8,15.7,28.7,15.5,16.1,18.3,13.0,17.6,35.8,12.4,24.3,17.2,13.8,18.4,25.1,,10.2,14.3,15.7,24.2,28.3,39.5,18.6,20.4
02-16,24.7,25.8,10.2,30.4,22.2,38.2,23.6,28.6,15.0,15.3,21.8,15.4,15.4,13.8,24.2,16.0,27.4,21.7,39.6,24.5,19.3,15.5,15.6,20.4,15.2,21.4,27.1,27.5,16.1,24.4,21.9,15.9,28.7,15.7,16.1,18.4,13.0,17.8,35.8,12.7,24.9,17.3,14.5,18.4,25.1,,10.2,14.7,15.9,24.4,28.7,39.6,18.7,20.4
02-17,24.8,26.2,10.2,30.9,22.2,38.2,23.6,30.4,15.0,15.3,21.8,15.5,16.3,14.2,24.4,16.0,27.5,21.8,39.6,24.6,19.3,15.9,15.6,20.4,15.4,21.4,27.1,27.5,16.5,24.4,22.4,15.9,29.2,15.7,16.1,18.5,13.0,17.8,35.9,12.8,25.0,18.0,15.2,18.6,25.1,,10.2,15.1,16.0,24.5,30.0,39.6,18.7,20.4
02-18,25.1,27.5,10.2,31.1,22.2,38.2,23.7,32.8,15.0,15.4,21.9,15.9,16.8,14.4,24.4,16.6,27.5,21.8,39.9,24.6,20.2,16.2,15.6,20.4,15.5,21.5,27.1,27.5,16.5,24.4,24.3,15.9,29.2,15.7,16.1,18.5,13.0,18.1,35.9,12.8,25.0,18.0,15.3,18.6,25.2,,10.2,15.2,16.2,24.6,30.3,39.9,19.1,20.4
02-19,25.2,29.0,10.3,31.1,22.7,38.4,23.7,33.5,15.2,15.4,22.0,16.0,16.8,14.4,25.0,17.3,27.6,22.0,40.0,24.6,20.5,16.2,15.8,20.5,15.6,21.6,27.1,27.6,16.6,24.4,24.4,15.9,29.2,15.9,16.1,18.5,13.0,18.9,36.1,13.2,25.1,18.0,15.4,18.6,25.2,,10.3,15.2,16.3,24.9,30.3,40.0,19.4,20.5
02-20,25.3,29.2,10.4,31.1,22.9,38.4,24.1,34.8,15.3,15.4,22.4,16.0,16.9,14.4,25.5,17.5,27.6,22.5,40.1,24.7,20.7,16.3,16.4,20.7,15.6,21.8,27.8,27.6,16.9,24.5,24.4,15.9,30.3,15.9,16.1,18.6,13.0,19.1,36.9,13.6,25.3,18.0,15.6,18.6,25.3,,10.4,15.4,16.5,25.1,30.8,40.1,19.4,20.7
02-21,25.6,29.6,10.9,31.2,22.9,38.5,24.6,35.0,15.6,15.4,22.5,16.1,16.9,15.3,26.0,17.8,27.6,23.1,40.3,24.7,20.8,16.3,16.8,21.4,15.7,21.8,28.9,27.6,17.0,24.5,24.4,15.9,31.2,15.9,16.2,18.7,13.0,19.2,37.1,13.6,25.5,18.1,16.0,18.6,25.5,,10.9,15.5,16.9,25.3,31.2,40.3,19.6,21.4
02-22,26.4,30.1,10.9,31.4,23.0,38.6,24.7,35.2,15.6,15.5,22.6,16.1,16.9,15.3,26.3,18.0,27.6,23.3,40.3,24.9,21.0,16.8,17.0,21.6,15.8,21.8,29.1,27.7,17.0,24.5,24.4,15.9,31.2,16.5,16.2,18.7,13.1,19.3,37.7,13.6,25.5,18.1,16.0,18.7,26.7,,10.9,15.6,16.9,25.4,31.3,40.3,19.6,21.6
02-23,26.9,30.9,10.9,31.6,23.0,39.1,24.7,35.6,15.6,15.5,22.9,16.2,16.9,15.9,27.2,18.3,27.7,24.0,40.3,25.6,21.2,17.0,17.3,21.6,16.0,21.9,29.3,27.7,17.0,24.7,24.4,16.0,31.4,16.8,16.4,18.7,13.1,19.3,38.2,13.8,25.7,18.1,16.0,18.7,26.9,,10.9,15.8,17.0,25.7,31.5,40.3,19.7,21.6
02-24,27.3,31.3,10.9,31.8,23.0,39.2,24.8,36.2,15.8,15.5,22.9,16.2,17.0,16.0,27.6,18.4,27.7,24.0,40.4,25.9,21.2,17.2,17.8,21.6,16.2,22.0,29.4,27.8,17.3,24.7,24.7,16.0,31.4,16.8,16.9,18.7,13.1,19.3,38.4,14.0,25.7,18.1,16.0,18.8,27.1,,10.9,15.9,17.2,25.9,31.6,40.4,19.8,21.6
02-25,27.6,32.0,11.1,31.8,23.1,39.3,24.8,37.8,16.0,15.5,22.9,16.2,17.0,16.0,28.0,18.7,27.7,24.0,40.4,26.6,21.2,18.0,18.0,21.8,16.3,22.0,29.4,27.8,17.3,25.7,24.8,16.5,31.5,16.8,16.9,18.7,13.1,19.4,38.6,14.2,25.8,18.2,16.0,19.0,27.2,,11.1,16.0,17.4,26.5,31.9,40.4,20.0,21.8
02-26,27.9,32.1,11.4,31.8,23.1,39.3,24.9,38.2,16.2,15.5,23.0,16.2,17.0,16.0,28.4,19.1,27.7,24.3,40.4,26.8,21.4,18.3,18.4,21.9,16.4,22.1,29.4,27.9,18.0,26.0,24.9,16.5,32.6,16.9,16.9,18.7,13.1,19.4,38.8,14.3,25.9,18.2,16.0,19.1,27.2,,11.4,16.0,18.0,26.6,32.4,40.4,20.1,21.9
02-27,28.2,32.2,11.7,32.0,23.5,39.4,24.9,38.6,16.2,15.5,23.2,16.2,17.0,16.0,28.4,19.2,27.7,24.6,40.6,26.8,21.5,18.4,18.5,22.0,16.5,23.5,29.4,27.9,18.2,26.1,25.0,16.5,32.7,16.9,17.0,18.8,13.2,19.4,38.8,14.5,26.0,18.2,16.4,19.1,27.6,,11.7,16.1,18.2,26.7,32.5,40.6,20.3,22.0
02-28,28.3,32.4,11.7,32.0,23.7,39.4,24.9,38.7,16.2,15.6,23.2,16.2,17.1,16.2,28.5,19.7,27.9,24.9,40.8,26.9,21.5,18.5,18.5,22.0,16.5,24.0,29.4,28.0,18.7,26.1,25.0,16.5,32.7,17.0,17.0,19.4,13.3,19.4,39.6,14.5,26.1,18.2,16.7,19.1,28.8,,11.7,16.2,18.3,26.7,32.6,40.8,20.4,22.0
02-29,,32.6,,,,39.6,,,,15.6,,,,16.2,,,,24.9,,,,18.8,,,,24.4,,,,26.1,,,,17.1,,,,19.4,,,,18.2,,,,,11.7,16.2,18.3,26.7,32.6,40.8,20.5,22.0
03-01,28.4,32.6,11.7,32.0,24.2,39.6,24.9,39.5,16.2,15.6,23.3,16.2,18.1,16.2,28.5,19.8,27.9,25.0,40.8,28.0,21.6,18.8,18.5,22.0,16.6,24.5,29.5,28.4,18.8,26.1,25.1,16.5,32.7,17.7,17.1,20.1,13.3,19.4,39.7,14.5,26.3,18.2,16.7,19.1,29.5,,11.7,16.2,18.3,27.6,32.6,40.8,20.5,22.0
03-02,28.4,32.6,11.7,33.0,24.3,39.7,24.9,39.6,16.2,15.7,23.4,16.2,18.8,16.2,28.5,19.8,27.9,25.0,40.8,28.0,21.6,18.8,18.6,22.0,16.8,24.6,29.5,28.5,19.4,26.5,25.1,16.5,32.7,18.5,17.1,21.5,13.3,19.4,39.7,14.8,26.6,18.4,16.8,19.1,29.5,,11.7,16.2,18.6,27.6,32.8,40.8,20.7,22.0
03-03,28.4,33.2,12.0,33.6,24.6,39.7,25.7,39.7,16.2,15.7,24.4,16.3,20.1,16.2,28.5,19.8,27.9,25.0,41.0,28.2,21.7,18.8,18.6,22.0,16.8,24.6,29.5,28.6,19.6,26.5,25.1,16.6,32.7,18.5,17.1,21.7,13.7,19.4,39.7,14.8,26.9,18.4,16.8,19.1,29.5,,12.0,16.2,18.6,27.7,33.4,41.0,20.8,22.0
03-04,28.5,33.5,12.1,33.7,24.6,39.7,25.9,39.7,16.2,15.8,24.7,17.1,20.2,16.2,28.5,19.8,29.8,25.0,41.2,28.6,21.7,18.8,18.7,22.0,17.0,24.6,29.5,28.6,19.6,26.6,25.1,16.7,34.0,18.5,17.6,21.7,14.3,19.4,39.7,14.8,26.9,18.4,16.8,19.1,29.6,,12.1,16.2,18.7,28.2,33.9,41.2,20.9,22.0
03-05,28.6,33.6,12.1,34.1,24.6,40.0,26.0,39.8,16.4,15.8,25.1,17.2,20.6,16.2,28.6,19.8,30.2,25.0,41.2,28.7,22.0,18.8,18.7,22.0,17.2,24.8,29.5,28.8,19.6,26.7,25.4,16.8,34.0,18.5,17.6,22.2,14.3,19.4,39.7,15.2,26.9,18.4,16.8,19.3,30.3,,12.1,16.3,18.7,28.2,34.0,41.2,21.1,22.2
03-06,28.7,34.2,12.1,34.2,24.6,40.2,26.0,39.8,16.4,15.9,25.1,17.4,20.7,16.2,28.6,19.8,30.4,26.1,41.3,28.9,22.0,19.1,18.7,22.0,17.3,25.0,29.5,28.9,19.6,26.7,25.6,16.9,34.0,18.6,17.6,22.2,14.4,19.4,40.2,15.2,27.1,18.4,16.9,19.7,30.8,,12.1,16.3,18.8,28.3,34.2,41.3,21.2,22.2
03-07,28.8,34.2,12.1,34.2,24.7,40.2,26.1,39.8,16.4,16.7,25.2,17.4,20.8,16.3,28.6,19.8,30.5,26.2,41.4,29.8,22.1,19.3,18.7,22.2,17.4,25.4,29.6,29.3,19.6,26.7,25.6,16.9,34.8,18.7,17.7,22.5,14.5,20.0,41.0,15.2,27.9,18.4,16.9,20.0,30.9,,12.1,16.5,18.8,28.4,34.6,41.4,21.5,22.5
03-08,28.9,34.8,12.2,34.3,24.9,40.2,26.2,39.9,16.4,16.8,26.0,17.5,21.0,16.4,28.6,19.8,30.5,26.2,41.6,29.8,22.2,19.3,18.7,22.7,17.6,25.5,29.6,29.9,19.8,26.7,25.6,16.9,35.3,18.8,17.8,22.5,14.5,20.0,41.0,15.2,29.0,18.4,16.9,20.0,31.0,,12.2,16.5,18.9,28.9,35.1,41.6,21.5,22.7
03-09,29.0,35.3,12.2,34.3,24.9,40.2,26.2,41.3,16.4,16.8,26.0,17.5,21.0,16.5,28.6,19.9,30.5,26.3,41.8,29.8,22.2,19.4,18.8,23.1,17.6,25.5,29.6,29.9,20.2,26.8,25.6,16.9,35.3,18.8,17.9,22.5,14.5,20.0,41.0,15.2,29.5,18.8,16.9,20.8,31.2,,12.2,16.6,18.9,28.9,35.3,41.8,21.5,23.1
03-10,29.0,35.8,12.2,34.4,25.2,40.2,26.2,41.7,16.5,16.9,26.0,17.5,21.0,16.6,28.6,19.9,30.5,26.3,41.9,29.8,23.0,20.6,19.0,23.2,17.6,25.5,29.6,30.4,20.3,26.8,26.4,17.0,35.4,18.8,17.9,22.5,14.5,20.3,41.0,15.2,29.6,18.8,17.0,21.2,31.6,,12.2,16.7,19.2,28.9,35.6,41.9,22.0,23.2
03-11,29.0,36.3,12.2,34.5,25.4,40.2,26.5,42.1,16.6,17.0,26.0,17.5,21.0,16.6,28.7,19.9,30.7,26.3,42.0,29.9,23.2,20.7,19.2,23.2,17.6,25.5,29.6,30.4,20.5,26.8,26.4,17.0,35.4,18.8,17.9,22.6,14.5,20.3,41.0,15.2,29.8,18.8,17.0,21.2,32.6,,12.2,16.8,19.3,28.9,36.0,42.1,22.0,23.2
03-12,29.0,36.9,12.2,36.4,25.9,40.2,26.9,42.2,16.8,17.2,26.0,17.8,21.1,16.6,28.8,20.2,32.1,26.3,42.0,29.9,23.5,20.8,19.3,23.2,17.6,25.5,29.6,30.5,20.5,26.8,26.4,17.0,35.4,18.8,17.9,22.9,14.5,20.4,41.0,15.2,29.9,18.8,17.0,21.4,32.6,,12.2,16.9,19.4,29.0,36.7,42.2,22.2,23.5
03-13,29.0,37.0,12.2,36.6,25.9,40.5,27.5,42.3,16.8,17.2,26.1,17.9,21.1,16.6,28.9,20.4,32.8,26.9,42.1,29.9,23.5,20.8,19.3,23.6,17.6,25.5,29.6,30.5,20.5,26.8,26.4,17.1,35.4,18.8,17.9,23.0,14.6,20.4,41.0,15.2,30.0,18.8,17.1,21.4,32.9,,12.2,16.9,19.5,29.0,36.8,42.3,22.2,23.6
03-14,29.0,37.1,12.2,37.5,26.3,40.8,27.7,42.5,17.4,17.2,26.2,17.9,21.1,16.6,29.0,20.4,32.9,27.0,42.1,29.9,23.5,20.8,19.3,24.1,17.6,25.5,29.6,30.7,20.5,27.3,26.4,17.2,35.4,18.8,17.9,23.0,14.6,20.4,41.0,15.2,30.4,18.8,17.3,21.8,33.2,,12.2,17.2,19.5,29.0,37.4,42.5,22.3,24.1
03-15,29.0,37.1,12.2,38.6,26.4,41.1,27.7,42.6,17.4,17.4,26.3,18.0,21.2,16.6,29.5,20.4,33.0,27.2,42.1,29.9,23.5,20.8,19.3,24.3,17.8,25.5,29.6,30.8,20.5,27.5,26.4,17.2,35.7,18.8,17.9,23.0,14.6,21.4,41.0,15.6,30.4,18.8,17.4,21.8,33.7,,12.2,17.3,19.5,29.4,38.0,42.6,22.5,24.3
03-16,29.0,37.2,12.2,39.3,26.5,41.5,27.8,42.8,17.7,17.6,26.3,18.0,21.3,16.6,30.3,20.4,33.1,27.2,42.1,29.9,23.5,21.0,19.3,24.4,18.2,25.5,29.6,31.0,20.5,27.7,26.4,17.2,35.7,18.8,17.9,23.0,14.6,21.7,41.0,16.1,30.4,18.8,17.4,22.0,34.5,,12.2,17.3,19.5,29.5,38.4,42.8,22.5,24.4
03-17,30.0,37.2,13.0,40.0,27.1,41.8,27.8,43.3,17.8,17.6,26.7,18.1,21.4,16.6,31.1,20.4,33.2,27.2,42.1,29.9,23.5,21.0,19.6,24.5,18.4,25.5,29.6,31.1,20.5,27.7,26.4,17.2,36.5,18.8,17.9,23.1,14.6,21.9,41.0,16.2,30.4,18.8,17.4,22.0,34.5,,13.0,17.3,19.8,29.8,38.9,43.3,22.6,24.5
03-18,30.1,37.9,13.2,40.2,27.4,41.9,27.8,43.5,18.0,17.7,27.0,18.1,21.4,16.8,32.4,20.4,33.2,27.2,42.5,30.0,23.5,21.2,19.6,24.7,18.6,25.5,29.6,31.6,20.5,27.7,26.4,17.2,36.5,18.9,18.1,23.3,14.6,22.0,41.0,16.9,30.4,18.9,17.4,22.0,34.5,,13.2,17.3,19.8,29.9,39.3,43.5,22.7,24.7
03-19,30.3,37.9,13.4,40.9,27.6,42.2,27.9,43.6,18.3,17.7,27.3,18.2,21.4,16.9,32.9,20.6,33.3,27.2,42.5,30.0,23.5,21.4,19.7,24.8,18.7,25.5,29.7,31.8,20.5,27.8,26.4,17.2,36.5,19.8,18.2,23.4,14.6,22.0,41.0,17.1,30.4,19.3,17.4,22.0,34.5,,13.4,17.3,19.9,29.9,39.7,43.6,22.8,24.8
03-20,30.3,37.9,13.4,41.4,27.8,42.2,27.9,43.6,18.4,17.8,28.1,18.2,22.1,17.0,33.1,21.8,33.6,27.2,42.5,30.0,23.5,21.6,19.7,24.8,18.8,25.5,30.1,32.4,20.5,27.9,26.4,17.3,36.6,20.0,18.2,23.4,14.6,22.0,41.0,17.1,30.4,19.5,17.4,22.0,34.7,,13.4,17.4,20.1,30.0,39.8,43.6,22.8,24.8
03-21,30.3,38.6,14.4,41.6,27.8,42.2,28.0,43.7,18.5,17.8,28.2,18.2,22.6,17.0,33.4,21.9,33.6,27.2,42.6,30.0,23.5,22.0,19.7,24.8,18.8,25.5,30.7,32.6,20.5,28.3,26.4,17.3,36.8,20.1,18.6,23.4,14.6,22.0,41.0,17.1,30.4,19.5,17.8,22.0,35.6,,14.4,17.5,20.2,30.3,40.0,43.7,22.8,24.8
03-22,30.4,38.7,14.8,41.8,27.8,42.3,28.2,43.7,18.5,17.8,28.4,18.2,22.6,17.0,33.4,22.0,34.1,27.2,42.6,30.0,23.7,22.1,20.0,24.8,18.8,25.5,30.9,32.9,20.8,28.3,26.4,17.3,37.3,20.2,18.7,23.4,14.6,22.1,41.1,17.1,30.6,19.6,17.8,22.1,35.9,,14.6,17.5,20.3,30.3,40.1,43.7,22.9,24.8
03-23,30.4,38.8,14.8,41.8,28.2,42.5,28.2,43.8,18.6,17.8,28.9,18.2,22.7,17.2,33.4,23.3,34.3,27.2,42.6,30.0,23.8,22.1,20.0,24.8,18.8,25.5,31.2,33.0,20.8,28.3,26.7,17.5,38.0,20.2,19.0,23.4,14.6,22.7,41.5,17.7,31.3,19.8,18.0,22.1,36.7,,14.6,17.7,20.3,30.3,40.4,43.8,23.2,24.8
03-24,30.4,39.0,14.8,41.8,28.6,42.5,28.2,43.8,18.6,18.0,29.0,18.3,22.7,17.3,33.4,23.6,34.6,27.6,42.6,30.1,23.8,22.2,20.1,25.2,18.8,25.5,32.4,33.3,20.8,28.4,26.9,17.6,38.0,20.2,19.1,23.4,15.1,22.7,42.6,18.3,31.5,20.0,18.2,22.1,37.3,,14.8,18.0,20.3,30.3,40.7,43.8,23.3,25.2
03-25,30.4,39.0,14.8,41.8,28.8,42.7,28.2,43.9,18.6,18.1,29.0,18.3,22.7,17.4,33.5,23.8,35.1,27.8,42.6,30.4,23.8,22.2,20.1,25.4,18.9,25.5,33.1,33.3,20.8,28.4,27.1,17.6,38.6,20.2,19.1,23.4,15.4,22.7,42.7,18.4,32.1,20.9,18.2,22.1,37.8,,14.8,18.1,20.9,30.4,40.7,43.9,23.4,25.4
03-26,30.4,39.1,14.9,41.8,30.3,42.7,28.6,44.0,18.6,18.1,29.1,18.3,23.2,17.5,33.6,23.8,35.2,27.9,42.7,30.5,23.8,22.2,20.1,25.5,19.0,25.5,33.2,33.4,20.8,28.4,28.4,17.6,38.9,20.2,19.1,23.4,15.4,22.8,42.8,18.6,32.1,21.8,18.4,22.1,38.1,,14.9,18.2,21.0,30.5,40.7,44.0,23.7,25.5
03-27,30.5,39.3,15.2,42.0,30.4,43.1,29.1,44.0,18.7,18.2,29.6,18.3,23.4,17.5,33.9,23.9,35.2,28.0,42.7,30.5,23.8,22.2,20.1,25.5,19.5,26.1,33.2,34.0,20.9,28.4,28.6,17.7,39.1,20.6,19.1,23.5,15.4,22.8,42.8,18.7,32.1,21.9,18.4,22.1,38.6,,15.2,18.2,21.1,30.5,40.9,44.0,23.9,25.5
03-28,31.0,39.4,15.4,42.3,30.6,43.2,29.5,44.0,18.8,18.2,30.2,18.4,23.4,17.5,34.0,23.9,35.2,28.0,42.7,31.0,24.0,22.3,20.2,25.5,19.6,26.4,33.2,34.0,21.2,28.5,28.7,17.7,39.6,20.6,19.1,24.4,15.4,22.9,43.1,18.8,32.1,22.0,18.4,22.1,38.8,,15.4,18.3,21.4,31.0,41.2,44.0,24.1,25.5
03-29,31.0,39.5,15.6,42.5,30.6,43.3,29.6,44.1,19.1,18.2,30.2,18.7,23.4,17.5,34.1,23.9,35.2,28.1,42.7,31.6,24.0,22.5,20.5,25.5,19.6,26.5,33.9,34.6,21.6,28.5,28.8,17.8,40.2,20.7,19.1,24.4,15.4,23.5,43.1,18.8,32.7,22.1,18.4,22.1,38.8,,15.4,18.3,21.7,31.5,41.6,44.1,24.3,25.5
03-30,31.6,39.6,16.0,42.6,31.2,43.4,29.8,44.2,19.1,18.3,30.4,18.8,23.4,17.6,34.4,23.9,35.2,28.2,42.8,31.9,24.0,22.6,20.7,25.5,19.7,26.6,34.4,35.6,21.7,28.7,29.4,17.8,40.2,20.7,19.1,24.5,15.4,24.2,43.1,18.8,33.3,22.2,18.4,22.2,39.4,,15.4,18.3,21.8,31.8,41.7,44.2,24.5,25.5
03-31,32.2,39.7,16.2,43.0,31.4,43.4,30.0,44.4,19.1,18.3,30.5,18.9,23.4,17.6,34.4,23.9,35.2,28.2,42.8,32.0,24.0,22.9,20.7,25.6,19.7,26.6,34.7,35.8,21.8,29.1,29.5,17.9,40.4,20.7,19.1,25.2,15.5,24.4,43.4,18.8,33.3,22.4,18.4,22.2,40.1,,15.5,18.3,21.9,32.2,41.8,44.4,24.8,25.6
04-01,32.2,39.9,16.2,43.1,32.5,43.5,30.2,44.5,19.1,18.3,30.6,18.9,23.4,17.6,34.4,24.0,35.2,28.2,43.0,32.0,24.3,22.9,20.8,25.6,19.7,26.6,34.7,35.9,21.9,29.2,30.2,18.5,40.4,20.8,19.1,25.4,15.5,24.4,43.8,18.8,33.3,22.5,18.4,22.3,41.2,,15.5,18.4,21.9,32.4,42.3,44.5,24.9,25.6
04-02,32.3,39.9,16.2,43.5,32.6,43.6,30.2,45.2,19.1,18.4,31.0,18.9,23.5,17.6,35.0,24.3,35.2,28.3,43.1,32.1,24.8,22.9,20.8,25.6,19.7,26.6,34.7,36.1,21.9,29.2,30.3,18.8,40.4,20.8,19.3,25.9,15.5,24.4,43.8,18.8,33.3,22.6,18.4,22.3,41.3,,15.5,18.6,21.9,32.5,42.4,45.2,25.1,25.9
04-03,32.3,40.0,16.2,43.6,32.7,43.8,30.2,45.7,19.1,18.4,31.5,18.9,23.5,17.6,35.5,24.4,35.2,28.8,43.2,32.1,24.8,23.0,21.0,25.6,19.8,26.6,34.7,36.2,21.9,29.4,30.7,19.3,40.7,20.8,19.3,25.9,15.5,24.4,43.9,19.0,34.0,22.6,18.4,22.3,42.1,,15.5,18.6,22.0,32.6,42.7,45.7,25.2,25.9
04-04,32.6,40.0,16.4,43.8,32.8,44.1,30.2,45.8,19.1,18.4,31.8,18.9,23.6,17.6,35.5,24.6,35.2,28.8,43.2,32.2,25.1,23.0,21.1,25.6,20.4,26.6,34.8,36.4,21.9,29.4,30.9,19.8,41.0,20.8,19.3,26.0,15.5,24.4,44.0,19.0,34.5,22.7,18.4,22.3,43.0,,15.5,18.6,22.0,32.8,43.1,45.8,25.3,26.0
04-05,32.8,40.0,16.4,44.4,33.5,44.1,30.2,45.8,19.1,18.4,32.0,18.9,23.6,17.6,36.0,24.7,35.2,28.8,43.2,32.8,25.2,23.0,21.3,25.6,20.5,26.6,34.9,36.4,21.9,29.4,31.0,20.0,41.0,20.8,19.3,26.0,15.5,24.4,44.0,19.1,34.5,22.8,18.4,22.5,43.5,,15.5,18.6,22.0,33.4,43.3,45.8,25.3,26.0
04-06,32.8,40.0,16.4,44.5,33.8,44.2,30.2,45.9,19.1,18.4,32.0,18.9,23.6,17.6,36.0,24.7,35.2,28.8,43.2,33.3,25.2,23.0,21.4,25.6,20.6,26.6,35.0,37.0,21.9,29.5,31.0,21.1,41.2,20.8,19.6,26.1,15.5,24.4,44.1,19.1,34.6,22.8,18.5,22.5,43.6,,15.5,18.6,22.0,33.7,43.4,45.9,25.5,26.1
04-07,32.9,40.3,16.4,44.8,33.8,44.2,30.2,46.0,19.1,18.4,32.0,18.9,23.6,17.6,36.1,24.8,35.2,28.8,43.2,33.3,25.3,23.0,22.0,25.6,20.9,26.7,35.0,38.6,21.9,29.5,31.0,21.5,41.2,21.0,19.6,26.3,15.5,24.5,44.1,19.7,34.8,22.9,18.8,22.5,43.6,,15.5,18.9,22.1,33.7,43.4,46.0,25.6,26.3
04-08,32.9,40.4,16.6,44.9,34.2,44.3,30.2,46.0,19.1,18.4,32.0,19.1,24.0,17.6,36.2,25.2,35.3,28.8,43.2,33.3,25.7,23.0,22.8,25.6,20.9,27.1,35.1,38.7,22.0,29.6,31.1,21.5,42.2,21.0,19.8,26.3,15.5,24.5,44.1,20.2,34.8,22.9,18.8,22.5,43.6,,15.5,18.9,22.6,34.0,43.4,46.0,25.7,26.3
04-09,32.9,40.7,16.6,45.0,34.2,44.6,30.3,46.1,19.1,18.4,32.0,19.8,24.0,17.6,36.2,25.2,36.2,28.8,43.2,33.3,26.2,23.0,23.4,25.6,20.9,27.2,35.4,38.8,22.4,29.7,31.7,21.5,42.7,21.0,20.5,26.3,15.7,24.5,45.2,20.5,34.8,22.9,18.8,22.5,43.6,,15.7,18.9,22.6,34.0,43.4,46.1,25.8,26.3
04-10,33.1,40.7,16.7,45.0,34.3,44.8,30.3,46.2,19.1,18.4,32.0,19.9,24.0,17.6,36.3,25.7,36.4,28.8,43.4,33.5,26.5,23.0,23.5,25.7,20.9,27.2,35.5,38.8,22.5,29.9,32.2,21.5,43.1,21.0,20.8,26.3,15.7,24.6,45.5,20.5,35.2,22.9,18.8,22.5,43.6,,15.7,19.0,22.6,34.1,43.5,46.2,25.9,26.5
04-11,33.3,40.7,16.9,45.1,34.5,45.2,30.3,46.5,19.1,18.4,32.0,19.9,24.2,17.6,36.4,26.0,36.4,28.8,43.4,33.6,26.5,23.0,23.5,26.0,20.9,27.3,35.5,39.0,22.6,29.9,32.2,21.6,43.2,21.0,21.0,26.4,15.7,25.0,45.5,20.6,35.6,22.9,18.8,22.5,43.6,,15.7,19.0,22.6,34.3,43.5,46.5,26.0,26.5
04-12,33.5,40.7,16.9,45.7,34.6,45.4,30.3,46.7,19.2,18.4,32.1,19.9,24.6,17.6,36.4,26.1,36.4,28.8,43.5,33.6,26.5,23.0,23.6,26.0,20.9,27.5,35.5,39.1,22.6,29.9,32.3,21.6,43.2,21.8,21.0,26.4,15.7,25.0,45.5,20.6,35.6,22.9,18.8,23.0,43.6,,15.7,19.0,22.9,34.4,43.6,46.7,26.1,26.5
04-13,33.5,40.7,17.0,45.9,35.0,45.4,30.3,47.0,19.2,18.4,32.1,19.9,24.7,17.6,36.4,26.1,36.4,29.2,43.5,33.9,26.5,23.0,23.9,26.0,20.9,27.5,35.5,39.1,22.6,30.0,32.3,21.7,43.2,22.7,21.0,26.4,15.7,25.0,45.5,21.2,35.8,22.9,18.8,23.4,43.6,,15.7,19.0,22.9,34.8,43.6,47.0,26.1,26.5
04-14,33.5,40.7,17.0,46.0,35.4,45.4,30.3,47.0,19.2,18.4,32.1,19.9,24.8,17.6,36.5,26.2,36.4,29.2,43.5,34.4,26.5,23.0,24.0,26.1,20.9,27.5,35.5,39.1,22.6,30.0,32.3,22.4,43.6,23.0,21.2,26.4,15.7,26.1,45.5,21.4,35.9,22.9,18.9,23.7,43.6,,15.7,19.0,23.0,35.2,43.6,47.0,26.3,26.5
04-15,33.6,40.7,17.0,46.0,35.5,45.4,30.3,47.2,19.2,18.4,32.1,19.9,24.8,17.6,36.6,26.3,36.5,29.2,43.5,34.8,26.5,23.9,24.0,26.1,21.0,27.5,35.5,39.5,22.6,30.0,33.4,22.4,43.6,23.1,21.2,26.4,15.9,26.8,45.5,21.4,36.3,22.9,19.5,24.2,43.6,,15.9,19.3,23.3,35.4,43.6,47.2,26.3,26.8
04-16,33.6,40.7,17.0,46.1,35.5,45.5,30.4,47.6,19.2,18.4,32.1,19.9,24.8,17.6,36.6,26.3,36.6,29.2,43.5,34.8,26.5,23.9,24.0,26.3,21.1,27.5,35.5,39.9,22.6,30.2,34.3,22.5,43.9,23.1,21.4,26.4,16.2,26.8,45.5,21.4,37.4,23.4,19.8,24.6,43.6,,16.2,19.4,23.5,35.4,43.8,47.6,26.4,26.8
04-17,33.6,40.8,17.0,46.1,35.5,45.5,30.4,47.8,19.2,18.4,32.1,20.0,24.8,17.7,36.9,26.3,36.6,29.6,43.5,34.8,26.5,24.0,24.0,26.4,21.2,27.6,35.5,39.9,22.6,30.3,34.5,22.5,44.0,23.2,21.5,26.4,16.2,26.8,45.5,21.6,37.9,23.5,19.8,24.7,43.6,,16.2,19.4,23.6,35.4,43.8,47.8,26.5,26.8
04-18,33.6,40.8,17.1,46.2,35.5,45.6,30.5,48.0,19.2,18.4,32.1,20.0,24.8,18.2,37.0,26.3,36.7,30.4,43.5,34.9,26.5,24.0,24.0,26.9,21.3,27.6,35.5,40.2,22.7,30.3,34.5,22.5,44.6,23.3,21.6,26.4,16.3,26.8,45.5,21.7,37.9,23.5,19.8,24.7,43.7,,16.3,19.4,23.6,35.4,44.2,48.0,26.5,26.9
04-19,33.6,40.8,17.3,46.2,35.6,45.6,30.9,48.0,19.5,18.5,32.1,20.0,24.9,18.4,37.5,26.3,36.8,31.9,43.5,35.0,26.5,24.6,24.0,27.2,21.6,28.0,35.6,40.3,23.4,30.3,34.5,22.5,45.7,23.6,21.6,26.4,16.3,26.9,46.2,21.7,37.9,23.5,19.8,24.8,44.0,,16.3,19.6,23.7,35.5,44.9,48.0,26.5,27.2
04-20,33.7,40.8,17.9,46.2,35.9,45.8,31.2,48.1,19.9,18.5,32.1,20.1,24.9,18.4,37.5,26.3,37.2,32.1,43.6,35.0,26.5,24.8,24.1,27.6,21.7,28.2,36.3,40.3,24.2,30.3,34.5,22.5,45.9,23.6,22.3,26.4,16.3,26.9,46.4,21.7,37.9,23.5,19.8,24.9,44.0,,16.3,19.8,24.1,35.7,45.1,48.1,26.8,27.6
04-21,33.7,40.8,18.0,46.2,36.1,45.8,31.4,48.1,20.0,19.4,32.1,20.1,24.9,18.4,37.5,26.3,37.3,32.2,43.7,35.0,26.8,24.8,25.2,28.0,21.7,28.6,37.1,40.3,24.2,30.3,34.5,22.5,46.1,23.6,22.5,26.4,16.3,26.9,46.6,21.7,38.1,23.5,19.8,24.9,44.2,,16.3,19.8,24.3,35.8,45.2,48.1,27.0,28.0
04-22,33.7,40.8,18.5,46.2,36.2,46.1,32.3,48.2,20.0,20.0,32.1,20.4,25.2,18.5,37.5,26.3,37.3,32.2,43.7,35.0,27.0,24.8,25.2,28.2,21.8,28.7,37.4,40.3,24.2,30.3,34.5,22.9,46.2,23.7,22.5,26.4,16.3,26.9,46.6,21.7,38.3,23.6,19.8,24.9,44.4,,16.3,20.0,24.3,36.0,45.4,48.2,27.2,28.2
04-23,33.7,40.8,18.6,46.2,36.4,46.1,32.4,48.2,20.0,21.2,32.1,20.8,25.2,18.6,37.5,26.3,37.4,32.2,44.0,35.0,27.3,24.9,25.2,28.2,21.8,28.8,37.5,40.3,24.5,30.3,34.6,23.0,46.3,23.8,22.6,26.6,16.3,27.0,46.7,21.7,38.3,23.6,19.8,25.4,44.5,,16.3,20.3,24.6,36.1,45.4,48.2,27.4,28.2
04-24,33.7,40.9,18.6,46.2,36.4,46.2,32.5,48.4,20.2,21.7,32.1,21.6,25.3,18.6,37.6,26.3,37.5,32.2,44.6,35.0,27.6,25.0,25.2,28.2,21.9,28.8,37.6,40.3,24.6,30.4,34.6,23.0,46.3,23.8,22.6,26.8,16.4,27.8,46.7,21.7,38.3,23.9,19.8,25.4,44.5,,16.4,20.8,24.7,36.1,45.5,48.4,27.4,28.2
04-25,33.7,40.9,18.6,46.2,36.8,46.2,32.5,49.0,20.3,22.2,32.1,21.7,25.4,18.6,37.9,26.4,37.5,32.3,45.1,35.2,27.7,25.0,25.2,28.3,21.9,28.8,38.2,40.3,24.7,30.8,34.7,23.0,46.5,23.8,22.6,26.9,16.9,28.0,47.4,21.7,38.4,23.9,19.8,25.4,44.8,,16.9,20.8,24.7,36.5,45.8,49.0,27.5,28.3
04-26,33.8,40.9,18.6,46.2,37.4,46.4,32.6,49.6,20.3,22.5,32.2,22.1,26.2,18.6,38.0,26.6,37.6,32.3,45.1,35.2,27.9,25.0,25.3,28.4,21.9,28.8,38.3,40.3,24.7,30.8,35.2,23.0,47.0,23.9,22.6,27.3,17.3,28.3,47.5,21.8,38.4,23.9,19.9,25.5,44.8,,17.3,20.9,24.7,37.0,45.8,49.6,27.6,28.4
04-27,33.8,40.9,18.6,46.2,37.4,46.5,32.6,49.7,20.3,22.6,32.6,22.4,26.5,18.6,38.1,27.2,37.6,32.3,45.1,35.2,28.2,25.0,25.3,28.7,22.0,28.8,38.4,40.4,24.7,30.8,35.2,23.0,47.4,24.1,22.6,27.8,17.5,28.4,47.8,21.8,38.4,23.9,20.3,25.5,44.8,,17.5,20.9,24.7,37.0,45.8,49.7,27.8,28.7
04-28,33.9,40.9,18.7,46.2,37.5,46.6,32.6,49.7,20.3,22.6,32.8,22.8,26.8,18.6,38.1,27.2,37.7,32.3,45.3,35.2,29.2,25.0,25.3,29.7,22.0,28.9,39.3,40.4,24.7,30.8,35.3,23.1,47.5,24.1,22.6,28.0,17.6,28.7,48.1,21.8,38.5,23.9,20.3,25.5,44.8,,17.6,20.9,24.7,37.1,45.9,49.7,28.1,29.2
04-29,33.9,41.1,18.9,46.3,37.8,46.6,32.6,49.7,20.3,22.6,32.8,23.7,26.8,18.6,38.2,27.4,37.7,32.3,45.7,35.2,30.0,25.0,25.3,30.0,22.0,29.2,40.3,40.4,24.7,30.9,35.4,23.3,47.6,24.1,22.6,28.1,17.6,28.8,48.4,21.8,38.5,23.9,20.3,25.5,44.8,,17.6,20.9,24.8,37.3,46.1,49.7,28.2,30.0
04-30,33.9,41.1,18.9,46.4,38.2,46.9,32.6,49.7,20.4,22.7,32.8,23.8,27.2,18.6,38.3,27.5,38.4,32.3,46.2,35.2,30.3,25.0,25.3,30.2,22.0,29.3,40.4,40.4,24.7,30.9,35.4,23.5,47.8,24.1,22.6,28.2,17.6,28.8,48.4,21.8,38.5,23.9,20.3,25.5,44.8,,17.6,20.9,24.8,37.6,46.3,49.7,28.4,30.2
05-01,33.9,41.2,18.9,46.4,38.9,47.8,32.6,50.0,20.6,22.9,32.8,23.8,27.3,18.6,38.3,27.5,38.6,32.3,46.7,35.2,30.9,25.0,25.3,30.2,22.0,29.3,40.6,40.4,24.7,31.0,35.4,23.6,47.9,24.5,22.6,28.2,17.6,28.9,48.4,22.4,38.6,23.9,20.3,25.7,44.8,,17.6,21.1,24.8,37.8,46.6,50.0,28.5,30.2
05-02,34.0,41.2,19.0,46.4,39.2,48.3,32.6,50.2,20.9,23.3,32.9,23.8,27.4,18.6,38.4,27.9,38.7,32.3,47.1,35.2,30.9,25.0,25.3,30.3,22.0,29.4,40.6,40.5,24.7,31.0,35.6,23.9,47.9,24.6,22.6,28.2,17.6,28.9,48.5,22.4,38.8,23.9,20.3,25.7,44.8,,17.6,21.3,24.8,37.8,46.8,50.2,28.5,30.3
05-03,34.0,41.2,19.0,46.6,39.4,48.5,32.6,50.4,21.1,23.3,32.9,23.8,28.1,18.6,38.4,27.9,39.3,32.3,47.1,35.2,32.0,25.0,25.4,30.4,22.2,29.4,40.6,40.5,24.7,31.0,36.5,24.1,47.9,24.6,22.6,28.2,17.6,28.9,48.6,22.4,38.8,24.0,20.4,25.8,44.8,,17.6,21.5,24.8,38.0,46.9,50.4,28.7,30.4
05-04,34.1,41.2,19.0,46.8,39.7,48.9,32.6,50.5,21.1,23.3,33.1,23.8,28.7,18.6,39.2,28.1,39.3,32.3,47.1,35.2,33.1,25.0,25.4,30.4,22.4,29.4,40.6,40.5,25.1,31.0,36.7,24.1,48.0,24.6,22.6,28.2,17.6,28.9,48.6,22.4,38.8,24.0,20.4,26.1,44.8,,17.6,21.6,25.0,38.4,47.0,50.5,28.8,30.4
05-05,34.1,41.2,19.4,46.9,39.8,48.9,32.6,51.1,21.1,23.3,33.1,23.8,28.9,18.6,39.6,28.1,39.3,32.3,47.1,35.4,33.4,25.0,25.4,30.4,23.1,29.4,40.6,40.8,25.4,31.0,36.8,24.1,48.0,24.6,22.6,28.2,17.8,29.0,48.6,22.4,38.9,24.0,20.4,26.2,45.0,,17.8,21.6,25.1,38.5,47.0,51.1,28.8,30.4
05-06,34.4,41.3,19.4,46.9,40.0,49.2,32.6,51.3,21.1,23.4,33.1,23.8,28.9,18.6,40.2,28.1,39.7,32.3,47.1,35.4,33.4,25.0,25.4,30.5,23.2,29.4,40.7,40.9,25.7,31.1,36.8,24.2,48.1,24.6,22.6,28.2,17.9,29.0,48.6,22.4,38.9,24.0,20.4,26.2,45.1,,17.9,21.6,25.1,38.5,47.0,51.3,28.8,30.5
05-07,34.7,41.3,19.7,46.9,40.2,49.2,32.6,51.4,21.2,24.5,33.1,23.8,29.0,18.6,42.2,28.2,40.0,32.3,47.1,35.6,33.4,25.2,25.4,30.5,23.4,29.4,41.0,40.9,25.7,31.1,36.8,24.2,48.1,24.6,22.6,28.4,18.4,29.3,48.7,22.4,38.9,24.0,20.4,26.2,45.7,,18.4,21.7,25.2,38.5,47.0,51.4,28.9,30.5
05-08,35.5,41.3,19.8,46.9,40.2,49.2,32.6,51.6,21.2,24.8,33.1,24.0,29.0,18.6,42.6,28.2,40.0,32.3,47.1,35.6,33.4,25.5,25.4,30.5,23.6,29.4,41.3,41.0,25.7,31.6,36.8,24.3,48.1,24.6,22.8,28.6,18.6,29.5,48.7,22.4,39.2,24.0,20.4,26.2,45.7,,18.6,21.7,25.4,38.7,47.0,51.6,29.1,30.5
05-09,35.5,42.2,20.0,47.2,40.2,49.2,32.6,51.9,21.2,24.9,33.1,24.0,29.0,18.6,42.6,28.2,40.0,32.3,47.1,35.8,33.4,25.6,25.4,30.5,24.0,29.4,41.4,41.0,25.7,31.7,36.8,24.3,48.4,24.6,22.8,28.9,18.8,29.9,48.7,22.4,39.4,24.0,20.4,26.2,45.7,,18.6,21.7,25.5,38.9,47.2,51.9,29.2,30.5
05-10,35.6,42.3,20.0,47.3,40.3,49.2,33.4,52.0,21.2,24.9,33.1,24.0,29.3,19.1,42.7,28.2,40.0,32.3,47.1,36.2,33.7,25.6,25.4,30.5,24.8,29.4,41.6,41.0,25.7,31.8,36.8,24.3,48.7,24.6,22.8,30.0,19.1,29.9,48.7,22.4,39.4,24.0,20.4,26.5,45.7,,19.1,21.7,25.5,38.9,47.2,52.0,29.7,30.5
05-11,35.6,42.7,20.2,47.4,40.7,49.2,34.4,52.2,21.2,24.9,33.2,24.0,29.8,19.1,42.8,28.2,40.1,32.3,47.1,36.5,33.7,26.2,25.4,30.8,25.0,29.4,42.4,41.0,25.7,31.9,36.8,24.8,48.7,24.6,22.8,30.1,19.1,30.0,48.7,22.4,39.4,24.0,20.7,26.6,45.7,,19.1,21.7,25.5,38.9,47.3,52.2,29.8,30.8
05-12,35.6,42.8,20.3,47.4,41.5,49.2,34.7,52.3,21.3,24.9,33.5,24.2,29.9,19.1,42.8,28.2,41.1,32.3,47.1,37.4,33.7,26.5,25.4,30.9,25.0,29.9,43.5,41.0,25.7,31.9,36.8,25.5,48.7,24.6,22.8,30.3,19.2,30.0,48.7,22.9,39.5,24.0,20.7,26.6,45.7,,19.1,21.9,25.6,39.1,47.3,52.3,29.9,30.9
05-13,35.6,42.9,20.4,47.4,41.8,49.2,34.8,52.5,21.3,24.9,33.8,24.5,30.0,19.1,42.8,28.2,41.7,32.3,47.1,37.4,34.4,26.6,25.4,30.9,25.0,30.1,43.7,41.0,25.7,32.1,36.8,25.8,48.7,24.6,22.8,30.3,19.2,30.0,48.7,23.2,39.5,24.0,20.7,26.8,45.7,,19.1,21.9,25.7,39.1,47.3,52.5,30.0,30.9
05-14,35.6,43.0,20.5,47.4,41.9,49.2,34.9,52.5,21.3,25.0,33.8,24.9,30.1,19.1,42.8,28.3,41.7,32.3,47.1,38.2,34.8,26.6,25.4,31.0,25.0,30.2,43.7,41.0,25.7,32.2,36.8,25.8,48.7,24.6,22.8,30.3,19.2,30.1,48.7,23.3,39.5,24.1,20.7,26.9,45.8,,19.1,21.9,25.7,39.3,47.3,52.5,30.0,31.0
05-15,35.6,43.0,20.5,47.4,41.9,49.2,35.2,52.8,21.4,25.0,33.9,25.0,30.3,19.1,42.8,28.3,41.8,32.3,47.1,38.4,34.8,26.6,25.4,31.0,25.0,30.2,43.7,41.0,25.7,32.2,36.8,25.8,48.7,24.7,22.8,30.3,19.4,30.1,48.7,23.3,39.6,24.1,20.7,26.9,46.1,,19.1,22.0,25.8,39.3,47.3,52.8,30.0,31.0
05-16,35.6,43.1,21.4,47.4,42.3,49.2,35.3,52.8,21.5,25.0,33.9,25.2,30.4,19.2,42.8,28.3,41.8,32.3,47.1,38.7,35.3,26.6,25.6,31.0,25.0,30.3,43.8,41.0,25.7,32.2,36.8,25.8,48.7,24.7,22.8,30.3,19.7,30.2,48.7,23.4,39.6,24.1,20.7,26.9,46.1,,19.2,22.0,25.8,39.4,47.3,52.8,30.1,31.0
05-17,35.6,43.5,21.5,47.4,42.4,49.2,35.5,52.9,21.6,25.0,34.0,25.2,30.4,19.2,42.8,28.3,41.8,32.6,47.1,38.7,35.4,26.6,25.8,31.0,25.0,30.4,44.0,41.0,25.7,32.2,36.8,25.8,48.7,24.7,22.8,30.3,21.5,30.4,49.3,23.5,40.4,24.1,20.8,26.9,46.1,,19.2,22.1,25.8,40.0,47.3,52.9,30.2,31.0
05-18,35.6,43.7,21.6,47.6,42.5,49.2,35.5,52.9,22.2,25.6,34.0,25.2,30.5,19.2,42.8,28.4,41.8,32.6,47.2,38.8,35.4,26.6,25.8,31.1,25.0,30.4,44.7,41.0,25.7,32.2,36.8,25.8,49.0,24.7,23.2,30.3,21.6,30.4,49.8,23.5,41.1,24.1,20.8,26.9,46.1,,19.2,22.6,25.8,40.6,47.4,52.9,30.2,31.1
05-19,35.6,43.7,21.8,47.7,43.1,49.2,35.5,53.0,22.5,25.8,34.0,25.2,30.6,19.2,42.8,28.4,41.8,33.4,47.2,38.8,35.4,26.6,25.8,31.1,25.0,30.4,44.7,41.0,25.7,32.2,36.8,26.2,49.5,24.9,23.9,30.3,22.1,30.5,50.0,23.5,41.4,24.1,20.8,26.9,46.2,,19.2,22.9,25.9,40.6,47.4,53.0,30.3,31.1
05-20,35.6,43.7,22.2,47.8,43.3,49.2,35.5,53.0,22.9,25.8,34.0,25.2,30.6,19.3,42.8,28.5,41.8,33.5,47.2,38.8,35.4,26.6,25.8,31.1,25.0,30.4,44.7,41.0,25.7,32.2,36.8,26.2,50.3,24.9,24.0,30.3,22.6,31.4,50.0,23.5,41.6,24.1,20.8,26.9,46.2,,19.3,23.2,25.9,40.6,47.5,53.0,30.3,31.4
05-21,35.6,43.7,22.9,47.8,43.4,49.2,35.6,53.0,23.5,25.8,34.0,25.3,30.6,19.4,42.8,28.5,41.9,33.5,47.4,38.9,35.4,26.6,25.8,31.1,25.0,30.4,44.7,41.0,25.7,32.2,36.8,26.2,50.4,25.0,24.2,30.3,23.0,31.6,50.1,23.6,41.7,24.3,20.8,26.9,46.2,,19.4,23.5,25.9,40.6,47.6,53.0,30.3,31.6
05-22,35.6,43.7,24.2,47.8,43.4,49.2,35.7,53.2,23.9,25.8,34.0,25.3,30.6,19.5,43.0,28.5,41.9,33.5,47.4,40.2,35.4,26.6,25.8,32.4,25.0,30.4,44.7,41.0,26.3,32.8,36.8,26.7,50.4,25.0,24.2,30.3,23.1,32.5,50.2,23.6,42.0,24.4,21.1,26.9,46.2,,19.5,24.0,26.4,40.9,47.6,53.2,30.5,32.5
05-23,35.6,43.8,24.5,47.8,43.4,49.2,35.7,53.2,23.9,25.8,34.0,25.3,30.6,19.5,43.0,28.5,42.2,33.5,47.4,40.2,35.4,26.6,25.8,32.6,25.0,30.4,44.7,41.3,26.4,33.0,36.8,27.2,50.6,25.0,24.2,30.3,23.3,32.7,50.3,23.8,42.3,24.5,21.2,26.9,46.3,,19.5,24.0,26.5,41.1,47.7,53.2,30.5,32.7
05-24,35.6,43.9,24.9,47.8,43.4,49.2,35.7,53.2,24.0,25.8,34.0,25.3,30.7,19.6,43.0,28.5,42.5,33.5,47.6,40.3,35.4,26.6,25.8,32.6,25.0,30.4,44.7,41.4,26.4,33.2,36.9,27.6,51.3,25.0,24.2,30.4,23.5,32.7,50.3,23.8,42.8,24.7,22.2,26.9,46.5,,19.6,24.0,26.5,41.2,47.7,53.2,30.5,32.7
05-25,35.6,44.7,25.0,47.8,43.5,49.3,35.8,53.2,24.0,25.8,34.0,25.8,30.8,19.7,43.0,28.5,42.7,33.7,48.4,40.3,35.4,26.6,25.8,32.7,25.0,30.4,44.7,41.4,26.4,33.2,37.7,28.2,51.6,25.1,24.2,30.4,23.6,32.7,50.3,23.8,43.8,24.7,22.3,26.9,46.7,,19.7,24.0,26.5,41.2,48.1,53.2,30.7,32.7
05-26,35.8,45.0,25.3,47.8,43.5,49.3,35.8,53.2,24.3,25.8,34.0,26.0,31.0,19.7,43.0,28.5,43.0,33.8,48.8,40.3,35.4,27.0,25.8,32.8,25.0,30.4,44.7,41.4,26.4,33.3,37.8,28.2,51.6,25.2,24.2,30.4,23.8,32.7,50.4,23.8,43.9,24.9,22.3,26.9,46.7,,19.7,24.3,26.5,41.2,48.4,53.2,30.8,32.8
05-27,35.8,45.1,25.9,47.9,43.5,49.3,35.8,53.2,25.3,25.8,34.0,26.0,31.4,19.8,43.0,28.5,43.3,34.2,48.8,40.6,35.4,27.0,25.8,32.9,25.0,30.6,44.7,41.5,26.4,33.6,37.9,28.2,51.6,26.0,24.2,30.4,24.3,32.8,50.4,23.8,43.9,24.9,22.3,26.9,46.9,,19.8,24.6,26.5,41.3,48.5,53.2,31.0,32.9
05-28,35.8,45.1,26.1,48.1,43.5,49.3,35.8,53.3,25.6,25.8,34.0,26.0,31.4,19.8,43.0,28.7,43.5,34.6,48.8,40.6,35.4,27.0,25.8,32.9,25.0,30.9,44.8,41.8,26.4,33.7,37.9,28.2,51.6,27.3,24.2,30.4,24.5,32.8,50.4,23.9,44.1,24.9,22.3,26.9,46.9,,19.8,24.7,27.0,41.5,48.6,53.3,31.1,32.9
05-29,36.5,45.4,26.2,48.2,43.5,49.3,35.9,53.5,25.8,25.8,34.0,26.3,31.4,19.8,43.0,28.8,43.5,35.2,48.8,40.6,35.4,27.0,25.8,32.9,25.0,32.3,44.8,42.6,26.4,33.7,37.9,28.2,52.3,27.3,24.5,30.4,24.7,32.8,50.4,23.9,44.4,25.0,22.3,27.6,46.9,,19.8,24.8,27.1,42.2,48.6,53.5,31.2,32.9
05-30,36.6,45.5,26.2,48.2,43.5,49.3,36.1,54.7,25.8,26.2,34.0,26.4,31.4,19.9,43.0,28.8,43.5,35.7,49.0,40.6,35.5,27.0,25.8,32.9,25.0,32.4,44.8,42.7,26.4,33.7,37.9,28.2,53.0,27.3,24.5,30.4,24.7,33.0,50.4,23.9,44.5,25.0,22.3,28.7,46.9,,19.9,24.8,27.1,42.3,48.7,54.7,31.4,33.0
05-31,36.6,45.5,26.2,48.2,43.6,49.6,36.2,55.1,25.8,26.7,34.2,26.8,31.8,19.9,43.0,28.8,43.5,35.7,49.0,40.6,35.6,27.0,25.8,32.9,25.0,32.5,45.2,42.7,26.4,33.7,37.9,28.2,53.9,27.3,24.5,30.4,24.7,33.0,50.4,24.0,44.7,25.0,22.3,29.4,46.9,,19.9,24.9,27.1,42.3,48.7,55.1,31.5,33.0
06-01,36.6,45.8,26.2,48.2,44.0,50.5,36.3,55.1,25.8,27.0,34.2,27.2,32.2,19.9,43.0,29.3,43.5,35.8,49.0,40.6,35.6,27.0,25.8,32.9,25.0,32.6,45.4,42.7,26.4,33.7,37.9,28.2,53.9,27.3,24.5,30.4,24.7,33.0,50.4,24.0,44.8,25.0,22.3,29.4,46.9,,19.9,24.9,27.2,42.3,48.7,55.1,31.6,33.0
06-02,36.6,46.3,26.2,48.4,44.1,50.6,36.3,55.4,25.8,27.1,34.2,27.4,33.0,19.9,43.0,29.3,43.6,35.8,49.0,40.6,35.9,27.0,25.8,32.9,25.0,32.7,45.5,42.7,26.4,33.7,38.6,28.3,53.9,27.3,24.5,30.4,24.8,33.1,50.4,24.1,44.8,25.0,22.3,29.4,47.2,,19.9,24.9,27.3,42.3,48.8,55.4,31.9,33.1
06-03,36.6,47.2,26.6,48.4,44.3,50.6,36.3,55.6,25.8,27.1,34.2,27.4,33.9,19.9,43.9,29.3,44.0,35.8,49.0,40.6,37.0,27.0,25.8,32.9,25.0,32.7,45.6,42.7,26.4,33.7,38.9,28.3,53.9,27.3,24.5,30.4,24.8,33.1,50.4,24.1,44.8,25.0,22.3,29.4,47.2,,19.9,24.9,27.3,42.3,48.8,55.6,32.1,33.7
06-04,36.6,47.4,26.6,48.4,45.1,50.9,36.3,55.6,25.8,27.1,34.3,27.4,33.9,19.9,44.6,29.3,44.1,35.8,49.0,40.8,37.1,27.0,25.8,32.9,25.0,32.7,45.6,42.7,26.4,33.9,38.9,28.3,53.9,27.3,24.5,30.4,24.8,33.1,50.4,24.1,44.8,25.1,22.3,29.5,47.3,,19.9,24.9,27.3,42.3,48.8,55.6,32.1,33.9
06-05,36.6,47.4,26.6,48.4,45.1,51.9,36.4,55.7,25.8,27.1,34.4,27.4,34.0,19.9,44.8,29.3,44.1,35.8,49.0,41.5,37.7,27.0,26.0,32.9,25.0,32.7,45.6,42.7,26.4,34.2,38.9,28.5,53.9,27.3,24.5,30.4,24.8,33.1,50.4,24.1,44.9,25.1,22.3,29.5,47.4,,19.9,24.9,27.3,42.5,48.8,55.7,32.2,34.0
06-06,36.6,47.5,26.6,49.1,45.2,52.0,36.4,55.7,25.8,27.2,34.8,27.4,34.0,19.9,45.4,29.3,44.5,35.8,49.0,41.6,38.0,27.0,26.0,32.9,25.0,32.7,45.6,42.7,26.4,34.4,38.9,28.5,53.9,27.4,24.5,30.4,24.8,33.1,50.4,24.1,44.9,25.1,22.3,29.5,47.4,,19.9,24.9,27.4,42.5,49.1,55.7,32.2,34.0
06-07,36.6,47.5,26.6,49.1,45.2,53.3,36.4,55.7,25.8,27.2,34.8,27.4,34.1,19.9,46.1,29.3,44.6,35.8,49.0,41.7,39.0,27.0,26.0,32.9,25.0,32.7,45.8,42.7,27.3,34.5,39.1,28.5,53.9,27.4,24.5,30.4,25.0,33.1,50.4,24.1,45.1,25.6,22.3,29.5,47.5,,19.9,25.0,27.4,42.5,49.1,55.7,32.2,34.1
06-08,36.6,47.5,26.6,49.1,45.2,54.0,36.4,55.7,25.9,27.2,34.8,27.4,34.1,19.9,48.1,29.3,45.0,35.8,49.1,42.0,39.2,27.0,26.0,32.9,25.0,32.7,46.9,42.7,27.3,34.6,40.5,28.5,53.9,27.4,24.5,30.4,25.1,33.1,50.4,24.1,45.1,26.0,22.3,29.5,47.5,,19.9,25.1,27.4,42.6,49.1,55.7,32.3,34.1
06-09,36.6,47.5,26.6,49.1,45.3,54.4,36.4,55.9,25.9,27.2,34.9,27.4,34.1,19.9,48.1,29.3,45.4,35.8,49.5,42.3,39.2,27.0,26.0,32.9,25.0,32.7,47.0,43.2,27.3,34.6,40.8,28.5,54.2,27.4,24.5,30.4,25.1,33.1,50.4,24.1,45.2,26.2,22.3,29.5,47.7,,19.9,25.1,27.4,43.0,49.3,55.9,32.3,34.1
06-10,36.6,47.5,26.6,49.1,45.4,54.5,36.4,56.0,25.9,27.2,34.9,27.4,34.1,19.9,48.1,29.3,46.2,35.8,50.0,43.0,39.2,27.4,26.0,32.9,25.0,33.1,47.1,44.0,27.4,34.6,40.9,28.7,54.2,27.4,24.5,30.4,25.1,33.1,50.4,24.1,45.2,26.3,22.3,29.5,47.7,,19.9,25.1,27.4,43.8,49.6,56.0,32.4,34.1
06-11,36.6,47.5,26.6,49.1,45.8,54.6,36.4,56.2,25.9,27.2,35.0,27.8,34.1,19.9,48.3,29.3,46.3,35.8,50.7,43.2,39.2,27.4,26.0,32.9,25.0,34.2,47.1,44.1,27.4,34.6,41.7,29.1,54.2,27.4,24.5,30.4,25.1,33.2,50.4,24.1,45.2,26.3,22.3,29.5,47.7,,19.9,25.1,27.5,43.9,49.9,56.2,32.6,34.2
06-12,36.6,47.5,26.6,49.1,45.9,54.6,36.4,56.2,25.9,27.2,35.0,28.8,34.1,19.9,48.3,29.3,46.3,35.8,50.8,43.2,39.2,27.4,26.0,32.9,25.0,34.3,48.2,44.1,27.4,34.7,42.0,29.7,54.2,27.4,24.5,30.4,25.3,33.5,50.4,24.1,45.2,26.3,22.3,29.5,47.7,,19.9,25.1,27.7,43.9,49.9,56.2,32.7,34.3
06-13,36.6,47.5,26.8,49.1,46.4,54.6,36.4,56.5,25.9,27.2,35.0,28.9,34.1,20.0,48.3,29.3,46.3,35.8,51.2,43.3,39.2,27.5,27.1,32.9,25.0,34.3,48.3,44.1,27.4,34.7,42.1,29.8,54.2,27.4,24.5,30.4,25.3,33.5,50.9,24.1,45.3,26.3,22.3,29.5,48.0,,20.0,25.1,27.8,43.9,50.2,56.5,32.7,34.3
06-14,36.6,47.5,26.9,49.1,46.5,54.6,36.5,56.5,25.9,27.2,35.0,28.9,34.1,20.2,48.3,29.3,46.3,35.8,51.4,44.0,39.2,27.5,27.3,32.9,25.0,34.4,48.4,44.2,27.4,34.7,42.4,29.9,54.3,27.4,24.5,30.4,25.3,33.5,52.3,24.1,45.5,26.3,22.3,29.6,48.0,,20.2,25.1,27.8,44.2,50.5,56.5,32.7,34.4
06-15,36.6,47.5,27.0,49.1,46.8,54.6,36.6,56.5,25.9,27.2,35.0,28.9,34.1,20.5,48.3,29.3,46.3,35.8,51.6,44.1,39.2,27.5,27.4,32.9,25.0,34.4,48.4,44.3,27.4,34.7,42.7,29.9,54.3,27.4,24.5,30.4,25.3,33.5,52.3,24.1,45.5,26.3,22.3,29.7,48.1,,20.5,25.1,27.8,44.2,50.6,56.5,32.7,34.4
06-16,36.6,48.4,27.0,49.1,46.8,54.6,36.6,56.5,26.2,27.2,35.0,28.9,34.1,21.6,48.3,29.3,46.3,35.8,51.6,44.3,39.2,27.5,27.4,32.9,25.0,34.4,48.4,44.3,27.4,34.7,42.7,29.9,54.3,27.4,24.5,30.4,25.5,33.5,52.3,24.1,45.5,26.3,22.3,29.7,48.2,,21.6,25.2,27.8,44.3,50.6,56.5,32.7,34.4
06-17,36.6,48.4,27.0,49.1,46.8,54.6,36.6,56.5,26.2,27.2,35.1,29.1,34.1,21.7,48.3,29.3,46.3,35.8,51.6,44.7,39.2,27.5,27.4,32.9,25.0,34.4,48.4,44.3,27.4,34.7,42.8,30.3,54.3,27.4,24.5,30.7,25.5,33.5,52.3,24.1,45.5,26.8,22.3,29.7,48.2,,21.7,25.2,27.8,44.6,50.6,56.5,32.8,34.4
06-18,36.7,48.4,27.0,49.1,46.8,54.6,36.6,56.5,26.2,27.2,35.1,29.2,34.1,21.7,48.5,29.3,46.4,35.8,51.6,45.5,39.2,27.5,27.4,32.9,25.0,34.4,48.4,44.3,27.4,34.7,43.0,30.3,54.3,27.4,24.5,31.6,25.5,33.5,52.3,24.3,45.6,27.2,22.3,29.7,48.2,,21.7,25.2,27.8,45.3,50.6,56.5,33.1,34.4
06-19,37.0,48.4,27.1,49.1,46.8,54.6,36.6,56.6,26.2,27.2,35.1,29.2,34.1,21.7,48.5,29.3,46.4,35.8,51.6,45.5,39.2,27.5,27.4,32.9,25.0,34.6,48.4,44.3,27.4,34.7,43.3,30.3,54.3,27.4,24.5,31.7,25.5,33.5,52.3,24.3,45.6,27.4,22.3,29.7,48.3,,21.7,25.2,27.8,45.3,50.6,56.6,33.1,34.6
06-20,38.2,48.4,27.1,49.1,46.8,54.6,36.6,56.6,26.2,27.2,35.2,29.2,34.1,21.7,48.6,29.3,46.4,35.8,51.6,45.5,39.2,27.5,27.4,32.9,25.1,34.7,48.4,44.3,27.4,34.7,43.3,30.3,54.8,27.4,24.5,31.7,25.5,33.5,52.3,24.3,45.6,27.4,22.3,29.7,48.4,,21.7,25.2,27.8,45.3,50.6,56.6,33.1,34.7
06-21,38.2,48.4,27.1,49.1,46.8,54.7,36.6,56.6,26.2,27.2,35.3,29.2,34.2,21.7,48.6,29.3,46.4,35.8,51.6,45.5,39.2,27.5,27.4,32.9,25.2,34.8,48.4,44.3,27.4,34.7,43.8,30.3,54.8,27.4,24.5,31.7,25.5,33.5,52.3,24.3,45.7,27.5,22.3,30.1,48.4,,21.7,25.3,27.8,45.3,50.6,56.6,33.2,34.7
06-22,38.2,48.4,27.1,49.1,46.8,54.7,36.6,56.6,26.2,27.2,35.3,29.2,34.2,21.7,48.6,29.3,46.4,35.8,51.6,45.5,39.2,27.5,27.4,32.9,25.4,34.8,48.4,44.3,27.4,34.7,44.0,30.3,54.8,27.4,24.5,31.7,25.5,33.5,52.3,24.3,45.7,27.5,22.3,30.2,48.4,,21.7,25.4,27.8,45.3,50.6,56.6,33.2,34.7
06-23,38.2,48.4,27.1,49.1,46.8,54.7,36.6,56.6,26.2,27.2,35.3,29.2,34.2,21.7,48.7,29.3,46.4,35.8,51.6,45.5,39.2,27.5,27.4,32.9,25.5,34.8,48.4,44.3,27.4,34.7,44.0,30.3,54.8,27.4,24.5,31.7,25.5,33.5,52.4,24.3,45.7,27.5,22.3,30.2,48.4,,21.7,25.5,27.9,45.3,50.6,56.6,33.2,34.7
06-24,38.2,48.4,27.1,49.1,46.8,54.7,36.6,56.6,26.2,27.2,35.6,29.2,34.2,21.7,48.7,29.3,46.4,35.8,51.6,45.5,39.2,27.5,27.4,32.9,25.9,34.8,48.4,44.3,27.4,34.7,44.0,30.3,54.8,27.4,24.5,31.7,25.5,33.5,52.4,24.3,45.7,27.5,22.3,30.2,48.4,,21.7,25.6,27.9,45.3,50.6,56.6,33.2,34.7
06-25,38.2,48.4,27.1,49.1,46.8,54.7,36.9,56.6,26.2,27.5,35.6,29.2,34.2,21.7,48.7,29.3,46.4,35.8,51.6,45.5,39.2,27.5,27.4,32.9,26.2,34.8,48.4,44.3,27.4,34.7,44.0,30.3,54.8,27.4,24.6,31.7,25.5,33.5,52.4,24.3,45.7,27.5,22.4,30.3,48.4,,21.7,25.8,27.9,45.3,50.6,56.6,33.2,34.7
06-26,38.2,48.4,27.1,49.1,46.8,54.7,37.0,56.6,26.2,27.7,35.6,29.2,34.2,21.7,48.7,29.3,46.4,35.8,51.6,45.6,39.2,27.5,27.4,32.9,26.4,34.8,48.4,44.3,27.4,34.7,44.0,30.3,54.8,27.4,24.6,31.7,25.5,33.5,52.4,24.3,45.7,27.5,22.6,30.3,48.4,,21.7,25.8,28.0,45.3,50.6,56.6,33.2,34.7
06-27,38.2,48.4,27.1,49.1,46.8,54.7,37.0,56.6,26.2,27.7,35.6,29.2,34.2,21.8,48.7,29.3,46.4,35.8,51.6,45.6,39.2,27.5,27.4,32.9,26.4,34.8,48.4,44.3,27.4,34.7,44.1,30.3,54.8,27.4,24.6,32.0,25.5,33.5,52.4,24.3,45.7,27.5,22.6,30.3,48.4,,21.8,25.8,28.0,45.4,50.6,56.6,33.2,34.7
06-28,38.2,48.4,27.1,49.1,46.8,54.7,37.0,57.0,26.4,27.8,35.6,29.2,34.2,21.8,48.7,29.3,46.4,35.9,51.6,45.6,39.3,27.5,27.4,32.9,26.4,34.8,48.4,44.3,27.4,34.7,44.1,30.3,54.8,27.4,24.6,32.1,25.5,33.5,52.4,24.3,45.7,27.5,22.6,30.3,48.4,,21.8,25.8,28.1,45.4,50.6,57.0,33.2,34.7
06-29,38.2,48.5,27.1,49.1,46.8,54.7,37.0,57.6,26.4,27.8,35.6,29.2,34.2,21.8,48.7,29.3,46.8,35.9,51.6,45.6,39.3,27.5,27.4,32.9,26.4,34.8,48.6,44.3,27.4,34.7,44.1,30.3,54.8,27.4,24.6,32.1,25.5,33.5,52.4,24.3,45.7,27.7,22.6,30.3,48.4,,21.8,25.9,28.1,45.4,50.6,57.6,33.2,34.7
06-30,38.2,48.5,27.1,49.1,46.8,54.7,37.0,57.6,26.6,27.8,35.6,29.2,34.2,21.8,48.7,29.3,46.8,35.9,51.6,45.6,39.3,27.5,27.4,32.9,26.4,34.8,48.6,44.3,27.4,34.7,44.1,30.3,54.8,27.4,24.6,32.1,25.5,33.5,52.4,24.3,45.7,28.1,22.6,30.3,48.4,,21.8,25.9,28.3,45.4,50.6,57.6,33.2,34.7
07-01,38.2,48.6,27.1,49.2,46.8,54.8,37.0,57.6,26.6,27.9,35.6,29.2,34.2,22.2,48.7,29.3,46.8,35.9,51.6,45.6,39.3,27.5,27.4,32.9,26.4,34.8,48.6,44.5,27.4,34.7,44.1,30.3,54.8,27.4,24.6,32.1,25.5,33.5,52.4,24.3,45.7,28.6,22.6,30.3,48.4,,22.2,25.9,28.7,45.4,50.6,57.6,33.2,34.7
07-02,38.2,48.9,27.1,49.3,46.9,54.8,37.0,57.6,26.8,27.9,35.6,29.2,34.2,22.6,48.7,29.3,46.9,35.9,51.6,45.6,39.3,27.5,27.4,32.9,26.4,34.8,48.6,44.5,27.4,34.7,44.2,30.3,54.8,27.4,24.6,32.1,25.5,33.5,52.4,24.3,45.7,28.7,22.6,30.3,48.4,,22.6,25.9,28.8,45.4,50.7,57.6,33.2,34.7
07-03,38.2,48.9,27.2,49.3,47.1,54.8,37.0,57.6,26.8,27.9,35.6,29.2,34.2,22.6,48.8,29.4,47.0,35.9,51.6,45.6,39.3,27.5,27.4,32.9,26.4,34.8,48.6,44.5,27.4,34.7,44.6,30.3,54.8,27.4,24.6,32.1,25.5,33.5,52.4,24.3,45.7,28.7,22.6,30.3,48.4,,22.6,25.9,28.8,45.4,50.7,57.6,33.2,34.7
07-04,38.2,49.1,27.2,49.3,47.1,54.9,37.1,57.6,26.8,27.9,35.6,29.2,34.2,22.6,49.0,29.4,47.3,35.9,51.6,45.6,39.3,27.5,27.4,32.9,26.4,34.8,48.6,44.5,27.4,34.7,44.6,30.3,54.8,27.4,24.6,32.1,25.5,33.5,52.4,24.3,45.7,28.7,22.6,30.3,48.5,,22.6,25.9,28.8,45.4,50.7,57.6,33.2,34.7
07-05,38.2,49.1,27.2,49.7,47.1,54.9,37.1,57.7,26.9,27.9,35.6,29.2,34.2,22.6,49.2,29.4,47.3,35.9,51.6,45.6,39.3,27.5,27.4,32.9,26.4,34.8,48.6,44.7,27.4,34.7,44.6,30.3,54.8,27.4,24.7,32.1,25.5,33.5,52.4,24.3,45.8,28.7,22.6,30.3,48.5,,22.6,25.9,28.8,45.4,50.8,57.7,33.2,34.7
07-06,38.2,49.1,27.2,49.9,47.3,54.9,37.1,57.7,26.9,27.9,35.6,29.2,34.2,22.6,49.2,29.5,47.3,35.9,51.6,45.6,39.3,27.5,27.4,32.9,26.4,34.8,48.6,44.7,27.4,34.7,44.6,30.3,54.9,27.5,24.7,32.1,25.8,33.5,52.4,24.3,45.8,28.7,22.6,30.3,48.5,,22.6,26.0,28.8,45.4,50.9,57.7,33.2,34.7
07-07,38.2,49.1,27.2,49.9,47.3,54.9,37.1,57.7,26.9,27.9,35.6,29.2,34.2,22.6,49.2,29.5,47.3,35.9,51.6,45.7,39.3,27.5,27.6,32.9,26.4,34.8,48.6,44.8,27.4,34.7,44.6,30.3,55.0,27.5,24.8,32.1,25.8,33.5,52.4,24.3,45.8,28.7,22.6,30.3,48.5,,22.6,26.0,28.8,45.5,50.9,57.7,33.2,34.7
07-08,38.2,49.1,27.2,49.9,47.3,54.9,37.1,57.7,26.9,27.9,35.6,29.2,34.2,22.7,49.2,29.5,47.3,35.9,51.6,45.7,39.3,27.5,27.7,32.9,26.4,34.8,48.6,44.8,27.4,34.7,44.6,30.3,55.1,27.5,24.8,32.1,25.9,33.5,52.4,24.3,45.8,28.7,22.6,30.3,48.5,,22.6,26.1,28.8,45.5,50.9,57.7,33.2,34.7
07-09,38.2,49.1,27.2,50.0,47.4,54.9,37.1,57.7,26.9,27.9,35.6,29.2,34.2,22.7,49.2,29.5,47.3,35.9,51.6,45.7,39.3,27.5,27.7,32.9,26.4,34.8,48.6,44.8,27.4,34.7,44.6,30.3,55.1,27.5,24.8,32.1,27.3,33.5,52.4,24.3,45.8,28.7,22.6,30.3,48.5,,22.6,26.6,28.8,45.5,51.0,57.7,33.2,34.7
07-10,38.2,49.1,27.2,50.1,47.8,54.9,37.1,57.7,26.9,27.9,35.6,29.4,34.2,22.7,49.2,29.5,47.3,35.9,51.6,45.7,39.3,27.5,28.2,32.9,26.4,34.8,48.6,44.9,27.4,34.7,44.6,30.3,55.3,27.5,24.8,32.1,27.4,33.5,52.4,24.3,45.8,28.7,22.6,30.3,48.5,,22.6,26.6,28.8,45.5,51.0,57.7,33.2,34.7
07-11,38.2,49.2,27.2,50.1,47.8,54.9,37.1,57.7,27.1,27.9,35.6,29.5,34.2,22.7,49.2,29.5,47.3,35.9,51.6,45.7,39.3,27.7,28.3,32.9,26.4,34.8,48.6,44.9,27.4,34.7,44.6,30.3,55.3,27.5,24.8,32.7,27.5,33.5,52.4,24.3,45.8,28.7,22.6,30.3,48.5,,22.6,26.7,28.8,45.5,51.0,57.7,33.3,34.7
07-12,38.2,49.2,27.2,50.1,47.8,54.9,37.1,57.8,27.1,27.9,35.6,29.5,34.2,23.1,49.2,29.5,47.4,35.9,52.0,45.7,39.3,27.7,28.4,32.9,26.4,34.8,48.6,44.9,27.4,34.7,44.6,30.3,55.3,27.6,24.9,32.8,27.5,33.5,52.4,24.4,45.8,28.7,22.6,30.3,48.5,,22.6,26.7,28.8,45.5,51.3,57.8,33.3,34.7
07-13,38.2,49.2,27.2,50.2,47.8,54.9,37.2,57.8,27.1,27.9,35.8,29.5,34.2,24.4,49.2,29.5,47.5,35.9,52.7,45.7,39.3,27.7,28.4,32.9,26.4,34.8,48.6,44.9,27.4,34.7,44.6,30.3,55.3,27.6,24.9,32.8,27.5,33.5,52.4,24.4,45.8,28.7,22.6,30.3,48.5,,22.6,26.7,28.8,45.5,51.5,57.8,33.3,34.7
07-14,38.2,49.3,27.2,50.2,47.8,54.9,37.4,57.8,27.1,27.9,36.0,29.5,34.2,24.4,49.2,29.5,47.5,35.9,52.7,45.7,39.3,27.7,28.5,32.9,26.4,34.8,48.6,44.9,27.4,34.7,44.6,30.3,55.3,27.6,25.1,32.8,27.5,33.5,52.4,24.4,45.8,28.7,22.6,30.3,48.5,,22.6,26.7,28.8,45.5,51.5,57.8,33.3,34.7
07-15,38.2,49.3,27.2,50.2,47.8,54.9,37.4,57.8,27.2,27.9,36.0,29.6,34.2,24.4,49.2,29.5,47.5,35.9,52.8,45.7,39.5,27.7,28.6,32.9,26.4,34.8,48.6,44.9,27.4,34.7,44.6,30.3,55.3,27.8,25.1,32.8,27.5,33.5,52.4,24.4,45.8,28.7,22.6,30.3,48.5,,22.6,26.7,28.8,45.5,51.5,57.8,33.3,34.7
07-16,38.2,49.3,27.2,50.2,47.8,54.9,37.5,57.8,27.2,27.9,36.0,29.6,34.2,24.4,49.2,29.5,47.5,36.0,52.8,45.7,39.5,27.7,28.9,32.9,26.4,34.8,48.6,44.9,27.4,34.7,44.6,30.3,55.3,27.8,25.2,32.8,27.6,33.5,52.4,24.4,45.8,28.7,22.6,30.3,48.5,,22.6,26.7,29.0,45.5,51.5,57.8,33.3,34.7
07-17,38.2,49.3,27.2,50.2,47.8,54.9,37.5,57.8,27.2,27.9,36.0,29.6,34.2,24.4,49.2,29.5,47.5,37.2,52.8,45.7,39.6,27.7,28.9,33.0,26.4,34.9,48.6,44.9,27.4,34.7,44.6,30.3,55.3,28.1,25.3,32.8,27.6,33.5,52.4,24.4,45.8,28.7,22.6,30.3,48.5,,22.6,26.7,29.0,45.5,51.5,57.8,33.3,34.7
07-18,38.2,49.3,27.2,50.2,47.8,54.9,37.5,57.8,27.2,27.9,36.0,29.6,34.2,24.4,49.2,29.5,47.6,37.3,52.8,45.7,39.6,27.7,28.9,33.0,26.4,34.9,48.6,44.9,27.4,34.7,44.6,30.3,55.3,28.1,25.3,32.8,27.6,33.5,52.4,24.4,45.8,28.7,22.6,30.3,48.5,,22.6,26.8,29.0,45.5,51.6,57.8,33.3,34.7
07-19,38.2,49.3,27.2,50.2,47.8,54.9,37.5,57.8,27.4,27.9,36.0,29.7,34.2,24.4,49.2,29.5,47.6,37.3,52.8,45.7,39.6,27.7,28.9,33.1,26.4,35.0,48.6,44.9,27.4,34.7,44.6,30.3,55.3,28.1,25.3,32.8,27.6,33.5,52.4,24.4,45.8,28.7,22.6,30.3,48.5,,22.6,26.8,29.0,45.5,51.6,57.8,33.3,34.7
07-20,38.2,49.3,27.2,50.2,47.8,54.9,37.6,57.8,27.4,27.9,36.0,29.7,34.3,24.4,49.2,29.5,47.6,37.3,52.8,45.7,39.6,27.7,28.9,33.1,26.4,35.2,48.6,44.9,27.4,34.7,44.6,30.3,55.4,28.2,25.3,32.8,27.6,33.5,52.5,24.4,45.8,28.7,22.6,30.3,48.9,,22.6,26.8,29.0,45.5,51.6,57.8,33.4,34.7
07-21,38.2,49.3,27.2,50.2,47.8,55.0,38.0,57.8,27.9,27.9,36.0,29.7,34.4,24.4,49.2,29.5,47.6,37.3,52.8,45.7,39.6,27.7,28.9,33.1,26.5,35.2,48.6,44.9,27.4,34.7,44.7,30.3,55.4,28.2,25.3,32.9,27.8,33.5,52.5,24.4,45.8,28.7,22.7,30.3,48.9,,22.7,26.8,29.0,45.6,51.6,57.8,33.4,34.7
07-22,38.7,49.4,27.2,50.2,47.8,55.6,38.0,58.0,28.6,27.9,36.1,29.7,34.4,24.4,49.3,29.5,47.6,37.3,52.8,45.8,39.6,27.7,28.9,33.1,26.5,35.2,48.6,44.9,27.4,34.7,44.7,30.4,55.4,28.2,25.3,32.9,27.8,33.5,52.5,24.4,45.8,28.7,22.7,30.3,48.9,,22.7,26.8,29.0,45.6,51.6,58.0,33.4,34.7
07-23,39.5,49.4,27.2,50.3,47.8,55.8,38.2,58.0,28.6,27.9,36.1,29.7,34.4,24.4,49.4,29.5,47.6,37.3,52.8,45.8,39.6,27.7,28.9,33.1,26.5,35.2,48.6,44.9,27.4,34.7,44.7,30.4,55.4,28.2,25.3,32.9,27.9,33.5,52.5,24.4,45.8,28.8,22.7,30.3,48.9,,22.7,26.8,29.0,45.6,51.6,58.0,33.4,34.7
07-24,39.6,49.4,27.2,50.3,47.8,55.8,38.4,58.2,28.6,27.9,36.2,29.7,34.4,24.4,51.3,29.5,47.6,37.3,52.9,46.1,39.6,27.7,28.9,33.1,26.5,35.2,48.6,44.9,27.5,34.8,44.7,30.4,55.4,28.2,25.3,32.9,28.0,33.5,52.5,24.4,45.8,28.8,22.7,30.3,48.9,,22.7,26.8,29.0,45.6,52.0,58.2,33.4,34.8
07-25,39.6,49.4,27.2,50.3,47.9,55.8,38.6,58.3,28.6,27.9,36.2,29.9,34.4,24.4,51.3,29.5,47.6,37.3,52.9,46.2,39.6,27.7,28.9,33.2,26.5,35.2,48.6,44.9,27.5,34.8,44.7,30.4,55.4,28.2,25.3,32.9,28.0,33.5,52.5,24.4,45.8,28.8,22.7,30.3,49.0,,22.7,26.8,29.0,45.6,52.0,58.3,33.5,34.8
07-26,39.6,49.4,27.2,50.4,48.3,55.8,38.7,58.4,28.6,27.9,36.2,30.0,34.4,24.4,51.7,29.5,47.6,37.3,52.9,46.5,39.6,27.7,28.9,33.3,26.8,35.3,48.6,44.9,27.7,34.8,44.7,30.4,55.4,28.2,25.3,32.9,28.0,33.5,52.6,24.4,45.8,28.8,22.7,30.3,49.0,,22.7,27.0,29.0,45.6,52.3,58.4,33.5,34.8
07-27,39.6,49.5,27.2,50.5,48.3,55.9,38.7,58.5,28.6,27.9,36.2,30.0,34.4,24.4,51.9,29.5,47.6,37.3,52.9,46.8,39.6,27.7,28.9,33.3,26.8,35.3,48.6,44.9,27.8,34.8,44.7,30.4,55.4,28.2,25.3,32.9,28.0,33.5,52.8,24.4,46.0,28.8,22.7,30.3,49.0,,22.7,27.0,29.0,45.8,52.5,58.5,33.5,34.8
07-28,39.6,49.5,27.2,50.8,48.3,55.9,38.8,58.6,28.7,27.9,36.2,30.0,34.4,24.4,51.9,29.5,47.6,37.3,52.9,47.2,39.6,27.7,28.9,33.3,26.8,35.3,48.6,44.9,27.8,34.8,44.7,30.4,55.4,28.2,25.4,32.9,28.0,33.5,52.9,24.4,46.0,28.8,22.7,30.3,49.0,,22.7,27.0,29.0,45.8,52.5,58.6,33.5,34.8
07-29,39.6,49.5,27.2,50.9,48.3,56.6,38.9,58.6,28.7,28.0,36.2,30.0,34.4,24.4,51.9,29.5,47.6,37.3,52.9,47.2,39.6,27.7,28.9,33.3,26.8,35.3,48.6,44.9,27.8,34.8,44.7,30.5,55.4,28.2,25.4,33.2,28.0,33.5,52.9,24.4,46.0,28.8,22.8,30.3,49.0,,22.8,27.0,29.0,45.8,52.5,58.6,33.6,34.8
07-30,39.6,49.5,27.2,51.5,48.3,56.7,39.1,58.6,28.8,28.1,36.2,30.0,34.4,24.4,51.9,29.5,47.6,37.3,52.9,47.2,39.6,27.7,28.9,33.3,26.8,35.3,48.7,44.9,27.8,34.8,44.7,30.5,55.4,28.3,25.4,34.6,28.0,33.5,52.9,24.4,46.0,28.8,22.9,30.3,49.0,,22.9,27.0,29.0,45.8,52.5,58.6,34.0,34.8
07-31,39.6,49.6,27.2,51.6,48.3,56.7,39.2,58.6,28.8,28.1,36.2,30.0,34.4,24.4,51.9,29.5,47.6,37.3,52.9,47.2,39.8,27.7,28.9,33.3,26.8,35.3,48.7,45.0,27.8,34.8,44.7,30.5,55.5,28.3,25.4,34.7,28.0,33.5,52.9,24.4,46.0,28.8,23.0,30.4,49.0,,23.0,27.0,29.0,45.8,52.5,58.6,34.0,34.8
08-01,39.6,49.6,27.2,51.6,48.3,56.8,39.3,58.6,28.8,28.1,36.2,30.0,34.4,24.4,51.9,29.5,47.6,37.4,52.9,47.2,39.8,27.7,28.9,33.3,26.8,35.3,48.7,45.0,27.9,34.8,44.7,30.5,56.4,28.3,25.4,34.7,28.0,33.5,52.9,24.4,46.0,28.8,23.1,30.4,49.0,,23.1,27.0,29.0,45.8,52.5,58.6,34.0,34.8
08-02,39.6,49.6,27.2,51.6,48.3,56.8,39.4,58.6,28.8,28.1,36.2,30.0,34.4,24.4,51.9,29.6,47.6,37.4,52.9,47.3,39.8,27.7,28.9,33.3,26.8,35.3,48.7,46.0,28.2,34.8,44.7,30.5,57.3,28.3,25.5,34.7,28.0,33.5,52.9,24.4,46.1,28.8,24.3,31.1,49.1,,24.3,27.0,29.0,46.1,52.5,58.6,34.0,34.8
08-03,39.6,49.6,27.2,51.6,48.3,56.8,39.4,58.6,28.8,28.1,36.3,30.0,34.5,24.4,51.9,29.6,47.6,37.4,52.9,47.3,39.8,27.7,28.9,33.3,26.9,35.3,49.1,46.0,28.2,34.8,44.7,30.5,57.4,28.3,25.5,34.7,28.0,33.5,52.9,24.4,46.1,28.8,24.4,31.3,49.5,,24.4,27.1,29.0,46.1,52.5,58.6,34.0,34.8
08-04,39.6,49.6,27.2,51.7,48.3,56.9,39.6,58.6,28.8,28.2,36.3,30.0,34.5,24.4,51.9,29.6,47.6,37.4,52.9,47.3,39.8,27.7,29.0,33.3,27.2,35.4,49.2,46.2,28.3,34.8,44.7,30.5,57.5,28.3,25.5,34.9,28.7,33.5,52.9,24.4,46.1,28.8,24.4,31.3,50.5,,24.4,27.2,29.1,46.2,52.5,58.6,34.0,34.9
08-05,39.6,49.6,27.2,51.8,48.3,56.9,39.6,58.6,28.9,28.2,36.3,30.0,34.5,24.4,52.2,29.6,47.6,37.4,53.4,47.3,39.8,27.7,29.0,33.3,27.3,35.4,49.2,46.2,28.4,34.8,44.7,30.5,57.5,28.3,25.5,35.4,28.7,33.5,52.9,24.4,46.1,28.8,24.4,31.3,50.5,,24.4,27.3,29.1,46.2,52.6,58.6,34.1,35.4
08-06,39.6,49.6,27.2,51.8,48.3,56.9,39.6,58.6,28.9,28.2,36.3,30.0,34.5,24.4,52.2,29.6,47.6,37.4,53.8,47.3,39.8,27.7,29.0,33.3,27.3,35.4,49.2,46.4,28.5,34.8,44.7,30.5,57.5,28.3,25.5,35.5,28.7,33.6,52.9,24.4,46.1,28.8,24.4,31.3,50.5,,24.4,27.3,29.1,46.3,52.6,58.6,34.1,35.4
08-07,39.6,49.6,27.2,51.8,48.3,56.9,39.6,58.6,28.9,28.2,36.3,30.0,34.5,24.5,52.2,29.6,47.6,37.4,53.8,47.3,39.8,27.7,29.0,33.3,27.3,35.4,49.2,46.4,28.5,34.8,44.7,30.6,57.5,28.3,25.5,35.5,28.7,33.6,52.9,24.4,46.1,28.8,24.4,31.7,50.5,,24.4,27.3,29.1,46.4,52.6,58.6,34.1,35.4
08-08,39.6,49.6,27.2,51.8,48.3,56.9,39.7,58.6,28.9,28.4,36.3,30.0,34.5,24.5,52.2,29.6,47.6,37.4,53.8,47.3,39.8,27.7,29.0,33.3,27.3,35.5,49.2,46.5,28.5,34.9,44.8,30.6,57.5,28.3,25.5,35.7,29.1,34.2,53.0,24.4,46.2,28.8,24.4,31.7,50.5,,24.4,27.3,29.2,46.4,52.7,58.6,34.3,35.5
08-09,39.6,49.6,27.2,51.8,49.3,56.9,39.8,58.6,28.9,28.5,36.3,30.0,34.5,24.5,52.4,29.7,47.6,37.4,53.8,47.4,39.8,27.7,29.0,33.4,27.3,35.5,49.2,46.5,28.5,34.9,44.8,30.6,57.5,28.3,25.5,35.7,29.1,34.2,53.1,24.4,46.4,28.8,24.5,31.7,50.5,,24.4,27.3,29.2,46.4,52.8,58.6,34.4,35.5
08-10,39.6,49.6,27.2,51.8,49.3,56.9,39.8,58.6,28.9,28.5,36.3,30.0,34.5,24.5,52.8,29.7,47.6,37.4,53.9,47.6,39.8,27.7,29.0,33.4,27.3,35.5,49.2,46.5,28.5,34.9,44.8,30.6,57.5,28.3,25.5,35.7,29.1,34.2,53.2,24.4,46.4,28.8,24.5,31.7,50.5,,24.4,27.3,29.3,46.4,53.0,58.6,34.4,35.5
08-11,39.6,49.6,27.2,51.8,50.3,57.0,39.8,58.7,28.9,28.5,36.4,30.0,34.5,24.5,53.0,29.8,47.6,37.4,54.7,47.8,39.9,27.7,29.0,33.4,27.3,35.5,49.2,46.5,28.5,35.0,44.8,30.6,57.5,28.4,25.6,35.7,29.1,34.3,53.2,24.4,46.4,28.8,24.5,31.7,50.6,,24.4,27.3,29.3,46.4,53.1,58.7,34.4,35.5
08-12,39.6,49.6,27.2,51.8,50.3,57.0,39.9,58.7,28.9,28.5,36.5,30.0,34.5,24.5,53.2,29.8,47.6,37.4,54.9,47.8,40.3,27.7,29.0,33.4,27.3,35.5,49.3,46.5,28.5,35.0,44.8,30.6,57.5,28.4,25.6,35.7,29.3,34.4,53.2,24.4,46.4,28.8,24.5,31.7,50.6,,24.4,27.3,29.4,46.5,53.2,58.7,34.5,35.5
08-13,40.0,49.6,27.2,51.8,50.3,57.0,39.9,58.9,28.9,28.6,36.5,30.0,34.6,24.5,53.2,29.8,47.6,37.4,55.1,47.8,40.3,27.7,29.0,33.4,27.3,35.5,49.4,46.5,28.5,35.0,44.8,30.6,57.5,28.4,25.6,35.9,29.3,34.4,53.2,24.4,46.4,28.8,24.5,31.7,50.6,,24.4,27.3,29.4,46.5,53.2,58.9,34.5,35.5
08-14,40.2,49.6,27.2,51.8,50.3,57.0,40.0,58.9,28.9,28.6,36.5,30.0,34.6,24.5,53.2,29.8,47.6,37.4,55.2,47.8,40.3,27.7,29.0,33.4,27.3,35.5,49.4,46.5,28.5,35.0,44.8,30.6,57.6,28.5,25.6,36.0,29.3,34.4,53.2,24.4,46.4,28.8,24.5,31.9,50.6,,24.4,27.3,29.4,46.5,53.2,58.9,34.5,35.5
08-15,40.2,49.7,27.2,51.8,50.3,57.0,40.0,58.9,29.6,28.6,36.8,30.0,34.6,24.5,53.2,29.8,47.6,37.4,55.2,47.8,40.3,27.7,29.0,33.4,27.4,35.5,49.4,46.5,28.5,35.0,44.8,30.6,57.8,28.5,25.6,36.0,29.4,34.4,53.2,24.4,46.4,28.8,24.5,31.9,50.6,,24.4,27.3,29.7,46.5,53.2,58.9,34.5,35.5
08-16,40.2,49.7,27.2,51.8,51.4,57.0,40.0,58.9,29.9,28.6,36.8,30.0,34.6,24.5,53.2,29.8,47.6,37.4,55.2,47.8,40.3,27.7,29.0,33.4,27.5,35.5,49.4,46.5,28.5,35.0,45.1,30.6,57.9,28.5,25.6,36.1,29.4,34.4,53.3,24.4,46.4,28.8,24.5,31.9,50.6,,24.4,27.3,29.8,46.5,53.2,58.9,34.6,35.5
08-17,40.4,49.7,27.2,51.8,51.8,57.1,40.0,59.0,29.9,28.6,36.8,30.4,34.6,24.5,53.2,29.8,47.6,37.4,55.2,47.8,40.3,27.7,29.0,33.4,27.5,35.5,49.9,46.5,28.5,35.0,45.1,30.6,57.9,28.5,25.6,36.1,29.4,34.4,53.3,24.4,46.4,28.8,24.5,31.9,50.6,,24.4,27.4,29.8,46.5,53.2,59.0,34.6,35.5
08-18,40.7,49.7,27.2,51.8,52.0,57.2,40.0,59.0,29.9,28.6,37.0,30.6,34.6,24.5,53.2,29.8,47.6,37.4,55.5,47.8,40.3,27.9,29.0,33.4,27.5,35.8,49.9,46.5,28.8,35.0,45.1,30.6,57.9,28.5,25.6,36.1,29.5,34.4,53.3,24.4,46.4,28.8,24.5,31.9,50.7,,24.4,27.4,29.8,46.5,53.2,59.0,34.6,35.8
08-19,40.7,49.7,27.2,51.8,52.8,57.2,40.1,59.0,30.0,28.6,37.2,30.8,34.6,24.5,53.2,29.8,47.6,37.4,55.5,48.1,40.3,27.9,29.0,33.4,27.5,36.0,50.0,46.5,29.1,35.0,45.1,30.6,58.0,28.5,25.6,36.1,29.5,34.4,53.3,24.5,46.4,28.8,25.3,31.9,50.7,,24.5,27.4,29.8,46.5,53.2,59.0,34.6,36.0
08-20,40.9,49.8,27.2,51.8,53.1,57.6,40.1,59.0,30.0,28.6,37.2,30.8,34.6,24.5,53.2,29.8,47.6,37.4,55.5,48.1,40.3,27.9,29.0,33.4,27.5,36.1,50.0,46.5,29.2,35.0,45.1,30.8,58.0,28.5,25.6,36.2,29.5,34.4,53.3,24.5,46.4,28.8,26.1,32.3,50.9,,24.5,27.4,29.8,46.5,53.2,59.0,34.6,36.1
08-21,40.9,49.9,27.2,51.9,53.6,57.7,40.2,59.7,30.0,28.6,37.3,30.9,34.6,24.6,53.3,29.8,47.6,37.4,55.5,48.2,40.3,28.0,29.1,33.4,27.6,36.2,50.0,46.5,29.2,35.0,45.1,30.8,58.0,28.5,25.6,36.5,29.5,34.4,53.3,24.5,46.4,28.9,26.1,32.6,51.0,,24.5,27.4,29.8,46.5,53.5,59.7,34.6,36.2
08-22,40.9,49.9,27.2,51.9,53.9,57.7,40.2,59.8,30.2,28.6,37.3,31.0,34.6,24.6,53.4,29.8,48.0,37.4,55.6,48.2,40.3,28.0,29.2,33.4,27.8,36.2,50.0,46.5,29.2,35.0,45.1,30.8,58.0,28.5,25.6,36.6,29.5,34.4,53.3,24.5,46.4,28.9,26.7,32.6,51.1,,24.5,27.4,29.9,46.5,53.7,59.8,34.6,36.2
08-23,40.9,49.9,27.3,52.0,53.9,57.7,40.2,60.1,30.2,28.6,37.3,31.0,34.6,24.7,53.7,29.9,48.5,37.4,55.6,48.2,40.3,28.0,29.2,33.4,28.1,36.4,50.0,46.5,29.2,35.0,45.2,31.0,58.0,28.5,25.6,37.5,29.5,34.4,53.3,24.7,46.4,28.9,26.7,32.6,51.4,,24.7,27.6,30.0,46.5,53.8,60.1,34.7,36.4
08-24,40.9,49.9,27.3,52.0,53.9,57.8,40.2,60.1,30.4,28.6,37.4,31.0,34.6,24.8,53.7,29.9,48.6,37.4,55.6,48.3,40.3,28.0,29.2,33.4,28.1,36.5,50.0,46.5,29.2,35.0,45.5,31.0,58.0,28.5,25.7,37.6,29.5,34.4,53.5,24.7,46.4,28.9,26.7,32.6,51.5,,24.7,27.6,30.0,46.5,53.8,60.1,34.7,36.5
08-25,40.9,49.9,27.3,52.0,53.9,57.8,40.3,60.1,31.0,28.6,37.8,31.0,34.6,24.9,53.7,29.9,48.6,37.4,55.6,48.3,40.3,28.0,29.2,33.4,28.1,36.7,50.0,46.5,29.2,35.0,45.5,31.0,58.0,28.5,25.8,37.6,29.5,34.5,53.5,24.7,46.4,28.9,26.7,32.7,51.5,,24.7,27.6,30.1,46.5,53.8,60.1,34.8,36.7
08-26,40.9,49.9,27.3,52.0,53.9,57.9,40.3,60.2,31.0,28.6,37.8,31.0,34.6,24.9,53.7,30.0,48.6,37.4,55.6,48.4,40.3,28.0,29.2,33.4,28.1,36.7,50.0,46.6,29.2,35.0,45.5,31.0,58.0,28.5,25.9,37.7,29.5,34.5,53.5,24.7,46.4,28.9,26.7,32.7,51.5,,24.7,27.6,30.2,46.5,53.8,60.2,34.8,36.7
08-27,40.9,49.9,27.3,52.3,53.9,58.0,40.3,60.2,31.0,28.6,37.8,31.0,34.8,24.9,53.7,30.0,48.6,37.4,55.6,48.6,40.3,28.0,29.2,33.4,28.1,36.8,50.0,46.8,29.2,35.0,45.5,31.0,58.0,28.5,25.9,38.0,29.5,34.5,53.5,24.7,46.4,28.9,26.8,32.7,51.5,,24.7,27.6,30.2,46.7,53.8,60.2,34.8,36.8
08-28,40.9,49.9,27.3,52.3,53.9,58.0,40.3,60.2,31.0,28.6,37.8,31.0,35.2,24.9,53.7,30.0,48.6,37.4,55.6,48.6,40.3,28.0,29.2,33.4,28.2,37.0,50.0,46.9,29.2,35.0,45.5,31.4,58.0,28.5,26.0,38.1,29.5,34.5,53.5,24.7,46.4,28.9,26.8,32.7,51.7,,24.7,27.6,30.2,46.8,53.8,60.2,34.9,37.0
08-29,40.9,49.9,27.3,52.7,54.0,58.0,40.3,60.2,31.0,28.6,37.8,31.0,35.4,24.9,53.8,30.0,48.6,37.4,55.7,48.6,40.3,28.0,29.2,33.4,28.2,37.0,50.0,46.9,29.2,35.0,45.5,31.4,58.2,28.5,26.0,38.1,29.5,34.5,53.5,24.7,46.4,28.9,26.8,32.7,51.7,,24.7,27.6,30.2,46.8,53.9,60.2,34.9,37.0
08-30,40.9,49.9,27.3,52.8,54.1,58.0,40.4,60.2,31.0,28.6,37.8,31.0,35.4,24.9,53.8,30.1,48.6,37.4,55.7,48.6,40.3,28.0,29.2,33.4,28.2,37.0,50.0,46.9,29.2,35.0,45.5,31.4,58.3,28.5,26.0,38.1,29.5,34.5,53.5,24.7,46.5,28.9,26.8,32.7,51.7,,24.7,27.6,30.3,46.8,54.0,60.2,34.9,37.0
08-31,40.9,49.9,27.4,52.8,54.1,58.1,40.4,60.2,31.0,28.6,37.8,31.0,35.4,24.9,53.8,30.2,48.6,37.4,55.7,48.6,41.0,30.1,29.2,33.4,28.2,37.1,50.0,46.9,29.2,35.0,45.5,31.9,58.3,28.6,26.1,38.1,29.5,34.5,53.5,24.7,46.5,28.9,26.8,32.7,51.7,,24.7,27.7,30.3,46.8,54.0,60.2,34.9,37.1
09-01,40.9,49.9,27.4,52.8,54.2,58.2,40.4,60.2,31.0,28.6,37.8,31.0,35.4,24.9,53.8,30.2,48.6,37.4,55.7,48.6,41.1,31.6,29.2,33.4,28.2,37.2,50.0,46.9,29.2,36.0,45.5,31.9,58.3,28.7,26.1,38.2,29.5,34.5,53.5,24.7,46.5,28.9,26.8,32.7,51.7,,24.7,27.7,31.0,46.8,54.0,60.2,35.1,37.2
09-02,40.9,49.9,27.4,52.8,54.2,58.2,40.6,60.3,31.0,28.6,37.8,31.0,35.4,24.9,53.8,30.2,48.6,37.4,55.7,48.6,41.2,31.7,29.2,33.4,28.2,37.2,50.0,46.9,29.2,36.3,45.5,31.9,58.3,29.8,26.1,38.2,29.5,34.5,53.5,24.7,46.5,28.9,26.8,32.7,51.8,,24.7,27.7,31.0,46.8,54.0,60.3,35.3,37.2
09-03,40.9,49.9,27.4,52.9,55.3,58.2,40.7,60.3,31.0,28.6,37.8,31.0,35.4,25.0,53.8,30.2,48.6,37.4,55.8,48.6,41.3,31.8,29.2,33.4,28.2,37.2,50.0,46.9,29.2,36.3,45.5,31.9,58.4,29.8,26.2,38.2,29.7,34.6,53.5,24.7,46.5,28.9,26.8,32.7,51.8,,24.7,27.7,31.0,46.8,54.7,60.3,35.3,37.2
09-04,40.9,49.9,27.4,52.9,56.4,58.2,41.0,60.4,31.6,28.6,37.8,31.0,35.4,25.0,53.8,30.2,48.6,37.4,56.1,48.6,41.5,31.8,29.2,33.4,28.2,37.7,50.0,46.9,29.2,36.3,45.5,31.9,58.4,29.9,26.2,38.2,29.7,34.6,53.5,24.7,46.5,28.9,26.9,32.7,52.0,,24.7,27.7,31.2,46.8,55.2,60.4,35.4,37.4
09-05,40.9,50.0,27.4,52.9,56.4,58.2,41.0,60.5,31.6,28.6,37.8,31.0,35.4,25.6,53.8,30.2,48.8,37.4,56.2,48.6,41.5,31.8,29.2,33.4,28.2,37.7,50.0,46.9,29.9,36.3,45.5,31.9,58.4,30.0,26.2,38.2,29.7,34.7,53.5,24.7,46.5,28.9,26.9,32.7,53.4,,24.7,27.7,31.2,46.8,55.2,60.5,35.4,37.4
09-06,40.9,50.0,27.5,52.9,56.5,58.7,41.1,60.7,31.7,28.6,37.8,31.0,35.4,25.6,53.8,30.2,48.8,37.4,56.3,48.6,41.5,31.8,29.2,33.4,28.2,37.7,50.0,46.9,30.0,36.3,45.6,31.9,58.4,30.0,26.2,38.2,29.7,34.7,53.5,24.7,46.5,28.9,26.9,32.7,53.4,,24.7,27.8,31.2,46.8,55.3,60.7,35.4,37.4
09-07,40.9,50.1,27.5,52.9,56.5,59.0,41.1,60.7,31.7,28.6,37.8,31.1,35.7,25.7,53.8,30.2,48.8,37.4,56.4,48.6,41.5,31.8,29.4,34.2,28.4,37.7,50.1,46.9,30.0,36.3,45.6,31.9,58.4,30.0,26.3,38.2,29.7,34.7,53.5,24.7,46.6,28.9,26.9,32.7,53.4,,24.7,27.9,31.2,46.8,55.3,60.7,35.6,37.4
09-08,40.9,50.5,27.6,52.9,56.5,59.0,41.1,60.7,31.7,28.6,37.8,31.1,37.7,25.7,53.8,30.2,48.8,37.4,56.4,48.8,41.5,31.8,29.4,34.7,28.4,37.7,50.1,46.9,30.0,36.3,45.6,32.0,58.4,30.0,26.5,38.2,29.7,34.7,53.5,24.7,46.6,29.0,26.9,32.7,53.4,,24.7,27.9,31.2,46.8,55.4,60.7,36.0,37.7
09-09,40.9,50.5,27.7,53.0,56.5,59.0,41.1,60.8,31.7,28.6,37.8,31.1,38.5,25.7,53.8,30.2,48.9,37.4,56.4,48.8,41.5,31.8,29.4,35.2,28.6,37.7,50.1,47.0,30.0,36.4,45.6,32.1,58.4,30.0,26.8,38.3,29.7,34.7,53.6,24.7,47.1,29.1,26.9,32.8,53.4,,24.7,28.0,31.2,47.1,55.4,60.8,36.2,37.7
09-10,40.9,50.5,27.8,53.0,56.6,59.0,41.2,61.0,31.7,28.6,37.9,31.1,39.0,25.7,53.8,30.2,48.9,37.4,56.5,48.9,41.5,31.8,29.4,35.2,29.3,37.7,50.1,47.0,30.0,36.4,45.6,32.3,58.4,30.0,26.9,38.6,29.7,34.7,53.6,24.7,47.2,29.2,26.9,32.8,53.4,,24.7,28.2,31.2,47.2,55.4,61.0,36.2,37.7
09-11,40.9,50.9,28.1,54.2,56.6,59.2,42.2,61.0,31.7,28.8,38.0,31.1,39.5,25.7,53.8,30.3,48.9,37.4,56.6,49.4,41.5,31.8,29.4,35.3,29.4,37.7,50.2,47.0,30.0,36.6,45.6,32.3,58.5,30.0,26.9,38.6,29.7,34.7,53.6,24.7,47.4,29.2,27.0,32.8,53.4,,24.7,28.3,31.2,47.3,55.6,61.0,36.3,37.7
09-12,40.9,52.1,28.1,54.7,56.6,60.0,43.7,61.0,31.7,28.8,38.0,31.1,39.6,25.7,53.8,30.3,48.9,37.4,56.7,49.6,41.5,31.8,29.4,35.3,29.4,37.7,50.2,47.0,30.0,36.7,45.6,32.4,58.5,30.0,27.1,38.6,29.7,34.7,53.6,24.7,47.8,29.2,27.1,32.8,53.4,,24.7,28.4,31.2,47.6,55.8,61.0,36.4,37.7
09-13,40.9,52.3,28.1,55.0,56.6,60.2,43.9,61.3,31.7,28.8,38.0,31.1,39.6,25.7,53.9,30.4,48.9,37.7,56.8,49.7,41.5,31.8,29.4,35.3,29.4,37.9,50.5,47.0,30.0,36.7,45.6,32.4,58.5,30.1,27.3,38.6,29.7,34.7,53.6,24.7,47.8,29.2,27.1,32.8,53.4,,24.7,28.4,31.2,47.6,56.0,61.3,36.5,37.9
09-14,40.9,52.3,28.1,55.4,56.6,60.2,44.1,61.3,31.7,28.9,38.0,31.1,39.7,25.7,53.9,30.4,48.9,37.8,56.8,49.7,41.5,31.8,29.4,35.3,29.4,37.9,50.5,47.0,30.0,36.7,45.7,32.4,58.5,30.1,27.7,38.6,29.7,35.2,53.7,24.7,47.8,29.2,27.2,33.2,53.5,,24.7,28.4,31.2,47.7,56.1,61.3,36.6,37.9
09-15,41.0,52.9,28.1,55.4,56.6,60.2,44.1,61.4,31.7,29.0,38.0,31.1,39.7,25.7,53.9,30.6,48.9,37.8,56.8,49.7,41.5,31.8,29.4,35.3,29.4,37.9,50.5,47.6,30.1,36.7,45.9,32.4,58.6,30.1,27.9,38.6,29.9,35.5,53.9,24.7,47.8,29.2,27.2,33.8,53.5,,24.7,28.5,31.2,47.8,56.1,61.4,36.7,37.9
09-16,41.0,52.9,28.1,55.6,56.6,60.2,44.2,61.4,31.8,29.0,38.0,31.1,39.8,25.7,53.9,30.6,48.9,38.0,57.2,49.7,41.5,31.8,29.4,35.3,29.4,38.0,50.5,49.2,30.1,36.7,45.9,32.4,58.6,30.1,27.9,38.6,30.7,35.6,54.7,24.7,47.8,29.2,27.2,34.1,53.6,,24.7,28.5,31.3,48.7,56.2,61.4,36.9,38.0
09-17,41.0,52.9,28.1,55.6,56.6,60.2,44.2,61.4,31.8,29.0,38.0,31.1,39.8,25.7,53.9,30.6,48.9,38.6,57.2,49.7,41.5,31.8,29.4,35.4,29.4,38.0,50.5,49.7,30.1,36.7,46.0,32.4,58.8,30.1,27.9,38.6,31.7,35.7,54.8,24.7,47.8,29.2,27.2,34.4,53.6,,24.7,28.5,31.8,48.7,56.2,61.4,37.0,38.0
09-18,41.0,52.9,28.1,55.6,56.6,60.2,44.2,61.4,31.8,29.2,38.3,31.2,39.8,25.7,54.1,30.6,48.9,38.9,57.2,49.7,41.5,31.8,29.5,36.1,29.7,38.0,50.5,49.7,30.1,36.7,46.1,32.4,59.8,30.1,28.0,38.6,31.7,35.7,54.8,24.7,47.9,29.2,27.2,34.4,53.6,,24.7,28.5,31.8,48.7,56.2,61.4,37.2,38.3
09-19,41.0,53.0,28.1,55.6,56.6,60.2,44.8,61.6,31.8,29.2,38.3,31.6,39.8,25.7,54.2,30.6,48.9,39.0,57.6,49.8,41.5,31.8,29.5,36.2,29.7,38.0,50.5,49.7,30.1,36.7,46.1,32.4,59.9,30.1,28.1,38.6,31.8,35.8,55.0,24.7,47.9,29.2,27.3,34.4,53.6,,24.7,28.5,31.8,48.7,56.2,61.6,37.2,38.3
09-20,41.0,53.1,28.1,55.8,56.8,60.2,45.1,61.6,31.8,29.3,38.4,32.0,39.8,25.7,54.2,30.6,49.0,39.0,58.0,49.8,42.1,31.8,29.5,36.3,29.7,38.1,50.5,49.8,30.1,36.7,46.1,32.4,59.9,30.1,28.1,38.6,31.8,35.8,55.8,24.7,47.9,29.4,27.3,34.5,53.6,,24.7,28.6,31.8,48.7,56.4,61.6,37.2,38.4
09-21,41.0,53.1,28.1,55.8,56.8,60.4,45.2,61.6,31.8,29.4,38.8,32.0,39.8,25.7,54.2,30.6,49.1,39.1,58.6,50.0,42.1,31.8,29.5,36.3,29.7,38.6,50.5,50.0,30.1,36.9,46.2,32.4,60.0,30.1,28.1,38.6,31.8,35.8,55.9,24.7,48.6,29.4,27.3,34.5,53.6,,24.7,28.6,31.8,49.0,56.4,61.6,37.3,38.6
09-22,41.0,53.1,28.1,55.8,56.8,61.4,45.2,61.6,31.8,29.4,38.8,32.0,39.8,25.7,54.2,30.6,49.1,39.1,58.7,50.3,42.1,32.0,29.5,36.3,29.7,38.6,50.7,50.7,30.1,36.9,46.2,32.4,60.0,30.1,28.2,38.8,31.8,35.9,55.9,24.7,48.7,29.4,27.3,34.9,54.2,,24.7,28.7,31.9,49.0,56.5,61.6,37.3,38.8
09-23,41.0,53.1,28.1,55.8,56.8,61.4,45.3,61.6,31.8,29.4,38.8,32.0,39.8,25.7,54.2,30.6,49.1,39.1,58.8,50.3,42.1,32.9,29.5,36.3,29.7,38.6,50.7,51.0,30.4,37.3,46.2,32.6,60.0,30.1,28.2,38.8,31.9,36.9,56.0,24.7,48.9,29.4,27.3,35.0,54.8,,24.7,28.7,31.9,49.1,56.5,61.6,37.6,38.8
09-24,41.0,53.2,28.1,56.8,56.9,62.6,45.3,62.4,31.8,29.4,38.8,32.0,39.8,26.0,54.2,30.6,49.1,39.1,58.8,50.3,42.1,33.4,29.5,36.3,29.7,38.6,50.7,51.0,31.0,37.3,46.2,32.6,60.0,30.2,28.2,38.8,31.9,38.2,56.3,24.7,48.9,29.4,27.3,35.0,54.8,,24.7,28.7,31.9,49.1,56.9,62.6,37.8,38.8
09-25,41.0,53.2,28.1,57.4,57.0,63.2,45.3,64.0,31.8,29.4,38.8,32.0,39.8,26.0,54.3,30.6,49.1,39.1,58.8,50.3,42.1,33.4,29.5,36.3,29.7,38.6,50.7,51.0,31.2,37.3,46.2,32.6,60.0,30.2,28.3,38.8,31.9,38.8,56.5,24.8,48.9,29.4,27.3,35.0,54.8,,24.8,28.7,31.9,49.1,57.2,64.0,37.9,38.8
09-26,41.0,53.2,28.5,58.3,57.0,63.3,45.4,65.9,31.8,29.4,38.8,32.0,39.8,26.0,54.3,30.6,49.1,39.1,58.8,50.5,42.1,33.4,29.5,36.3,29.7,38.6,50.7,51.0,31.3,37.3,46.2,32.6,60.0,30.4,28.7,38.8,31.9,38.8,56.5,24.8,48.9,29.4,27.3,35.0,54.8,,24.8,28.9,31.9,49.1,57.7,65.9,37.9,38.8
09-27,41.0,53.2,28.5,60.8,57.1,63.4,45.4,66.6,31.8,29.4,38.8,32.0,39.8,26.0,54.3,30.6,49.1,39.1,59.0,50.7,42.1,33.4,29.5,36.3,29.7,38.6,50.7,51.0,31.3,37.3,46.2,32.6,60.0,30.4,28.8,38.9,31.9,38.9,56.6,24.8,48.9,29.4,27.3,35.0,54.8,,24.8,29.0,31.9,49.1,58.2,66.6,37.9,38.9
09-28,41.0,53.2,28.5,61.3,59.0,63.4,45.5,67.6,31.8,29.5,38.9,32.2,39.8,26.0,54.3,30.6,49.1,39.1,59.1,50.7,42.1,33.4,29.5,36.3,29.7,38.6,50.8,51.1,31.3,37.3,46.2,32.6,60.0,30.5,28.8,40.5,31.9,38.9,56.6,24.8,49.1,29.4,27.3,35.0,54.8,,24.8,29.0,32.0,49.1,59.1,67.6,37.9,38.9
09-29,41.0,53.2,28.5,62.8,59.1,63.4,45.5,67.9,31.8,29.5,38.9,32.4,39.8,26.0,54.3,30.6,49.1,39.1,59.1,50.8,42.1,33.4,29.6,36.3,29.7,38.6,50.8,51.1,31.4,37.3,46.2,32.6,60.0,30.5,28.8,40.8,31.9,38.9,56.6,24.8,49.6,29.4,27.3,35.0,54.8,,24.8,29.1,32.0,49.5,59.1,67.9,37.9,38.9
09-30,41.0,53.2,28.5,63.4,59.4,63.4,45.6,67.9,31.9,29.5,39.1,32.4,39.8,26.0,54.3,31.8,49.6,39.1,59.1,50.8,42.1,33.4,29.6,36.7,29.7,38.7,50.8,51.1,31.6,37.3,46.2,32.6,60.0,30.5,28.9,41.0,31.9,39.0,56.7,24.8,50.1,29.4,27.3,35.2,54.8,,24.8,29.1,32.0,50.0,59.3,67.9,37.6,39.1
