date,2011,2012,2013,2014,2015,2016,2017,2018,2019,2020,2021,2022,2023,2024,Min,10%,30%,70%,90%,Max,Median ('91-'20),Median (POR)
10-01,0.0,0.0,0.0,0.0,0.0,0.0,0.0,0.0,0.0,0.0,0.0,0.0,0.0,0.0,0.0,0.0,0.0,0.0,0.0,0.0,0.0,0.0
10-02,0.0,0.0,0.0,0.0,0.1,0.0,0.2,0.0,0.0,0.0,0.0,0.2,0.0,1.6,0.0,0.0,0.0,0.0,0.2,0.2,0.0,0.0
10-03,0.0,0.0,0.0,0.0,0.1,0.3,0.4,0.1,0.1,0.2,0.0,0.2,0.0,1.8,0.0,0.0,0.0,0.1,0.3,0.4,0.0,0.1
10-04,0.0,0.0,0.0,0.8,0.1,0.5,0.4,0.2,0.4,0.2,0.0,0.2,0.0,2.2,0.0,0.0,0.0,0.3,0.5,0.8,0.2,0.2
10-05,0.2,0.2,0.0,1.0,0.1,0.5,0.4,0.2,0.6,0.3,0.0,0.2,0.0,2.2,0.0,0.0,0.1,0.3,0.5,1.0,0.2,0.2
10-06,0.2,2.4,0.0,1.1,0.1,0.5,0.4,0.2,0.6,0.3,0.0,0.3,0.0,2.2,0.0,0.0,0.1,0.5,1.0,2.4,0.3,0.3
10-07,0.3,3.1,0.0,1.1,0.1,0.6,0.4,0.2,0.7,0.4,0.0,0.4,0.0,2.2,0.0,0.0,0.2,0.5,1.0,3.1,0.4,0.4
10-08,0.4,4.0,0.1,1.1,0.1,0.6,0.4,0.2,0.8,0.4,0.0,0.8,0.0,2.2,0.0,0.0,0.2,0.7,1.1,4.0,0.4,0.4
10-09,0.4,4.0,0.1,1.1,0.1,0.6,0.4,0.4,0.8,0.4,0.0,1.9,0.0,2.2,0.0,0.0,0.2,0.7,1.7,4.0,0.4,0.4
10-10,0.4,4.2,0.1,1.1,0.2,0.6,0.4,0.4,2.0,0.4,0.0,2.3,0.0,2.2,0.0,0.0,0.3,0.8,2.2,4.2,0.4,0.4
10-11,0.4,4.4,0.1,1.2,0.2,0.6,0.4,0.4,2.5,0.4,0.6,2.3,0.0,2.2,0.0,0.1,0.4,0.8,2.5,4.4,0.4,0.4
10-12,0.6,4.7,0.1,1.2,0.2,0.6,0.5,0.4,2.5,0.4,1.0,2.9,0.0,2.8,0.0,0.1,0.4,1.0,2.8,4.7,0.5,0.6
10-13,0.7,4.7,0.1,1.6,0.2,0.6,0.5,0.4,2.6,0.4,1.0,3.4,0.0,2.9,0.0,0.1,0.4,1.2,3.2,4.7,0.6,0.6
10-14,0.8,4.7,0.2,2.0,0.2,0.6,0.6,0.5,2.6,0.4,1.0,3.4,0.0,3.0,0.0,0.2,0.5,1.4,3.3,4.7,0.6,0.6
10-15,0.8,4.7,0.2,2.0,0.2,0.6,0.8,0.6,2.6,0.4,1.1,3.4,0.0,3.0,0.0,0.2,0.5,1.5,3.3,4.7,0.6,0.8
10-16,0.8,4.8,0.2,2.0,0.2,0.6,0.9,0.6,2.6,0.5,1.1,3.5,0.0,,0.0,0.2,0.6,1.5,3.3,4.8,0.7,0.8
10-17,0.8,5.3,0.8,2.0,0.2,0.6,2.2,0.6,2.6,0.5,1.2,3.5,0.0,,0.0,0.3,0.6,2.1,3.3,5.3,0.8,0.8
10-18,0.8,5.3,0.8,2.0,0.2,1.0,2.6,0.6,2.7,0.5,1.2,3.5,0.0,,0.0,0.3,0.7,2.3,3.3,5.3,1.0,1.0
10-19,0.8,5.3,0.8,2.0,0.2,1.3,2.8,0.6,2.7,0.5,1.2,3.6,0.0,,0.0,0.3,0.7,2.3,3.4,5.3,1.1,1.2
10-20,0.8,5.3,0.8,2.0,0.2,1.3,2.8,0.6,2.7,1.2,1.2,3.6,0.0,,0.0,0.3,0.8,2.3,3.4,5.3,1.2,1.2
10-21,0.8,5.3,0.8,2.0,0.2,1.4,2.8,0.9,2.7,1.2,1.2,3.6,0.0,,0.0,0.3,0.9,2.3,3.4,5.3,1.3,1.2
10-22,0.8,5.3,0.8,2.0,0.2,1.4,2.8,0.9,2.7,1.4,1.2,3.6,0.0,,0.0,0.4,0.9,2.3,3.4,5.3,1.3,1.4
10-23,0.8,5.3,1.4,2.0,0.2,1.4,2.8,0.9,3.0,1.4,1.2,3.6,1.0,,0.2,0.8,1.1,2.4,3.4,5.3,1.4,1.4
10-24,1.0,5.3,1.6,2.0,0.2,1.4,2.8,0.9,3.3,1.4,1.2,3.8,1.2,,0.2,0.9,1.2,2.4,3.7,5.3,1.6,1.4
10-25,4.0,5.3,1.8,2.0,0.2,1.4,3.1,0.9,3.4,1.4,1.3,4.2,1.4,,0.2,1.0,1.4,3.2,4.2,5.3,1.9,1.8
10-26,4.2,5.3,1.8,2.0,0.3,1.4,3.1,0.9,3.4,1.4,1.4,5.2,1.6,,0.3,1.0,1.4,3.2,5.0,5.3,1.9,1.8
10-27,4.6,5.3,1.8,2.0,0.4,1.4,3.1,0.9,3.4,1.4,1.4,5.4,2.0,,0.4,1.0,1.4,3.2,5.2,5.4,2.0,2.0
10-28,4.6,5.4,1.9,2.1,0.4,1.4,3.1,0.9,3.4,1.4,1.4,5.4,2.0,,0.4,1.0,1.4,3.2,5.2,5.4,2.0,2.0
10-29,4.6,5.4,2.0,2.1,0.5,1.4,3.7,0.9,3.4,1.6,1.4,5.4,2.0,,0.5,1.0,1.6,3.5,5.2,5.4,2.0,2.0
10-30,4.6,5.4,2.0,2.2,0.5,1.6,3.8,0.9,3.4,1.8,1.4,5.4,2.0,,0.5,1.0,1.7,3.5,5.2,5.4,2.2,2.0
10-31,4.8,5.4,2.0,2.2,0.5,1.7,4.4,0.9,3.4,1.8,1.4,5.4,2.0,,0.5,1.0,1.8,3.7,5.3,5.4,2.2,2.0
11-01,4.8,5.4,2.0,2.3,0.5,1.7,4.4,1.0,3.5,1.8,1.4,5.5,2.1,,0.5,1.0,1.8,3.9,5.3,5.5,2.4,2.1
11-02,4.9,5.4,2.0,2.3,0.8,2.0,4.5,1.0,3.5,1.8,1.4,5.8,2.1,,0.8,1.0,1.9,3.9,5.3,5.8,2.4,2.1
11-03,5.0,5.4,2.0,2.4,1.2,2.4,4.5,1.0,3.6,1.8,1.4,5.8,2.2,,1.0,1.3,1.9,4.0,5.4,5.8,2.6,2.4
11-04,5.0,5.4,2.0,2.5,1.2,2.6,4.5,1.4,3.6,1.8,1.4,5.8,2.2,,1.2,1.4,1.9,4.0,5.4,5.8,2.7,2.5
11-05,5.0,5.6,2.0,2.6,1.4,2.7,4.5,1.6,3.6,1.8,1.4,5.8,2.9,,1.4,1.4,1.9,4.0,5.5,5.8,2.8,2.7
11-06,5.0,5.8,2.0,2.7,1.4,2.7,4.5,1.8,3.6,1.8,1.4,5.8,4.0,,1.4,1.5,1.9,4.2,5.6,5.8,2.9,2.7
11-07,5.0,5.8,2.0,2.8,1.4,2.7,4.5,2.0,3.6,1.8,1.4,5.9,4.1,,1.4,1.5,2.0,4.3,5.6,5.9,2.9,2.8
11-08,5.1,5.8,2.0,2.9,1.4,2.7,4.5,2.0,3.6,1.8,1.5,6.0,5.0,,1.4,1.5,2.0,4.7,5.7,6.0,3.0,2.9
11-09,5.7,5.8,2.2,3.0,1.4,2.8,4.5,2.0,3.6,1.8,1.6,6.0,6.0,,1.4,1.6,2.1,5.0,6.0,6.0,3.2,3.0
11-10,5.8,5.9,2.6,3.0,1.4,3.0,4.5,2.1,3.7,1.8,1.6,6.8,6.6,,1.4,1.7,2.4,5.0,6.5,6.8,3.2,3.0
11-11,6.0,5.9,2.6,3.0,1.4,3.0,4.5,2.2,3.7,1.8,1.8,6.8,6.7,,1.4,1.8,2.5,5.1,6.6,6.8,3.3,3.0
11-12,6.0,6.0,2.6,3.0,1.4,3.0,4.5,2.2,3.7,1.8,2.2,7.0,6.7,,1.4,1.9,2.5,5.1,6.6,7.0,3.3,3.0
11-13,6.0,6.3,2.8,3.0,1.4,3.0,4.5,2.2,3.7,1.8,2.2,7.0,6.7,,1.4,1.9,2.6,5.1,6.6,7.0,3.3,3.0
11-14,6.0,6.5,2.8,3.0,2.1,3.0,4.5,2.2,3.8,1.8,3.4,7.0,6.7,,1.8,2.1,2.9,5.1,6.7,7.0,3.4,3.4
11-15,6.6,6.5,2.8,3.0,3.4,3.0,4.5,2.4,3.8,1.8,3.6,7.0,6.8,,1.8,2.5,3.0,5.3,6.7,7.0,3.4,3.6
11-16,6.8,6.5,2.8,3.0,3.4,3.0,4.5,2.5,3.8,1.8,4.5,7.0,6.8,,1.8,2.6,3.0,5.3,6.8,7.0,3.4,3.8
11-17,6.9,6.6,2.8,3.8,3.5,3.1,4.6,3.4,3.8,1.8,4.5,7.0,6.8,,1.8,2.9,3.5,5.4,6.9,7.0,3.8,3.8
11-18,7.0,6.8,2.8,3.8,3.5,3.2,4.6,3.6,3.8,1.8,4.6,7.0,6.8,,1.8,2.9,3.6,5.5,6.9,7.0,3.8,3.8
11-19,7.0,7.5,3.6,3.8,3.6,3.3,4.6,3.8,3.8,1.8,4.6,7.3,6.8,,1.8,3.4,3.7,5.5,7.2,7.5,3.8,3.8
11-20,7.0,7.5,3.6,4.0,3.6,4.0,4.6,3.8,3.8,1.8,4.6,7.7,6.8,,1.8,3.6,3.8,5.5,7.4,7.7,4.0,4.0
11-21,7.4,7.5,3.7,4.1,3.6,4.2,4.6,4.0,3.8,2.0,4.6,7.7,6.8,,2.0,3.7,3.9,5.5,7.5,7.7,4.2,4.2
11-22,7.8,7.5,3.8,4.2,3.6,4.2,5.0,4.1,3.8,2.1,4.6,7.7,6.8,,2.1,3.7,4.0,5.7,7.7,7.8,4.2,4.2
11-23,8.5,7.6,3.8,4.2,5.0,4.2,5.0,4.1,4.4,2.1,4.6,7.8,6.9,,2.1,3.9,4.2,5.7,7.7,8.5,4.3,4.6
11-24,9.2,7.6,3.8,4.2,5.0,4.2,5.4,4.2,5.3,2.1,4.6,7.8,6.9,,2.1,3.9,4.2,6.0,7.8,9.2,4.5,5.0
11-25,9.2,7.6,3.8,4.2,5.0,4.2,5.4,4.4,6.0,2.2,4.7,7.8,6.9,,2.2,3.9,4.3,6.3,7.8,9.2,4.6,5.0
11-26,9.3,7.9,3.9,4.2,5.4,4.8,5.4,4.4,6.0,2.7,5.0,7.8,7.0,,2.7,4.0,4.6,6.4,7.9,9.3,4.7,5.4
11-27,9.4,7.9,3.9,4.2,5.4,4.8,5.4,4.4,6.0,3.2,5.0,7.8,7.0,,3.2,4.0,4.6,6.4,7.9,9.4,4.7,5.4
11-28,9.7,8.0,4.0,4.2,5.4,4.8,5.5,4.6,6.4,4.4,5.0,7.8,7.2,,4.0,4.3,4.7,6.7,7.9,9.7,5.2,5.4
11-29,10.2,8.0,4.0,4.2,5.5,4.8,6.2,4.6,6.5,4.7,5.0,7.8,7.6,,4.0,4.3,4.8,6.9,8.0,10.2,5.4,5.5
11-30,10.2,8.0,4.0,4.2,6.0,4.8,6.2,4.6,7.1,4.9,5.0,7.8,7.6,,4.0,4.3,4.9,7.3,8.0,10.2,5.5,6.0
12-01,10.6,8.2,4.6,4.2,6.0,4.8,6.4,4.8,7.6,4.9,5.0,7.8,7.6,,4.2,4.6,4.9,7.6,8.1,10.6,5.5,6.0
12-02,10.9,8.2,4.6,4.4,6.2,4.8,6.4,4.8,7.7,5.1,5.0,7.8,8.1,,4.4,4.6,4.9,7.7,8.2,10.9,5.6,6.2
12-03,11.2,8.3,5.1,4.4,6.2,4.8,6.5,4.8,8.0,5.2,5.0,7.8,8.2,,4.4,4.8,5.0,7.9,8.3,11.2,5.6,6.2
12-04,11.4,8.3,5.1,4.4,6.4,4.8,6.6,5.4,8.0,5.2,5.0,7.8,8.4,,4.4,4.9,5.2,7.9,8.4,11.4,5.9,6.4
12-05,11.6,8.5,6.2,4.4,6.5,4.9,7.2,5.4,8.0,5.3,5.0,7.8,8.8,,4.4,4.9,5.4,7.9,8.8,11.6,6.1,6.5
12-06,11.6,8.6,7.2,4.6,6.6,4.9,7.2,5.4,8.2,5.4,5.0,7.8,8.8,,4.6,4.9,5.4,7.9,8.8,11.6,6.4,7.2
12-07,12.4,8.6,7.2,4.6,6.6,5.0,7.2,5.4,8.2,5.4,5.0,7.8,8.8,,4.6,5.0,5.4,7.9,8.8,12.4,6.4,7.2
12-08,12.4,8.6,7.2,5.1,6.6,5.6,7.2,5.4,8.2,5.4,5.0,7.8,8.8,,5.0,5.2,5.5,8.0,8.8,12.4,6.4,7.2
12-09,12.5,8.6,7.4,5.2,6.6,5.7,7.8,5.4,8.2,5.6,5.0,7.9,8.8,,5.0,5.2,5.7,8.0,8.8,12.5,6.8,7.4
12-10,12.6,8.6,7.6,5.2,6.6,5.9,8.4,5.4,8.2,5.6,5.0,8.1,9.1,,5.0,5.2,5.8,8.2,9.0,12.6,6.9,7.6
12-11,13.4,8.6,7.8,5.2,6.6,6.2,10.1,5.4,8.2,5.6,5.0,8.3,9.1,,5.0,5.3,6.0,8.4,9.9,13.4,7.0,7.8
12-12,13.6,8.6,7.9,5.2,6.6,6.4,10.2,5.4,8.4,6.0,5.0,8.4,9.6,,5.0,5.3,6.2,8.5,10.0,13.6,7.2,7.9
12-13,13.6,8.6,7.9,5.2,6.8,6.4,10.2,5.4,8.8,7.2,5.0,8.4,9.8,,5.0,5.3,6.7,8.7,10.1,13.6,7.4,7.9
12-14,13.6,8.6,8.0,5.3,7.3,6.7,10.2,5.6,8.8,7.8,5.5,8.4,9.9,,5.3,5.5,7.1,8.7,10.1,13.6,7.8,8.0
12-15,14.2,8.6,8.1,5.4,7.3,7.6,10.8,5.6,8.8,8.2,5.6,9.1,10.0,,5.4,5.6,7.5,8.9,10.7,14.2,8.3,8.2
12-16,14.2,8.6,8.1,5.4,7.4,7.8,11.6,5.6,8.8,8.2,5.6,9.2,10.0,,5.4,5.6,7.6,9.0,11.3,14.2,8.4,8.2
12-17,14.2,8.6,9.0,5.4,7.4,8.2,12.1,5.7,8.8,8.2,5.6,9.8,10.1,,5.4,5.7,7.9,9.3,11.7,14.2,8.6,8.6
12-18,14.4,8.6,10.2,5.4,7.4,8.4,12.1,5.8,8.8,8.2,6.4,9.9,10.1,,5.4,5.9,7.9,10.0,11.7,14.4,8.6,8.6
12-19,14.8,8.6,10.2,5.4,7.4,8.6,12.1,5.8,8.9,8.3,6.4,9.9,10.1,,5.4,5.9,8.0,10.0,11.7,14.8,8.7,8.6
12-20,15.7,8.6,10.2,5.4,7.9,8.6,12.2,5.8,9.1,8.3,6.4,10.0,10.2,,5.4,5.9,8.1,10.0,11.8,15.7,8.8,8.6
12-21,15.7,8.6,10.2,5.5,8.5,8.8,12.6,6.0,9.2,8.3,6.6,10.0,10.2,,5.5,6.2,8.4,10.0,12.1,15.7,8.9,8.8
12-22,15.7,9.0,10.3,5.8,10.6,10.1,12.6,6.0,9.2,8.3,6.7,10.0,10.4,,5.8,6.2,8.7,10.3,12.2,15.7,9.3,10.0
12-23,16.2,9.0,10.4,5.8,10.7,10.8,12.6,6.2,9.2,8.3,6.8,10.0,10.5,,5.8,6.4,8.7,10.6,12.2,16.2,9.4,10.0
12-24,16.2,9.0,10.6,6.0,10.8,11.2,12.6,7.1,9.4,8.8,6.8,10.2,10.8,,6.0,6.8,8.9,10.8,12.4,16.2,9.5,10.2
12-25,16.2,9.0,10.9,6.0,11.0,11.6,13.7,7.5,9.6,9.2,6.8,11.1,10.8,,6.0,6.9,9.1,11.0,13.3,16.2,9.9,10.8
12-26,16.2,9.0,11.0,6.0,12.0,11.6,14.0,7.8,9.9,9.2,6.8,11.3,11.0,,6.0,7.0,9.1,11.4,13.6,16.2,10.0,11.0
12-27,16.4,9.0,11.3,6.0,12.0,11.6,14.0,7.9,10.0,9.2,7.0,11.8,11.0,,6.0,7.2,9.1,11.7,13.6,16.4,10.0,11.0
12-28,16.5,9.0,11.4,6.0,12.1,11.6,14.2,7.9,10.5,9.2,7.0,12.2,11.6,,6.0,7.2,9.1,11.8,13.8,16.5,10.1,11.4
12-29,17.1,9.2,11.4,6.0,12.5,11.6,14.2,7.9,10.5,9.2,7.0,12.3,11.8,,6.0,7.2,9.2,12.0,13.9,17.1,10.2,11.4
12-30,18.4,9.6,11.4,6.0,12.5,11.6,14.2,7.9,10.6,9.4,7.1,12.8,11.8,,6.0,7.3,9.5,12.1,14.0,18.4,10.2,11.4
12-31,18.8,10.1,11.4,6.1,12.5,11.7,14.2,7.9,11.0,9.4,7.2,13.4,12.7,,6.1,7.3,9.8,12.6,14.1,18.8,10.4,11.4
01-01,18.9,10.2,11.4,6.1,12.6,11.7,14.2,7.9,11.5,9.5,7.4,13.8,13.1,,6.1,7.5,9.9,12.8,14.2,18.9,10.4,11.5
01-02,18.9,10.2,11.4,6.1,12.7,11.7,14.4,7.9,11.5,10.5,7.4,13.8,13.2,,6.1,7.5,10.4,12.9,14.2,18.9,10.4,11.5
01-03,18.9,10.2,11.4,6.2,12.8,11.8,14.4,7.9,11.5,10.6,7.4,13.9,13.2,,6.2,7.5,10.4,13.0,14.3,18.9,10.4,11.5
01-04,19.0,10.2,11.4,6.2,12.8,11.8,14.7,7.9,11.6,10.6,7.8,13.9,13.2,,6.2,7.9,10.4,13.0,14.5,19.0,10.5,11.6
01-05,19.0,10.2,11.4,6.2,12.8,12.0,15.4,7.9,11.6,10.6,8.1,14.9,13.2,,6.2,8.0,10.4,13.0,15.3,19.0,10.6,11.6
01-06,19.0,10.2,11.4,6.2,13.0,12.2,15.4,7.9,11.9,10.9,8.3,17.2,13.8,,6.2,8.0,10.6,13.3,16.8,19.0,10.7,11.9
01-07,19.0,10.3,11.4,6.2,13.0,12.4,15.6,8.2,11.9,11.0,8.4,17.8,14.6,,6.2,8.2,10.7,13.6,17.3,19.0,10.9,11.9
01-08,19.0,10.4,11.6,6.2,13.0,12.4,15.9,8.2,12.2,11.0,8.4,17.9,14.6,,6.2,8.3,10.7,13.6,17.5,19.0,11.0,12.2
01-09,19.0,10.4,11.6,6.6,13.0,12.4,16.4,8.3,12.4,11.2,8.4,17.9,14.6,,6.6,8.3,10.9,13.6,17.6,19.0,11.2,12.4
01-10,19.0,10.4,11.8,7.4,13.0,12.4,16.9,9.0,12.4,11.4,8.4,18.0,15.1,,7.4,8.6,11.0,13.8,17.8,19.0,11.3,12.4
01-11,19.0,10.4,12.2,7.6,13.0,12.4,18.0,9.4,12.4,11.5,8.4,18.0,16.0,,7.6,8.6,11.0,14.2,18.0,19.0,11.4,12.4
01-12,19.0,10.4,12.7,8.0,13.0,12.4,18.6,9.8,12.4,12.2,8.5,18.1,16.2,,8.0,8.8,11.4,14.3,18.5,19.0,11.5,12.4
01-13,19.1,10.4,12.8,8.3,13.4,12.6,19.0,9.8,12.4,12.4,8.6,18.1,16.2,,8.3,8.9,11.6,14.5,18.8,19.1,11.8,12.6
01-14,19.6,10.4,12.8,8.4,13.4,12.6,19.0,9.8,12.4,12.8,9.0,18.1,16.3,,8.4,9.1,11.6,14.6,18.8,19.6,12.1,12.8
01-15,19.7,10.4,12.8,8.4,13.4,13.1,19.0,9.8,12.4,13.2,9.0,18.1,16.6,,8.4,9.2,11.6,14.7,18.8,19.7,12.4,13.1
01-16,20.0,10.4,13.0,8.4,13.5,13.4,19.0,9.8,12.6,13.4,9.1,18.1,17.2,,8.4,9.2,11.7,15.0,18.8,20.0,12.7,13.4
01-17,20.9,10.4,13.0,8.4,14.0,13.8,19.0,9.8,12.8,13.4,9.1,18.1,17.2,,8.4,9.2,11.8,15.3,18.8,20.9,12.8,13.4
01-18,21.0,10.4,13.0,8.4,14.3,14.1,19.0,9.8,13.5,13.7,9.1,18.1,17.3,,8.4,9.2,12.0,15.5,18.8,21.0,13.0,13.7
01-19,21.3,11.6,13.0,8.4,14.5,14.7,19.6,9.8,13.6,13.7,9.1,18.1,17.3,,8.4,9.2,12.5,15.7,19.3,21.3,13.1,13.7
01-20,21.6,13.2,13.0,8.4,14.5,14.8,20.4,10.2,14.0,13.8,9.1,18.1,17.5,,8.4,9.3,13.1,15.9,19.9,21.6,13.4,14.0
01-21,21.6,14.4,13.0,8.4,14.5,15.2,20.8,10.2,14.4,14.0,9.2,18.4,17.5,,8.4,9.4,13.6,16.1,20.3,21.6,13.6,14.4
01-22,22.0,15.7,13.0,8.4,14.5,15.3,20.8,10.2,14.5,14.1,9.2,18.4,17.6,,8.4,9.4,13.7,16.4,20.4,22.0,14.1,14.5
01-23,22.0,15.8,13.1,8.4,14.5,15.3,21.6,10.5,14.5,14.2,9.3,18.4,17.6,,8.4,9.5,13.8,16.5,21.0,22.0,14.2,14.5
01-24,22.0,16.2,13.2,8.4,14.5,15.4,22.5,10.5,14.7,14.3,9.4,18.5,17.6,,8.4,9.6,13.8,16.8,21.3,22.5,14.4,14.7
01-25,22.1,16.3,13.4,8.4,14.6,15.6,22.7,10.5,14.7,14.6,9.4,18.6,17.6,,8.4,9.6,14.1,16.8,21.4,22.7,14.6,14.7
01-26,22.3,16.4,13.5,8.4,14.6,15.6,22.8,10.6,14.7,14.8,9.4,18.6,17.6,,8.4,9.6,14.1,16.8,21.6,22.8,14.6,14.8
01-27,22.3,17.3,13.6,8.4,14.6,15.6,22.9,10.6,14.7,15.2,9.7,18.6,17.7,,8.4,9.9,14.2,17.5,21.6,22.9,14.9,15.2
01-28,22.4,17.3,13.8,8.4,14.8,15.6,23.0,10.9,14.7,15.2,10.0,18.6,18.0,,8.4,10.1,14.4,17.6,21.6,23.0,14.9,15.2
01-29,22.4,17.3,14.3,8.4,14.8,15.9,23.0,10.9,14.7,15.6,10.2,18.6,18.2,,8.4,10.3,14.5,17.7,21.6,23.0,15.2,15.6
01-30,22.4,17.5,15.0,9.6,14.8,16.8,23.0,10.9,14.7,15.6,10.8,18.6,18.2,,9.6,10.8,14.8,17.8,21.6,23.0,15.3,15.6
01-31,22.4,17.5,15.4,9.6,14.8,17.0,23.0,10.9,14.7,15.8,10.8,18.6,18.2,,9.6,10.8,14.8,17.8,21.6,23.0,15.5,15.8
02-01,22.4,17.5,15.4,9.6,14.8,17.0,23.0,10.9,14.7,15.9,10.9,18.6,18.4,,9.6,10.9,14.8,17.8,21.6,23.0,15.6,15.9
02-02,22.4,17.6,15.4,9.6,14.9,17.0,23.0,10.9,14.7,15.9,11.0,18.6,18.4,,9.6,10.9,14.8,17.9,21.6,23.0,15.6,15.9
02-03,22.4,17.6,15.4,9.6,15.4,17.1,23.0,11.0,15.7,16.2,11.0,18.6,18.5,,9.6,11.0,15.4,17.9,21.6,23.0,15.8,16.2
02-04,22.4,17.6,15.4,10.0,16.4,17.1,23.0,11.0,16.4,16.6,11.2,18.7,18.5,,10.0,11.0,16.0,17.9,21.7,23.0,15.8,16.6
02-05,22.4,17.6,15.4,10.2,16.6,17.2,23.0,11.0,18.2,16.8,11.2,18.8,18.5,,10.2,11.0,16.1,18.4,21.7,23.0,15.9,17.2
02-06,22.4,17.6,15.4,10.4,16.6,17.6,23.1,11.0,18.6,17.2,11.5,18.8,18.6,,10.4,11.1,16.1,18.6,21.7,23.1,16.0,17.6
02-07,22.4,17.6,15.4,10.6,16.6,17.7,23.6,11.0,18.6,17.6,11.5,18.8,19.5,,10.6,11.1,16.1,18.7,21.8,23.6,16.0,17.6
02-08,22.5,17.6,15.4,11.6,16.6,17.7,24.4,11.0,18.8,17.7,11.5,18.8,19.6,,11.0,11.5,16.1,18.8,21.9,24.4,16.2,17.7
02-09,22.5,17.8,15.9,12.6,16.6,17.7,25.4,11.0,18.8,17.7,11.5,18.8,19.6,,11.0,11.7,16.3,18.8,21.9,25.4,16.4,17.7
02-10,22.5,18.0,16.6,12.8,16.8,17.7,26.2,11.0,19.0,17.8,11.5,18.8,19.6,,11.0,11.8,16.7,18.8,21.9,26.2,16.9,17.8
02-11,22.5,18.0,17.2,12.9,16.8,17.7,26.6,11.0,19.2,17.8,11.6,18.8,19.6,,11.0,11.9,17.0,19.0,22.0,26.6,17.2,17.8
02-12,22.5,18.0,17.2,13.0,16.8,17.7,26.6,11.0,19.3,17.8,11.8,18.8,19.6,,11.0,12.0,17.0,19.0,22.0,26.6,17.2,17.8
02-13,22.5,18.0,17.2,14.2,16.8,17.7,26.6,11.1,19.4,17.8,12.2,18.8,19.6,,11.1,12.6,17.1,19.0,22.0,26.6,17.2,17.8
02-14,22.5,18.0,17.3,14.4,16.8,17.7,26.6,11.1,21.1,17.8,12.9,18.8,19.8,,11.1,13.2,17.1,19.2,22.3,26.6,17.4,17.8
02-15,22.5,18.0,17.3,15.1,16.8,18.5,26.6,11.4,21.8,17.8,13.2,18.8,20.4,,11.4,13.5,17.1,19.5,22.4,26.6,17.6,18.0
02-16,22.8,18.0,17.3,15.2,16.8,18.7,26.6,11.6,22.0,18.0,14.4,18.8,20.5,,11.6,14.5,17.1,19.5,22.6,26.6,17.8,18.0
02-17,23.0,18.1,17.4,15.4,16.8,18.7,26.6,11.6,22.1,18.6,14.7,19.1,20.5,,11.6,14.8,17.2,19.7,22.8,26.6,18.1,18.6
02-18,23.0,18.1,17.4,15.5,16.8,18.7,27.2,11.6,22.2,18.7,15.0,19.2,20.5,,11.6,15.1,17.2,19.7,22.8,27.2,18.2,18.7
02-19,23.1,18.2,17.4,15.6,16.8,19.0,28.3,12.4,22.2,18.8,15.2,19.2,20.5,,12.4,15.3,17.2,19.7,22.9,28.3,18.4,18.8
02-20,23.6,18.2,17.4,15.8,16.9,19.0,29.0,12.4,22.5,18.8,15.8,19.2,20.6,,12.4,15.8,17.2,19.7,23.4,29.0,18.5,18.8
02-21,23.8,18.3,17.4,15.9,16.9,19.0,29.4,12.4,22.8,18.9,15.8,19.2,20.8,,12.4,15.8,17.2,19.9,23.6,29.4,18.6,18.9
02-22,23.8,19.2,17.6,15.9,16.9,19.0,29.8,12.4,22.8,19.0,15.9,19.2,21.4,,12.4,15.9,17.3,20.1,23.6,29.8,18.8,19.0
02-23,24.0,19.2,17.8,15.9,16.9,19.1,30.0,12.5,22.8,19.0,16.0,19.2,21.6,,12.5,15.9,17.4,20.2,23.7,30.0,18.8,19.1
02-24,24.2,19.2,18.3,15.9,17.0,19.2,30.6,12.5,22.8,19.0,16.0,19.3,21.6,,12.5,15.9,17.8,20.2,23.9,30.6,18.8,19.2
02-25,24.6,19.6,18.3,15.9,17.0,19.2,30.8,13.0,23.4,19.2,16.0,19.5,21.8,,13.0,15.9,17.8,20.4,24.4,30.8,19.0,19.2
02-26,25.1,19.6,18.4,16.0,17.0,19.2,30.8,13.2,24.0,19.2,16.0,19.5,21.9,,13.2,16.0,17.9,20.5,24.9,30.8,19.1,19.2
02-27,25.1,19.8,18.5,16.0,17.2,19.2,31.0,13.6,24.0,19.2,16.4,19.5,22.4,,13.6,16.1,18.0,20.8,24.9,31.0,19.4,19.2
02-28,25.1,19.8,18.5,16.5,17.4,19.2,31.1,13.6,24.1,19.2,16.8,19.5,22.9,,13.6,16.6,18.1,21.1,24.9,31.1,19.4,19.2
02-29,,20.0,,,,19.2,,,,19.2,,,,,13.6,16.6,18.1,21.1,24.9,31.1,19.5,19.2
03-01,25.1,20.2,18.6,16.8,17.4,19.4,31.2,13.6,24.3,19.2,16.9,19.6,23.2,,13.6,16.8,18.1,21.4,24.9,31.2,19.6,19.4
03-02,25.2,20.8,18.7,17.8,17.4,19.5,31.2,13.8,24.4,19.4,17.0,19.6,23.2,,13.8,17.0,18.4,21.8,25.1,31.2,19.9,19.5
03-03,25.4,21.1,18.7,18.2,17.4,19.5,31.2,14.2,24.4,19.4,17.0,19.6,23.4,,14.2,17.0,18.5,22.0,25.2,31.2,20.0,19.5
03-04,25.6,21.2,18.9,18.2,17.5,19.5,31.2,14.6,24.4,19.4,17.0,19.6,23.6,,14.6,17.1,18.6,22.2,25.4,31.2,20.0,19.5
03-05,25.6,21.2,19.0,18.4,17.6,19.5,31.4,14.8,24.4,19.4,17.0,19.6,24.0,,14.8,17.1,18.8,22.3,25.4,31.4,20.0,19.5
03-06,25.7,21.2,19.0,18.5,17.6,19.6,31.6,14.8,24.7,19.4,17.0,19.8,24.0,,14.8,17.1,18.8,22.4,25.5,31.6,20.0,19.6
03-07,26.2,21.2,19.2,18.8,17.6,20.7,31.8,14.8,25.0,19.4,17.0,19.8,24.0,,14.8,17.1,19.1,22.4,25.9,31.8,20.0,19.8
03-08,26.3,21.2,19.4,18.8,17.6,20.8,32.1,14.8,25.4,19.4,17.0,19.8,24.1,,14.8,17.1,19.2,22.4,26.1,32.1,20.1,19.8
03-09,26.6,21.2,19.4,18.8,17.6,20.9,32.4,14.8,25.6,19.5,17.2,20.4,24.3,,14.8,17.3,19.2,22.5,26.4,32.4,20.2,20.4
03-10,26.8,21.2,19.4,19.0,17.6,21.2,32.7,14.8,25.6,19.6,17.2,20.6,24.7,,14.8,17.3,19.2,22.6,26.6,32.7,20.4,20.6
03-11,27.2,21.2,19.4,19.3,17.6,21.2,32.7,14.8,25.6,19.6,17.2,20.6,25.2,,14.8,17.3,19.4,22.8,26.9,32.7,20.4,20.6
03-12,27.3,21.3,19.4,19.5,17.6,21.2,32.7,14.8,25.7,19.6,17.4,20.6,25.3,,14.8,17.4,19.5,22.9,27.0,32.7,20.6,20.6
03-13,27.4,21.3,19.4,19.5,17.6,21.2,32.7,14.8,25.8,19.6,17.4,20.7,25.5,,14.8,17.4,19.5,23.0,27.0,32.7,20.6,20.7
03-14,27.4,21.3,19.4,19.5,17.6,21.8,32.7,14.8,26.2,19.6,17.4,20.9,25.6,,14.8,17.4,19.5,23.3,27.2,32.7,20.7,20.9
03-15,27.8,21.5,19.4,19.6,17.6,22.8,32.7,15.6,26.2,20.5,17.4,20.9,26.2,,15.6,17.4,19.5,24.1,27.5,32.7,21.1,20.9
03-16,28.0,21.8,19.4,19.6,17.6,23.0,32.7,15.8,26.2,20.6,17.4,21.0,26.2,,15.8,17.4,19.5,24.2,27.7,32.7,21.1,21.0
03-17,28.4,22.1,19.4,19.8,17.6,23.2,32.7,16.0,26.2,20.6,17.4,21.0,26.2,,16.0,17.4,19.6,24.4,27.9,32.7,21.4,21.0
03-18,28.5,22.4,19.6,20.0,17.6,23.4,32.7,16.1,26.2,20.7,17.4,21.0,26.2,,16.1,17.4,19.8,24.5,28.0,32.7,21.6,21.0
03-19,28.5,23.0,19.7,20.0,17.6,23.4,32.8,16.4,26.2,21.0,17.4,21.0,26.2,,16.4,17.4,19.9,24.5,28.0,32.8,21.8,21.0
03-20,28.6,23.0,19.8,20.0,17.6,23.4,32.8,16.4,26.2,21.0,17.5,21.1,26.4,,16.4,17.5,19.9,24.5,28.2,32.8,21.9,21.1
03-21,29.4,23.0,20.5,20.0,17.6,23.4,32.8,16.4,26.2,21.5,18.2,21.6,26.8,,16.4,17.8,20.3,24.5,28.9,32.8,22.0,21.6
03-22,30.2,23.0,20.7,20.0,17.6,23.4,33.0,16.6,26.4,21.5,18.2,21.7,26.8,,16.6,17.8,20.4,24.5,29.5,33.0,22.0,21.7
03-23,30.2,23.0,20.9,20.0,17.6,23.4,33.5,17.6,26.6,21.5,18.4,21.7,27.0,,17.6,17.8,20.5,24.7,29.6,33.5,22.1,21.7
03-24,30.3,23.0,21.1,20.0,18.3,23.4,33.5,18.2,27.0,21.6,18.9,21.7,27.4,,18.2,18.4,20.7,24.8,29.7,33.5,22.2,21.7
03-25,30.4,23.0,21.1,20.0,18.8,23.5,33.7,18.4,27.6,21.7,19.0,21.7,27.7,,18.4,18.8,20.7,25.1,29.9,33.7,22.2,21.7
03-26,30.5,23.0,21.2,20.0,18.8,23.7,33.8,18.8,27.6,21.8,19.2,21.7,27.8,,18.8,18.9,20.7,25.2,30.0,33.8,22.4,21.8
03-27,31.0,23.4,21.2,20.1,18.8,23.8,34.0,18.8,27.6,21.8,19.2,21.7,28.5,,18.8,18.9,20.7,25.3,30.5,34.0,22.7,21.8
03-28,31.1,23.5,21.2,20.6,18.8,24.4,34.2,18.9,27.6,21.8,19.2,21.7,29.0,,18.8,19.0,21.0,25.6,30.7,34.2,22.8,21.8
03-29,31.3,23.6,21.3,20.7,18.8,25.0,34.2,18.9,27.9,21.8,19.2,21.8,29.0,,18.8,19.0,21.1,26.1,30.8,34.2,23.0,21.8
03-30,31.6,23.7,21.3,21.0,18.8,26.2,34.5,18.9,28.4,22.0,19.2,21.9,29.4,,18.8,19.0,21.2,27.0,31.1,34.5,23.1,22.0
03-31,31.7,23.9,21.3,21.6,18.8,26.4,34.9,18.9,28.4,22.2,19.2,21.9,30.2,,18.8,19.0,21.5,27.2,31.4,34.9,23.4,22.2
04-01,31.7,23.9,21.3,21.8,18.8,26.4,36.8,18.9,28.4,22.4,19.2,22.0,30.6,,18.8,19.0,21.6,27.2,31.5,36.8,23.5,22.4
04-02,31.8,24.0,21.8,22.2,18.8,26.4,36.8,18.9,28.4,22.4,19.2,22.0,30.8,,18.8,19.0,21.9,27.2,31.6,36.8,23.8,22.4
04-03,32.0,24.0,21.8,22.4,18.8,26.4,37.0,19.2,28.9,22.4,19.2,22.0,31.2,,18.8,19.2,21.9,27.4,31.9,37.0,23.8,22.4
04-04,32.1,24.0,21.8,22.7,18.8,26.4,37.0,19.2,29.0,22.6,19.2,22.0,31.7,,18.8,19.2,21.9,27.4,32.0,37.0,23.9,22.7
04-05,32.2,24.0,22.0,22.9,18.8,26.4,37.0,19.2,29.1,22.6,19.2,22.4,33.0,,18.8,19.2,22.2,27.5,32.8,37.0,23.9,22.9
04-06,32.4,24.0,22.3,23.0,18.9,26.4,37.0,19.6,29.2,22.7,19.3,22.4,33.2,,18.9,19.4,22.4,27.5,33.1,37.0,24.0,23.0
04-07,32.7,24.2,22.6,23.0,19.1,26.4,37.0,20.0,29.4,23.0,19.4,22.5,33.2,,19.1,19.5,22.6,27.6,33.1,37.0,24.3,23.0
04-08,32.8,24.2,23.2,23.2,19.2,26.4,37.4,20.4,29.4,23.4,19.4,22.5,33.2,,19.2,19.6,22.9,27.6,33.2,37.4,24.4,23.4
04-09,33.4,24.2,23.6,23.2,19.5,26.4,38.3,21.0,29.6,23.4,19.4,22.5,33.2,,19.4,19.8,22.9,27.7,33.3,38.3,24.5,23.6
04-10,33.4,24.2,23.8,23.2,19.6,26.4,38.4,21.0,30.0,23.4,19.4,22.5,33.2,,19.4,19.8,22.9,27.9,33.4,38.4,24.6,23.8
04-11,33.5,24.2,23.8,23.2,19.6,26.5,38.4,21.1,30.5,23.4,19.4,22.6,33.2,,19.4,19.9,22.9,28.1,33.4,38.4,24.6,23.8
04-12,33.6,24.4,23.8,23.2,19.8,26.6,38.4,21.2,30.7,23.4,19.4,23.0,33.2,,19.4,20.0,23.1,28.2,33.5,38.4,24.6,23.8
04-13,33.8,24.6,23.8,23.2,19.8,27.0,38.4,22.0,31.1,23.4,19.4,23.6,33.2,,19.4,20.2,23.3,28.7,33.6,38.4,24.8,23.8
04-14,34.4,24.6,24.2,23.4,19.8,27.2,38.6,22.1,31.2,23.5,19.4,23.8,33.4,,19.4,20.3,23.4,28.7,34.2,38.6,24.9,24.2
04-15,34.5,24.8,24.2,23.4,20.0,27.8,38.9,22.2,31.7,23.5,19.7,24.2,33.4,,19.7,20.5,23.4,29.4,34.3,38.9,24.9,24.2
04-16,34.6,24.8,24.4,23.4,20.4,28.1,38.9,22.2,32.0,23.9,19.9,24.3,33.4,,19.9,20.7,23.7,29.7,34.3,38.9,25.0,24.4
04-17,34.8,24.8,24.5,23.4,20.4,28.1,38.9,22.4,32.3,24.0,19.9,24.6,33.4,,19.9,20.8,23.7,29.8,34.5,38.9,25.1,24.6
04-18,35.4,24.9,24.6,23.4,20.4,28.1,39.0,22.5,32.3,24.0,19.9,24.6,33.4,,19.9,20.8,23.7,29.8,35.0,39.0,25.1,24.6
04-19,35.6,25.2,24.8,23.4,20.4,28.1,39.7,22.5,32.4,24.0,19.9,24.6,33.7,,19.9,20.8,23.8,29.8,35.3,39.7,25.4,24.8
04-20,35.9,25.3,25.2,23.4,20.4,28.2,39.7,22.5,32.4,24.0,19.9,24.7,33.8,,19.9,20.8,23.8,29.8,35.5,39.7,25.4,25.2
04-21,36.0,25.3,25.2,23.4,20.4,28.2,40.5,22.5,32.6,24.0,19.9,24.7,33.8,,19.9,20.8,23.8,29.9,35.6,40.5,25.4,25.2
04-22,36.2,25.3,25.2,23.5,20.4,28.2,40.5,22.5,32.9,24.0,19.9,24.8,34.2,,19.9,20.8,23.8,30.0,35.8,40.5,25.4,25.2
04-23,36.2,25.3,25.2,24.1,20.4,28.2,40.6,22.6,32.9,24.0,20.0,25.3,34.3,,20.0,20.8,24.1,30.0,35.9,40.6,25.6,25.3
04-24,36.2,25.3,25.3,24.2,20.4,29.6,40.6,22.6,32.9,24.2,20.0,25.3,34.5,,20.0,20.9,24.2,30.9,35.9,40.6,25.7,25.3
04-25,36.3,25.4,25.3,24.4,20.6,29.8,40.9,22.6,32.9,24.2,20.0,25.3,34.8,,20.0,21.0,24.3,31.0,36.0,40.9,25.8,25.3
04-26,36.9,25.4,25.3,25.4,20.8,31.1,41.4,22.6,32.9,24.2,20.4,25.3,34.8,,20.4,21.2,24.9,31.8,36.5,41.4,26.0,25.4
04-27,37.0,26.0,25.3,25.7,20.8,31.3,42.2,22.6,32.9,24.2,20.7,25.4,34.8,,20.7,21.2,24.9,31.9,36.6,42.2,26.2,25.7
04-28,37.1,26.2,25.3,26.0,20.8,31.4,42.2,22.6,32.9,24.2,20.8,25.5,34.8,,20.8,21.2,24.9,32.0,36.7,42.2,26.2,26.0
04-29,37.2,26.2,25.3,26.0,20.8,31.4,42.2,22.6,32.9,24.2,20.8,25.6,34.8,,20.8,21.2,24.9,32.0,36.7,42.2,26.4,26.0
04-30,37.2,26.2,25.3,26.0,20.8,32.0,42.3,22.7,32.9,24.3,20.8,25.6,34.8,,20.8,21.2,24.9,32.4,36.8,42.3,26.4,26.0
05-01,37.3,26.4,25.3,26.0,20.8,32.2,42.3,23.0,33.0,24.4,20.8,25.6,34.8,,20.8,21.3,24.9,32.6,36.8,42.3,26.4,26.0
05-02,37.3,26.4,25.3,26.0,20.9,32.2,42.4,23.0,33.0,24.6,20.8,26.2,34.8,,20.8,21.3,25.0,32.6,36.8,42.4,26.5,26.2
05-03,37.3,26.4,25.3,26.0,20.9,32.2,42.4,23.0,33.0,24.7,20.8,26.6,34.8,,20.8,21.3,25.1,32.6,36.8,42.4,26.5,26.4
05-04,37.4,26.4,25.3,26.0,20.9,32.2,42.4,23.0,33.0,24.7,20.8,27.0,34.8,,20.8,21.3,25.1,32.6,36.9,42.4,26.5,26.4
05-05,37.4,26.5,25.3,26.0,21.0,32.2,42.4,23.1,33.0,24.7,20.8,27.0,35.2,,20.8,21.5,25.1,32.6,37.0,42.4,26.6,26.5
05-06,37.4,26.5,25.3,26.0,21.0,32.2,42.4,23.1,33.1,24.7,20.8,27.0,35.3,,20.8,21.5,25.1,32.6,37.0,42.4,26.6,26.5
05-07,37.4,26.5,25.4,27.2,21.4,32.9,42.4,23.1,33.2,24.7,20.8,27.0,35.6,,20.8,21.7,25.1,33.0,37.0,42.4,26.8,27.0
05-08,37.6,26.5,25.4,27.4,21.5,32.9,42.4,23.1,33.3,24.7,20.8,27.0,35.6,,20.8,21.8,25.2,33.1,37.2,42.4,27.0,27.0
05-09,37.9,26.5,25.6,27.4,21.8,32.9,42.4,23.1,33.3,24.7,20.8,27.3,35.8,,20.8,22.1,25.2,33.1,37.5,42.4,27.0,27.3
05-10,39.2,26.5,25.6,28.0,21.8,32.9,42.4,23.1,33.3,24.7,20.8,27.4,35.8,,20.8,22.1,25.2,33.1,38.5,42.4,27.3,27.4
05-11,39.8,26.5,25.6,28.5,21.8,33.0,42.4,23.2,33.3,24.7,20.8,27.4,35.8,,20.8,22.1,25.2,33.2,39.0,42.4,27.4,27.4
05-12,39.8,26.5,25.6,28.6,21.8,33.1,42.4,23.4,33.3,24.7,20.8,27.4,35.8,,20.8,22.1,25.2,33.2,39.0,42.4,27.4,27.4
05-13,39.8,26.5,25.6,28.6,21.8,33.1,42.4,24.0,33.3,24.7,20.8,27.4,35.8,,20.8,22.2,25.2,33.2,39.0,42.4,27.4,27.4
05-14,39.8,26.5,25.6,28.6,21.8,33.1,42.4,24.0,33.3,24.8,20.8,27.4,35.8,,20.8,22.2,25.3,33.2,39.0,42.4,27.4,27.4
05-15,39.8,26.5,25.6,28.6,22.2,33.1,42.5,24.0,33.4,24.9,20.8,27.4,36.0,,20.8,22.6,25.3,33.2,39.0,42.5,27.4,27.4
05-16,39.8,26.5,25.6,28.6,22.6,33.5,42.5,24.0,33.4,24.9,20.8,27.4,36.2,,20.8,22.8,25.3,33.4,39.1,42.5,27.5,27.4
05-17,39.8,26.5,25.6,28.6,26.4,33.5,43.0,24.1,33.4,24.9,21.1,27.4,36.2,,21.1,24.3,26.1,33.4,39.1,43.0,28.0,27.4
05-18,40.0,26.5,26.4,28.6,27.0,33.6,44.2,24.1,34.6,24.9,21.1,27.4,36.2,,21.1,24.3,26.5,33.9,39.3,44.2,28.5,27.4
05-19,41.2,26.5,26.5,28.6,27.4,33.6,44.3,24.3,35.0,24.9,21.1,27.4,36.6,,21.1,24.4,26.5,34.1,40.3,44.3,28.6,27.4
05-20,41.5,26.5,26.5,28.6,27.8,34.0,44.3,24.3,36.3,25.0,21.1,27.4,36.6,,21.1,24.5,26.5,34.9,40.5,44.3,28.6,27.8
05-21,41.6,26.5,26.5,28.6,28.6,34.6,44.4,24.4,36.6,25.8,21.2,27.4,36.6,,21.2,24.7,26.5,35.4,40.6,44.4,28.8,28.6
05-22,41.7,26.5,26.5,28.6,28.7,34.7,44.4,24.5,37.1,25.9,21.3,27.4,36.6,,21.3,24.7,26.5,35.5,40.7,44.4,29.2,28.6
05-23,41.8,26.6,26.5,28.6,28.9,34.8,44.4,24.8,37.8,26.4,21.3,27.5,36.6,,21.3,25.1,26.5,35.5,41.0,44.4,29.3,28.6
05-24,42.4,26.6,26.5,28.6,29.8,34.8,44.4,24.8,38.1,26.4,21.4,27.5,36.8,,21.4,25.1,26.5,35.6,41.6,44.4,29.3,28.6
05-25,42.6,26.6,26.5,28.6,29.8,35.0,44.4,24.8,38.4,26.4,21.5,27.5,37.0,,21.5,25.2,26.5,35.8,41.7,44.4,29.3,28.6
05-26,42.6,26.7,26.5,28.6,29.8,35.5,44.4,24.8,38.5,26.4,21.5,27.5,37.2,,21.5,25.2,26.6,36.2,41.7,44.4,29.3,28.6
05-27,42.7,27.5,26.5,28.6,30.0,35.5,44.7,24.8,38.5,26.4,21.5,27.5,37.2,,21.5,25.2,27.1,36.2,41.9,44.7,29.3,28.6
05-28,42.8,27.8,26.6,28.6,30.2,35.5,44.7,25.0,39.2,26.4,21.5,27.6,37.2,,21.5,25.2,27.2,36.2,42.1,44.7,29.3,28.6
05-29,43.2,27.8,27.0,28.6,30.2,35.5,44.7,25.0,39.8,26.4,21.5,28.6,37.4,,21.5,25.3,27.5,36.3,42.5,44.7,29.5,28.6
05-30,43.3,27.8,27.2,28.6,30.2,35.8,44.7,25.0,39.8,26.4,21.5,29.4,37.5,,21.5,25.3,27.6,36.5,42.6,44.7,29.6,29.4
05-31,43.6,27.8,27.2,28.6,30.2,35.8,44.7,25.4,40.0,26.4,21.5,29.9,37.5,,21.5,25.6,27.6,36.5,42.9,44.7,29.6,29.9
06-01,43.6,27.8,27.2,28.6,30.2,35.8,44.7,25.5,40.0,26.4,21.5,29.9,37.5,,21.5,25.7,27.6,36.5,42.9,44.7,29.8,29.9
06-02,43.6,27.8,27.2,28.6,30.2,35.8,44.7,25.5,40.0,26.4,21.5,29.9,38.0,,21.5,25.7,27.6,36.7,42.9,44.7,29.9,29.9
06-03,43.8,27.8,27.2,28.6,30.2,35.8,44.7,25.5,40.4,26.4,21.5,29.9,38.0,,21.5,25.7,27.6,36.7,43.1,44.7,30.0,29.9
06-04,43.8,27.8,27.2,28.6,30.6,35.8,44.7,25.5,40.4,26.4,21.5,29.9,38.0,,21.5,25.7,27.6,36.7,43.2,44.7,30.0,29.9
06-05,43.8,27.8,27.2,28.6,30.6,35.8,44.7,25.5,40.4,26.4,21.5,29.9,38.0,,21.5,25.7,27.6,36.7,43.2,44.7,30.0,29.9
06-06,43.8,28.2,27.2,28.6,30.6,35.8,44.7,25.5,40.4,26.4,21.5,30.0,38.0,,21.5,25.7,27.8,36.7,43.2,44.7,30.2,30.0
06-07,43.8,28.2,27.2,28.6,30.6,35.9,44.7,25.5,40.4,27.0,21.5,30.0,38.0,,21.5,25.8,27.8,36.7,43.2,44.7,30.2,30.0
06-08,44.0,28.2,27.2,28.6,30.6,35.9,44.7,25.5,40.5,27.3,21.5,30.0,38.1,,21.5,25.8,27.9,36.8,43.3,44.7,30.5,30.0
06-09,44.4,28.3,27.2,28.6,30.6,35.9,44.7,25.5,40.5,27.4,21.5,30.0,38.3,,21.5,25.8,28.0,36.9,43.6,44.7,30.6,30.0
06-10,44.4,28.4,27.2,28.6,30.6,35.9,44.7,25.5,40.5,27.4,21.5,30.0,38.3,,21.5,25.8,28.0,36.9,43.6,44.7,30.7,30.0
06-11,44.4,28.4,27.2,28.6,30.6,35.9,44.7,25.5,40.5,27.4,21.6,30.0,38.3,,21.6,25.8,28.0,36.9,43.6,44.7,30.7,30.0
06-12,44.4,28.4,27.2,28.6,30.6,36.0,44.8,25.5,40.5,27.4,21.6,30.0,38.9,,21.6,25.8,28.0,37.2,43.6,44.8,30.8,30.0
06-13,44.4,28.4,27.2,28.6,30.6,36.0,45.0,25.5,40.6,27.4,21.6,30.4,39.0,,21.6,25.8,28.0,37.2,43.7,45.0,30.8,30.4
06-14,44.7,28.4,27.2,28.6,30.6,36.0,45.8,25.5,40.6,27.4,21.6,30.6,39.7,,21.6,25.8,28.0,37.5,43.9,45.8,30.8,30.6
06-15,44.8,28.4,27.2,28.6,30.6,36.0,45.8,25.5,40.6,27.4,21.6,30.7,39.7,,21.6,25.8,28.0,37.5,43.9,45.8,30.8,30.6
06-16,44.8,28.4,27.2,28.6,30.6,36.0,45.8,25.5,40.6,27.4,21.6,30.7,39.7,,21.6,25.8,28.0,37.5,43.9,45.8,30.8,30.6
06-17,44.8,28.4,27.2,28.6,30.6,36.0,45.8,25.5,40.6,28.6,21.6,30.7,39.7,,21.6,25.8,28.5,37.5,43.9,45.8,31.0,30.6
06-18,44.8,28.4,27.2,28.7,30.6,31.6,45.8,25.6,40.6,28.6,21.6,30.7,39.7,,21.6,26.0,28.6,34.8,43.9,45.8,30.9,30.6
06-19,44.8,28.4,27.2,29.0,30.6,31.6,45.8,25.7,40.6,28.6,21.6,30.7,39.7,,21.6,26.0,28.6,34.8,44.0,45.8,31.1,30.6
06-20,45.2,28.4,27.3,29.0,30.6,31.6,45.8,25.7,40.6,28.6,21.6,30.7,39.7,,21.6,26.0,28.6,34.8,44.2,45.8,31.2,30.6
06-21,45.2,28.4,27.3,29.0,30.6,31.6,45.8,25.7,40.6,28.6,21.6,30.7,39.8,,21.6,26.0,28.6,34.9,44.2,45.8,31.2,30.6
06-22,45.2,28.4,27.3,29.0,30.6,31.6,45.8,25.7,40.6,28.6,21.6,30.7,39.8,,21.6,26.0,28.6,34.9,44.2,45.8,31.2,30.6
06-23,45.2,28.4,27.3,29.0,30.6,31.6,45.8,25.7,40.6,28.6,21.6,30.7,39.8,,21.6,26.0,28.6,34.9,44.2,45.8,31.2,30.6
06-24,45.2,28.4,27.3,29.0,30.6,31.6,45.8,25.7,40.6,28.6,21.6,30.7,39.8,,21.6,26.0,28.6,34.9,44.2,45.8,31.2,30.6
06-25,45.2,28.4,27.4,29.0,30.6,31.6,45.8,25.7,40.6,28.6,21.8,30.7,39.8,,21.8,26.0,28.6,34.9,44.2,45.8,31.2,30.6
06-26,45.2,28.4,27.4,29.0,30.6,31.6,45.8,25.7,40.6,28.6,21.8,30.7,39.8,,21.8,26.0,28.6,34.9,44.2,45.8,31.2,30.6
06-27,45.2,28.4,27.4,29.2,30.6,31.6,45.8,25.7,40.6,28.6,21.8,30.7,39.8,,21.8,26.0,28.6,34.9,44.2,45.8,31.2,30.6
06-28,45.2,28.4,27.4,29.3,30.6,31.6,45.8,25.7,40.6,28.6,21.8,30.7,39.9,,21.8,26.0,28.6,34.9,44.2,45.8,31.2,30.6
06-29,45.2,28.4,27.4,29.3,30.6,31.6,45.8,25.7,40.6,29.2,21.8,30.7,39.9,,21.8,26.0,28.9,34.9,44.2,45.8,31.2,30.6
06-30,45.2,28.4,27.4,29.3,30.6,31.6,45.8,25.7,40.6,29.8,21.8,30.7,39.9,,21.8,26.0,29.0,34.9,44.2,45.8,31.4,30.6
07-01,45.2,28.4,27.4,29.3,30.6,31.6,45.8,25.7,40.6,29.8,21.8,30.7,39.9,,21.8,26.0,29.0,34.9,44.2,45.8,31.4,30.6
07-02,45.2,28.4,27.4,29.3,30.6,31.6,45.8,25.7,40.6,29.8,21.8,30.7,39.9,,21.8,26.0,29.0,34.9,44.2,45.8,31.4,30.6
07-03,45.2,28.4,27.4,29.3,30.6,31.6,45.8,25.7,40.6,29.8,21.8,30.7,39.9,,21.8,26.0,29.0,34.9,44.2,45.8,31.4,30.6
07-04,45.2,28.5,27.4,29.3,30.6,31.6,45.8,25.7,40.6,29.8,22.1,30.7,40.0,,22.1,26.0,29.0,34.9,44.3,45.8,31.4,30.6
07-05,45.2,28.5,27.6,29.3,30.6,31.6,45.8,25.7,40.7,29.8,22.1,30.7,40.0,,22.1,26.1,29.0,34.9,44.3,45.8,31.5,30.6
07-06,45.2,28.8,27.9,29.3,31.1,31.6,45.8,25.7,40.7,29.8,22.1,30.7,40.0,,22.1,26.1,29.1,34.9,44.3,45.8,31.6,30.7
07-07,45.2,28.8,28.2,29.3,31.1,31.6,45.8,25.7,40.7,29.8,22.1,30.7,40.0,,22.1,26.2,29.1,35.0,44.3,45.8,31.6,30.7
07-08,45.5,28.8,28.2,29.3,31.2,31.6,45.8,25.7,40.7,29.8,22.1,30.7,40.0,,22.1,26.2,29.1,35.0,44.5,45.8,31.7,30.7
07-09,45.8,28.8,28.2,29.3,31.3,31.6,45.8,25.7,40.7,29.8,22.1,30.7,40.0,,22.1,26.2,29.1,35.0,44.7,45.8,31.8,30.7
07-10,45.8,28.8,28.2,29.3,31.3,31.6,45.8,25.8,40.7,29.8,22.1,30.7,40.0,,22.1,26.3,29.1,35.0,44.8,45.8,31.8,30.7
07-11,46.0,28.8,28.2,29.3,31.4,31.6,45.8,25.8,40.7,29.8,22.1,30.7,40.0,,22.1,26.3,29.1,35.0,44.8,46.0,31.8,30.7
07-12,46.0,28.8,28.2,29.3,31.4,31.6,45.8,25.8,40.7,29.8,22.1,30.7,40.0,,22.1,26.3,29.1,35.0,44.8,46.0,31.8,30.7
07-13,46.0,28.8,28.2,29.3,31.4,31.6,45.8,25.8,40.7,29.8,22.1,30.7,40.0,,22.1,26.3,29.1,35.0,44.8,46.0,31.8,30.7
07-14,46.0,29.0,28.2,29.3,31.4,31.6,45.8,25.8,40.7,29.8,22.1,30.7,40.0,,22.1,26.3,29.2,35.0,44.8,46.0,31.9,30.7
07-15,46.0,29.5,28.4,29.4,31.6,31.6,45.9,25.8,40.7,29.8,22.1,30.7,40.0,,22.1,26.4,29.4,35.0,44.9,46.0,32.0,30.7
07-16,46.0,29.6,28.4,29.4,31.6,31.6,46.2,25.8,40.7,29.8,22.1,30.7,40.0,,22.1,26.4,29.5,35.0,44.9,46.2,32.0,30.7
07-17,46.0,30.0,28.6,29.4,31.8,31.6,46.2,26.0,40.8,29.8,22.1,30.7,40.0,,22.1,26.6,29.6,35.1,45.0,46.2,32.0,30.7
07-18,46.0,30.0,28.6,29.4,31.8,31.6,46.2,26.0,40.8,29.8,22.1,30.7,40.0,,22.1,26.6,29.6,35.1,45.0,46.2,32.0,30.7
07-19,46.0,30.0,28.6,29.4,32.2,31.6,46.2,26.0,40.8,29.8,22.1,30.7,40.0,,22.1,26.6,29.6,35.3,45.0,46.2,32.0,30.7
07-20,46.0,30.0,28.6,29.4,32.2,31.6,46.2,26.0,40.8,29.8,22.3,30.7,40.0,,22.3,26.6,29.6,35.3,45.0,46.2,32.0,30.7
07-21,46.0,30.0,28.6,29.4,32.2,31.6,46.2,26.0,40.8,29.8,22.4,30.8,40.0,,22.4,26.6,29.6,35.3,45.0,46.2,32.0,30.8
07-22,46.0,30.0,28.6,29.5,32.4,31.6,46.2,26.2,40.8,29.8,22.6,30.8,40.0,,22.6,26.6,29.7,35.5,45.0,46.2,32.1,30.8
07-23,46.0,30.8,28.6,29.5,32.4,31.8,46.2,26.2,40.8,30.0,22.6,30.8,40.0,,22.6,26.6,29.8,35.5,45.0,46.2,32.2,30.8
07-24,46.0,30.8,28.6,29.5,32.4,31.8,46.2,26.2,40.8,30.0,22.6,30.8,40.0,,22.6,26.6,29.8,35.5,45.0,46.2,32.2,30.8
07-25,46.0,30.8,28.6,29.5,32.6,31.8,46.2,26.2,40.8,30.4,22.6,30.8,40.2,,22.6,26.6,30.0,35.6,45.0,46.2,32.3,30.8
07-26,46.0,30.8,28.6,29.5,32.6,31.8,46.8,26.2,40.8,30.5,22.6,30.8,40.2,,22.6,26.6,30.1,35.6,45.0,46.8,32.4,30.8
07-27,46.0,30.8,28.6,29.5,32.6,31.8,46.8,26.2,40.8,30.5,22.6,30.8,40.2,,22.6,26.6,30.1,35.6,45.0,46.8,32.4,30.8
07-28,46.0,30.8,28.7,29.5,32.9,31.8,47.0,26.2,40.8,30.5,22.6,30.8,40.2,,22.6,26.7,30.1,35.8,45.0,47.0,32.5,30.8
07-29,46.0,30.8,28.8,29.5,32.9,31.8,47.2,26.2,40.8,30.6,22.8,30.8,40.2,,22.8,26.7,30.1,35.8,45.0,47.2,32.5,30.8
07-30,46.0,30.8,29.0,29.6,32.9,31.8,47.2,26.2,40.8,30.6,22.8,30.8,40.2,,22.8,26.7,30.2,35.8,45.0,47.2,32.5,30.8
07-31,46.0,30.8,29.0,29.6,32.9,31.8,47.3,26.2,40.8,30.6,23.2,30.8,40.2,,23.2,26.7,30.2,35.8,45.0,47.3,32.5,30.8
08-01,46.2,30.8,29.0,29.6,32.9,31.8,47.3,26.2,40.8,30.6,23.4,30.8,40.2,,23.4,26.7,30.2,35.8,45.1,47.3,32.5,30.8
08-02,46.3,30.8,29.0,29.6,32.9,31.8,47.4,26.6,41.2,30.6,23.4,30.8,40.6,,23.4,27.0,30.2,36.0,45.3,47.4,32.5,30.8
08-03,47.0,30.8,29.0,29.6,32.9,31.8,47.4,26.8,41.3,30.6,23.4,30.8,41.2,,23.4,27.2,30.2,36.2,45.8,47.4,32.6,30.8
08-04,47.0,30.8,29.0,29.6,33.0,31.8,47.4,26.8,41.3,30.6,23.4,30.8,41.6,,23.4,27.2,30.2,36.3,45.9,47.4,32.6,30.8
08-05,47.0,30.8,29.0,30.0,33.0,31.8,47.4,26.8,41.3,30.6,23.4,30.8,41.8,,23.4,27.2,30.4,36.3,46.0,47.4,32.6,30.8
08-06,47.1,30.8,29.0,31.4,33.2,31.8,47.4,26.8,41.3,30.6,23.4,31.0,42.0,,23.4,27.2,30.7,36.5,46.1,47.4,32.8,31.4
08-07,47.3,30.8,29.0,31.6,33.2,31.8,47.4,26.8,41.3,30.6,23.4,31.4,42.2,,23.4,27.2,30.7,36.5,46.3,47.4,32.8,31.6
08-08,47.4,30.8,29.0,31.6,33.8,31.9,47.4,26.8,41.3,30.6,23.4,31.6,42.4,,23.4,27.2,30.7,36.8,46.4,47.4,33.0,31.6
08-09,47.4,30.8,29.0,31.6,34.0,31.9,47.4,26.8,41.4,30.6,23.4,31.6,42.4,,23.4,27.2,30.7,37.0,46.4,47.4,33.0,31.6
08-10,47.4,30.8,29.0,31.7,34.0,31.9,47.6,26.8,41.4,30.6,23.4,31.6,42.5,,23.4,27.2,30.7,37.0,46.4,47.6,33.0,31.7
08-11,47.4,31.3,29.0,31.7,34.0,31.9,48.4,26.8,41.4,30.6,23.4,31.6,42.5,,23.4,27.2,31.0,37.0,46.4,48.4,33.0,31.7
08-12,47.4,31.4,29.0,31.7,34.0,31.9,48.4,26.8,41.4,30.6,23.4,31.6,42.6,,23.4,27.2,31.0,37.0,46.4,48.4,33.2,31.7
08-13,47.4,31.4,29.0,31.8,34.0,31.9,48.4,26.8,41.4,30.6,23.4,31.6,42.6,,23.4,27.2,31.0,37.0,46.4,48.4,33.2,31.8
08-14,47.4,31.4,29.0,32.2,34.0,31.9,48.4,26.8,41.4,30.6,23.4,31.6,42.6,,23.4,27.2,31.0,37.0,46.4,48.4,33.2,31.9
08-15,47.4,31.4,29.0,32.4,34.2,31.9,48.6,26.8,41.4,30.6,23.4,32.5,42.6,,23.4,27.2,31.0,37.1,46.4,48.6,33.2,32.4
08-16,47.4,31.4,29.0,32.4,34.2,31.9,48.6,26.8,41.4,30.6,23.4,32.6,42.6,,23.4,27.2,31.0,37.1,46.4,48.6,33.2,32.4
08-17,47.4,31.4,29.0,32.4,34.4,31.9,48.6,26.8,41.4,30.6,23.4,32.6,42.6,,23.4,27.2,31.0,37.2,46.4,48.6,33.2,32.4
08-18,47.4,31.4,29.0,32.4,34.4,31.9,48.6,27.0,41.4,30.6,23.4,32.6,42.7,,23.4,27.4,31.0,37.2,46.4,48.6,33.2,32.4
08-19,47.4,31.4,29.0,32.4,34.4,31.9,48.6,27.0,41.4,30.6,23.7,32.6,42.7,,23.7,27.4,31.0,37.2,46.4,48.6,33.3,32.4
08-20,47.4,31.4,29.0,32.4,34.4,31.9,48.6,27.0,41.4,30.6,23.8,32.6,42.7,,23.8,27.4,31.0,37.2,46.4,48.6,33.4,32.4
08-21,47.5,31.4,29.3,32.5,34.4,31.9,48.6,27.0,41.4,30.6,23.8,32.7,43.4,,23.8,27.5,31.0,37.2,46.7,48.6,33.6,32.5
08-22,47.5,31.4,29.3,33.2,34.4,31.9,48.6,27.0,41.4,30.6,23.8,32.8,43.5,,23.8,27.5,31.0,37.2,46.7,48.6,33.6,32.8
08-23,47.5,31.4,29.3,34.2,34.4,31.9,48.6,27.0,41.4,30.6,23.8,32.8,43.8,,23.8,27.5,31.0,37.2,46.8,48.6,34.0,32.8
08-24,47.5,31.4,30.0,34.2,34.4,31.9,49.0,27.0,41.4,30.6,23.8,32.8,43.8,,23.8,27.6,31.0,37.2,46.8,49.0,34.0,32.8
08-25,47.5,31.4,30.2,34.2,34.4,32.0,49.0,27.0,41.4,30.8,23.8,32.8,43.8,,23.8,27.7,31.2,37.2,46.8,49.0,34.0,32.8
08-26,47.5,31.4,30.4,34.3,34.4,32.0,49.0,27.0,41.4,31.2,23.8,32.8,43.8,,23.8,27.7,31.3,37.2,46.8,49.0,34.0,32.8
08-27,47.5,31.4,30.4,34.3,34.4,32.0,49.0,27.0,41.4,31.2,23.8,32.8,44.1,,23.8,27.7,31.4,37.2,46.8,49.0,34.0,32.8
08-28,47.5,31.5,30.4,34.3,34.4,32.0,49.0,27.1,41.4,31.2,23.8,32.8,44.2,,23.8,27.8,31.4,37.2,46.8,49.0,34.0,32.8
08-29,47.8,31.5,30.4,34.3,34.4,32.0,49.0,27.1,41.4,31.2,23.8,32.8,44.2,,23.8,27.8,31.4,37.2,47.0,49.0,34.1,32.8
08-30,47.8,31.5,30.5,34.3,34.5,32.0,49.1,27.1,41.4,31.2,23.8,32.8,44.2,,23.8,27.8,31.4,37.3,47.1,49.1,34.2,32.8
08-31,47.8,31.5,30.5,34.4,34.5,32.0,49.2,27.1,41.4,31.2,23.8,32.8,44.2,,23.8,27.8,31.4,37.3,47.1,49.2,34.2,32.8
09-01,47.8,32.1,30.6,34.4,34.6,32.0,49.2,27.1,41.4,31.3,23.8,32.8,44.2,,23.8,27.8,31.7,37.3,47.1,49.2,34.2,32.8
09-02,47.8,32.2,30.6,34.4,34.6,32.0,49.2,27.1,41.4,31.3,23.8,32.8,44.4,,23.8,27.8,31.7,37.3,47.2,49.2,34.2,32.8
09-03,47.8,32.2,32.2,34.4,34.6,32.0,49.2,27.1,41.4,31.3,23.8,32.8,44.4,,23.8,27.9,32.2,37.3,47.2,49.2,34.6,32.8
09-04,47.8,32.3,32.6,34.4,34.6,32.0,49.2,27.1,41.4,31.3,23.8,32.8,45.0,,23.8,27.9,32.2,37.3,47.3,49.2,34.7,32.8
09-05,47.8,32.3,32.6,34.4,34.6,32.2,49.2,27.1,41.4,31.3,23.8,32.8,45.2,,23.8,27.9,32.3,37.3,47.3,49.2,34.7,32.8
09-06,48.0,32.3,32.6,34.4,34.6,32.2,49.2,27.1,41.4,31.3,23.8,32.8,45.4,,23.8,27.9,32.3,37.3,47.4,49.2,34.7,32.8
09-07,48.0,32.4,32.7,34.4,34.6,32.2,49.2,27.1,41.8,31.3,23.8,32.8,45.6,,23.8,27.9,32.3,37.5,47.5,49.2,34.8,32.8
09-08,48.0,32.4,32.7,34.4,34.6,32.2,49.2,27.1,41.8,31.5,23.8,32.8,45.6,,23.8,28.0,32.3,37.5,47.5,49.2,34.8,32.8
09-09,48.0,32.4,32.8,34.6,34.6,32.2,49.2,27.1,42.4,31.6,23.8,32.8,45.6,,23.8,28.0,32.3,37.7,47.5,49.2,34.9,32.8
09-10,48.0,32.4,32.8,34.6,34.6,32.2,49.2,27.1,42.4,31.6,23.8,32.8,45.6,,23.8,28.0,32.3,37.7,47.5,49.2,35.0,32.8
09-11,48.0,32.4,32.8,34.6,34.6,32.2,49.2,27.2,42.6,31.6,24.0,32.8,45.7,,24.0,28.0,32.3,37.8,47.5,49.2,35.0,32.8
09-12,48.0,32.4,32.8,34.6,34.6,32.2,49.2,27.2,42.6,31.6,24.3,32.8,45.7,,24.3,28.0,32.3,37.8,47.5,49.2,35.0,32.8
09-13,48.0,32.4,32.8,34.6,34.6,32.2,49.2,27.2,42.7,31.6,24.3,32.8,45.7,,24.3,28.0,32.3,37.8,47.5,49.2,35.0,32.8
09-14,48.0,32.4,33.4,34.6,34.6,32.5,49.2,27.2,42.7,31.6,24.4,33.2,45.7,,24.4,28.0,32.4,37.8,47.6,49.2,35.2,33.4
09-15,48.0,32.4,33.6,34.6,34.7,32.7,49.6,27.2,42.7,31.6,24.4,33.2,45.7,,24.4,28.0,32.6,37.9,47.6,49.6,35.2,33.6
09-16,48.0,32.4,33.6,34.6,35.5,32.7,49.7,27.2,42.7,31.6,24.4,33.4,45.7,,24.4,28.0,32.6,38.4,47.6,49.7,35.4,33.6
09-17,48.5,32.4,33.7,34.6,36.4,32.7,49.7,27.2,42.7,31.6,24.4,33.6,45.7,,24.4,28.0,32.6,38.9,47.9,49.7,35.6,33.7
09-18,48.5,32.4,33.8,34.6,36.6,32.7,49.7,27.2,42.8,31.6,24.4,33.7,45.7,,24.4,28.0,32.6,39.1,47.9,49.7,35.8,33.8
09-19,48.5,32.4,33.8,35.2,36.6,32.7,49.8,27.2,42.8,31.6,24.4,33.7,45.7,,24.4,28.0,32.6,39.1,47.9,49.8,35.8,33.8
09-20,48.6,32.4,33.8,35.2,36.6,32.7,50.2,27.2,42.8,31.9,24.8,33.7,45.7,,24.8,28.1,32.6,39.1,48.0,50.2,35.8,33.8
09-21,48.6,32.4,33.8,35.2,36.6,32.7,50.9,27.2,43.0,31.9,24.8,33.7,45.9,,24.8,28.1,32.6,39.2,48.0,50.9,35.8,33.8
09-22,48.6,32.4,33.8,35.5,36.6,33.7,51.9,27.2,43.0,31.9,24.8,33.8,46.3,,24.8,28.1,33.2,39.2,48.1,51.9,35.9,33.8
09-23,48.6,32.4,33.9,35.5,36.6,34.9,52.3,27.2,43.0,31.9,24.8,33.8,46.8,,24.8,28.1,33.2,39.2,48.2,52.3,35.9,34.9
09-24,48.6,32.6,33.9,35.5,36.6,36.4,52.4,27.2,43.3,31.9,24.8,33.8,46.8,,24.8,28.1,33.3,39.3,48.2,52.4,35.9,35.5
09-25,48.6,32.8,34.0,35.5,36.6,37.2,52.4,27.2,43.3,31.9,24.8,33.8,47.1,,24.8,28.1,33.4,39.6,48.3,52.4,35.9,35.5
09-26,48.6,32.8,34.1,35.5,36.6,37.2,52.4,27.2,43.3,31.9,24.8,33.8,47.1,,24.8,28.1,33.4,39.6,48.3,52.4,36.0,35.5
09-27,48.6,32.8,34.2,35.7,36.6,37.2,52.4,27.2,43.3,32.0,24.8,33.8,47.1,,24.8,28.2,33.4,39.6,48.3,52.4,36.1,35.7
09-28,48.6,32.8,34.4,36.8,36.6,37.2,52.4,27.2,43.5,32.0,24.8,33.8,47.1,,24.8,28.2,33.4,39.7,48.3,52.4,36.6,36.6
09-29,48.6,32.8,34.4,36.8,36.6,37.2,52.4,27.2,44.9,32.0,24.8,33.8,47.1,,24.8,28.2,33.4,40.3,48.3,52.4,36.7,36.6
09-30,48.6,32.8,34.6,37.0,36.6,37.2,52.4,27.2,45.5,32.0,24.8,33.8,47.1,,24.8,28.2,33.4,40.5,48.3,52.4,36.7,36.6
