date,1989,1990,1991,1992,1993,1994,1995,1996,1997,1998,1999,2000,2001,2002,2003,2004,2005,2006,2007,2008,2009,2010,2011,2012,2013,2014,2015,2016,2017,2018,2019,2020,2021,2022,2023,2024,Min,10%,30%,70%,90%,Max,Median ('91-'20),Median (POR)
10-01,0.0,0.0,0.0,0.0,0.0,0.0,0.0,0.0,0.0,0.0,0.0,0.0,0.0,0.0,0.0,0.0,0.0,0.0,0.0,0.0,0.0,0.0,0.0,0.0,0.0,0.0,0.0,0.0,0.0,0.0,0.0,0.0,0.0,0.0,0.0,0.0,0.0,0.0,0.0,0.0,0.0,0.0,0.0,0.0
10-02,0.0,0.0,0.0,0.0,0.0,0.0,0.0,0.0,0.0,0.0,0.1,0.0,0.0,0.0,0.5,0.1,0.2,0.0,0.0,0.0,0.0,0.0,0.0,0.0,0.0,0.0,0.0,0.0,0.0,0.1,0.1,0.0,0.0,0.0,0.0,0.2,0.0,0.0,0.0,0.0,0.1,0.5,0.0,0.0
10-03,0.0,0.0,0.0,0.0,0.0,0.0,0.0,0.0,0.0,0.0,0.1,0.0,0.0,0.0,0.7,0.1,0.2,0.0,0.3,0.0,0.1,0.0,0.0,0.0,0.0,0.0,0.0,0.4,0.0,0.2,0.7,0.0,0.0,0.0,0.0,0.5,0.0,0.0,0.0,0.0,0.3,0.7,0.0,0.0
10-04,0.0,0.1,0.0,0.0,0.0,0.0,0.2,0.2,0.0,0.0,0.6,0.0,0.0,0.0,0.8,0.1,0.3,0.0,0.3,0.1,0.2,0.1,0.1,0.0,0.0,0.2,0.0,0.8,0.1,0.2,0.9,0.0,0.0,0.0,0.0,0.7,0.0,0.0,0.0,0.1,0.5,0.9,0.0,0.0
10-05,0.0,0.1,0.0,0.0,0.0,0.0,0.4,0.3,0.0,0.0,0.8,0.0,0.0,0.0,0.8,0.1,0.4,0.9,0.4,0.1,1.4,0.4,0.4,0.5,0.0,0.6,0.0,0.8,0.2,0.2,1.3,0.1,0.0,0.0,0.0,0.7,0.0,0.0,0.0,0.4,0.8,1.4,0.2,0.1
10-06,0.0,0.1,0.0,0.0,0.0,0.3,1.2,0.4,0.0,0.0,0.9,0.0,0.0,0.0,0.8,0.1,0.4,0.9,0.6,0.5,1.8,0.4,0.4,1.9,0.0,0.7,0.0,0.8,0.2,0.2,1.6,0.1,0.0,0.0,0.0,0.7,0.0,0.0,0.0,0.5,1.1,1.9,0.2,0.2
10-07,0.0,0.1,0.1,0.0,0.0,0.6,1.2,0.4,0.0,0.1,0.9,0.0,0.0,0.0,0.8,0.1,0.4,1.0,2.0,1.1,1.8,0.4,0.8,2.5,0.0,0.7,0.0,0.9,0.2,0.2,1.8,0.1,0.0,0.2,0.0,0.7,0.0,0.0,0.1,0.8,1.5,2.5,0.4,0.2
10-08,0.0,0.1,0.3,0.0,0.0,1.0,1.2,0.4,0.0,0.2,0.9,0.0,0.0,0.0,0.8,0.1,0.4,1.0,2.1,1.1,1.8,0.4,0.9,2.9,0.0,0.7,0.0,0.9,0.3,0.2,2.3,0.1,0.0,0.4,0.0,0.7,0.0,0.0,0.1,0.9,1.5,2.9,0.4,0.3
10-09,0.1,0.1,0.3,0.0,0.0,1.0,1.2,0.4,0.0,0.2,0.9,0.1,0.0,0.1,0.8,0.1,0.4,1.0,2.1,1.2,1.8,0.4,0.9,3.2,0.0,0.7,0.0,0.9,0.3,0.3,2.3,0.1,0.0,1.2,0.0,0.7,0.0,0.0,0.1,0.9,1.5,3.2,0.4,0.3
10-10,0.1,0.1,0.4,0.0,0.0,1.0,1.2,0.4,0.0,0.2,0.9,0.1,0.0,0.2,0.8,0.1,0.4,1.0,2.1,1.2,1.8,0.4,0.9,3.2,0.0,0.8,0.0,0.9,0.3,0.3,3.0,0.1,0.0,1.6,0.0,0.7,0.0,0.0,0.1,0.9,1.7,3.2,0.4,0.4
10-11,0.1,0.1,0.5,0.0,0.0,1.3,1.2,0.4,0.0,0.2,0.9,0.1,0.9,0.2,0.8,0.1,0.4,1.0,2.1,1.2,1.8,0.4,1.0,3.2,0.0,1.8,0.0,1.0,0.3,0.3,3.8,0.2,0.0,1.7,0.0,0.7,0.0,0.0,0.1,1.0,1.8,3.8,0.5,0.4
10-12,0.1,0.1,0.5,0.0,0.0,1.7,1.3,0.4,0.0,1.0,0.9,0.2,1.2,0.4,0.8,0.1,0.4,1.0,2.1,1.2,2.0,0.4,1.0,3.3,0.0,1.8,0.0,1.0,0.3,0.3,3.8,0.2,0.2,1.9,0.0,1.0,0.0,0.0,0.2,1.0,2.0,3.8,0.6,0.4
10-13,0.5,0.1,0.5,0.0,0.0,1.7,1.3,0.4,0.0,1.7,1.0,0.2,1.2,0.4,0.8,0.1,0.4,1.0,2.2,1.2,2.2,0.5,1.0,3.3,0.7,1.8,0.1,1.0,0.3,0.3,3.8,0.2,0.2,2.4,0.0,1.5,0.0,0.1,0.3,1.1,2.2,3.8,0.6,0.5
10-14,0.6,0.1,0.5,0.1,0.0,2.0,1.3,0.4,0.0,1.7,1.0,0.2,1.3,0.4,0.8,0.1,0.4,1.0,2.2,1.5,2.2,0.7,1.0,3.3,0.7,2.3,0.1,1.0,0.3,0.3,3.8,0.2,0.2,2.4,0.0,1.5,0.0,0.1,0.3,1.2,2.2,3.8,0.7,0.7
10-15,0.6,0.1,0.6,0.1,0.0,2.2,1.9,0.4,0.0,1.8,1.0,0.2,1.3,0.4,0.8,0.1,0.4,1.0,2.2,1.5,2.2,1.0,1.0,3.3,0.8,2.8,0.1,1.0,0.3,0.3,3.8,0.2,0.2,2.7,0.0,1.5,0.0,0.1,0.3,1.2,2.5,3.8,0.7,0.8
10-16,0.6,0.1,0.7,0.1,0.0,2.8,2.6,0.4,0.0,1.8,1.4,0.2,1.3,0.4,0.8,0.1,0.4,1.1,2.2,1.5,2.2,1.0,1.0,3.4,0.8,2.8,0.1,1.0,0.3,0.3,3.8,0.2,0.2,2.8,0.0,,0.0,0.1,0.3,1.3,2.8,3.8,0.8,0.8
10-17,0.7,0.1,0.7,0.1,0.0,3.1,2.7,0.4,0.2,1.8,1.5,0.2,1.3,0.4,0.8,0.1,0.4,1.1,2.6,2.0,2.2,1.0,1.0,3.4,0.8,2.8,0.1,1.0,0.4,0.3,3.8,0.2,0.3,3.0,0.0,,0.0,0.1,0.3,1.4,3.0,3.8,0.9,0.8
10-18,0.7,0.1,0.7,0.1,0.0,3.4,3.2,0.4,0.2,1.8,1.5,0.2,1.3,0.4,0.8,0.1,0.4,1.1,2.9,2.1,2.2,1.0,1.1,3.6,0.8,2.9,0.1,1.3,0.6,0.3,3.8,0.5,0.3,3.0,0.0,,0.0,0.1,0.4,1.4,3.2,3.8,1.0,0.8
10-19,0.7,0.1,1.2,0.1,0.0,3.7,3.4,0.4,0.2,1.8,1.5,0.2,1.3,0.4,0.8,0.1,1.1,1.1,2.9,2.2,2.2,1.0,1.1,3.6,0.8,2.9,0.1,1.8,0.6,0.3,3.8,0.6,0.3,3.2,0.0,,0.0,0.1,0.4,1.7,3.3,3.8,1.0,1.0
10-20,0.7,0.1,2.1,0.1,0.0,3.7,3.4,0.4,0.6,1.8,1.5,0.2,1.3,0.4,0.8,0.1,2.4,1.1,2.9,2.2,2.2,1.2,1.2,3.6,0.8,2.9,0.1,1.8,0.6,0.3,3.8,1.1,0.3,3.7,0.0,,0.0,0.1,0.5,2.1,3.5,3.8,1.2,1.1
10-21,0.7,0.1,2.3,0.1,0.0,3.7,3.4,0.4,0.7,1.8,1.5,0.2,1.4,0.4,0.8,0.1,5.3,1.1,2.9,2.7,2.2,1.6,1.2,3.6,0.8,2.9,0.1,1.9,0.6,0.4,3.8,1.2,0.3,3.8,0.0,,0.0,0.1,0.5,2.2,3.7,5.3,1.3,1.2
10-22,0.7,0.1,2.3,0.1,0.0,3.7,3.4,0.4,0.7,1.9,1.6,0.2,1.6,0.4,0.8,0.1,5.7,1.1,2.9,2.8,2.2,1.6,1.2,3.6,0.8,2.9,0.2,1.9,0.6,0.4,3.8,1.2,0.3,3.8,0.1,,0.0,0.1,0.5,2.2,3.7,5.7,1.3,1.2
10-23,0.7,0.1,2.3,0.2,0.0,3.7,3.4,1.1,0.7,1.9,1.7,0.2,1.7,0.5,1.0,0.1,5.8,1.1,3.0,2.8,2.2,1.6,1.2,3.6,1.0,2.9,0.2,2.0,0.6,0.4,4.0,1.2,0.3,3.8,0.5,,0.0,0.2,0.7,2.2,3.7,5.8,1.4,1.2
10-24,0.7,0.2,2.3,1.2,0.1,3.7,3.4,1.1,0.7,2.6,1.7,0.2,1.7,0.7,1.1,0.1,6.3,1.1,3.0,2.8,2.2,1.8,1.6,3.6,1.3,2.9,0.2,2.0,0.6,0.4,4.0,1.2,0.3,4.0,1.2,,0.1,0.2,0.8,2.3,3.7,6.3,1.4,1.3
10-25,0.7,0.2,2.3,1.2,0.1,3.7,3.4,1.1,1.3,4.1,1.9,0.2,1.7,0.7,1.1,0.1,6.6,1.1,3.0,2.8,2.2,1.8,2.3,3.6,1.6,2.9,0.2,2.0,1.0,0.4,4.0,1.2,0.3,4.1,1.3,,0.1,0.2,1.1,2.3,3.9,6.6,1.6,1.6
10-26,0.7,1.2,2.3,1.2,0.3,3.7,3.4,1.1,2.2,4.1,2.8,0.2,1.7,0.7,1.2,0.1,7.2,1.1,4.1,2.8,2.2,1.8,3.0,3.6,2.3,2.9,0.2,2.0,1.0,0.4,4.0,1.2,0.5,5.0,1.5,,0.1,0.3,1.1,2.8,4.0,7.2,1.8,1.8
10-27,0.7,2.1,2.3,1.9,0.3,3.7,3.4,1.1,2.5,4.1,3.1,0.2,2.0,0.7,1.2,0.1,7.4,1.1,4.2,2.9,2.2,1.8,3.2,3.6,2.3,2.9,0.2,2.0,1.0,0.4,4.0,1.2,0.5,5.5,1.8,,0.1,0.3,1.1,2.9,4.1,7.4,2.0,2.0
10-28,0.7,2.4,2.3,3.4,0.5,3.7,3.4,1.1,2.6,4.1,3.1,0.2,2.6,0.7,1.2,0.1,7.8,1.8,4.2,2.9,2.2,2.4,3.3,3.7,2.3,2.9,0.2,2.0,1.0,0.4,4.0,1.4,0.6,5.6,1.8,,0.1,0.4,1.2,3.1,4.1,7.8,2.2,2.3
10-29,0.7,2.8,2.3,3.8,0.7,3.7,3.4,1.2,2.8,4.1,3.2,0.2,2.8,0.7,1.2,0.1,8.3,2.7,4.2,2.9,2.3,2.6,3.3,3.7,2.3,2.9,0.2,2.0,1.4,0.4,4.0,1.5,0.6,5.6,1.8,,0.1,0.5,1.4,3.2,4.1,8.3,2.3,2.6
10-30,0.7,2.9,2.3,4.1,1.3,3.7,3.4,1.2,2.8,4.2,3.8,0.2,3.1,0.7,1.2,0.1,8.5,2.9,4.2,2.9,2.3,2.6,3.3,3.7,2.3,3.1,0.2,2.3,1.4,0.4,4.0,1.8,0.6,5.6,1.8,,0.1,0.5,1.4,3.3,4.1,8.5,2.4,2.6
10-31,0.8,2.9,2.3,4.1,2.7,3.7,3.4,1.2,2.9,4.2,3.9,0.2,3.6,1.6,1.2,0.3,8.7,3.0,4.2,2.9,2.3,2.8,3.6,3.7,2.3,3.1,0.2,2.4,1.5,0.4,4.0,1.8,0.6,5.6,1.8,,0.2,0.5,1.8,3.5,4.1,8.7,2.5,2.8
11-01,0.8,2.9,2.3,4.1,2.8,3.7,3.4,1.2,3.2,4.4,3.9,0.2,4.7,2.0,1.2,0.4,9.0,3.2,4.2,2.9,2.3,2.8,3.6,3.7,2.3,3.1,0.2,2.4,1.8,0.4,4.0,1.8,0.6,5.6,1.9,,0.2,0.5,1.9,3.5,4.4,9.0,2.6,2.8
11-02,0.8,2.9,2.6,4.6,3.5,3.7,3.4,1.2,3.2,4.4,4.0,0.2,4.8,2.0,1.3,0.5,9.0,3.2,4.3,3.0,2.3,2.8,3.6,4.2,2.3,3.1,0.3,2.4,1.8,0.4,4.5,1.8,0.6,5.7,2.0,,0.2,0.5,2.0,3.6,4.6,9.0,2.6,2.9
11-03,0.8,3.0,2.8,4.7,4.6,3.7,4.0,1.2,3.2,4.4,4.2,0.2,5.0,2.0,1.3,0.6,9.1,3.2,4.4,3.0,3.4,2.8,3.6,4.2,2.3,3.1,0.6,2.4,1.9,0.4,4.5,1.8,0.6,5.8,2.5,,0.2,0.6,2.1,3.9,4.7,9.1,2.9,3.0
11-04,1.2,3.0,2.8,4.7,4.8,3.7,4.1,1.2,3.2,4.5,4.2,0.2,5.0,2.0,1.4,1.2,9.1,3.2,4.4,3.0,3.5,2.8,3.6,4.3,2.3,3.2,0.8,2.5,1.9,0.4,4.5,1.8,0.6,5.8,2.6,,0.2,1.0,2.1,4.0,4.8,9.1,2.9,3.0
11-05,1.2,3.0,2.9,4.8,4.9,3.7,4.2,1.2,3.8,4.5,4.2,0.2,5.1,2.2,1.4,1.2,9.1,3.2,4.4,3.1,4.0,2.8,3.6,4.4,2.3,3.2,0.8,2.8,1.9,0.4,4.5,1.8,0.6,5.8,2.7,,0.2,1.0,2.2,4.1,4.8,9.1,3.1,3.1
11-06,1.2,3.0,3.6,4.8,4.9,3.7,4.4,1.2,4.2,4.5,4.7,0.2,5.2,2.2,1.4,1.3,9.1,3.4,4.4,3.1,4.1,2.8,3.6,4.5,2.3,3.3,0.8,2.8,2.0,0.5,4.5,1.8,0.6,5.8,3.1,,0.2,1.0,2.2,4.4,4.9,9.1,3.2,3.3
11-07,1.2,3.0,3.6,5.1,4.9,3.7,4.5,1.2,4.3,4.5,5.0,0.2,5.5,2.3,1.6,1.4,9.1,3.4,4.4,3.1,4.2,2.8,3.6,4.7,2.3,3.4,0.9,2.9,2.0,0.5,4.5,1.8,0.6,5.8,3.2,,0.2,1.0,2.3,4.4,5.0,9.1,3.2,3.4
11-08,1.3,3.0,3.6,5.1,5.0,3.7,4.5,1.2,4.3,4.5,5.0,0.2,5.6,2.7,1.6,1.4,9.2,3.4,4.4,3.1,4.2,2.8,3.6,4.9,2.3,3.4,0.9,2.9,2.0,0.5,4.5,1.8,0.7,5.8,3.2,,0.2,1.0,2.4,4.4,5.1,9.2,3.2,3.4
11-09,1.3,3.0,3.6,5.1,5.0,3.7,4.6,1.2,4.4,4.9,5.4,0.2,5.8,2.7,2.4,1.4,9.3,3.4,4.4,3.1,4.3,2.8,4.3,4.9,2.4,3.4,0.9,2.9,2.0,0.6,4.5,1.8,1.5,5.8,4.2,,0.2,1.3,2.4,4.4,5.3,9.3,3.4,3.4
11-10,1.3,3.0,3.6,5.4,5.0,3.7,4.7,2.0,4.4,5.0,6.1,0.2,6.1,2.7,2.6,1.6,9.4,3.4,4.6,3.1,4.4,2.8,4.6,4.9,3.4,3.4,0.9,3.2,2.0,0.6,4.5,1.8,1.6,6.2,4.9,,0.2,1.4,2.7,4.6,5.8,9.4,3.6,3.4
11-11,1.5,3.0,3.6,5.5,5.0,3.7,4.8,2.2,4.4,5.2,6.2,0.2,6.2,2.7,3.1,1.8,9.4,3.4,4.7,3.1,4.7,2.8,4.6,5.0,3.6,3.4,0.9,3.7,2.0,0.6,4.6,1.8,1.7,6.2,4.9,,0.2,1.6,2.8,4.7,5.9,9.4,3.7,3.6
11-12,1.6,3.0,3.6,5.5,5.0,3.7,4.9,2.3,4.4,5.5,6.3,0.2,6.4,2.7,3.4,1.8,9.8,3.4,5.0,3.4,4.7,2.8,4.6,5.0,3.8,3.4,0.9,3.7,2.0,0.6,4.6,1.8,1.8,6.2,5.1,,0.2,1.7,2.9,4.9,5.9,9.8,3.8,3.7
11-13,1.9,3.0,3.6,5.5,5.1,3.7,5.7,2.4,4.4,5.5,6.3,0.2,6.4,2.8,3.5,1.8,10.0,3.4,5.1,3.4,4.8,2.9,4.7,5.0,3.8,3.4,0.9,3.7,2.0,0.6,4.6,1.8,1.8,6.2,5.1,,0.2,1.8,2.9,4.9,6.0,10.0,3.8,3.7
11-14,2.0,3.0,3.6,5.6,5.1,3.7,6.2,2.4,4.4,5.5,6.3,0.2,6.4,2.8,3.6,2.5,10.1,3.4,5.4,3.4,4.8,2.9,4.8,5.3,3.9,3.4,1.0,3.7,2.0,0.6,4.6,1.8,2.3,6.2,5.1,,0.2,1.9,2.9,5.0,6.2,10.1,3.9,3.7
11-15,2.7,3.0,3.6,6.4,5.1,3.7,6.2,2.4,4.4,5.6,6.3,0.2,6.5,2.8,3.6,2.5,10.2,3.6,5.6,3.4,4.8,3.3,5.2,5.3,3.9,3.4,1.1,3.7,2.0,0.6,4.6,1.8,2.4,6.2,5.1,,0.2,1.9,3.1,5.1,6.3,10.2,3.9,3.7
11-16,2.8,3.0,3.6,6.5,5.1,3.8,6.2,2.4,4.9,5.6,6.3,0.2,6.6,2.9,3.6,2.5,10.2,3.6,5.7,3.4,4.8,3.3,5.4,5.3,3.9,3.4,1.2,3.8,2.0,0.6,4.6,1.8,2.6,6.2,5.1,,0.2,1.9,3.1,5.1,6.3,10.2,3.9,3.8
11-17,2.9,3.0,3.6,6.5,5.1,3.8,7.0,2.4,5.0,5.6,6.4,0.2,6.6,2.9,3.6,2.8,10.2,3.6,5.7,3.4,4.9,3.4,5.4,5.4,4.0,3.7,1.2,4.4,2.2,0.8,4.6,1.8,2.6,6.2,5.2,,0.2,2.0,3.1,5.1,6.4,10.2,4.1,3.8
11-18,3.3,3.0,3.6,7.1,5.1,3.8,7.3,2.4,5.6,5.6,6.4,0.4,6.7,2.9,3.6,3.6,10.2,3.6,5.7,3.4,4.9,3.4,5.4,5.4,4.4,3.7,1.3,4.5,2.6,1.7,4.6,1.8,2.6,6.2,5.2,,0.4,2.0,3.4,5.3,6.6,10.2,4.3,3.8
11-19,3.8,3.1,3.6,7.5,5.2,3.8,7.6,2.4,5.6,5.7,6.4,0.4,6.8,3.0,3.6,3.6,10.2,3.6,5.7,3.4,4.9,3.4,5.4,5.8,4.4,3.7,1.3,4.5,2.7,1.7,4.6,1.8,2.6,6.2,5.2,,0.4,2.0,3.4,5.3,6.6,10.2,4.3,3.8
11-20,3.9,3.1,3.7,7.5,5.5,3.8,7.7,2.4,5.7,5.9,6.4,0.4,6.8,3.1,3.6,3.6,10.2,3.6,5.7,3.4,4.9,3.4,5.4,5.8,4.4,3.8,1.4,4.5,2.7,1.7,4.6,1.8,2.6,6.4,5.2,,0.4,2.0,3.5,5.5,6.6,10.2,4.3,3.9
11-21,3.9,3.1,4.9,7.7,5.9,3.8,7.9,2.4,5.7,6.0,6.5,0.4,6.8,3.2,3.6,3.6,10.3,3.6,5.7,3.4,4.9,3.4,6.1,5.9,4.4,4.0,1.4,4.6,2.8,1.8,4.6,2.2,2.6,6.4,5.2,,0.4,2.3,3.5,5.7,6.7,10.3,4.3,4.4
11-22,4.0,3.1,4.9,7.9,6.0,3.8,8.0,2.4,6.2,6.1,6.5,1.3,6.8,3.3,3.6,3.8,10.3,3.7,5.7,3.5,4.9,3.4,6.6,6.2,4.4,4.4,1.4,4.6,4.0,1.8,4.6,2.4,2.6,6.4,5.2,,1.3,2.4,3.7,5.9,6.7,10.3,4.4,4.4
11-23,4.2,3.1,4.9,8.0,6.9,4.5,8.0,2.4,7.6,6.1,6.5,1.5,6.8,4.4,3.6,4.0,10.3,3.7,5.7,3.5,4.9,3.6,6.8,6.3,4.4,4.6,2.0,4.6,4.0,1.8,5.1,2.4,2.6,6.4,5.2,,1.5,2.4,3.8,6.0,7.3,10.3,4.6,4.6
11-24,4.7,3.1,4.9,8.0,7.3,4.7,8.0,2.4,7.6,6.2,6.5,1.5,6.8,4.6,3.6,4.0,10.3,3.7,5.7,3.5,4.9,3.6,7.3,6.3,4.4,4.6,2.1,4.6,4.5,1.8,5.4,2.4,2.6,6.4,5.3,,1.5,2.4,3.8,6.1,7.5,10.3,4.8,4.7
11-25,4.8,3.6,4.9,8.0,7.4,4.7,8.1,2.4,7.7,6.2,6.5,1.6,6.8,5.0,3.9,4.0,10.4,3.8,5.7,3.5,4.9,3.7,7.3,6.3,4.4,4.7,2.1,4.6,4.6,1.8,5.8,2.4,2.6,6.4,5.3,,1.6,2.4,3.9,6.1,7.6,10.4,4.9,4.8
11-26,5.0,3.9,4.9,8.0,7.4,4.7,8.5,2.4,7.7,6.2,6.5,1.6,6.8,5.7,4.0,4.0,10.6,3.9,5.7,3.5,4.9,3.7,7.3,6.3,4.4,4.7,2.2,4.6,4.6,1.8,5.8,3.1,2.7,6.4,5.3,,1.6,2.5,4.0,6.1,7.6,10.6,4.9,4.9
11-27,5.2,5.1,5.8,8.0,7.5,4.7,8.6,2.6,7.8,6.5,6.6,1.7,6.8,6.0,4.0,4.2,10.9,4.5,5.7,3.6,4.9,3.7,7.3,6.3,4.4,4.7,2.2,4.8,4.7,1.8,5.8,3.3,2.7,6.4,5.4,,1.7,2.6,4.4,6.2,7.6,10.9,5.0,5.1
11-28,5.4,5.3,5.8,8.4,7.6,4.9,8.9,2.7,7.8,6.8,6.6,1.7,6.8,6.3,4.0,4.2,11.6,4.8,6.3,3.7,5.1,3.7,7.3,6.3,4.4,4.7,2.2,4.8,4.9,2.0,5.9,4.3,2.8,6.4,5.4,,1.7,2.7,4.4,6.3,7.7,11.6,5.2,5.3
11-29,5.6,5.4,5.8,8.6,7.6,5.0,8.9,2.9,8.0,6.8,6.7,1.7,6.8,6.6,4.0,4.2,12.3,4.8,6.4,3.7,5.2,3.7,8.0,6.3,4.4,4.7,2.2,4.9,5.8,2.0,6.4,5.4,2.8,6.4,5.6,,1.7,2.8,4.7,6.4,8.0,12.3,5.5,5.6
11-30,5.6,5.4,5.8,8.9,7.6,5.0,9.0,2.9,8.5,6.8,6.7,1.7,6.9,7.3,4.0,4.2,12.4,5.3,6.6,3.8,5.2,3.7,8.1,6.3,4.4,4.7,2.2,5.0,6.0,2.0,6.8,6.2,2.8,6.4,5.6,,1.7,2.8,4.8,6.7,8.4,12.4,5.6,5.6
12-01,5.7,5.4,5.8,8.9,7.6,5.0,9.0,2.9,8.6,6.8,6.8,1.7,6.9,7.6,4.0,4.2,12.5,5.4,6.8,4.1,5.2,3.7,8.3,6.3,4.6,4.7,2.2,5.0,6.0,2.0,7.1,6.2,2.9,6.4,5.7,,1.7,2.9,4.8,6.8,8.4,12.5,5.6,5.7
12-02,5.7,5.4,5.8,8.9,7.6,5.1,9.0,2.9,9.1,7.0,6.8,2.0,6.9,7.8,4.0,4.2,12.5,5.7,6.8,4.4,5.2,3.7,8.5,6.3,4.6,4.7,2.2,5.1,6.1,2.0,7.2,6.2,2.9,6.4,5.9,,2.0,2.9,4.8,6.8,8.7,12.5,5.7,5.8
12-03,5.8,5.4,5.9,9.0,7.6,5.3,9.0,2.9,9.1,7.1,6.8,2.4,6.9,7.9,4.0,4.2,12.5,6.0,6.8,4.4,5.2,3.7,8.5,6.4,5.1,4.7,2.2,5.1,6.1,2.0,7.9,6.2,2.9,6.4,6.2,,2.0,2.9,5.1,6.8,8.8,12.5,5.8,6.0
12-04,5.8,5.4,5.9,9.0,7.7,5.3,9.4,2.9,9.4,7.1,6.8,2.7,6.9,8.2,4.0,4.2,12.6,6.0,6.8,4.5,5.2,3.7,8.5,6.4,5.1,5.4,2.3,5.1,6.1,2.6,7.9,6.2,2.9,6.4,6.3,,2.3,2.9,5.1,6.8,8.8,12.6,5.8,6.0
12-05,5.8,5.5,5.9,9.0,7.7,5.3,9.7,3.5,9.4,7.1,7.2,2.7,6.9,8.4,4.0,4.2,12.6,6.1,6.9,4.5,5.3,3.7,8.6,6.6,5.1,5.4,2.3,5.1,6.1,2.6,7.9,6.5,2.9,6.4,6.5,,2.3,3.1,5.2,6.9,8.8,12.6,5.9,6.1
12-06,5.8,5.5,5.9,9.0,7.8,5.3,9.7,3.7,10.2,7.1,7.2,2.8,6.9,8.6,4.0,4.2,12.6,6.2,6.9,4.5,5.3,3.8,8.6,6.6,5.2,5.4,2.3,5.1,6.1,2.6,7.9,6.6,2.9,6.4,6.6,,2.3,3.2,5.3,6.9,8.8,12.6,5.9,6.1
12-07,5.8,5.5,5.9,9.0,7.8,5.3,10.0,3.8,10.6,7.2,7.4,2.8,6.9,9.0,4.0,4.2,12.6,6.4,6.9,4.8,5.3,3.8,8.8,6.6,5.2,5.4,2.3,5.1,6.1,2.6,8.0,6.6,2.9,6.4,6.6,,2.3,3.2,5.3,6.9,9.0,12.6,6.0,6.1
12-08,5.9,5.5,5.9,9.4,8.0,5.4,10.3,4.0,10.6,7.4,7.6,3.2,6.9,9.2,4.0,4.9,13.1,6.4,6.9,5.8,5.3,4.1,8.8,6.7,5.2,6.1,2.3,5.2,6.1,2.6,8.0,6.6,2.9,6.4,6.9,,2.3,3.5,5.3,6.9,9.3,13.1,6.0,6.1
12-09,5.9,5.5,5.9,9.5,8.0,5.4,10.4,4.1,10.6,8.6,7.8,3.3,6.9,9.3,4.0,5.4,13.4,6.5,6.9,6.1,5.7,4.2,8.8,6.7,5.4,6.2,2.3,5.2,6.3,2.6,8.0,7.2,2.9,6.5,6.9,,2.3,3.6,5.4,7.2,9.4,13.4,6.2,6.3
12-10,5.9,5.6,5.9,9.5,8.1,5.4,10.4,4.1,10.8,9.3,8.0,3.4,6.9,9.3,4.0,5.4,13.5,6.6,6.9,6.1,5.7,4.2,8.8,6.7,5.8,6.2,2.3,5.2,6.4,2.6,8.0,7.2,2.9,7.4,6.9,,2.3,3.6,5.6,7.3,9.4,13.5,6.3,6.4
12-11,5.9,5.9,5.9,9.5,8.2,5.4,10.4,4.2,11.2,9.3,8.0,3.6,7.5,9.4,4.0,5.4,13.6,6.6,7.5,6.1,5.7,4.3,9.3,6.7,5.8,6.3,2.3,5.6,7.1,2.6,8.0,7.2,2.9,7.5,7.0,,2.3,3.8,5.7,7.5,9.4,13.6,6.4,6.6
12-12,6.0,6.0,5.9,9.5,9.0,5.5,10.4,4.2,12.0,9.3,8.0,3.7,7.8,9.4,4.1,5.5,13.6,6.6,7.8,6.1,5.7,4.4,9.3,6.7,5.8,6.3,2.3,5.6,7.1,2.6,8.0,7.2,3.0,7.5,7.6,,2.3,3.9,5.7,7.8,9.4,13.6,6.4,6.6
12-13,6.0,6.0,5.9,9.5,9.5,6.4,10.6,4.5,12.0,9.3,8.0,3.7,8.0,9.5,4.2,5.5,13.6,6.6,8.0,6.2,5.7,5.0,9.3,6.7,5.8,6.3,2.6,5.6,7.1,2.6,8.1,7.5,3.2,7.5,7.8,,2.6,3.9,5.8,8.0,9.5,13.6,6.4,6.6
12-14,6.0,6.0,6.6,9.5,9.5,6.4,11.2,4.7,12.2,9.4,8.0,4.1,8.0,9.7,4.2,5.6,13.6,6.6,8.2,6.2,6.0,6.2,9.3,6.8,5.8,6.3,3.1,5.9,7.1,2.6,8.2,8.0,3.2,7.6,7.9,,2.6,4.1,6.0,8.0,9.6,13.6,6.8,6.6
12-15,6.1,6.0,6.6,9.5,9.6,6.4,11.2,4.7,12.2,9.4,8.0,4.1,8.1,10.1,4.2,6.0,13.6,6.6,8.2,6.3,6.1,6.3,9.6,6.8,6.1,6.3,3.1,7.1,7.3,2.6,8.2,8.1,3.3,8.8,8.0,,2.6,4.1,6.1,8.2,9.9,13.6,7.0,6.8
12-16,6.3,6.1,6.6,9.5,9.9,6.5,11.2,4.8,12.3,9.4,8.0,4.1,8.4,10.3,4.2,6.2,13.6,6.6,8.3,6.3,6.3,6.3,9.9,6.8,6.4,6.3,3.1,7.8,7.6,2.6,8.2,8.2,3.5,8.9,8.2,,2.6,4.1,6.3,8.3,10.2,13.6,7.2,6.8
12-17,6.3,6.1,6.7,9.5,10.0,6.6,11.2,4.9,12.4,9.4,8.1,4.2,8.4,10.5,4.7,6.2,13.6,6.6,8.6,6.4,6.5,6.3,9.9,6.8,6.4,6.3,3.1,7.8,9.0,2.7,8.2,8.5,3.5,9.1,8.2,,2.7,4.4,6.3,8.6,10.3,13.6,7.4,6.8
12-18,6.4,6.2,6.8,9.5,10.2,6.6,11.3,4.9,12.4,9.5,8.1,4.2,8.6,10.7,5.1,6.2,13.6,6.7,8.9,6.4,6.5,6.3,10.0,6.8,7.2,6.4,3.1,7.9,9.2,2.7,8.2,8.5,4.3,9.1,8.2,,2.7,4.6,6.4,8.8,10.5,13.6,7.4,7.2
12-19,6.4,6.2,7.0,9.7,10.4,6.7,11.3,4.9,12.5,9.5,8.1,4.2,8.6,10.7,5.2,6.2,13.6,7.0,8.9,6.5,6.6,6.3,10.3,6.8,7.5,6.6,3.1,7.9,9.2,2.7,8.2,8.5,4.3,9.1,8.2,,2.7,4.6,6.5,8.8,10.6,13.6,7.6,7.5
12-20,6.5,6.2,7.4,9.9,10.4,6.8,11.3,4.9,12.5,9.6,8.2,4.2,8.7,10.7,5.3,6.2,13.6,7.2,8.9,6.8,6.9,6.3,11.9,6.8,7.5,7.4,3.2,7.9,9.4,2.7,8.2,8.5,4.3,9.2,8.3,,2.7,4.6,6.8,8.9,11.0,13.6,7.6,7.5
12-21,7.0,6.2,7.7,10.0,10.5,6.8,11.3,5.0,12.5,9.6,8.3,4.2,8.7,10.7,5.4,6.2,13.6,7.2,8.9,7.4,6.9,6.3,12.9,6.8,7.6,7.4,3.3,8.2,9.4,3.0,8.2,8.5,4.5,9.2,8.3,,3.0,4.7,6.8,8.9,11.1,13.6,7.8,7.7
12-22,7.8,6.2,7.7,10.0,10.5,6.8,11.3,5.1,12.6,9.6,8.3,4.4,8.7,10.7,5.5,6.8,13.6,7.3,9.0,7.6,7.1,6.3,13.6,7.0,7.6,7.8,4.4,8.6,9.6,3.1,8.4,8.5,4.5,9.2,8.3,,3.1,4.7,7.1,8.9,11.1,13.6,8.0,7.8
12-23,7.9,6.2,7.7,10.0,10.5,6.9,11.4,5.1,13.0,9.6,8.3,4.4,8.7,10.7,5.5,6.8,13.8,7.3,9.2,7.7,7.5,6.7,14.8,7.1,7.6,8.0,4.9,9.4,9.6,3.1,8.4,8.5,4.5,9.2,8.3,,3.1,5.0,7.1,9.2,11.1,14.8,8.0,8.0
12-24,8.5,6.2,7.7,10.0,10.5,6.9,11.4,5.1,13.0,9.7,8.3,4.4,8.7,10.7,5.6,6.8,13.9,7.3,9.2,7.8,7.5,6.7,14.8,7.1,7.6,8.0,4.9,9.6,9.8,3.2,8.5,8.7,4.5,9.8,8.4,,3.2,5.0,7.1,9.5,11.1,14.8,8.1,8.3
12-25,8.7,6.2,7.8,10.0,10.5,7.0,11.7,5.1,13.0,10.0,8.4,4.4,8.9,10.8,5.6,7.0,14.0,7.4,9.2,8.2,7.9,6.7,14.8,7.1,8.3,8.0,5.1,9.8,10.8,3.6,8.6,8.9,4.5,9.9,8.4,,3.6,5.1,7.2,9.7,11.3,14.8,8.3,8.4
12-26,9.3,6.2,7.8,10.0,10.5,7.1,11.7,5.1,13.3,10.1,8.4,4.4,8.9,10.8,5.7,8.4,14.0,7.4,9.2,8.4,9.6,6.7,14.8,7.1,8.4,8.1,6.1,10.1,11.0,3.8,9.1,9.2,4.5,9.9,8.4,,3.8,5.3,7.5,9.8,11.5,14.8,8.5,8.4
12-27,9.5,6.2,7.8,10.0,10.6,7.2,11.7,5.1,13.6,10.1,8.4,4.4,9.0,10.9,5.8,9.6,14.1,7.9,9.2,8.5,9.7,6.7,15.1,7.1,9.2,8.1,6.2,10.1,11.0,3.8,9.2,9.2,4.5,10.0,8.5,,3.8,5.4,7.8,9.9,11.5,15.1,8.7,9.2
12-28,9.5,6.2,7.8,10.0,10.6,7.2,11.7,5.1,13.8,10.1,8.4,4.4,9.0,10.9,5.9,10.2,14.1,8.1,9.4,8.6,9.8,6.7,15.1,7.1,9.5,8.1,6.2,10.1,11.2,3.8,9.4,9.2,4.5,10.4,9.2,,3.8,5.4,7.8,10.1,11.5,15.1,8.8,9.2
12-29,9.6,6.2,7.8,10.1,11.4,7.2,11.7,5.2,13.8,10.1,8.4,4.4,9.0,10.9,5.9,10.2,14.2,8.2,9.5,8.8,9.9,6.7,15.2,7.2,9.5,8.1,6.5,10.2,11.2,3.8,9.5,9.3,4.6,10.4,9.8,,3.8,5.5,7.8,10.1,11.6,15.2,9.0,9.5
12-30,9.7,6.2,7.8,10.1,12.0,7.2,11.8,5.3,13.8,10.2,8.4,4.4,9.0,11.0,5.9,10.5,14.9,8.3,9.5,9.0,9.9,6.9,17.5,7.2,9.5,8.1,6.8,10.2,11.2,3.8,9.5,9.4,4.6,10.6,9.9,,3.8,5.6,7.8,10.1,11.9,17.5,9.0,9.5
12-31,9.8,6.2,7.9,10.2,12.3,7.2,11.8,6.4,13.9,10.2,8.4,4.4,9.0,11.0,6.0,10.8,15.0,8.6,9.5,9.3,9.9,7.2,18.0,7.2,9.5,8.1,6.8,10.3,11.2,3.8,9.8,9.4,4.7,11.5,10.4,,3.8,6.1,7.9,10.3,12.1,18.0,9.2,9.5
01-01,9.8,6.3,7.9,10.3,12.5,7.2,11.8,6.7,13.9,10.2,8.9,4.4,9.0,11.2,6.3,10.9,15.2,9.2,9.5,9.3,9.9,7.2,18.0,7.2,9.5,8.1,6.8,10.3,11.2,3.8,9.8,9.5,4.8,12.0,11.5,,3.8,6.3,7.9,10.3,12.3,18.0,9.3,9.5
01-02,9.8,6.3,7.9,10.3,12.6,7.3,11.8,6.8,13.9,10.2,8.9,4.5,9.0,11.2,6.4,11.0,15.3,9.5,9.5,9.3,9.9,7.3,18.0,7.2,9.6,8.1,6.8,10.4,11.2,3.8,9.8,10.2,4.8,12.0,12.5,,3.8,6.3,7.9,10.4,12.6,18.0,9.4,9.6
01-03,9.8,6.8,7.9,10.3,13.4,7.3,11.8,6.9,14.8,10.4,8.9,4.9,9.0,11.4,6.6,11.4,15.5,10.6,9.6,9.4,10.6,7.3,18.0,7.2,9.6,8.1,6.9,10.4,11.7,3.8,9.9,10.3,4.8,12.0,12.8,,3.8,6.6,7.9,10.6,13.1,18.0,9.6,9.8
01-04,9.8,6.9,7.9,10.4,13.4,7.3,11.8,6.9,15.1,10.4,8.9,5.0,9.0,11.4,6.6,11.7,15.6,11.1,9.6,9.4,10.6,7.3,18.0,7.2,9.6,8.1,6.9,10.5,11.8,3.8,10.0,10.3,4.9,12.0,12.8,,3.8,6.7,7.9,11.0,13.2,18.0,9.6,9.8
01-05,9.9,7.0,8.0,10.5,13.4,7.4,12.0,7.0,15.1,10.8,9.0,5.3,9.0,11.4,6.6,11.7,15.8,11.1,10.1,9.7,10.6,7.3,18.0,7.2,9.6,8.1,6.9,10.6,12.3,3.8,10.0,10.3,5.0,12.2,12.8,,3.8,6.7,8.0,11.1,13.2,18.0,9.7,10.0
01-06,10.1,7.0,8.0,10.5,13.5,7.8,12.4,7.1,15.2,11.2,9.0,5.4,9.0,11.5,6.7,11.7,16.2,11.2,10.2,10.4,11.1,7.3,18.0,7.2,9.6,8.1,7.0,10.8,12.5,3.8,10.3,10.4,5.1,12.3,13.3,,3.8,6.8,8.0,11.2,13.4,18.0,10.0,10.3
01-07,10.3,7.1,8.0,10.9,13.7,7.9,12.6,7.2,15.2,11.2,9.0,5.4,9.0,11.6,6.8,11.9,16.4,11.2,10.3,10.8,11.4,7.4,18.0,7.2,9.6,8.1,7.0,11.2,12.5,4.1,11.2,10.4,5.1,12.4,13.8,,4.1,6.8,8.0,11.3,13.8,18.0,10.2,10.4
01-08,10.4,7.2,8.4,11.1,14.5,8.0,12.8,7.2,15.4,11.2,9.0,5.5,9.0,11.6,6.8,12.0,16.6,11.2,10.4,10.8,11.4,7.4,18.0,7.4,9.6,8.3,7.0,11.7,12.8,4.1,11.6,10.4,5.1,12.4,13.8,,4.1,6.9,8.3,11.6,14.2,18.0,10.2,10.4
01-09,10.5,7.3,8.4,11.2,15.1,8.1,12.8,7.2,15.4,11.2,9.0,5.6,9.0,11.6,6.8,12.0,16.8,11.2,10.4,11.0,11.7,7.4,18.0,7.4,9.6,8.6,7.0,11.7,13.1,4.4,11.7,10.5,5.1,12.4,13.8,,4.4,6.9,8.4,11.7,14.6,18.0,10.4,10.5
01-10,10.9,7.3,8.4,11.2,15.5,8.4,12.9,7.2,15.5,11.2,9.0,5.7,9.0,11.6,6.8,12.0,17.0,11.3,10.4,11.5,11.7,7.4,18.2,7.4,9.6,8.9,7.0,11.7,13.8,4.8,11.7,10.6,5.1,12.4,14.6,,4.8,6.9,8.5,11.7,15.2,18.2,10.5,10.9
01-11,11.2,7.3,8.4,11.2,16.3,8.4,13.3,7.2,15.8,11.5,9.0,6.0,9.1,11.6,6.9,12.0,17.7,11.4,10.4,11.6,11.7,7.4,18.2,7.4,10.0,9.0,7.1,11.7,13.9,5.3,11.7,10.6,5.1,12.4,15.8,,5.1,7.0,8.5,11.7,15.8,18.2,10.5,11.2
01-12,11.3,7.3,8.4,11.4,16.6,8.4,13.8,7.2,17.2,12.2,9.0,6.2,9.7,11.6,6.9,12.0,18.8,11.6,10.8,11.7,11.7,7.4,18.3,7.4,10.5,9.0,7.2,11.7,14.4,5.3,11.7,10.9,5.1,12.4,16.0,,5.1,7.0,8.5,11.7,16.3,18.8,10.7,11.3
01-13,11.4,7.3,8.4,11.5,16.6,8.5,13.9,7.2,17.5,12.6,9.0,6.2,9.8,11.6,6.9,12.0,18.9,11.6,10.9,11.7,11.7,7.4,18.3,7.4,10.6,9.1,8.0,11.7,14.6,5.3,11.7,11.1,5.2,12.4,16.0,,5.2,7.1,8.6,11.7,16.4,18.9,10.8,11.4
01-14,11.4,7.7,8.8,11.5,16.8,8.5,14.1,7.2,17.9,13.2,9.1,6.3,9.9,11.6,6.9,12.0,18.9,11.8,10.9,11.8,11.7,7.4,18.4,7.4,10.6,9.1,8.0,11.7,14.7,5.3,11.7,11.3,5.2,12.4,16.1,,5.2,7.1,8.8,11.8,16.5,18.9,11.0,11.4
01-15,11.5,8.2,9.1,11.6,17.1,8.5,14.2,7.2,18.0,13.2,9.1,6.3,10.1,11.6,6.9,12.0,18.9,11.8,10.9,11.8,11.7,7.4,18.4,7.4,10.6,9.1,8.0,11.8,14.8,5.3,11.7,11.3,5.2,12.4,16.5,,5.2,7.1,9.1,11.8,16.9,18.9,11.0,11.5
01-16,11.6,8.5,10.1,11.6,17.1,8.5,15.1,7.3,18.2,14.0,9.2,6.3,10.4,11.7,6.9,12.0,18.9,12.2,10.9,11.8,11.7,7.4,18.4,7.4,10.8,9.1,8.0,12.0,14.8,5.3,12.0,11.4,5.2,12.4,17.8,,5.2,7.1,9.1,12.0,17.5,18.9,11.1,11.6
01-17,11.7,8.7,10.1,11.6,17.4,8.5,15.3,7.8,18.2,14.1,9.3,6.3,10.4,11.7,6.9,12.0,18.9,12.2,10.9,11.8,11.7,7.4,18.7,7.4,10.8,9.1,8.0,12.4,14.8,5.3,12.2,11.5,5.2,12.4,18.2,,5.2,7.1,9.2,12.2,17.9,18.9,11.1,11.6
01-18,11.7,8.8,10.1,11.6,17.5,8.5,15.4,8.6,18.2,14.2,9.5,6.4,10.4,11.7,6.9,12.0,18.9,12.4,10.9,11.9,11.7,7.4,18.8,7.5,10.8,9.1,8.0,12.4,14.8,5.3,13.7,12.0,5.2,12.4,18.5,,5.2,7.1,9.2,12.4,18.0,18.9,11.3,11.7
01-19,11.7,8.8,10.1,11.6,17.9,8.5,15.4,8.8,18.2,14.2,9.9,6.8,10.4,11.8,6.9,12.0,18.9,12.8,10.9,12.0,11.7,8.0,18.8,7.9,10.9,9.1,8.0,12.9,14.9,5.3,13.9,12.0,5.3,12.4,18.5,,5.3,7.3,9.3,12.7,18.1,18.9,11.4,11.7
01-20,11.7,8.8,10.5,11.6,18.0,8.5,15.4,9.2,18.3,14.9,10.0,6.8,10.6,12.0,6.9,12.0,18.9,13.6,11.0,12.0,11.7,8.6,19.3,8.0,10.9,9.1,8.0,13.1,15.2,5.7,14.0,12.0,5.3,12.4,18.6,,5.3,7.3,9.3,13.0,18.2,19.3,11.5,11.7
01-21,11.7,8.8,10.5,11.6,18.0,8.5,15.4,9.4,18.3,15.0,11.0,6.9,10.6,12.0,6.9,12.0,18.9,13.7,11.1,12.1,11.7,8.9,19.3,8.0,10.9,9.1,8.0,13.2,15.6,6.3,14.0,12.0,5.4,12.5,18.7,,5.4,7.3,9.6,13.0,18.2,19.3,11.6,11.7
01-22,11.7,8.8,10.5,11.6,18.0,8.5,15.4,9.6,18.6,15.0,11.3,7.0,10.6,12.1,6.9,12.0,18.9,13.7,11.2,12.4,11.7,9.6,19.3,9.8,10.9,9.1,8.0,13.2,16.3,6.3,15.0,12.1,5.4,12.5,18.7,,5.4,7.5,9.9,13.0,18.3,19.3,11.7,11.7
01-23,11.7,8.8,10.5,11.6,18.2,8.5,15.4,9.7,19.0,15.0,11.4,7.1,10.6,12.2,6.9,12.0,18.9,13.7,11.2,12.4,12.0,10.2,19.4,9.8,10.9,9.1,8.0,13.2,16.6,6.3,15.0,12.2,5.9,12.5,18.9,,5.9,7.5,10.2,13.1,18.6,19.4,11.8,11.7
01-24,11.7,9.0,10.5,11.6,18.3,8.6,15.5,9.9,19.5,15.0,11.6,7.2,10.6,12.3,6.9,12.0,18.9,13.8,11.2,12.5,12.4,10.3,19.4,10.4,10.9,9.1,8.1,13.7,17.4,6.3,15.1,12.2,6.2,12.5,18.9,,6.2,7.6,10.5,13.4,18.7,19.5,11.9,11.7
01-25,11.7,9.1,10.5,11.6,18.5,8.6,15.7,10.2,19.5,15.0,12.0,7.4,10.8,12.4,7.0,12.1,18.9,13.9,11.2,12.6,13.0,10.3,19.4,10.4,11.1,9.1,8.1,14.2,17.4,6.3,15.1,12.4,6.3,12.6,19.0,,6.3,7.7,10.5,13.7,18.7,19.5,12.0,12.0
01-26,11.7,9.1,10.5,11.6,18.5,8.8,15.8,11.0,20.2,15.0,12.0,8.0,11.1,12.5,7.1,12.4,18.9,13.9,11.2,12.7,13.9,10.3,19.6,10.4,11.1,9.1,8.1,14.2,17.5,6.5,15.1,12.4,6.3,12.6,19.0,,6.3,8.0,10.6,13.9,18.7,20.2,12.2,12.0
01-27,11.7,9.1,10.5,11.6,18.5,9.1,16.7,11.0,20.6,15.0,12.5,8.3,11.2,12.5,7.2,12.4,19.0,13.9,11.2,12.7,14.0,10.5,19.6,10.8,11.2,9.1,8.1,14.2,17.6,6.5,15.1,12.9,6.5,12.6,19.1,,6.5,8.2,10.9,14.0,18.8,20.6,12.5,12.4
01-28,11.7,9.1,10.5,11.6,18.6,9.2,16.8,11.1,20.7,15.0,12.6,8.3,11.2,12.6,7.5,12.6,19.2,14.2,11.2,12.9,14.1,10.6,19.6,10.8,11.7,9.1,8.1,14.2,17.7,6.6,15.1,13.0,6.6,12.6,19.2,,6.6,8.2,10.9,14.1,18.9,20.7,12.6,12.6
01-29,11.7,9.2,10.5,11.6,18.6,9.2,16.8,11.3,21.1,15.0,12.7,8.4,11.2,12.8,7.8,12.6,19.2,14.5,11.2,13.3,14.1,10.6,19.6,10.8,11.9,9.1,8.2,14.2,17.7,6.6,15.1,13.0,6.8,12.6,19.2,,6.6,8.2,10.9,14.2,19.0,21.1,12.8,12.6
01-30,11.8,9.2,10.5,11.6,18.6,9.3,16.8,11.5,21.1,15.1,12.7,8.4,11.5,12.9,7.9,12.6,19.4,14.6,11.2,13.6,14.1,10.6,19.6,10.8,12.5,9.9,8.2,14.3,17.7,6.6,15.1,13.0,7.2,12.6,19.3,,6.6,8.3,10.9,14.3,19.0,21.1,12.9,12.6
01-31,11.8,9.3,10.5,11.6,18.6,9.4,16.8,11.9,21.2,15.4,12.7,8.4,11.6,13.0,8.0,12.8,19.4,14.7,11.2,13.9,14.1,10.8,19.6,10.8,12.8,10.2,8.6,14.6,17.7,6.6,15.1,13.1,7.2,12.6,19.3,,6.6,8.5,10.9,14.5,19.0,21.2,13.0,12.7
02-01,11.9,9.6,10.5,11.6,18.7,9.4,17.1,12.4,21.2,15.4,13.0,9.1,11.7,13.1,8.1,12.9,19.4,15.1,11.4,14.0,14.1,10.9,19.8,10.8,12.8,10.4,8.6,14.9,17.7,6.6,15.1,13.2,7.2,12.6,19.3,,6.6,8.8,11.0,14.7,19.1,21.2,13.1,12.8
02-02,12.3,9.9,10.5,11.6,19.0,9.4,17.1,12.4,21.2,15.4,13.2,9.2,11.7,13.1,8.1,12.9,19.4,15.6,11.5,14.3,14.1,10.9,19.9,10.9,12.8,10.4,8.6,15.3,17.7,6.6,15.1,13.2,7.2,12.6,19.3,,6.6,8.8,11.0,15.0,19.2,21.2,13.1,12.8
02-03,12.6,10.0,10.5,11.6,19.0,9.5,17.1,12.4,21.8,15.8,13.3,9.2,11.8,13.1,9.2,13.0,19.5,15.9,11.5,14.4,14.2,10.9,19.9,11.0,12.8,10.4,8.6,15.3,17.8,6.6,15.4,13.2,7.3,12.7,19.3,,6.6,9.2,11.1,15.1,19.2,21.8,13.1,12.8
02-04,13.3,10.0,10.5,11.6,19.0,9.5,17.1,12.4,21.8,15.8,13.3,9.2,11.8,13.1,9.4,13.4,19.5,15.9,11.5,15.6,14.2,10.9,20.0,11.0,12.8,10.6,8.6,15.3,17.8,6.6,15.8,13.9,7.4,12.7,19.4,,6.6,9.2,11.1,15.5,19.3,21.8,13.1,13.1
02-05,13.4,10.0,10.5,11.6,19.0,9.5,17.1,12.9,21.8,15.9,13.5,9.2,11.9,13.1,9.4,13.9,19.5,16.1,11.6,15.6,14.2,10.9,20.0,11.0,12.8,10.6,8.6,15.5,17.8,6.6,16.0,13.9,7.5,12.7,19.4,,6.6,9.3,11.1,15.6,19.3,21.8,13.3,13.1
02-06,13.4,10.0,10.5,11.6,19.1,9.5,17.1,13.0,22.2,15.9,13.7,9.2,11.9,13.1,9.5,14.2,19.5,16.1,11.6,15.6,14.2,11.1,20.0,11.0,12.8,10.7,8.6,15.5,17.8,6.6,16.6,14.2,7.6,12.7,19.6,,6.6,9.3,11.2,15.6,19.3,22.2,13.4,13.1
02-07,13.4,10.1,10.5,11.6,19.1,9.6,17.1,13.0,22.2,16.4,13.7,9.2,12.0,13.1,9.5,14.2,19.8,16.2,11.6,15.8,14.4,11.1,20.0,11.0,12.8,10.8,8.6,15.5,17.8,6.6,17.4,14.9,7.7,12.7,19.9,,6.6,9.3,11.2,15.7,19.5,22.2,13.6,13.1
02-08,13.4,10.6,10.5,11.6,19.2,10.3,17.2,13.0,22.2,16.8,13.8,9.2,12.1,13.1,9.5,14.5,20.2,16.2,11.6,16.2,14.5,11.2,20.7,11.0,12.8,10.9,8.6,15.5,18.2,6.6,17.4,14.9,7.7,12.7,19.9,,6.6,9.3,11.3,16.0,19.6,22.2,13.6,13.1
02-09,13.6,10.7,10.5,11.6,19.7,11.2,17.4,13.0,22.2,17.6,13.9,9.2,12.1,13.2,9.6,14.9,20.3,16.2,11.6,16.2,14.8,11.2,20.7,11.1,13.0,11.2,8.6,15.5,18.2,6.6,17.4,14.9,7.7,12.7,20.0,,6.6,9.4,11.3,16.0,19.9,22.2,13.8,13.2
02-10,13.7,10.8,10.5,11.8,20.2,11.4,17.6,13.0,22.2,17.6,14.2,9.2,12.2,13.2,9.6,15.0,20.4,16.2,11.6,16.2,15.6,11.2,20.7,11.1,13.5,11.6,8.7,15.5,18.3,6.6,17.7,14.9,7.8,12.7,20.0,,6.6,9.4,11.6,16.0,20.1,22.2,14.0,13.5
02-11,13.8,10.8,10.5,12.0,20.3,11.7,17.8,13.0,22.2,17.6,15.0,9.7,12.3,13.4,9.7,15.0,20.4,16.2,11.8,16.2,15.8,11.2,20.7,11.1,13.5,12.0,8.7,15.5,19.1,6.8,18.2,14.9,7.8,12.7,20.0,,6.8,9.7,11.8,16.1,20.2,22.2,14.1,13.5
02-12,13.8,10.9,10.5,13.1,20.4,12.1,18.5,13.0,22.3,18.1,15.1,9.9,12.4,13.4,9.7,15.0,20.6,16.2,12.2,16.2,15.9,11.2,20.7,11.1,13.5,12.0,8.7,15.5,19.6,6.8,18.2,15.1,7.8,12.7,20.0,,6.8,9.8,12.1,16.1,20.2,22.3,14.3,13.5
02-13,13.9,11.3,10.5,13.3,20.4,12.1,18.6,13.0,22.5,18.2,15.2,11.1,12.7,13.4,9.9,15.0,20.9,16.2,12.4,16.2,16.0,11.4,20.7,11.4,13.6,12.2,8.7,15.5,19.6,6.8,18.2,15.1,8.4,12.7,20.0,,6.8,10.2,12.2,16.1,20.2,22.5,14.4,13.6
02-14,13.9,11.6,10.5,13.8,20.4,12.2,18.7,13.0,22.5,18.2,15.2,11.4,12.8,13.4,10.0,15.0,21.0,16.2,12.4,16.6,16.2,11.5,20.7,11.6,13.7,12.4,8.7,15.5,19.6,6.8,18.6,15.1,9.7,12.7,20.0,,6.8,10.2,12.4,16.2,20.2,22.5,14.5,13.8
02-15,13.9,11.8,10.5,14.0,20.4,12.2,19.4,13.0,22.6,18.7,15.2,12.0,12.9,13.4,10.1,15.0,21.2,16.2,12.5,17.0,16.6,11.6,20.7,11.6,13.7,12.4,8.7,15.6,19.6,7.0,19.4,15.1,9.8,12.7,20.1,,7.0,10.3,12.4,16.6,20.3,22.6,14.5,13.9
02-16,14.0,12.0,10.5,14.2,20.5,12.2,19.5,13.0,22.6,19.8,15.2,12.0,12.9,13.4,10.1,15.0,21.8,16.5,12.8,17.1,16.8,11.7,20.7,11.9,13.7,12.4,8.7,15.6,19.6,7.1,19.7,15.1,10.1,12.7,20.1,,7.1,10.3,12.4,16.7,20.4,22.6,14.6,14.0
02-17,14.0,12.1,11.4,14.7,20.6,12.3,19.6,13.0,22.7,20.0,15.2,12.3,12.9,13.4,10.2,15.1,21.9,16.6,12.8,17.1,17.3,11.7,21.2,11.9,13.7,12.4,8.7,15.6,19.6,7.1,19.8,15.6,11.2,12.9,20.2,,7.1,11.3,12.5,17.0,20.4,22.7,14.7,14.0
02-18,14.1,12.5,11.9,14.8,20.8,12.5,19.6,13.1,23.0,20.1,15.4,13.0,13.0,13.4,10.2,15.2,22.0,16.6,12.8,17.1,17.8,11.7,21.2,11.9,13.7,12.4,8.7,15.8,19.9,7.1,20.0,15.6,12.0,13.0,20.2,,7.1,11.8,12.8,17.0,20.5,23.0,14.9,14.1
02-19,14.2,12.7,11.9,14.9,21.2,12.8,19.6,13.2,23.1,20.1,15.4,13.1,13.1,13.5,10.2,15.2,22.1,16.8,12.9,17.1,17.8,11.8,21.2,12.0,13.7,12.4,8.7,16.3,20.0,7.8,20.1,15.6,12.1,13.0,20.2,,7.8,11.9,12.9,17.1,20.8,23.1,15.0,14.2
02-20,14.7,12.8,11.9,14.9,21.5,13.2,19.6,13.6,23.3,20.2,15.4,13.2,13.2,13.6,10.2,15.6,22.4,16.9,13.4,17.2,17.8,11.9,22.0,12.2,13.8,12.4,8.7,16.3,20.6,8.1,20.2,15.6,12.2,13.0,20.2,,8.1,11.9,13.2,17.1,21.1,23.3,15.1,14.7
02-21,15.0,12.8,11.9,14.9,22.3,13.6,19.6,14.4,23.4,20.2,15.4,13.3,13.2,13.7,10.2,15.6,23.2,17.0,13.4,17.2,17.8,12.0,22.5,12.4,13.9,12.5,8.7,16.4,20.7,8.1,20.3,15.8,12.2,13.0,20.2,,8.1,12.0,13.2,17.2,21.6,23.4,15.2,14.9
02-22,15.1,12.8,11.9,14.9,22.3,13.8,19.6,14.6,23.4,20.2,15.6,13.6,13.2,13.8,10.2,15.7,23.2,17.0,13.4,17.3,17.8,12.1,22.5,12.4,13.9,12.5,8.7,16.4,21.3,8.1,20.6,15.8,12.2,13.1,21.1,,8.1,12.0,13.3,17.3,21.9,23.4,15.3,14.9
02-23,15.1,12.8,11.9,15.4,22.4,14.2,19.6,15.4,23.5,20.7,15.6,13.7,13.4,13.8,10.2,16.0,23.3,17.0,13.4,17.8,17.8,12.1,22.5,12.5,14.1,12.5,8.7,16.6,21.7,8.4,20.6,15.9,12.3,13.3,21.9,,8.4,12.0,13.4,17.7,22.2,23.5,15.5,15.4
02-24,15.2,12.8,12.0,15.4,23.3,14.2,19.6,15.4,23.6,21.2,15.7,14.2,14.0,13.8,10.2,16.0,23.3,17.0,14.0,17.9,17.9,12.2,22.5,12.5,14.5,12.5,8.8,16.8,21.9,8.7,20.6,15.9,12.3,13.5,22.0,,8.7,12.1,13.9,17.7,22.3,23.6,15.7,15.4
02-25,15.2,12.8,12.0,15.4,23.7,14.3,19.6,15.4,23.6,23.0,15.7,15.1,14.1,13.8,10.5,16.1,23.3,17.0,14.1,18.6,17.9,12.6,22.5,12.5,14.5,12.5,8.8,16.8,22.1,8.9,20.7,15.9,12.3,13.6,22.3,,8.8,12.1,13.9,17.7,22.8,23.7,15.8,15.4
02-26,15.2,12.8,12.0,15.4,23.8,14.4,19.6,15.8,23.6,23.3,15.7,15.2,14.1,13.8,10.6,16.2,23.3,17.1,14.5,18.8,17.9,12.7,22.9,12.5,14.6,12.5,8.8,16.8,22.2,9.0,20.8,15.9,12.3,13.6,22.4,,8.8,12.1,13.9,17.7,23.1,23.8,15.9,15.4
02-27,15.2,12.8,12.0,15.4,24.0,14.4,19.6,16.2,23.8,23.6,15.7,15.3,14.1,13.9,10.6,17.6,23.3,17.1,14.7,18.8,17.9,12.8,23.2,12.6,14.8,12.5,9.0,16.8,22.3,9.0,20.8,15.9,12.4,13.6,22.6,,9.0,12.2,13.9,17.8,23.3,24.0,16.0,15.4
02-28,15.3,12.9,12.0,15.4,24.0,15.2,19.6,16.2,24.6,23.7,15.7,15.4,14.2,13.9,10.7,18.0,23.4,17.1,14.9,18.8,17.9,12.8,23.2,12.7,14.8,13.3,9.0,16.8,22.7,9.0,20.8,15.9,12.5,13.6,23.0,,9.0,12.2,13.9,18.0,23.3,24.6,16.2,15.4
02-29,,,,15.4,,,,16.3,,,,15.6,,,,19.6,,,,18.8,,,,12.7,,,,16.8,,,,15.9,,,,,9.0,12.2,13.9,18.0,23.3,24.6,16.2,15.4
03-01,15.3,12.9,12.3,15.5,24.0,15.2,19.6,16.3,24.8,23.8,15.7,15.8,14.3,14.0,10.7,20.0,23.4,17.2,15.1,18.8,17.9,12.8,23.2,13.3,14.9,13.9,9.2,16.8,22.8,9.0,20.9,15.9,12.5,13.6,23.2,,9.0,12.4,14.0,18.7,23.3,24.8,16.2,15.7
03-02,15.5,12.9,13.4,15.5,24.0,15.3,19.8,16.3,24.9,23.9,15.7,16.0,14.3,14.0,10.9,20.1,23.4,17.2,15.2,19.1,17.9,12.8,23.2,14.0,14.9,14.3,9.3,16.8,22.8,9.2,20.9,16.2,12.7,13.6,23.6,,9.2,12.8,14.3,18.9,23.5,24.9,16.3,15.7
03-03,16.5,13.0,13.6,15.5,24.0,15.3,20.0,16.4,25.4,24.0,15.7,16.0,14.6,14.0,11.0,20.2,23.4,17.3,15.6,19.2,17.9,12.8,23.2,14.4,14.9,14.3,9.8,16.8,22.8,9.2,21.2,16.2,12.8,13.6,23.6,,9.2,12.8,14.5,19.0,23.5,25.4,16.3,16.0
03-04,16.8,13.1,13.6,15.6,24.0,15.3,20.5,16.4,25.5,24.2,15.7,16.0,14.8,14.1,11.1,20.2,23.4,17.3,15.6,19.2,17.9,12.8,23.4,14.4,15.3,14.3,10.2,16.8,22.8,9.3,21.4,16.2,12.8,13.6,23.6,,9.3,12.8,14.5,19.0,23.5,25.5,16.3,16.0
03-05,16.9,13.2,13.6,15.8,24.0,15.3,20.7,16.4,25.6,24.2,16.0,16.1,14.8,14.2,11.3,20.4,23.4,17.4,15.6,19.2,18.2,13.2,23.4,14.4,15.3,14.6,10.2,16.8,22.8,9.6,21.4,16.2,12.8,13.8,23.9,,9.6,12.9,14.7,19.0,23.7,25.6,16.4,16.1
03-06,17.1,14.4,14.0,15.8,24.0,15.3,20.8,17.2,25.7,24.5,16.1,16.2,14.8,14.3,11.4,20.6,23.4,17.5,15.6,19.2,18.3,13.6,23.4,14.4,15.3,14.6,10.2,16.8,23.3,9.6,21.5,16.2,12.8,14.6,24.6,,9.6,13.1,14.7,19.1,23.8,25.7,16.4,16.2
03-07,17.2,14.7,14.0,16.0,24.1,15.3,20.9,17.6,25.7,25.4,16.1,16.4,14.8,14.3,11.4,20.8,23.4,17.5,15.6,19.2,18.5,13.6,23.9,14.8,15.3,15.0,10.2,17.6,23.4,9.6,21.8,16.2,12.8,14.9,24.7,,9.6,13.1,14.9,19.1,24.0,25.7,16.6,16.2
03-08,17.3,14.8,14.0,16.1,24.1,15.3,20.9,17.6,25.7,25.4,16.2,16.5,14.8,14.6,11.4,20.9,23.4,17.9,15.8,19.2,18.5,13.7,24.8,15.0,15.3,15.2,10.2,17.7,23.5,9.6,22.2,16.2,12.8,14.9,24.7,,9.6,13.2,15.0,19.1,24.5,25.7,16.7,16.2
03-09,17.3,14.8,14.0,16.3,24.1,15.3,21.0,17.6,25.8,25.5,16.2,16.9,14.8,14.8,11.4,20.9,23.4,18.0,15.8,19.3,18.6,13.7,25.0,15.0,15.6,15.2,10.2,17.7,23.5,9.6,23.1,16.4,12.8,15.1,25.0,,9.6,13.2,15.1,19.1,24.6,25.8,16.8,16.4
03-10,17.4,14.8,14.0,16.4,24.2,15.4,21.0,17.7,25.8,25.5,16.8,17.5,15.4,15.0,11.4,21.0,23.4,18.4,15.9,19.3,19.0,13.9,25.0,15.0,15.8,15.2,10.2,17.8,23.5,9.6,23.2,16.4,12.9,15.7,25.2,,9.6,13.3,15.4,19.2,24.7,25.8,17.0,16.8
03-11,17.4,14.8,14.0,16.4,24.2,15.6,21.2,17.7,25.8,25.5,16.9,17.6,15.6,15.0,11.5,21.0,23.4,18.4,16.0,19.3,19.0,14.0,25.0,15.0,15.8,15.3,10.2,17.8,23.5,9.6,23.5,16.4,13.0,15.8,25.8,,9.6,13.4,15.6,19.2,24.7,25.8,17.1,16.9
03-12,17.4,15.2,14.3,16.4,24.3,16.4,22.7,18.0,25.8,25.5,17.2,17.7,16.0,15.1,11.5,21.0,23.4,18.6,16.0,19.3,19.0,14.0,25.0,15.0,15.8,15.7,10.2,17.8,23.5,9.7,23.5,16.4,13.1,15.8,26.9,,9.7,13.4,15.8,19.2,24.7,26.9,17.3,17.2
03-13,17.4,15.4,14.3,16.4,24.3,16.4,22.9,18.2,25.8,25.5,17.2,17.8,16.0,15.2,11.5,21.0,23.4,18.9,16.0,19.3,19.0,14.1,25.0,15.0,15.8,15.7,10.2,17.8,23.5,9.7,23.9,16.4,13.2,15.9,27.1,,9.7,13.5,15.8,19.2,24.8,27.1,17.3,17.2
03-14,17.4,15.5,14.4,16.4,24.4,16.5,22.9,18.6,25.8,25.6,17.3,17.8,16.0,15.8,11.5,21.0,23.4,19.0,16.0,19.6,19.0,14.8,25.1,15.0,15.8,15.7,10.2,17.9,23.5,9.7,25.0,16.4,13.4,16.1,27.2,,9.7,13.8,15.8,19.5,25.0,27.2,17.4,17.3
03-15,17.4,15.9,14.7,16.4,24.9,16.5,23.0,18.7,25.8,25.6,17.3,17.8,16.0,16.4,11.5,21.0,23.4,19.2,16.0,19.6,19.0,15.0,25.1,15.0,15.8,15.8,10.2,18.2,23.5,10.4,25.0,16.5,13.6,16.1,27.8,,10.2,14.0,16.0,19.6,25.0,27.8,17.5,17.3
03-16,17.5,15.9,15.0,16.4,24.9,16.5,23.0,18.7,25.8,25.6,17.3,17.9,16.0,16.4,12.1,21.0,23.5,19.6,16.0,20.2,19.0,15.0,25.1,15.0,15.8,15.8,10.2,18.4,23.5,10.8,25.0,16.5,13.6,16.2,28.6,,10.2,14.1,16.0,20.1,25.1,28.6,17.6,17.3
03-17,17.6,16.0,15.0,16.5,25.1,16.5,23.0,18.7,25.8,25.6,17.3,18.0,16.7,16.6,12.5,21.0,23.5,19.7,16.0,20.3,19.0,15.0,25.8,15.0,15.8,15.8,10.2,18.4,23.5,11.0,25.0,16.5,13.7,16.2,28.6,,10.2,14.2,16.0,20.2,25.4,28.6,17.7,17.3
03-18,17.7,16.0,15.1,16.7,25.6,16.5,23.0,18.7,26.0,25.8,17.3,18.2,17.0,17.0,13.1,21.0,23.5,20.0,16.0,20.3,19.0,15.0,25.8,15.0,15.8,15.8,10.2,18.4,23.5,11.2,25.0,16.5,13.8,16.2,28.6,,10.2,14.2,16.0,20.3,25.7,28.6,17.8,17.3
03-19,18.0,16.0,15.1,16.8,25.9,16.6,23.5,18.7,26.0,25.9,17.3,18.3,17.0,17.1,13.4,21.0,23.6,20.4,16.0,20.4,19.0,15.0,25.8,15.6,15.8,15.9,10.2,18.4,23.5,11.7,25.0,16.6,13.8,16.2,28.6,,10.2,14.3,16.1,20.4,25.9,28.6,17.9,17.3
03-20,19.2,16.0,15.8,16.8,25.9,17.2,23.8,18.7,26.0,25.9,17.3,18.8,17.0,17.2,13.4,21.0,23.8,21.1,16.0,20.4,19.0,15.0,26.0,16.0,15.8,15.9,10.2,18.4,23.5,11.7,25.0,16.8,13.8,16.3,29.2,,10.2,14.3,16.1,20.9,25.9,29.2,18.0,17.3
03-21,19.3,16.0,15.9,16.8,25.9,17.3,23.9,18.8,26.0,26.0,17.3,19.2,17.1,17.2,13.5,21.0,24.4,21.2,16.0,20.6,19.0,15.1,26.2,16.0,15.8,15.9,10.2,18.4,23.5,11.7,25.0,17.0,14.6,16.5,29.8,,10.2,14.8,16.1,20.9,25.9,29.8,18.0,17.3
03-22,19.4,16.0,16.2,16.9,25.9,17.3,24.8,18.8,26.0,26.0,17.3,19.2,17.2,17.3,13.6,21.0,24.6,21.8,16.3,20.6,19.0,15.1,26.5,16.0,16.2,15.9,10.2,18.4,23.6,11.7,25.3,17.1,14.6,16.5,30.2,,10.2,14.8,16.4,20.9,26.0,30.2,18.2,17.3
03-23,19.5,16.0,16.2,17.2,26.0,17.9,25.0,19.0,26.0,26.0,17.4,19.3,17.2,17.4,13.6,21.0,25.0,21.8,16.3,20.6,19.4,15.2,26.9,16.0,16.5,15.9,10.2,19.1,23.9,12.0,25.6,17.2,14.8,16.5,30.7,,10.2,15.0,16.5,20.9,26.0,30.7,18.4,17.9
03-24,19.5,16.0,16.3,17.3,26.1,18.2,25.6,19.9,26.0,26.0,17.4,19.4,17.2,17.5,13.6,21.0,26.5,21.8,16.4,20.6,19.6,15.4,26.9,16.0,16.8,15.9,10.3,19.2,25.5,12.4,25.9,17.4,14.9,16.5,31.3,,10.3,15.1,16.6,20.9,26.1,31.3,18.6,18.2
03-25,19.5,16.0,16.3,17.3,26.1,18.3,25.9,20.2,26.0,26.0,17.4,19.4,17.2,17.8,13.7,21.0,27.1,21.9,16.4,20.6,19.9,15.4,27.1,16.0,16.8,15.9,10.5,19.2,25.5,12.4,26.4,17.5,15.0,16.5,31.6,,10.5,15.1,16.6,20.9,26.3,31.6,18.8,18.3
03-26,19.9,16.0,16.7,17.5,26.4,18.4,26.1,20.4,26.1,26.1,17.4,19.4,17.3,18.0,13.8,21.0,27.6,22.1,16.4,20.6,20.8,15.4,27.4,16.0,16.8,15.9,10.5,19.4,26.1,12.6,26.4,18.1,15.4,16.5,31.7,,10.5,15.4,16.7,21.0,26.4,31.7,18.8,18.4
03-27,20.1,16.1,16.8,17.7,26.4,18.4,26.1,20.5,26.1,26.1,17.4,19.4,17.3,18.2,14.2,21.5,27.6,22.4,16.4,20.6,21.2,15.9,27.6,16.4,16.8,16.4,10.5,19.7,26.1,12.6,26.4,18.3,15.6,16.5,31.9,,10.5,15.8,16.8,21.5,26.4,31.9,19.0,18.4
03-28,20.2,16.3,16.9,17.7,26.8,18.4,26.2,20.5,26.1,27.6,17.4,19.5,17.3,18.2,14.4,21.6,27.6,22.5,16.6,20.6,21.2,16.0,28.1,16.4,16.8,16.8,10.5,19.8,26.7,12.7,26.4,18.4,15.7,16.5,32.3,,10.5,15.8,16.8,21.6,27.2,32.3,19.1,18.4
03-29,20.2,16.5,17.0,17.7,27.2,18.4,26.2,21.2,26.1,28.3,17.4,19.6,17.4,18.2,14.4,21.7,28.1,23.7,17.4,20.6,21.3,16.0,28.2,16.4,16.8,16.8,10.5,20.6,26.7,12.7,27.0,18.5,15.7,16.6,32.3,,10.5,15.8,17.1,21.6,27.8,32.3,19.4,18.5
03-30,20.2,16.6,17.0,17.7,27.6,18.4,26.2,21.3,26.1,28.6,17.4,19.6,17.9,18.2,14.5,21.7,28.6,24.8,17.8,20.6,21.7,16.0,28.2,16.4,16.8,16.8,10.5,21.0,26.7,12.7,27.4,18.6,15.7,16.8,32.8,,10.5,15.8,17.1,21.7,28.0,32.8,19.6,18.6
03-31,20.4,16.6,17.0,17.7,27.8,18.4,26.3,21.4,26.1,29.2,17.4,19.9,18.0,18.2,14.6,21.7,28.9,24.9,18.0,21.0,22.2,16.0,28.4,16.4,16.8,17.6,10.5,21.1,27.3,12.7,27.4,18.7,15.7,16.8,33.0,,10.5,15.8,17.5,22.1,28.1,33.0,19.8,18.7
04-01,20.5,16.6,17.0,17.7,27.9,18.6,26.3,21.4,26.4,29.2,18.1,19.9,18.0,18.2,14.6,21.8,29.0,25.0,18.0,21.3,22.5,16.7,28.4,16.4,16.8,17.6,10.5,21.2,27.6,12.7,27.4,18.7,15.7,16.8,33.3,,10.5,16.0,17.7,22.3,28.2,33.3,19.9,18.7
04-02,20.6,16.6,17.0,17.7,28.4,18.8,26.3,21.5,26.6,29.2,18.5,20.0,18.0,18.2,14.6,21.8,29.0,25.2,18.0,21.4,22.6,17.1,28.4,16.7,17.3,18.0,10.5,21.2,27.6,12.7,27.5,18.9,15.7,16.8,33.3,,10.5,16.0,17.8,22.4,28.4,33.3,20.0,18.9
04-03,21.1,16.6,17.3,17.7,28.8,18.8,26.3,21.8,26.6,29.4,18.8,20.0,18.4,18.2,14.6,21.8,29.1,25.2,18.0,21.4,23.0,17.3,28.9,16.7,17.5,18.1,10.6,21.2,27.7,12.8,27.7,18.9,15.7,16.8,33.4,,10.6,16.1,17.8,22.8,28.9,33.4,20.1,18.9
04-04,21.4,16.6,17.4,17.7,28.9,19.2,26.3,21.8,26.6,29.4,18.9,20.0,18.5,18.2,14.9,21.8,29.1,25.2,18.0,21.4,23.4,17.8,29.4,16.7,17.5,18.2,10.6,21.2,27.7,12.8,27.8,18.9,15.7,16.8,34.7,,10.6,16.1,17.8,23.1,29.0,34.7,20.2,19.2
04-05,21.5,16.6,17.4,17.7,29.2,19.4,26.3,21.8,26.6,29.9,19.0,20.0,18.6,18.2,15.2,21.8,29.5,25.3,18.0,21.4,23.9,17.9,29.4,16.7,17.6,18.2,10.6,21.2,27.7,12.8,27.8,19.0,15.7,16.9,35.4,,10.6,16.1,17.9,23.5,29.3,35.4,20.2,19.4
04-06,21.5,16.7,17.4,17.7,29.2,19.5,26.3,21.8,26.8,30.2,19.1,20.0,18.9,18.2,15.6,21.8,29.6,25.7,18.0,21.4,23.9,18.7,29.7,16.7,17.8,18.4,10.6,21.2,27.7,12.8,27.9,19.0,15.8,17.0,35.4,,10.6,16.2,18.0,23.5,29.4,35.4,20.3,19.5
04-07,21.5,16.7,17.4,17.7,29.2,19.5,26.3,21.9,26.8,30.6,19.1,20.0,19.3,18.2,15.9,22.4,29.7,27.2,18.0,21.4,24.0,18.9,29.7,17.0,17.8,18.5,10.6,21.2,27.7,13.1,28.0,19.0,16.1,17.0,35.4,,10.6,16.3,18.0,23.6,29.5,35.4,20.5,19.5
04-08,21.5,16.8,17.6,17.7,29.2,19.8,26.4,21.9,26.8,30.7,19.7,20.0,20.2,18.2,16.0,22.8,29.8,27.4,18.0,21.7,24.0,18.9,30.2,17.0,17.8,18.5,10.6,21.2,27.7,14.0,28.0,19.0,16.1,17.0,35.4,,10.6,16.4,18.0,23.7,29.5,35.4,20.8,20.0
04-09,21.5,17.8,17.6,17.7,29.3,20.1,26.8,21.9,27.0,30.9,19.9,20.0,20.8,18.2,16.2,23.2,30.1,27.5,18.2,21.9,24.5,18.9,30.8,17.0,19.6,18.5,11.2,21.2,29.0,14.1,28.1,19.0,16.1,17.0,35.4,,11.2,16.5,18.3,24.2,29.8,35.4,20.8,20.1
04-10,21.5,17.8,17.8,17.7,29.4,20.6,27.8,21.9,28.0,31.0,20.3,20.0,20.8,18.2,16.2,23.2,30.6,27.5,18.3,22.3,25.0,18.9,31.3,17.0,19.8,18.5,11.2,21.3,29.1,14.1,28.9,19.0,16.1,17.0,35.4,,11.2,16.5,18.4,24.6,30.1,35.4,21.0,20.6
04-11,21.5,17.8,18.9,17.7,29.4,20.8,27.8,21.9,28.0,31.0,20.4,20.0,20.9,18.2,16.2,23.2,30.7,27.5,18.3,22.4,25.0,18.9,31.3,17.0,20.0,18.5,11.2,21.4,29.1,14.1,30.2,19.0,16.1,17.0,35.4,,11.2,16.5,18.6,24.6,30.5,35.4,21.1,20.8
04-12,21.5,17.8,19.8,17.7,29.4,20.8,27.8,21.9,28.0,31.0,20.4,20.0,21.0,18.2,16.2,23.2,30.7,27.6,18.4,22.4,25.2,19.0,31.3,17.3,20.2,18.5,11.2,21.4,29.1,14.1,30.5,19.0,16.1,17.6,35.4,,11.2,16.6,18.6,24.8,30.6,35.4,21.2,20.8
04-13,21.5,17.8,19.9,17.7,29.5,20.8,27.8,22.4,28.0,31.4,20.4,20.0,21.3,18.2,16.2,23.2,30.7,27.6,18.4,22.4,25.2,19.3,31.3,17.8,20.2,18.5,11.2,21.4,29.1,14.4,30.8,19.1,16.1,17.8,35.4,,11.2,16.8,18.6,24.8,30.8,35.4,21.4,20.8
04-14,21.5,17.8,20.1,17.7,29.5,20.8,27.8,22.7,28.0,31.9,20.4,20.0,21.4,18.4,16.2,23.2,30.7,27.7,18.4,22.4,25.2,19.5,31.6,18.1,20.2,18.8,11.2,21.8,29.1,14.8,31.0,19.1,16.2,17.9,35.5,,11.2,16.8,18.9,24.8,30.9,35.5,21.5,20.8
04-15,21.5,17.8,20.1,17.7,29.5,20.8,28.3,22.8,28.0,32.2,20.4,20.8,21.5,18.4,16.2,23.2,30.7,28.3,18.4,22.4,26.0,19.6,31.6,18.2,20.2,18.8,11.3,21.9,29.1,14.8,31.1,19.2,16.5,18.1,35.5,,11.3,17.0,18.9,25.5,30.9,35.5,21.6,20.8
04-16,21.5,17.9,20.1,17.8,29.6,20.8,28.6,22.8,28.0,32.6,20.4,21.3,21.5,18.5,16.5,23.2,30.7,28.8,18.5,22.6,26.8,19.6,31.6,18.2,20.5,18.8,12.4,22.2,29.1,14.8,31.6,19.3,16.8,18.1,35.5,,12.4,17.2,18.9,26.1,31.3,35.5,21.8,21.3
04-17,21.5,17.9,20.1,17.8,29.6,20.9,28.7,23.0,28.1,32.8,20.4,21.3,21.5,18.6,16.5,23.3,30.8,28.8,18.5,22.6,27.1,19.6,31.6,18.4,21.0,18.8,12.4,22.2,29.1,15.3,32.2,19.4,17.0,18.1,35.5,,12.4,17.3,18.9,26.3,31.3,35.5,21.8,21.3
04-18,21.5,17.9,20.2,18.2,29.7,20.9,28.8,23.7,28.1,33.2,20.5,21.3,21.5,19.0,16.6,23.4,30.8,29.5,18.5,22.6,27.2,19.6,31.6,18.7,21.0,18.8,12.4,22.2,29.1,15.5,32.2,19.4,17.0,18.1,35.5,,12.4,17.3,19.1,26.4,31.3,35.5,22.0,21.3
04-19,21.6,17.9,20.2,18.5,30.0,20.9,29.5,24.4,28.1,33.2,20.5,21.4,21.5,19.6,17.1,23.9,31.0,29.7,18.7,22.6,27.2,19.6,32.3,18.7,21.0,18.8,12.4,22.2,29.9,15.5,32.2,19.4,17.0,18.1,35.6,,12.4,17.4,19.5,26.6,31.7,35.6,22.0,21.4
04-20,21.6,18.0,20.2,18.5,30.1,20.9,30.1,24.5,28.1,33.3,20.5,21.4,21.5,20.1,17.1,24.1,31.5,29.7,18.7,22.6,27.2,19.6,32.7,18.7,21.3,18.8,12.4,22.2,30.0,15.5,32.2,19.4,17.0,18.2,35.6,,12.4,17.5,19.5,26.6,31.9,35.6,22.1,21.4
04-21,21.6,18.0,20.3,18.5,30.1,20.9,30.8,24.8,28.1,33.3,20.8,21.5,21.9,20.8,17.2,24.3,31.9,29.7,18.8,22.6,27.2,19.6,32.8,18.7,21.9,18.8,12.4,22.2,30.4,15.6,32.2,19.4,17.0,18.2,35.6,,12.4,17.6,19.5,26.7,32.1,35.6,22.4,21.6
04-22,21.6,18.2,20.4,18.6,30.1,20.9,31.0,24.9,28.4,33.3,21.2,21.6,22.5,20.8,17.2,25.2,31.9,29.7,18.8,22.6,27.2,20.6,33.0,18.7,21.9,18.8,12.4,22.2,30.4,15.6,32.7,19.4,17.0,18.2,35.9,,12.4,17.6,19.6,26.8,32.4,35.9,22.4,21.6
04-23,21.6,18.5,20.6,18.6,30.1,20.9,31.1,24.9,28.4,33.4,21.6,21.7,22.8,20.8,17.8,25.5,32.0,29.7,19.4,22.6,27.2,20.6,33.0,18.7,21.9,19.0,12.6,22.2,30.4,15.6,32.8,19.4,17.0,18.9,35.9,,12.6,18.1,19.7,26.8,32.4,35.9,22.5,21.7
04-24,21.6,18.9,20.8,18.6,30.2,20.9,31.2,25.0,29.2,33.4,21.8,22.1,22.8,20.9,17.9,25.5,32.0,29.7,19.5,22.6,27.2,20.9,33.0,18.7,21.9,19.0,12.6,22.9,30.4,15.6,32.8,19.6,17.0,19.0,35.9,,12.6,18.2,19.8,26.8,32.5,35.9,22.7,21.9
04-25,21.6,19.7,20.9,18.6,30.5,20.9,31.2,25.0,29.8,33.5,22.2,22.2,22.8,20.9,18.0,25.5,32.5,29.9,19.5,23.1,27.4,20.9,33.2,18.7,21.9,19.1,13.0,23.0,30.7,15.6,32.9,19.6,17.0,19.0,36.1,,13.0,18.2,19.9,27.0,32.7,36.1,22.8,22.2
04-26,21.7,19.8,22.0,18.6,30.7,21.1,31.3,25.0,29.9,33.6,22.7,22.2,22.8,21.0,18.0,25.5,32.7,29.9,19.6,23.1,27.6,20.9,33.7,18.7,21.9,19.2,13.8,23.2,31.3,15.6,32.9,19.6,17.0,19.0,36.2,,13.8,18.2,20.0,27.2,32.8,36.2,23.0,22.2
04-27,22.1,20.0,22.3,18.6,30.7,21.6,31.3,25.0,29.9,33.6,22.9,22.2,22.8,21.2,18.0,25.5,32.8,29.9,19.6,23.1,27.9,20.9,34.0,19.4,21.9,20.4,14.3,23.6,31.7,15.6,32.9,19.6,17.7,19.0,36.2,,14.3,18.3,20.5,27.4,32.9,36.2,23.2,22.3
04-28,22.1,20.4,23.1,18.7,30.7,22.2,31.4,25.0,30.2,33.7,23.5,22.2,22.8,21.9,18.0,25.5,33.3,29.9,19.6,23.1,28.0,20.9,34.0,19.4,21.9,20.6,14.3,24.1,31.8,15.6,32.9,19.6,17.8,19.0,36.2,,14.3,18.3,20.7,27.5,33.2,36.2,23.4,22.8
04-29,22.1,20.5,23.1,18.7,30.7,22.6,31.4,25.0,30.5,33.7,24.2,22.2,22.8,22.1,18.0,25.7,33.8,29.9,19.6,23.2,28.0,21.2,34.1,19.4,21.9,20.8,14.3,24.6,32.6,15.6,32.9,19.6,17.8,19.0,36.2,,14.3,18.3,20.8,27.5,33.4,36.2,23.6,22.8
04-30,22.1,20.6,23.5,18.7,30.8,22.7,32.0,25.0,30.6,33.7,24.3,22.4,22.8,22.2,18.0,25.7,34.0,29.9,19.6,23.2,28.0,21.4,34.6,19.4,21.9,20.8,14.3,24.7,32.6,15.6,33.0,19.6,17.8,19.0,36.2,,14.3,18.3,20.9,27.5,33.4,36.2,23.7,22.8
05-01,22.1,20.7,23.5,18.7,30.8,22.7,32.2,25.0,31.2,33.7,24.4,22.4,22.8,22.2,18.0,25.8,34.0,29.9,19.6,23.3,28.0,21.8,34.6,19.4,21.9,20.8,14.3,24.8,32.6,16.3,33.5,19.6,17.8,19.1,36.2,,14.3,18.3,21.0,27.6,33.6,36.2,23.8,22.8
05-02,22.1,20.7,23.5,18.7,30.8,22.9,32.7,25.0,31.4,33.7,24.4,22.4,22.8,22.2,18.2,25.8,34.1,30.0,19.6,23.3,28.2,22.0,34.6,19.7,21.9,20.8,14.3,24.8,32.6,16.3,33.5,19.7,17.8,19.4,36.2,,14.3,18.4,21.0,27.7,33.6,36.2,23.8,22.9
05-03,22.1,20.7,23.6,18.7,30.9,22.9,33.4,25.0,31.4,33.7,25.4,22.4,22.9,22.3,18.4,25.8,34.2,30.0,19.6,23.3,28.8,22.4,34.9,19.7,21.9,20.8,14.3,24.8,32.6,16.4,33.5,19.7,17.8,19.5,36.2,,14.3,18.5,21.0,28.2,33.6,36.2,23.9,22.9
05-04,22.1,20.7,23.9,18.7,31.3,23.1,33.5,25.0,31.4,33.7,26.4,22.4,22.9,22.4,18.6,25.8,34.2,30.1,19.9,23.3,29.0,22.4,34.9,19.7,21.9,20.8,14.4,24.8,32.6,16.4,33.5,19.7,17.8,19.6,36.2,,14.4,18.7,21.0,28.5,33.6,36.2,23.9,23.1
05-05,22.2,20.7,24.0,18.7,32.0,23.2,33.6,25.0,31.4,33.8,26.7,22.4,22.9,22.4,19.4,25.8,34.3,30.6,20.3,23.3,29.0,22.4,35.0,19.7,21.9,20.8,14.6,24.8,32.6,16.4,33.5,19.7,17.8,19.8,36.3,,14.6,19.0,21.0,28.6,33.7,36.3,23.9,23.2
05-06,22.2,20.7,24.2,18.7,32.7,23.2,33.8,25.0,31.4,34.0,26.8,22.4,22.9,22.4,19.4,25.8,34.4,30.8,20.4,23.3,29.0,22.4,35.0,19.7,21.9,20.8,15.1,24.8,32.6,16.4,33.5,19.7,17.8,19.8,36.3,,15.1,19.0,21.0,28.6,33.9,36.3,23.9,23.2
05-07,22.2,20.7,24.2,18.8,33.6,23.2,34.2,25.0,31.4,34.2,26.8,22.4,22.9,22.4,19.5,25.8,34.7,30.9,20.4,23.4,29.0,22.4,35.0,19.7,22.0,20.8,16.0,25.0,32.6,16.4,33.6,19.7,17.8,19.8,36.5,,16.0,19.1,21.1,28.6,34.2,36.5,23.9,23.2
05-08,22.2,20.7,24.2,18.9,33.9,23.2,34.2,25.0,31.4,34.2,26.8,22.6,22.9,22.4,20.1,25.8,35.6,30.9,20.4,23.5,29.0,22.4,35.0,19.7,22.1,21.4,16.3,25.3,32.7,16.4,33.9,19.7,17.9,19.8,36.5,,16.3,19.2,21.5,28.6,34.2,36.5,24.0,23.2
05-09,22.2,20.7,24.3,19.5,34.2,23.2,34.3,25.1,31.4,34.4,26.8,22.9,23.0,22.4,20.5,25.8,35.7,31.0,20.4,23.5,29.0,22.4,35.5,19.7,22.1,21.4,16.5,25.6,32.8,16.4,34.0,19.7,17.9,20.0,36.6,,16.4,19.6,21.5,28.6,34.4,36.6,24.1,23.2
05-10,22.2,20.7,24.5,20.0,34.3,23.2,34.3,25.1,31.5,34.5,27.0,23.0,23.0,22.4,21.0,25.8,35.8,31.0,20.4,23.5,29.0,22.4,35.8,19.7,22.1,21.6,17.4,25.6,32.8,16.4,34.0,19.7,17.9,20.0,36.6,,16.4,19.7,21.7,28.6,34.4,36.6,24.1,23.2
05-11,22.2,20.7,24.9,20.0,34.3,23.2,34.5,25.2,31.5,34.6,27.0,23.3,23.0,22.6,21.2,25.8,37.0,31.0,20.4,23.5,29.0,23.1,36.0,19.7,22.1,21.9,17.4,25.6,32.8,16.4,34.0,19.7,18.0,20.1,36.6,,16.4,19.7,21.9,28.6,34.6,37.0,24.4,23.3
05-12,22.7,20.7,25.2,20.0,34.3,23.3,35.5,25.2,31.5,34.8,27.0,23.4,23.0,22.8,21.2,25.8,38.3,31.0,20.4,23.5,29.0,23.8,36.1,19.7,22.1,22.4,17.4,25.6,32.8,17.1,34.0,19.7,18.0,20.2,36.6,,17.1,19.7,22.2,28.6,35.2,38.3,24.4,23.5
05-13,22.9,20.8,25.2,20.0,34.3,23.4,36.3,25.2,31.5,35.0,27.3,23.4,23.0,22.9,21.2,26.0,38.4,31.0,20.5,23.7,29.0,24.0,36.1,19.7,22.1,22.4,17.4,25.6,32.8,17.4,34.0,19.7,18.0,20.5,36.6,,17.4,19.7,22.2,28.7,35.6,38.4,24.5,23.7
05-14,22.9,20.8,25.2,20.0,34.3,23.5,36.5,25.2,31.5,35.4,27.6,23.4,23.0,22.9,21.2,26.0,38.6,31.0,20.5,23.7,29.0,24.2,36.1,19.7,22.1,22.4,17.4,25.6,32.8,17.4,34.0,19.8,18.0,20.5,36.9,,17.4,19.7,22.2,28.8,35.8,38.6,24.6,23.7
05-15,23.2,21.1,26.5,20.0,34.5,23.5,36.8,25.2,31.5,35.4,27.6,23.5,23.0,22.9,21.2,26.0,38.7,31.0,20.5,23.7,29.0,24.3,36.1,19.7,22.1,22.4,17.7,25.6,32.8,17.7,34.0,19.8,18.0,20.5,37.2,,17.7,19.7,22.2,28.8,35.8,38.7,24.6,23.7
05-16,23.3,21.1,27.0,20.0,34.5,23.5,36.8,25.2,31.5,35.9,27.8,23.5,23.2,22.9,21.2,26.0,38.7,31.0,20.5,23.7,29.0,24.3,36.1,19.7,22.1,22.4,18.0,25.8,32.9,17.8,34.1,19.8,18.0,20.5,37.2,,17.8,19.7,22.2,28.8,36.0,38.7,24.7,23.7
05-17,23.5,21.1,27.0,20.0,34.8,23.5,36.8,25.8,31.5,35.9,27.9,23.5,23.3,22.9,21.2,26.0,39.1,31.0,20.5,23.7,29.0,24.3,36.4,19.7,22.1,22.4,18.9,25.8,33.1,17.8,34.5,19.8,18.1,20.5,37.2,,17.8,19.7,22.2,28.8,36.2,39.1,24.8,23.7
05-18,23.5,21.1,27.1,20.0,34.8,23.6,36.8,25.8,31.5,35.9,28.0,24.0,23.3,22.9,21.2,26.0,39.5,31.0,20.5,23.7,29.0,24.4,37.0,19.7,22.4,22.4,19.0,25.8,33.6,17.8,35.0,19.8,18.1,20.5,37.3,,17.8,19.7,22.4,28.8,36.4,39.5,24.9,24.0
05-19,23.5,21.1,27.2,20.0,34.8,23.6,37.0,25.9,31.5,36.0,28.0,24.2,23.3,22.9,21.2,26.0,39.6,31.0,20.5,23.7,29.1,25.0,37.5,20.0,22.9,22.4,19.4,25.8,33.7,17.9,35.4,19.8,18.1,20.5,37.3,,17.9,19.9,22.5,28.9,36.6,39.6,25.0,24.2
05-20,23.5,21.3,27.2,20.1,34.8,23.6,37.0,26.0,31.6,36.0,28.0,24.2,23.3,22.9,21.4,26.0,39.6,31.0,20.5,23.7,29.1,25.0,38.3,20.0,23.0,22.4,19.8,26.4,33.8,17.9,35.7,19.8,18.1,20.5,37.3,,17.9,19.9,22.5,28.9,36.6,39.6,25.0,24.2
05-21,23.5,21.3,27.2,20.4,34.8,23.7,37.1,26.0,31.8,36.2,28.0,24.2,23.3,22.9,21.5,26.0,39.6,31.0,20.5,23.7,29.1,25.0,38.4,20.0,23.5,22.4,19.9,26.5,33.8,18.0,35.9,20.0,18.1,20.5,37.3,,18.0,20.0,22.5,28.9,36.7,39.6,25.1,24.2
05-22,23.6,21.3,27.2,20.7,35.0,23.7,37.1,26.0,31.9,36.6,28.0,24.2,23.3,23.7,21.5,26.0,39.6,31.0,20.9,24.8,29.1,25.4,38.4,20.0,23.5,22.4,20.0,26.9,34.1,18.1,36.1,20.0,18.1,20.5,37.3,,18.1,20.0,22.6,28.9,36.9,39.6,25.6,24.8
05-23,23.6,21.3,27.3,20.7,35.0,23.7,37.3,26.4,32.0,36.8,28.1,24.3,23.3,23.8,21.6,26.0,39.6,31.0,20.9,25.5,29.1,25.8,39.0,20.0,23.5,22.4,20.6,26.9,34.1,18.3,36.6,20.3,18.1,20.5,37.3,,18.1,20.4,22.6,28.9,37.1,39.6,25.9,25.5
05-24,23.6,21.4,27.3,20.7,35.1,23.7,37.8,26.4,32.0,36.8,28.1,24.3,23.3,24.0,21.6,26.1,39.6,31.0,20.9,25.6,29.1,26.3,39.5,20.0,23.5,22.4,21.0,26.9,34.1,18.3,37.6,20.4,18.2,20.5,37.4,,18.2,20.4,22.6,28.9,37.5,39.6,26.1,25.6
05-25,23.6,21.6,27.3,20.8,35.1,23.7,38.6,26.8,33.0,36.8,28.1,24.7,23.3,24.0,21.6,26.1,39.6,31.0,20.9,25.6,30.1,27.0,39.6,20.2,23.5,22.8,21.1,27.0,34.1,18.3,37.8,20.4,18.2,20.5,37.5,,18.2,20.4,22.9,29.7,37.7,39.6,26.2,25.6
05-26,23.6,21.7,27.5,20.8,35.1,23.8,39.0,27.2,33.3,36.8,28.1,25.1,23.3,24.0,21.6,26.4,39.6,31.0,20.9,25.7,30.2,27.0,39.6,20.2,23.5,22.8,21.2,27.1,34.1,18.3,37.8,20.4,18.2,20.5,37.7,,18.2,20.4,22.9,29.7,37.8,39.6,26.3,25.7
05-27,23.6,21.7,27.6,20.8,35.1,23.9,39.4,27.4,33.3,36.9,28.1,25.1,23.3,24.0,21.6,26.4,39.6,31.0,20.9,26.2,30.2,27.0,39.6,20.5,23.5,22.8,21.4,27.2,34.1,18.4,37.8,20.4,18.2,20.5,37.9,,18.2,20.5,22.9,29.7,37.9,39.6,26.4,26.2
05-28,23.6,21.7,27.6,20.8,35.1,24.1,39.5,28.1,33.4,36.9,28.1,25.1,23.3,24.0,21.6,26.6,39.6,31.5,20.9,26.2,30.2,27.0,39.6,20.6,23.5,22.8,21.4,27.2,34.1,18.9,38.3,20.4,18.2,20.5,37.9,,18.2,20.6,22.9,29.7,38.1,39.6,26.5,26.2
05-29,23.6,22.2,27.7,20.8,35.1,24.1,39.5,28.2,33.4,36.9,28.2,25.1,23.3,24.0,21.6,27.2,39.6,31.7,20.9,26.2,30.2,27.0,40.5,20.6,24.3,22.8,21.5,27.3,34.2,19.0,38.7,20.4,18.2,20.7,38.0,,18.2,20.7,22.9,29.8,38.4,40.5,26.6,26.2
05-30,23.6,22.6,27.7,20.9,35.1,24.1,39.6,28.3,33.4,36.9,28.3,25.1,23.3,24.0,21.6,27.5,39.7,31.7,20.9,26.3,30.2,27.1,41.5,20.6,24.3,22.8,21.5,27.4,34.2,19.0,38.9,20.4,18.2,21.4,38.0,,18.2,20.7,22.9,29.8,38.5,41.5,26.6,26.3
05-31,23.9,23.5,28.5,20.9,35.1,24.2,39.6,28.3,33.4,36.9,28.3,25.1,23.3,24.0,21.6,27.5,40.4,31.7,20.9,26.3,30.4,27.1,41.9,20.6,24.3,22.8,21.5,27.5,34.2,19.0,39.0,20.4,18.2,21.8,38.0,,18.2,20.7,23.4,30.0,38.6,41.9,26.7,26.3
06-01,24.0,23.6,29.2,20.9,35.1,25.3,39.6,28.3,33.4,36.9,28.3,25.1,23.3,24.0,21.6,27.5,40.6,31.7,20.9,26.3,30.5,27.1,41.9,20.6,24.3,22.8,21.5,27.5,34.2,19.0,39.1,20.4,18.2,21.9,38.0,,18.2,20.7,23.4,30.2,38.6,41.9,26.8,26.3
06-02,24.0,24.1,29.6,20.9,35.1,25.3,39.9,28.4,33.4,36.9,28.4,25.1,23.3,24.2,21.6,27.5,40.7,31.7,20.9,26.3,30.6,27.5,41.9,20.6,24.3,22.8,21.5,27.5,34.2,19.0,39.2,20.4,18.2,22.0,38.0,,18.2,20.7,23.5,30.4,38.7,41.9,27.0,26.3
06-03,24.0,24.2,30.1,20.9,36.1,25.3,40.2,28.4,33.4,36.9,29.5,25.1,23.3,24.3,21.6,27.5,40.8,31.7,20.9,26.4,30.8,27.5,41.9,20.6,24.3,22.8,21.5,27.5,34.2,19.0,39.3,20.4,18.2,22.0,38.1,,18.2,20.7,23.5,30.7,38.8,41.9,27.2,26.4
06-04,24.2,24.2,30.2,21.0,36.4,25.3,40.8,28.4,33.4,37.0,29.6,25.1,23.3,24.3,21.6,27.5,40.8,31.7,20.9,26.4,30.8,27.5,41.9,20.6,24.3,22.8,21.5,27.5,34.2,19.0,39.3,20.4,18.2,22.0,38.4,,18.2,20.7,23.5,30.7,38.9,41.9,27.2,26.4
06-05,24.3,24.2,30.2,21.0,36.7,25.3,41.3,28.4,33.4,37.5,30.3,25.1,23.4,24.3,21.6,27.5,40.8,31.7,20.9,27.7,30.8,27.6,41.9,20.7,24.3,22.8,21.5,27.5,34.2,19.0,39.3,20.4,18.2,22.0,38.5,,18.2,20.8,23.6,30.7,39.0,41.9,27.6,27.5
06-06,24.4,24.2,30.2,21.0,37.7,25.3,41.7,28.4,33.5,37.6,30.7,25.1,23.4,24.3,21.6,27.5,40.8,31.7,20.9,28.2,30.8,27.6,41.9,20.7,24.3,22.8,21.5,27.5,34.2,19.0,39.3,20.4,18.2,22.0,38.5,,18.2,20.8,23.6,30.8,39.0,41.9,27.8,27.5
06-07,24.5,24.2,30.2,21.0,38.3,25.3,41.8,28.4,33.5,37.6,31.2,25.1,23.4,24.3,21.6,27.5,41.3,31.7,22.2,28.2,30.9,27.6,41.9,20.7,24.3,22.8,22.1,27.5,34.2,19.0,39.4,21.2,18.2,22.0,38.6,,18.2,21.1,23.6,31.1,39.1,41.9,27.8,27.5
06-08,24.7,24.2,30.2,21.2,38.9,25.3,42.1,28.4,33.5,37.9,31.2,25.1,23.4,24.3,21.6,27.5,41.9,31.7,22.2,28.3,31.1,27.7,41.9,20.7,24.3,22.8,22.1,27.5,34.2,19.0,39.4,21.4,18.2,22.0,38.7,,18.2,21.3,23.6,31.1,39.2,42.1,27.8,27.5
06-09,24.7,24.2,30.2,21.2,38.9,25.3,42.5,28.4,34.0,38.2,31.2,25.1,23.4,24.3,21.6,27.5,41.9,31.8,22.2,28.3,31.3,27.7,42.2,20.7,24.3,22.8,22.1,27.5,34.2,19.0,39.5,21.5,18.2,22.0,38.8,,18.2,21.3,23.6,31.3,39.3,42.5,27.8,27.5
06-10,25.0,24.3,30.2,21.2,39.0,25.3,42.6,28.4,34.5,38.6,31.2,25.2,23.4,24.3,21.6,27.6,41.9,32.4,22.2,28.3,31.6,27.8,42.2,20.7,24.3,22.8,22.1,27.5,34.2,19.0,39.5,21.6,18.2,22.0,38.8,,18.2,21.4,23.6,31.5,39.3,42.6,27.8,27.5
06-11,25.0,24.8,30.2,21.2,39.1,25.3,42.6,28.4,35.2,38.8,31.2,25.2,23.4,24.3,21.6,28.0,42.0,32.4,22.2,28.4,32.2,28.0,42.2,20.7,24.3,22.8,22.1,27.5,34.2,19.0,39.5,21.6,18.2,22.0,39.1,,18.2,21.4,23.6,32.0,39.3,42.6,27.8,27.5
06-12,25.0,25.4,30.2,21.2,39.1,25.3,42.7,28.4,35.3,39.0,31.2,25.2,23.4,24.3,21.6,28.0,42.2,32.4,22.2,28.4,32.4,28.3,42.2,20.7,24.3,22.8,22.4,28.0,34.2,19.0,39.5,21.6,18.2,22.0,39.3,,18.2,21.4,23.6,32.2,39.4,42.7,28.0,28.0
06-13,25.0,25.5,30.2,21.4,39.1,25.3,42.7,28.4,35.6,39.2,31.2,25.2,24.0,24.3,21.6,28.0,42.3,32.5,22.2,28.4,32.7,28.9,42.2,20.7,24.3,22.8,22.5,28.0,34.3,19.0,39.5,21.6,18.2,22.0,39.4,,18.2,21.4,24.1,32.2,39.4,42.7,28.1,28.0
06-14,25.0,25.5,30.2,21.4,39.1,25.3,42.7,28.4,36.5,40.0,31.2,25.2,24.1,24.3,21.6,28.0,42.3,32.5,22.2,28.4,32.9,29.2,42.2,20.7,24.3,22.8,22.5,28.2,34.5,19.0,39.7,21.6,18.2,22.5,39.4,,18.2,21.5,24.2,32.2,39.9,42.7,28.1,28.0
06-15,25.0,25.5,30.2,21.6,39.1,25.3,42.7,28.4,36.6,40.0,31.2,25.2,24.2,24.3,21.7,28.0,42.3,32.5,22.2,28.4,33.1,29.2,42.2,20.7,24.3,22.8,22.5,28.2,34.5,19.0,39.7,21.6,18.2,22.6,40.0,,18.2,21.6,24.2,32.2,40.0,42.7,28.1,28.0
06-16,25.0,25.6,30.3,21.7,39.1,25.3,42.7,28.4,36.7,40.2,31.2,25.2,24.2,24.3,21.7,28.0,42.3,32.5,22.2,28.4,33.1,29.2,42.2,20.7,24.3,22.8,22.5,28.2,34.5,19.0,39.7,21.6,18.2,22.6,40.4,,18.2,21.7,24.2,32.2,40.3,42.7,28.1,28.0
06-17,25.1,25.6,30.3,21.9,39.1,25.3,42.8,28.4,36.8,40.9,31.2,25.2,24.2,24.3,21.7,28.0,42.3,32.5,22.2,28.4,33.4,29.4,42.2,20.7,24.3,23.0,22.5,28.2,34.5,19.0,39.7,21.8,18.2,22.6,40.4,,18.2,21.8,24.2,32.2,40.7,42.8,28.1,28.0
06-18,25.1,25.6,30.3,21.9,39.3,25.3,43.0,28.4,36.8,41.8,31.2,25.2,24.2,24.3,21.7,28.0,42.3,32.5,22.2,28.4,33.7,29.4,42.2,20.7,24.3,23.8,22.5,28.2,34.5,19.0,40.1,22.0,18.2,22.6,40.4,,18.2,21.8,24.2,32.2,41.3,43.0,28.1,28.0
06-19,25.1,25.6,30.3,21.9,39.4,25.3,43.0,28.4,36.8,41.8,31.2,25.2,24.2,24.3,21.7,28.2,42.3,32.5,22.2,28.4,33.7,29.4,42.2,20.7,24.3,23.8,22.5,28.2,34.5,19.0,40.1,22.0,18.2,22.6,40.4,,18.2,21.8,24.2,32.2,41.3,43.0,28.2,28.2
06-20,25.1,25.6,30.3,21.9,39.4,25.4,43.0,28.4,36.8,41.8,31.2,25.2,24.2,24.3,21.7,28.2,42.3,32.5,22.2,28.4,33.7,29.4,43.6,20.7,24.3,23.8,22.5,28.2,34.5,19.0,40.1,22.0,18.2,22.7,40.6,,18.2,21.8,24.2,32.3,41.3,43.6,28.2,28.2
06-21,25.2,25.6,30.3,21.9,39.4,25.4,43.0,28.5,36.8,41.8,31.2,25.2,24.2,24.3,21.8,28.2,42.3,32.5,22.2,28.4,34.2,29.4,43.6,20.7,24.3,23.8,22.5,28.2,34.5,19.0,40.2,22.0,18.2,22.7,40.6,,18.2,21.8,24.2,32.3,41.3,43.6,28.2,28.2
06-22,25.2,25.6,30.3,21.9,39.7,25.4,43.0,28.5,36.8,41.9,31.2,25.2,24.2,24.3,21.9,28.2,42.3,32.5,22.2,28.4,34.2,29.4,43.6,20.7,24.3,23.8,22.5,28.2,34.5,19.0,40.2,22.0,18.2,22.7,40.6,,18.2,21.9,24.2,32.3,41.4,43.6,28.2,28.2
06-23,25.2,25.7,30.3,21.9,39.7,25.4,43.0,28.5,36.8,41.9,31.2,25.2,24.3,24.3,21.9,28.2,42.3,32.5,22.2,28.4,34.2,29.4,43.6,20.7,24.3,23.8,22.6,28.2,34.5,19.0,40.2,22.0,18.2,22.7,40.6,,18.2,21.9,24.3,32.3,41.4,43.6,28.2,28.2
06-24,25.2,25.7,30.3,21.9,39.7,25.4,43.0,28.5,36.8,41.9,31.2,25.2,24.3,24.3,22.8,28.2,42.4,32.5,22.2,28.4,34.2,29.4,43.6,20.7,24.3,23.8,22.6,28.2,34.5,19.0,40.2,22.0,18.2,22.8,40.6,,18.2,22.0,24.3,32.3,41.4,43.6,28.2,28.2
06-25,25.3,25.7,30.3,21.9,39.7,25.4,43.0,28.5,36.8,41.9,31.2,25.2,24.3,24.3,23.0,28.2,42.4,32.5,22.2,28.4,34.2,29.4,43.6,20.7,24.3,23.8,22.6,28.2,34.5,19.0,40.2,22.0,18.7,22.8,40.6,,18.7,22.0,24.3,32.3,41.4,43.6,28.2,28.2
06-26,25.3,25.7,30.3,21.9,39.7,25.4,43.0,28.5,36.8,41.9,31.2,25.3,24.3,24.3,23.0,28.2,42.4,32.5,22.2,28.4,34.3,29.4,43.6,20.7,24.3,23.8,22.6,28.2,34.5,19.0,40.2,22.0,18.7,22.8,40.6,,18.7,22.0,24.3,32.3,41.4,43.6,28.2,28.2
06-27,25.3,25.7,30.3,21.9,39.7,25.4,43.1,28.5,36.8,41.9,31.2,25.4,24.3,24.4,23.0,28.4,42.4,32.5,22.2,28.4,34.5,29.4,43.6,20.7,24.3,24.1,22.6,28.2,34.5,19.0,40.2,22.0,18.7,22.8,40.6,,18.7,22.0,24.3,32.3,41.4,43.6,28.2,28.2
06-28,25.3,25.7,30.3,21.9,39.7,25.4,43.1,28.5,36.8,41.9,31.2,25.4,24.3,24.4,23.1,28.5,42.4,32.6,22.2,28.4,34.5,29.4,43.6,20.7,24.3,24.1,22.6,28.2,34.5,19.0,40.2,22.0,18.7,22.8,40.6,,18.7,22.0,24.3,32.3,41.4,43.6,28.2,28.2
06-29,25.3,25.7,30.3,21.9,39.7,25.4,43.2,28.6,36.8,41.9,31.2,25.4,24.3,24.4,23.1,28.6,42.4,32.6,22.2,28.4,34.5,29.4,43.6,20.7,24.3,24.1,22.6,28.2,34.5,19.0,40.2,22.2,18.7,22.8,40.7,,18.7,22.1,24.3,32.3,41.4,43.6,28.3,28.2
06-30,25.3,25.7,30.3,22.0,39.7,25.4,43.2,28.6,36.8,41.9,31.2,25.4,24.3,24.4,23.1,28.6,42.4,32.6,22.2,28.4,34.6,29.4,43.6,20.7,24.3,24.1,22.6,28.3,34.5,19.0,40.2,22.6,18.7,22.8,40.8,,18.7,22.1,24.3,32.3,41.5,43.6,28.3,28.3
07-01,25.3,25.7,30.3,22.4,39.7,25.4,43.3,28.6,36.8,41.9,31.2,25.6,24.3,24.4,23.1,28.7,42.4,32.6,22.2,28.4,34.6,29.4,43.6,20.7,24.3,24.1,22.7,28.3,34.5,19.0,40.2,22.8,18.8,22.8,40.8,,18.8,22.3,24.3,32.3,41.5,43.6,28.3,28.3
07-02,25.3,25.7,30.3,23.0,39.7,25.4,43.6,28.6,36.8,41.9,31.2,25.6,24.3,24.4,23.1,28.7,42.4,32.6,22.2,28.4,34.6,29.4,43.6,20.7,24.3,24.1,22.7,28.4,34.5,19.0,40.2,22.8,18.8,22.8,40.8,,18.8,22.4,24.3,32.3,41.5,43.6,28.4,28.4
07-03,25.3,25.7,30.4,23.0,39.7,25.4,43.8,28.6,36.8,41.9,31.2,25.6,24.3,24.4,23.1,28.7,42.4,32.6,22.2,28.5,35.1,29.4,43.6,20.7,24.3,24.1,22.7,28.5,34.5,19.0,40.2,22.8,18.8,22.8,40.8,,18.8,22.4,24.3,32.3,41.5,43.8,28.4,28.5
07-04,25.3,25.7,30.4,23.0,39.7,25.4,44.3,28.6,36.8,41.9,31.2,25.6,24.3,24.4,23.1,28.7,42.4,32.7,22.2,28.5,35.1,29.4,43.6,20.7,24.3,24.1,22.7,28.5,34.5,19.0,40.2,22.8,18.8,22.8,40.8,,18.8,22.4,24.3,32.4,41.5,44.3,28.4,28.5
07-05,25.3,25.7,30.4,23.0,39.8,25.4,44.3,28.7,36.8,41.9,31.2,25.6,24.3,24.4,23.1,28.7,42.5,33.0,22.2,28.5,35.1,29.4,43.6,20.7,24.5,24.1,22.9,28.5,34.5,19.0,40.2,22.8,18.9,22.8,40.8,,18.9,22.5,24.3,32.7,41.5,44.3,28.4,28.5
07-06,25.3,25.7,30.4,23.0,39.9,25.4,44.4,28.7,36.8,41.9,31.2,25.6,24.3,24.4,23.1,28.7,42.5,33.3,22.2,28.5,35.1,29.4,43.7,21.1,24.8,24.1,22.9,28.5,34.5,19.0,40.2,22.8,18.9,22.8,40.8,,18.9,22.5,24.4,32.9,41.5,44.4,28.4,28.5
07-07,25.3,25.7,30.4,23.1,39.9,25.4,44.4,28.7,36.8,41.9,31.2,25.6,24.3,24.4,23.1,28.7,42.5,33.4,22.2,28.5,35.1,29.4,43.7,21.1,25.0,24.1,23.0,28.5,34.5,19.0,40.2,22.8,18.9,22.8,40.8,,18.9,22.5,24.4,33.0,41.5,44.4,28.4,28.5
07-08,25.3,25.7,30.4,23.1,39.9,25.4,44.4,28.7,36.8,41.9,31.6,25.6,24.5,24.4,23.1,28.7,42.5,33.4,22.2,28.5,35.1,29.4,43.8,21.1,25.0,24.1,23.0,28.5,34.5,19.0,40.2,22.8,18.9,22.8,40.8,,18.9,22.5,24.4,33.0,41.5,44.4,28.4,28.5
07-09,25.3,25.9,30.5,23.1,39.9,25.4,44.4,28.7,36.8,41.9,31.6,25.6,25.1,24.4,23.1,28.7,42.5,33.4,22.2,28.5,35.1,29.4,43.8,21.1,25.0,24.2,23.5,28.5,34.5,19.1,40.2,22.8,18.9,22.8,40.8,,18.9,22.5,24.5,33.0,41.5,44.4,28.4,28.5
07-10,25.3,26.0,30.5,23.1,39.9,25.4,44.4,28.7,36.8,41.9,31.6,25.8,25.4,24.4,23.1,28.7,42.5,33.4,22.2,28.5,35.1,29.4,43.9,21.1,25.0,24.4,23.5,28.5,34.5,19.2,40.2,22.8,18.9,22.9,40.8,,18.9,22.5,24.5,33.0,41.5,44.4,28.4,28.5
07-11,25.3,26.0,30.5,23.1,39.9,25.4,44.4,28.7,36.8,42.0,31.6,25.8,25.5,24.4,23.1,28.7,42.5,33.4,22.2,28.5,35.1,29.4,44.2,21.1,25.0,24.5,23.5,28.5,34.5,19.3,40.2,22.8,18.9,22.9,40.8,,18.9,22.5,24.6,33.0,41.5,44.4,28.4,28.5
07-12,25.3,26.0,30.5,23.4,39.9,25.5,44.5,28.7,36.9,42.0,31.6,25.8,25.7,24.4,23.1,28.7,42.5,33.5,22.3,28.5,35.1,29.4,44.2,21.2,25.1,24.6,23.5,28.5,34.5,19.3,40.2,22.8,18.9,22.9,40.8,,18.9,22.5,24.7,33.1,41.5,44.5,28.4,28.5
07-13,25.6,26.1,30.5,23.7,39.9,25.5,44.5,28.7,37.3,42.0,31.6,25.8,25.8,24.4,23.1,28.7,42.5,33.5,22.3,28.5,35.1,29.4,44.2,21.2,25.1,24.6,23.5,28.5,34.5,19.3,40.2,22.8,18.9,22.9,40.8,,18.9,22.5,24.7,33.1,41.5,44.5,28.4,28.5
07-14,25.6,26.1,30.5,23.7,39.9,25.5,44.5,28.7,37.4,42.0,31.6,25.8,25.9,24.4,23.1,28.7,42.5,33.5,22.3,28.5,35.1,29.4,44.2,21.4,25.3,24.6,23.5,28.5,34.5,19.3,40.3,22.8,18.9,23.1,40.8,,18.9,22.5,24.7,33.1,41.5,44.5,28.4,28.5
07-15,25.7,26.1,30.6,23.7,39.9,25.5,44.5,28.7,37.4,42.0,31.9,25.8,26.0,24.4,23.2,28.8,42.5,33.6,22.4,28.5,35.1,29.4,44.2,21.5,25.3,24.6,23.5,28.5,34.6,19.3,40.3,22.8,19.2,23.3,40.8,,19.2,22.5,24.7,33.2,41.5,44.5,28.5,28.5
07-16,25.7,26.1,30.6,23.8,39.9,25.5,44.5,28.8,37.4,42.0,32.0,25.8,26.0,24.6,23.2,29.0,42.5,33.6,22.4,28.5,35.1,29.4,44.2,21.6,25.5,24.6,23.5,28.5,34.6,19.3,40.3,22.8,19.2,23.5,40.8,,19.2,22.5,24.7,33.3,41.5,44.5,28.6,28.5
07-17,25.7,26.1,30.6,23.8,39.9,25.5,44.5,29.4,37.4,42.0,32.0,25.9,26.0,24.6,23.2,29.0,42.5,33.6,22.4,28.5,35.1,29.4,44.2,21.9,25.9,24.6,23.5,28.5,34.6,19.4,40.3,22.8,19.2,23.5,40.8,,19.2,22.5,24.8,33.3,41.5,44.5,28.6,28.5
07-18,25.7,26.1,30.6,23.8,39.9,25.5,44.5,29.6,37.4,42.0,32.1,25.9,26.0,24.7,23.2,29.1,42.6,33.6,22.4,28.5,35.1,29.4,44.2,22.0,25.9,24.6,23.6,28.5,34.7,19.4,40.3,22.8,19.2,23.6,40.8,,19.2,22.5,24.8,33.3,41.5,44.5,28.6,28.5
07-19,25.7,26.1,30.6,23.9,39.9,25.5,44.5,29.6,37.4,42.0,32.1,25.9,26.0,25.0,23.2,29.3,42.6,33.7,22.4,28.5,35.1,29.4,44.2,22.0,25.9,24.6,23.6,28.5,34.7,19.4,40.3,22.8,19.2,23.6,40.8,,19.2,22.5,25.1,33.4,41.6,44.5,28.6,28.5
07-20,25.7,26.1,30.7,23.9,39.9,25.5,44.6,29.6,37.4,42.0,32.1,25.9,26.0,25.0,23.2,29.4,42.6,33.9,22.4,28.5,35.1,29.4,44.3,22.0,25.9,24.6,23.6,28.5,34.7,19.4,40.3,22.8,19.3,23.6,41.1,,19.3,22.5,25.1,33.5,41.6,44.6,28.6,28.5
07-21,25.8,26.1,30.7,23.9,40.0,25.5,44.6,29.6,37.4,42.1,32.1,25.9,26.0,25.0,23.2,29.4,42.6,33.9,22.4,28.5,35.1,29.4,44.3,22.0,25.9,24.6,23.7,28.5,34.7,19.5,40.3,22.8,19.3,23.6,41.1,,19.3,22.5,25.1,33.5,41.7,44.6,28.6,28.5
07-22,25.8,26.1,30.8,23.9,40.0,25.5,44.6,29.6,37.4,42.1,32.1,25.9,26.0,25.0,23.2,29.5,42.6,33.9,22.4,28.6,35.1,29.5,44.3,22.3,25.9,24.6,23.8,28.5,34.7,19.5,40.3,22.8,19.3,23.6,41.1,,19.3,22.5,25.1,33.5,41.7,44.6,28.7,28.5
07-23,26.0,26.1,30.8,23.9,40.0,25.6,44.6,29.6,37.4,42.2,32.1,25.9,26.0,25.1,23.2,29.5,42.6,33.9,22.4,28.6,35.1,29.5,44.3,22.5,25.9,24.6,23.8,28.5,34.7,19.5,40.3,22.9,19.5,23.6,41.1,,19.5,22.7,25.2,33.5,41.8,44.6,28.7,28.5
07-24,26.1,26.2,30.9,23.9,41.0,25.6,44.6,29.6,38.0,43.0,32.1,25.9,26.0,25.1,23.5,29.5,42.6,33.9,22.5,28.6,35.1,29.5,44.3,22.6,25.9,24.6,23.9,28.5,34.8,19.5,40.3,22.9,19.5,23.6,41.1,,19.5,22.7,25.2,33.5,42.0,44.6,28.7,28.5
07-25,26.1,26.3,30.9,23.9,41.1,25.7,44.6,29.6,38.0,44.1,32.1,25.9,26.0,25.2,23.6,29.5,42.8,33.9,22.9,28.6,35.2,29.5,44.3,22.6,25.9,24.6,23.9,28.5,34.9,19.5,40.3,22.9,19.5,23.6,41.2,,19.5,22.9,25.3,33.6,42.2,44.6,28.7,28.5
07-26,26.2,26.3,30.9,23.9,41.3,25.7,44.6,29.6,38.0,44.6,32.1,25.9,26.0,25.4,23.8,29.5,42.8,33.9,23.4,28.6,35.2,29.5,44.4,22.6,25.9,24.6,23.9,28.5,35.0,19.5,40.4,22.9,19.5,23.6,41.3,,19.5,23.1,25.4,33.6,42.2,44.6,28.7,28.5
07-27,26.3,26.3,30.9,23.9,41.5,25.7,44.6,29.6,38.1,44.6,32.1,25.9,26.0,25.4,23.8,29.6,42.8,33.9,23.6,28.6,35.2,29.7,44.4,22.7,25.9,24.6,23.9,28.5,35.2,19.5,41.0,23.0,19.6,23.7,41.3,,19.5,23.2,25.4,33.6,42.3,44.6,28.7,28.5
07-28,26.4,26.3,31.0,23.9,41.5,25.8,44.6,29.6,38.2,44.6,32.1,25.9,26.0,25.4,23.8,29.6,42.8,33.9,23.6,28.7,35.2,29.8,44.4,22.7,26.1,24.6,23.9,28.5,35.2,19.5,41.0,23.1,19.7,23.7,41.3,,19.5,23.3,25.5,33.6,42.3,44.6,28.8,28.5
07-29,26.6,26.3,31.0,23.9,41.5,25.8,44.6,29.6,38.4,45.0,32.3,25.9,26.0,25.4,23.8,29.6,42.8,33.9,23.6,28.7,35.2,29.9,44.4,22.7,26.2,25.0,23.9,28.5,35.3,19.6,41.0,23.1,20.0,23.7,41.3,,19.6,23.3,25.5,33.6,42.3,45.0,28.8,28.5
07-30,26.7,26.3,31.0,23.9,41.5,25.8,44.6,29.6,38.4,45.0,32.4,25.9,26.0,25.4,23.8,29.6,42.9,34.0,23.7,28.7,35.3,29.9,44.4,22.7,26.2,25.2,23.9,28.5,35.3,19.6,41.0,23.1,20.0,23.8,41.3,,19.6,23.3,25.5,33.6,42.4,45.0,28.8,28.5
07-31,26.7,26.3,31.0,23.9,41.6,26.0,44.6,29.6,38.6,45.1,32.4,25.9,26.0,25.4,23.8,29.6,43.0,34.0,23.7,28.7,35.4,29.9,44.4,22.7,26.2,25.2,23.9,28.5,35.3,19.6,41.0,23.1,20.2,23.9,41.3,,19.6,23.3,25.5,33.7,42.4,45.1,28.8,28.5
08-01,26.7,26.3,31.0,23.9,41.6,26.0,44.6,29.6,38.7,45.1,32.4,25.9,26.0,25.4,23.9,29.6,43.3,34.4,23.7,28.7,35.4,30.2,44.6,22.7,26.2,25.2,23.9,28.6,35.3,19.6,41.1,23.1,20.9,23.9,41.4,,19.6,23.3,25.5,34.0,42.6,45.1,28.9,28.6
08-02,26.7,26.3,31.1,23.9,41.6,26.0,44.6,29.6,38.7,45.1,32.4,25.9,26.0,25.4,24.0,29.6,43.4,34.8,23.8,28.7,35.4,30.2,44.9,22.7,26.2,25.2,23.9,28.6,35.3,19.6,41.1,23.1,22.0,24.6,41.7,,19.6,23.4,25.5,34.3,42.7,45.1,28.9,28.6
08-03,26.7,26.3,31.3,23.9,41.6,26.0,44.6,29.6,38.8,45.1,32.4,25.9,26.1,25.6,24.0,29.8,43.4,34.8,24.0,28.7,35.4,30.2,45.0,22.7,26.2,25.3,23.9,28.6,35.3,19.6,41.1,23.1,22.0,24.6,42.6,,19.6,23.4,25.6,34.3,43.1,45.1,28.9,28.6
08-04,26.7,26.3,31.5,23.9,41.6,26.0,44.6,29.6,38.8,45.1,32.4,25.9,26.2,25.6,24.1,29.8,43.4,34.8,24.0,28.7,35.4,30.2,45.0,22.7,26.2,25.4,24.5,28.6,35.3,19.6,41.1,23.1,22.0,24.6,43.3,,19.6,23.4,25.6,34.4,43.4,45.1,29.0,28.6
08-05,26.7,26.3,31.7,23.9,41.6,26.0,44.6,29.6,39.4,45.1,32.4,26.0,26.4,25.6,24.1,29.8,43.4,34.8,24.1,28.7,35.4,30.6,45.2,22.8,26.2,25.6,24.5,28.6,35.3,19.7,41.1,23.1,22.0,24.6,43.3,,19.7,23.4,25.7,34.4,43.4,45.2,29.0,28.6
08-06,26.7,26.3,31.7,23.9,41.8,26.0,44.6,29.6,39.4,45.1,32.4,26.0,26.4,25.6,24.1,29.8,43.5,34.8,24.2,28.7,35.4,30.7,45.2,22.8,26.2,25.7,24.5,28.6,35.3,19.7,41.1,23.1,22.0,24.9,43.3,,19.7,23.4,25.8,34.4,43.4,45.2,29.0,28.6
08-07,26.7,26.3,31.7,23.9,41.9,26.0,44.6,29.6,39.4,45.1,32.5,26.0,26.4,25.6,24.1,29.8,43.5,34.9,24.2,28.7,35.4,30.8,45.2,22.8,26.2,26.0,24.5,28.7,35.3,19.7,41.1,23.1,22.0,25.2,43.3,,19.7,23.4,26.0,34.4,43.4,45.2,29.0,28.7
08-08,26.7,26.4,31.7,23.9,41.9,26.0,44.6,29.6,39.4,45.1,32.5,26.0,26.4,25.6,24.1,29.8,43.5,34.9,24.2,28.8,35.4,30.8,45.2,22.8,26.3,26.0,25.0,28.7,35.4,19.7,41.3,23.1,22.0,25.2,43.3,,19.7,23.4,26.0,34.4,43.4,45.2,29.1,28.7
08-09,26.7,26.4,31.7,23.9,42.1,26.2,44.6,29.6,39.4,45.1,32.5,26.0,26.4,25.6,24.2,29.8,43.5,34.9,24.2,29.0,35.4,30.8,45.2,22.8,26.4,26.1,25.0,28.7,35.4,19.7,41.9,23.1,22.0,25.2,43.4,,19.7,23.4,26.1,34.4,43.5,45.2,29.1,28.7
08-10,26.8,26.5,31.7,23.9,42.3,26.8,44.7,29.6,39.6,45.2,32.5,26.0,26.4,25.6,24.2,29.8,43.6,34.9,24.2,29.1,35.4,30.8,45.2,22.8,26.4,26.1,25.0,28.7,35.5,19.7,41.9,23.1,22.0,25.2,43.4,,19.7,23.4,26.1,34.4,43.5,45.2,29.1,28.7
08-11,26.8,26.7,31.7,23.9,42.5,27.0,44.7,29.6,39.8,45.2,32.6,26.0,26.4,25.6,24.2,29.8,43.6,34.9,24.2,29.1,35.4,30.8,45.2,22.8,26.4,26.1,25.0,28.8,35.6,19.7,41.9,23.1,22.0,25.8,43.4,,19.7,23.4,26.1,34.5,43.5,45.2,29.2,28.8
08-12,26.9,27.0,31.8,23.9,42.6,27.1,44.7,29.6,39.9,45.2,32.8,26.0,26.4,25.6,24.2,29.8,43.6,35.0,24.2,29.1,35.4,30.8,45.2,22.8,26.4,26.2,25.0,28.8,35.6,19.7,41.9,23.1,22.0,26.1,43.4,,19.7,23.4,26.1,34.5,43.5,45.2,29.2,28.8
08-13,27.2,27.1,32.1,23.9,42.6,27.2,44.8,29.6,40.0,45.2,32.8,26.0,26.4,25.6,24.2,29.8,43.6,35.0,24.2,29.1,35.4,30.8,45.2,22.9,26.4,26.4,25.0,28.8,35.6,19.7,41.9,23.1,22.0,26.1,43.6,,19.7,23.4,26.2,34.6,43.6,45.2,29.2,28.8
08-14,27.2,27.1,32.1,24.0,42.6,27.2,44.8,29.6,40.0,45.2,32.8,26.0,26.4,25.6,24.2,29.8,43.6,35.0,24.2,29.1,35.4,30.8,45.2,22.9,26.4,26.4,25.0,28.8,35.6,19.7,41.9,23.1,22.0,26.7,43.6,,19.7,23.5,26.4,34.6,43.6,45.2,29.2,28.8
08-15,27.2,27.1,32.2,24.0,42.6,27.3,44.8,29.6,40.0,45.2,32.8,26.0,26.4,25.6,24.2,29.8,43.6,35.0,24.2,29.1,35.5,30.8,45.3,23.0,26.4,26.4,25.0,28.8,35.6,19.7,41.9,23.1,22.0,26.9,43.6,,19.7,23.5,26.4,34.6,43.6,45.3,29.2,28.8
08-16,27.2,27.2,32.3,24.1,42.6,27.3,44.8,29.6,40.0,45.2,32.8,26.2,26.4,25.6,24.2,29.8,43.8,35.0,24.2,29.1,35.6,30.8,45.4,23.0,26.4,26.4,25.0,28.8,35.6,19.7,41.9,23.1,22.0,26.9,43.8,,19.7,23.5,26.4,34.6,43.8,45.4,29.3,28.8
08-17,27.2,27.6,32.3,24.1,42.6,27.3,44.8,29.6,40.0,45.2,32.8,26.2,26.4,25.6,24.2,29.8,44.0,35.0,24.2,29.1,35.6,30.8,45.4,23.0,26.4,26.4,25.0,28.8,35.6,19.7,41.9,23.1,22.0,27.0,43.8,,19.7,23.5,26.4,34.6,43.9,45.4,29.3,28.8
08-18,27.5,27.7,32.3,24.1,42.6,27.3,44.8,29.6,40.2,45.3,32.8,26.3,26.4,25.6,24.2,29.9,44.0,35.1,24.3,29.1,35.6,30.9,45.4,23.0,26.5,26.4,25.0,28.8,35.6,19.9,41.9,23.1,22.5,27.0,44.0,,19.9,23.5,26.4,34.6,44.0,45.4,29.3,28.8
08-19,27.5,27.7,32.4,24.1,42.6,27.7,44.8,29.6,40.2,45.4,32.8,26.5,26.4,25.6,24.2,30.2,44.0,35.1,24.4,29.1,35.6,31.1,45.4,23.0,26.5,26.5,25.1,28.8,35.6,19.9,41.9,23.1,24.0,27.0,44.0,,19.9,24.0,26.5,34.7,44.0,45.4,29.4,28.8
08-20,27.5,27.7,32.4,24.1,42.6,27.7,44.8,29.6,40.2,45.4,32.9,26.5,26.4,25.6,24.2,30.3,44.0,35.2,24.4,29.1,35.6,31.4,45.4,23.0,26.7,26.6,25.1,28.8,35.6,19.9,41.9,23.1,24.3,27.0,44.0,,19.9,24.2,26.5,34.7,44.0,45.4,29.4,28.8
08-21,27.5,27.7,32.4,24.1,42.6,27.8,44.8,29.6,40.2,45.5,33.6,26.5,27.0,25.6,24.2,30.3,44.1,35.2,24.4,29.1,35.6,31.4,45.4,23.1,26.8,26.7,25.1,28.8,35.6,19.9,42.0,23.1,24.4,27.4,44.0,,19.9,24.2,26.7,34.9,44.1,45.5,29.4,28.8
08-22,27.5,27.7,32.4,24.1,42.6,27.9,45.2,29.6,40.3,45.5,33.7,26.5,27.1,25.6,24.4,30.4,44.1,35.2,24.4,29.1,35.6,31.4,45.4,23.1,26.8,26.8,25.1,28.8,35.7,20.0,42.0,23.1,24.6,27.4,44.1,,20.0,24.2,26.8,34.9,44.1,45.5,29.4,28.8
08-23,27.5,27.7,32.4,24.3,42.6,27.9,45.2,29.6,40.3,45.5,33.8,26.6,27.2,25.6,24.6,30.4,44.1,35.2,24.4,29.1,35.6,31.6,45.5,23.2,26.9,27.2,25.1,28.8,36.1,20.4,42.0,23.1,24.6,27.4,44.7,,20.4,24.4,27.0,34.9,44.4,45.5,29.5,28.8
08-24,27.6,27.7,32.4,24.4,42.6,27.9,45.8,29.6,40.4,45.5,33.8,26.6,27.2,25.6,24.6,30.6,44.1,35.2,24.4,29.1,36.0,31.6,45.5,23.2,27.1,27.7,25.1,28.8,36.1,20.5,42.0,23.1,24.6,27.4,44.9,,20.5,24.4,27.1,34.9,44.6,45.8,29.6,28.8
08-25,28.2,27.7,32.8,24.4,42.6,27.9,45.8,29.6,40.4,45.6,33.8,26.7,27.2,25.6,24.6,30.6,44.1,35.2,24.4,29.1,36.1,31.6,45.5,23.2,27.1,27.8,25.1,28.8,36.2,20.5,42.0,23.2,24.6,27.5,45.0,,20.5,24.4,27.1,34.9,44.6,45.8,29.7,28.8
08-26,28.3,27.7,33.0,24.4,42.6,27.9,45.8,29.6,40.4,46.4,33.8,26.9,27.2,25.6,24.6,30.6,44.1,35.2,24.4,29.1,36.1,31.6,45.5,23.2,27.1,27.8,25.1,28.8,36.2,20.5,42.0,23.2,24.6,27.6,45.0,,20.5,24.4,27.1,35.0,44.6,46.4,29.7,28.8
08-27,28.3,27.7,33.3,24.4,42.6,27.9,45.8,29.6,40.4,46.5,33.8,26.9,27.2,25.6,24.6,30.6,44.1,35.3,24.4,29.1,36.1,31.6,45.5,23.2,27.1,28.6,25.2,28.8,36.2,20.5,42.0,23.3,24.6,27.6,45.1,,20.5,24.4,27.1,35.0,44.7,46.5,29.9,28.8
08-28,28.3,27.7,33.5,24.4,42.6,28.0,45.8,29.6,40.4,46.5,34.0,27.0,27.2,25.6,24.6,30.6,44.1,35.3,24.4,29.1,36.1,31.9,45.8,23.2,27.2,28.7,25.2,28.8,36.2,20.5,42.0,23.3,24.6,27.6,45.2,,20.5,24.4,27.2,35.0,44.7,46.5,30.0,28.8
08-29,28.3,27.7,33.5,24.4,42.6,28.1,45.8,29.6,40.4,46.6,34.1,27.1,27.2,25.6,24.6,30.6,44.1,35.3,24.5,29.1,36.1,31.9,45.9,23.2,27.2,28.7,25.2,28.8,36.2,20.5,42.0,23.3,24.6,27.6,45.2,,20.5,24.4,27.2,35.1,44.7,46.6,30.0,28.8
08-30,28.3,27.7,33.5,24.4,42.6,28.1,45.8,29.6,40.4,46.6,34.1,27.2,27.2,25.6,24.8,30.6,44.1,35.3,24.5,29.1,36.1,32.0,46.0,23.2,27.2,28.7,25.2,28.8,36.2,20.5,42.0,23.3,24.6,27.6,45.2,,20.5,24.4,27.2,35.1,44.7,46.6,30.1,28.8
08-31,28.3,27.7,33.5,24.5,42.6,28.1,45.8,29.6,40.4,46.6,34.4,27.8,27.2,25.6,24.8,30.6,44.1,35.4,24.5,29.2,36.1,32.3,46.0,23.2,27.2,28.7,25.2,28.8,36.2,20.5,42.0,23.3,24.6,27.6,45.2,,20.5,24.5,27.3,35.2,44.7,46.6,30.2,28.8
09-01,28.3,27.7,33.5,24.5,42.6,28.1,45.8,29.6,40.5,46.6,34.4,28.2,27.2,25.6,24.8,30.6,44.1,35.4,24.5,30.1,36.1,32.3,46.0,23.4,27.4,28.8,25.2,28.8,36.3,20.5,42.0,23.3,24.6,27.6,45.2,,20.5,24.5,27.4,35.2,44.7,46.6,30.3,28.8
09-02,28.3,27.8,33.5,24.5,42.6,28.1,45.9,29.6,40.6,46.7,34.5,28.4,27.2,25.6,24.9,30.6,44.1,35.4,24.5,30.4,36.1,32.3,46.0,24.0,27.4,28.8,25.2,28.8,36.3,20.6,42.0,23.4,24.6,27.6,45.2,,20.6,24.5,27.4,35.2,44.8,46.7,30.4,28.8
09-03,28.3,27.8,33.6,24.5,42.6,28.1,46.0,29.6,40.6,46.8,34.5,28.4,27.2,25.6,25.0,30.6,44.1,35.4,24.6,30.4,36.1,32.4,46.0,24.1,27.4,28.8,25.2,28.8,36.3,20.6,42.0,23.4,24.6,27.6,45.2,,20.6,24.5,27.4,35.2,44.8,46.8,30.4,28.8
09-04,28.3,27.8,33.6,24.5,42.6,28.1,46.1,29.6,40.6,46.8,34.6,28.4,27.2,25.6,25.0,31.0,44.2,35.4,24.7,30.5,36.1,32.4,46.0,24.1,27.5,28.8,25.2,28.8,36.3,20.6,42.0,23.4,24.7,27.6,45.3,,20.6,24.6,27.5,35.2,44.9,46.8,30.5,28.8
09-05,28.3,27.8,33.6,25.0,42.7,28.1,46.2,29.6,40.7,46.8,34.7,28.4,27.2,25.6,25.0,31.1,44.2,35.4,24.9,30.5,36.1,32.4,46.0,24.1,27.6,28.8,25.2,28.9,36.3,20.6,42.0,23.4,24.7,27.6,45.6,,20.6,24.8,27.6,35.2,45.0,46.8,30.5,28.9
09-06,28.3,27.9,33.6,25.0,42.7,28.1,46.2,29.6,40.8,46.8,34.7,28.4,27.4,25.7,25.0,31.2,44.2,35.4,24.9,30.5,36.1,32.4,46.0,24.1,27.6,28.8,25.3,28.9,36.3,20.6,42.2,23.4,24.7,27.6,45.6,,20.6,24.8,27.6,35.2,45.0,46.8,30.5,28.9
09-07,28.3,27.9,33.7,25.0,42.7,28.1,46.2,29.6,40.8,46.8,34.7,28.4,27.4,26.4,25.0,31.2,44.2,35.4,24.9,30.5,36.1,32.4,46.0,24.2,27.7,28.8,25.3,28.9,36.3,20.6,42.3,23.4,24.7,27.6,45.6,,20.6,24.8,27.6,35.2,45.0,46.8,30.5,28.9
09-08,28.3,27.9,35.1,25.0,42.7,28.1,46.2,29.6,40.9,46.9,34.7,28.4,27.4,26.6,25.0,31.2,44.2,35.4,24.9,30.5,36.2,32.4,46.0,24.2,28.4,28.8,25.3,28.9,36.4,20.6,42.3,23.4,24.7,27.6,45.6,,20.6,24.8,27.6,35.3,45.0,46.9,30.7,28.9
09-09,28.3,27.9,35.4,25.0,42.7,28.1,46.2,29.6,41.0,46.9,34.7,28.4,27.4,27.1,25.0,31.2,44.2,35.4,25.0,30.5,36.2,32.5,46.0,24.2,28.7,29.2,25.3,28.9,36.5,20.6,42.4,23.7,24.7,27.6,45.6,,20.6,24.8,27.7,35.4,45.0,46.9,30.8,29.2
09-10,28.3,27.9,35.6,25.0,42.7,28.1,46.2,29.7,41.0,46.9,34.7,28.4,27.5,27.1,25.3,31.2,44.3,35.6,25.0,30.6,36.2,32.6,46.2,24.3,29.0,29.4,25.3,28.9,36.5,20.6,42.5,23.8,24.7,27.6,45.6,,20.6,24.8,27.7,35.6,45.1,46.9,30.8,29.4
09-11,28.3,27.9,35.9,25.0,42.7,28.1,46.2,29.7,41.0,47.2,34.7,28.5,27.6,27.2,25.4,31.2,44.3,35.6,25.0,30.6,36.2,32.6,46.2,24.5,29.0,29.4,25.3,28.9,36.5,20.6,42.8,23.8,24.7,27.6,45.7,,20.6,24.8,27.7,35.9,45.1,47.2,30.8,29.4
09-12,28.3,27.9,35.9,25.1,42.7,28.1,46.2,29.7,41.0,47.2,34.7,28.5,27.6,27.2,25.4,31.2,44.4,35.6,25.0,30.6,36.2,32.6,46.2,24.6,29.4,29.4,25.3,28.9,36.5,20.6,43.0,23.8,24.8,27.6,45.7,,20.6,24.8,27.7,35.9,45.1,47.2,30.9,29.4
09-13,28.3,28.0,35.9,25.1,42.7,28.1,46.2,29.8,41.0,47.5,34.7,28.5,27.6,27.2,25.4,31.3,44.4,35.6,25.0,30.6,36.2,32.6,46.2,24.6,29.5,29.4,25.3,28.9,36.5,20.6,43.0,23.8,24.8,27.6,45.7,,20.6,24.8,27.7,35.9,45.1,47.5,31.0,29.5
09-14,28.4,28.0,35.9,25.1,42.7,28.1,46.2,29.8,41.1,47.5,34.8,28.5,27.6,27.2,25.4,31.3,44.4,35.6,25.0,30.6,36.2,32.6,46.2,24.6,30.0,29.4,25.3,29.2,36.5,20.6,43.1,24.0,24.8,27.8,45.8,,20.6,24.9,27.8,35.9,45.2,47.5,31.0,29.8
09-15,28.4,28.0,35.9,25.1,42.7,28.1,46.2,29.8,41.1,47.6,34.8,28.5,27.6,27.2,25.4,31.3,44.4,36.0,25.0,30.6,36.8,32.6,46.2,24.6,30.3,29.4,25.5,29.3,36.8,20.6,43.1,24.0,24.8,27.9,45.8,,20.6,24.9,27.9,36.0,45.2,47.6,31.1,29.8
09-16,28.4,28.0,35.9,25.1,42.7,28.1,46.2,30.0,41.1,47.6,34.8,28.5,27.6,27.3,25.4,31.3,44.4,36.8,25.0,30.6,36.8,32.6,46.2,24.6,30.3,29.4,26.1,29.4,37.2,20.6,43.1,24.0,24.8,28.1,45.8,,20.6,24.9,28.0,36.7,45.2,47.6,31.2,30.0
09-17,28.4,28.0,35.9,25.2,42.8,28.1,46.2,30.8,41.2,47.6,34.8,28.5,27.7,27.7,25.4,31.3,44.4,36.9,25.0,30.7,36.8,32.6,46.4,24.6,30.4,29.4,26.9,29.4,37.2,20.6,43.1,24.0,24.8,28.2,45.8,,20.6,24.9,28.1,36.7,45.2,47.6,31.2,30.4
09-18,28.6,28.0,35.9,25.2,43.2,28.1,46.4,31.0,41.2,47.6,34.8,28.6,27.7,28.1,25.6,31.3,44.4,36.9,25.0,30.8,36.8,32.6,46.6,24.6,30.4,29.4,27.0,29.4,37.2,20.6,43.1,24.0,24.8,28.3,45.8,,20.6,24.9,28.1,36.7,45.2,47.6,31.2,30.4
09-19,28.7,28.1,35.9,25.2,43.2,28.3,46.4,31.0,41.6,47.6,34.9,28.6,27.7,28.3,25.6,31.3,44.4,37.0,25.0,30.8,36.9,32.6,46.6,24.6,30.4,29.4,27.1,29.4,37.2,20.6,43.1,24.0,24.9,28.3,45.8,,20.6,24.9,28.3,36.7,45.2,47.6,31.3,30.4
09-20,28.9,28.1,35.9,25.2,43.2,28.3,46.4,31.2,42.2,47.6,35.0,28.6,27.7,28.3,25.6,31.5,44.4,37.1,25.0,30.8,36.9,32.6,46.6,24.6,30.4,29.4,27.1,29.4,37.4,20.6,43.2,24.0,25.0,28.3,45.8,,20.6,25.0,28.3,36.7,45.2,47.6,31.3,30.4
09-21,29.5,28.2,35.9,25.2,43.3,28.3,46.4,31.2,42.5,47.7,35.0,28.6,27.7,28.3,25.6,31.6,44.4,37.6,25.0,30.9,36.9,32.6,46.6,24.6,30.4,29.5,27.1,29.4,37.4,20.6,43.5,24.0,25.0,28.3,45.8,,20.6,25.0,28.3,36.7,45.2,47.7,31.3,30.4
09-22,29.7,28.2,36.0,25.2,43.3,28.3,46.4,31.3,42.6,48.3,35.0,28.6,27.7,28.3,25.6,31.6,44.8,37.8,25.0,31.0,36.9,32.6,46.6,24.6,30.4,29.8,27.1,29.4,37.8,20.6,43.6,24.0,25.0,28.6,46.5,,20.6,25.0,28.3,36.7,45.8,48.3,31.3,30.4
09-23,29.7,28.2,36.0,25.2,43.3,28.3,46.4,31.3,42.7,48.4,35.0,29.4,27.7,28.3,25.6,31.6,44.8,38.8,25.6,31.2,36.9,32.8,46.6,24.7,30.4,29.8,27.1,30.0,37.8,20.6,43.7,24.0,25.0,28.6,46.8,,20.6,25.1,28.3,36.7,45.8,48.4,31.4,30.4
09-24,29.9,28.3,36.0,25.4,43.3,28.3,46.4,31.3,42.7,48.5,35.0,30.3,27.8,28.3,25.6,31.6,44.8,38.8,26.1,31.2,36.9,32.8,46.6,24.8,30.4,29.8,27.1,31.1,38.2,20.6,43.7,24.0,25.0,28.6,46.8,,20.6,25.1,28.3,36.7,45.8,48.5,31.5,31.1
09-25,29.9,28.4,36.0,25.4,43.3,28.3,46.4,31.3,42.8,48.5,35.0,30.3,27.8,28.4,25.6,31.6,44.8,38.8,26.2,31.2,36.9,32.8,46.6,24.8,30.5,29.8,27.2,31.6,39.1,20.6,43.7,24.0,25.0,28.6,46.8,,20.6,25.2,28.4,36.7,45.8,48.5,31.6,31.2
09-26,29.9,28.4,36.0,25.5,43.3,28.3,46.4,31.3,42.9,48.8,35.0,30.3,27.8,28.4,25.6,31.6,44.8,38.8,26.2,31.2,36.9,32.8,46.6,25.3,30.6,29.8,27.2,31.6,39.1,20.6,43.7,24.0,25.0,28.6,46.8,,20.6,25.4,28.4,36.7,45.8,48.8,31.7,31.2
09-27,30.0,28.5,36.0,25.5,43.3,28.3,46.4,31.3,43.0,48.8,35.0,30.4,27.8,28.4,25.6,31.6,44.9,38.8,26.2,31.2,36.9,32.8,46.6,25.4,30.8,29.9,27.2,31.6,39.1,20.6,43.7,24.0,25.0,28.6,46.8,,20.6,25.4,28.4,36.7,45.8,48.8,31.7,31.2
09-28,30.0,28.5,36.0,25.5,43.3,28.3,46.5,31.3,43.0,48.8,35.0,30.4,27.8,28.4,25.6,31.7,45.0,38.8,26.2,31.2,36.9,32.8,46.6,25.4,31.4,32.1,27.2,31.6,39.1,20.6,43.7,24.0,25.0,28.7,46.8,,20.6,25.4,28.4,36.7,45.9,48.8,32.1,31.4
09-29,30.0,28.5,36.1,25.5,43.3,28.4,46.5,31.3,43.0,48.8,35.0,30.4,27.8,28.5,25.6,31.7,45.0,38.8,26.3,31.2,36.9,32.8,46.6,25.4,31.4,32.4,27.2,31.7,39.1,20.6,43.8,24.0,25.0,28.9,46.8,,20.6,25.5,28.5,36.7,45.9,48.8,32.2,31.4
09-30,30.0,28.6,36.2,25.5,43.3,29.6,47.4,31.3,43.1,49.0,35.0,30.4,27.8,28.6,25.6,31.8,45.0,38.8,26.7,31.2,36.9,32.8,46.6,25.4,31.4,32.6,27.2,31.7,39.1,20.6,44.0,24.1,25.0,29.0,46.8,,20.6,25.5,28.7,36.8,46.0,49.0,32.3,31.4
