date,1981,1982,1983,1984,1985,1986,1987,1988,1989,1990,1991,1992,1993,1994,1995,1996,1997,1998,1999,2000,2001,2002,2003,2004,2005,2006,2007,2008,2009,2010,2011,2012,2013,2014,2015,2016,2017,2018,2019,2020,2021,2022,2023,2024,Min,10%,30%,70%,90%,Max,Median ('91-'20),Median (POR)
10-01,0.0,0.0,0.0,0.0,0.0,0.0,0.0,0.0,0.0,0.0,0.0,0.0,0.0,0.0,0.0,0.0,0.0,0.0,0.0,0.0,0.0,0.0,0.0,0.0,0.0,0.0,0.0,0.0,0.0,0.0,0.0,0.0,0.0,0.0,0.0,0.0,0.0,0.0,0.0,0.0,0.0,0.0,0.0,0.0,0.0,0.0,0.0,0.0,0.0,0.0,0.0,0.0
10-02,0.0,0.2,0.1,0.4,0.3,0.0,0.3,0.0,0.0,0.0,0.0,0.0,0.0,0.0,0.0,0.0,0.0,0.0,0.0,0.0,0.0,0.0,0.3,0.0,0.0,0.0,0.0,0.1,0.0,0.0,0.0,0.0,0.0,0.0,0.2,0.0,0.0,0.0,0.0,0.0,0.0,0.0,0.0,0.1,0.0,0.0,0.0,0.0,0.2,0.4,0.0,0.0
10-03,0.0,0.3,0.1,0.5,0.6,0.0,0.6,0.0,0.0,0.0,0.0,0.0,0.0,0.0,0.0,0.0,0.3,0.4,0.1,0.0,0.0,0.0,1.1,0.2,0.1,0.0,0.1,0.1,0.0,0.0,0.1,0.1,0.0,0.0,0.2,0.0,0.0,0.2,0.3,0.0,0.0,0.0,0.2,0.4,0.0,0.0,0.0,0.1,0.4,1.1,0.0,0.0
10-04,0.0,0.5,0.1,0.5,0.7,0.0,0.7,0.0,0.0,0.0,0.0,0.0,0.0,0.0,0.4,0.0,0.3,0.4,0.4,0.0,0.0,0.0,1.4,0.4,0.1,0.0,0.3,0.1,0.0,0.0,0.2,0.2,0.0,0.1,0.2,0.1,0.1,0.2,0.6,0.0,0.0,0.0,0.3,0.5,0.0,0.0,0.0,0.2,0.5,1.4,0.0,0.1
10-05,0.0,0.7,0.1,0.5,0.7,0.0,0.7,0.0,0.0,0.0,0.1,0.1,0.0,0.0,0.6,0.1,0.3,0.5,0.5,0.0,0.0,0.0,1.5,0.4,0.2,0.1,0.4,0.1,1.0,0.0,0.9,0.3,0.0,0.1,0.2,0.2,0.1,0.2,1.1,0.0,0.0,0.1,0.3,0.5,0.0,0.0,0.0,0.4,0.7,1.5,0.1,0.1
10-06,0.0,0.9,0.3,0.6,0.7,0.0,0.7,0.0,0.1,0.1,0.1,0.1,0.0,0.3,0.9,0.1,0.3,0.5,0.5,0.0,0.0,0.0,1.5,0.5,0.2,0.1,0.8,0.4,1.2,0.1,2.8,1.4,0.0,0.1,0.2,0.7,0.1,0.2,1.3,0.0,0.0,0.4,0.3,0.5,0.0,0.0,0.1,0.5,1.1,2.8,0.2,0.2
10-07,0.0,0.9,0.3,0.6,0.7,0.1,0.7,0.0,0.1,0.1,0.1,0.1,0.0,0.9,1.0,0.1,0.3,0.5,0.5,0.2,0.0,0.0,1.5,0.5,0.2,0.2,1.6,0.6,1.2,0.1,3.7,2.1,0.0,0.1,0.2,0.8,0.1,0.2,1.9,0.0,0.0,0.4,0.3,0.5,0.0,0.0,0.1,0.6,1.4,3.7,0.2,0.2
10-08,0.0,0.9,0.3,0.7,0.7,0.5,0.7,0.0,0.1,0.1,0.3,0.1,0.0,1.1,1.0,0.1,0.4,0.6,0.5,0.4,0.0,0.1,1.5,0.5,0.2,0.2,1.7,0.6,1.2,0.1,3.7,2.2,0.0,0.1,0.2,0.8,0.1,0.2,2.7,0.0,0.0,0.4,0.3,0.5,0.0,0.0,0.1,0.7,1.4,3.7,0.2,0.3
10-09,0.0,1.0,0.3,0.7,0.7,1.3,0.7,0.0,0.1,0.1,0.3,0.1,0.0,1.5,1.0,0.1,0.4,0.7,0.5,0.4,0.0,0.2,1.5,0.5,0.2,0.2,1.7,0.6,1.2,0.1,3.8,2.4,0.0,0.1,0.2,0.8,0.1,0.2,2.9,0.0,0.0,1.4,0.3,0.5,0.0,0.0,0.1,0.7,1.5,3.8,0.3,0.3
10-10,0.0,1.3,0.4,0.7,0.7,1.4,0.8,0.0,0.2,0.2,0.3,0.1,0.0,1.5,1.1,0.1,0.4,0.7,0.5,0.4,0.1,0.5,1.5,0.5,0.2,0.2,1.9,0.6,1.2,0.1,3.8,2.4,0.0,0.3,0.2,0.8,0.1,0.2,3.2,0.0,0.0,1.5,0.3,0.5,0.0,0.0,0.2,0.7,1.5,3.8,0.4,0.4
10-11,0.0,1.5,0.4,0.7,0.7,1.8,1.1,0.0,0.2,0.2,0.3,0.1,0.0,1.6,1.1,0.1,0.4,0.7,0.5,0.4,1.1,0.5,1.5,0.5,0.3,0.2,2.1,0.6,1.2,0.1,3.8,2.4,0.0,0.8,0.2,0.8,0.1,0.2,3.5,0.0,0.0,1.5,0.3,0.5,0.0,0.0,0.2,0.9,1.7,3.8,0.5,0.5
10-12,0.2,2.2,0.4,0.7,1.3,1.8,1.6,0.0,0.2,0.2,0.3,0.1,0.0,1.9,1.1,0.1,0.4,1.2,0.5,0.4,1.3,0.6,1.5,0.5,0.3,0.2,2.2,0.6,1.5,0.1,3.8,2.4,0.1,0.8,0.2,0.8,0.1,0.2,3.6,0.0,0.0,1.7,0.3,0.7,0.0,0.1,0.2,1.2,2.1,3.8,0.5,0.5
10-13,0.8,2.4,0.4,0.9,1.4,1.9,1.6,0.4,0.5,0.2,0.3,0.1,0.0,1.9,1.1,0.1,0.4,1.3,0.5,0.4,1.4,0.6,1.5,0.5,0.3,0.2,2.2,0.6,1.6,0.1,3.8,2.4,1.1,0.9,0.2,0.8,0.1,0.2,3.6,0.0,0.0,2.3,0.3,0.7,0.0,0.1,0.3,1.3,2.3,3.8,0.6,0.6
10-14,0.9,2.5,0.4,1.0,1.6,2.0,1.7,0.8,0.5,0.2,0.3,0.1,0.0,1.9,1.2,0.1,0.4,1.3,0.5,0.4,1.4,0.6,1.5,0.5,0.3,0.2,2.2,0.7,1.6,0.1,3.8,2.5,1.2,1.1,0.2,0.8,0.1,0.2,3.6,0.0,0.0,2.4,0.3,0.7,0.0,0.1,0.3,1.3,2.4,3.8,0.6,0.7
10-15,1.1,2.6,0.4,1.1,1.8,2.0,1.7,1.0,0.6,0.2,0.3,0.1,0.0,1.9,2.1,0.1,0.5,1.3,0.6,0.4,1.4,0.6,1.6,0.5,0.3,0.2,3.1,0.7,1.6,0.1,3.8,2.5,1.3,1.2,0.2,0.8,0.1,0.2,3.6,0.0,0.0,2.4,0.3,0.7,0.0,0.1,0.3,1.4,2.5,3.8,0.7,0.7
10-16,1.4,2.9,0.4,1.1,2.0,2.0,1.7,1.0,0.6,0.3,0.3,0.1,0.0,2.1,3.1,0.1,0.5,1.3,0.7,0.5,1.4,0.6,1.6,0.5,0.3,0.6,3.1,0.7,1.6,0.1,3.9,2.5,1.3,1.2,0.2,0.8,0.1,0.2,3.6,0.0,0.0,2.5,0.3,,0.0,0.1,0.4,1.5,2.8,3.9,0.7,0.7
10-17,1.5,3.1,0.4,1.1,2.2,2.0,1.7,1.0,0.6,0.4,0.3,0.1,0.0,2.2,3.3,0.1,0.5,1.3,1.2,0.6,1.4,0.6,1.6,0.5,0.3,0.6,3.3,0.8,1.6,0.1,3.9,2.5,1.3,1.2,0.2,0.9,0.1,0.2,3.6,0.0,0.0,2.5,0.3,,0.0,0.1,0.4,1.5,3.0,3.9,0.8,0.9
10-18,1.6,3.1,0.4,1.1,3.3,2.0,1.7,1.0,0.6,0.4,0.3,0.1,0.0,2.5,3.5,0.1,0.5,1.3,1.2,0.6,1.4,0.6,1.6,0.5,0.5,0.7,4.1,0.8,1.6,0.1,4.1,2.5,1.3,1.2,0.2,1.3,0.1,0.2,3.8,0.1,0.0,2.5,0.3,,0.0,0.1,0.5,1.6,3.3,4.1,0.8,1.0
10-19,1.6,3.1,0.4,1.1,3.4,2.0,1.7,1.0,0.6,0.4,0.6,0.1,0.0,2.7,3.5,0.1,0.5,1.4,1.2,0.6,1.4,0.6,1.6,0.5,0.7,1.3,4.1,0.8,1.6,0.1,4.4,2.5,1.3,1.2,0.3,1.9,0.1,0.2,3.9,0.1,0.0,2.7,0.3,,0.0,0.1,0.5,1.6,3.4,4.4,0.9,1.1
10-20,1.6,3.1,0.4,1.2,3.5,2.0,1.8,1.0,0.6,0.4,1.8,0.1,0.0,2.7,3.5,0.1,0.9,1.4,1.2,0.6,1.4,0.6,1.6,0.5,1.4,1.4,4.1,0.8,1.6,0.2,4.4,2.5,1.3,1.2,0.3,2.1,0.1,0.2,3.9,0.2,0.0,2.7,0.3,,0.0,0.1,0.5,1.7,3.4,4.4,1.0,1.2
10-21,1.8,3.1,0.4,1.2,3.8,2.0,1.9,1.0,0.6,0.4,1.8,0.2,0.1,2.7,3.5,0.1,1.0,1.4,1.3,0.6,1.4,0.6,1.6,0.5,3.3,1.4,4.1,1.0,1.6,0.3,4.5,2.5,1.3,1.2,0.3,2.4,0.1,0.3,3.9,0.3,0.0,2.7,0.3,,0.0,0.2,0.5,1.9,3.5,4.5,1.1,1.3
10-22,1.8,3.1,0.4,1.2,3.9,2.2,2.0,1.0,0.6,0.7,1.9,0.2,0.1,2.7,3.5,0.2,1.0,1.4,1.9,0.6,1.9,0.6,1.6,0.5,4.7,1.4,4.2,1.1,1.6,0.3,4.6,2.5,1.3,1.2,0.3,2.6,0.1,0.3,4.1,0.3,0.0,2.7,0.3,,0.0,0.2,0.6,1.9,3.8,4.7,1.2,1.3
10-23,1.8,3.1,0.5,1.2,3.9,2.3,2.0,1.1,0.6,0.9,1.9,0.2,0.1,2.8,3.5,0.3,1.1,1.4,2.1,0.6,2.4,0.6,1.7,0.5,5.2,1.4,4.2,1.1,1.6,0.3,5.0,2.5,1.3,1.3,0.3,2.6,0.1,0.3,4.5,0.3,0.0,2.7,1.2,,0.0,0.3,0.6,2.2,3.8,5.2,1.2,1.3
10-24,1.9,3.1,0.5,1.2,3.9,2.3,2.0,1.3,0.6,1.0,1.9,0.8,0.1,2.8,3.5,0.3,1.1,1.6,2.1,0.6,3.1,0.6,1.7,0.5,5.3,1.4,4.2,1.1,1.6,0.3,5.3,2.5,1.3,1.3,0.3,2.7,0.1,0.3,4.5,0.3,0.0,2.8,1.7,,0.0,0.3,0.7,2.2,3.8,5.3,1.3,1.4
10-25,1.9,3.1,0.5,1.2,3.9,2.3,2.0,1.7,0.6,1.0,1.9,0.9,0.5,2.8,3.6,0.3,1.1,2.3,2.2,0.6,3.1,0.6,1.7,0.5,5.5,1.4,4.3,1.1,1.6,0.4,5.3,2.6,1.4,1.3,0.3,2.7,0.6,0.3,4.5,0.3,0.0,2.8,1.7,,0.0,0.3,0.8,2.3,3.9,5.5,1.3,1.6
10-26,1.9,3.2,0.5,1.2,3.9,2.3,2.0,1.8,0.6,1.4,1.9,0.9,0.6,2.8,3.6,0.3,1.8,2.4,2.9,0.6,3.2,0.6,1.8,0.5,5.5,1.5,4.6,1.1,1.6,0.4,5.8,2.8,1.4,1.3,0.3,2.7,0.6,0.3,4.5,0.3,0.2,3.2,1.8,,0.2,0.4,0.8,2.5,3.9,5.8,1.4,1.8
10-27,2.4,3.2,1.3,1.2,4.0,2.3,2.0,1.8,0.6,1.5,1.9,1.2,0.6,2.8,3.6,0.3,2.0,2.4,3.4,0.6,3.2,0.7,1.9,0.5,5.6,1.5,4.7,1.1,1.6,0.4,5.9,2.9,1.4,1.3,0.3,2.7,0.6,0.3,4.5,0.3,0.2,3.5,2.0,,0.2,0.4,1.2,2.5,3.9,5.9,1.5,1.8
10-28,2.6,3.3,1.4,1.2,4.0,2.3,2.0,1.8,0.7,1.6,1.9,2.0,0.7,2.8,3.6,0.3,2.4,2.4,3.5,0.6,4.1,0.7,2.1,0.5,6.3,1.7,4.7,1.1,1.6,0.6,5.9,3.0,1.4,1.3,0.3,2.7,0.6,0.3,4.5,0.3,0.3,3.5,2.0,,0.3,0.4,1.2,2.6,4.0,6.3,1.6,1.9
10-29,2.6,3.5,1.6,1.2,4.0,2.3,2.0,1.9,0.7,1.7,1.9,2.2,0.8,2.8,3.6,0.4,2.7,2.4,3.6,0.6,4.3,0.7,2.2,0.5,6.6,2.2,4.7,1.1,1.6,1.3,6.0,3.0,1.4,2.1,0.3,2.7,0.7,0.3,4.5,0.4,0.3,3.5,2.0,,0.3,0.4,1.2,2.7,4.2,6.6,1.8,2.0
10-30,2.6,4.1,1.7,1.3,4.0,2.3,2.0,2.3,0.8,1.7,1.9,2.6,1.0,2.8,3.6,0.4,2.7,2.4,3.8,0.6,4.3,0.7,2.2,0.5,6.7,2.3,4.7,1.1,1.6,1.4,6.0,3.0,1.4,2.3,0.3,3.2,0.7,0.3,4.5,0.5,0.3,3.5,2.0,,0.3,0.5,1.3,2.8,4.3,6.7,1.9,2.2
10-31,2.6,4.2,2.0,1.3,4.0,2.4,2.1,2.3,0.8,1.7,1.9,2.7,2.2,2.8,3.6,0.4,2.8,2.4,3.9,0.6,5.1,0.7,2.2,0.6,6.7,2.3,4.7,1.1,1.6,1.4,6.1,3.0,1.4,2.4,0.3,3.3,0.7,0.3,4.5,0.6,0.3,3.5,2.0,,0.3,0.6,1.4,2.8,4.5,6.7,2.0,2.2
11-01,2.7,4.2,2.3,1.3,4.1,2.4,2.5,2.7,0.8,1.8,1.9,2.7,2.4,2.9,3.6,0.5,3.1,2.4,3.9,0.6,5.6,0.9,2.2,0.7,6.9,2.3,4.7,1.1,1.6,1.5,6.1,3.0,1.4,2.4,0.3,3.3,0.7,0.3,4.5,0.6,0.3,3.5,2.0,,0.3,0.6,1.4,2.9,4.5,6.9,2.0,2.4
11-02,2.7,4.2,2.4,1.4,4.1,2.4,2.7,2.8,0.8,1.8,2.1,2.8,2.5,2.9,3.7,0.5,3.1,2.4,3.9,0.6,5.7,0.9,2.2,0.8,6.9,2.3,4.8,1.1,1.6,1.5,6.1,3.1,1.4,2.4,0.5,3.3,0.8,0.3,4.6,0.6,0.3,3.6,2.0,,0.3,0.6,1.5,3.0,4.5,6.9,2.0,2.4
11-03,2.7,4.2,2.5,1.5,4.2,2.4,2.7,3.2,0.8,1.8,2.3,2.9,2.9,2.9,4.0,0.6,3.2,2.4,4.1,0.6,5.7,0.9,2.2,0.9,7.0,2.3,4.8,1.1,2.2,1.5,6.1,3.1,1.4,2.4,1.0,3.3,0.8,0.3,4.6,0.6,0.3,3.6,2.5,,0.3,0.6,1.5,3.1,4.5,7.0,2.2,2.4
11-04,2.7,4.2,2.5,1.5,4.2,2.4,2.7,3.3,0.8,1.8,2.4,2.9,3.0,2.9,4.3,0.6,3.4,2.4,4.1,0.6,5.8,0.9,2.2,1.2,7.0,2.3,4.8,1.1,2.2,1.5,6.1,3.1,1.4,2.4,1.0,3.4,0.8,0.3,4.6,0.6,0.4,3.6,2.7,,0.3,0.6,1.5,3.2,4.5,7.0,2.2,2.4
11-05,2.7,4.2,2.5,1.5,4.2,2.4,2.7,3.4,0.8,1.8,2.4,2.9,3.1,2.9,4.4,0.6,3.4,2.4,4.2,0.6,5.8,1.0,2.3,1.2,7.0,2.3,4.8,1.1,2.7,1.5,6.1,3.3,1.4,2.6,1.0,3.6,0.8,0.4,4.6,0.6,0.4,3.6,2.8,,0.4,0.7,1.5,3.3,4.5,7.0,2.3,2.6
11-06,2.7,4.2,2.5,1.5,4.2,2.7,2.7,4.1,0.8,1.8,2.7,2.9,3.1,2.9,4.4,0.6,3.6,2.4,4.3,0.6,5.8,1.0,2.3,1.3,7.0,2.3,4.8,1.1,2.9,1.5,6.1,3.4,1.4,2.6,1.0,3.7,0.8,0.4,4.6,0.6,0.4,3.6,2.8,,0.4,0.7,1.5,3.5,4.5,7.0,2.3,2.7
11-07,2.7,4.5,2.6,1.5,4.2,2.7,3.0,4.6,0.8,1.8,2.7,2.9,3.1,3.0,4.4,0.6,3.7,2.4,4.4,0.6,6.0,1.0,2.3,1.3,7.0,2.3,4.8,1.1,2.9,1.5,6.1,3.6,1.4,2.6,1.1,3.7,0.8,0.4,4.6,0.6,0.4,3.6,2.8,,0.4,0.7,1.5,3.6,4.6,7.0,2.3,2.7
11-08,2.7,4.7,2.6,2.0,4.2,2.7,3.2,4.7,0.8,1.8,2.8,2.9,3.1,3.0,4.4,0.6,3.7,2.4,4.4,0.6,6.0,1.0,2.5,1.4,7.4,2.3,4.8,1.1,2.9,1.5,6.1,4.0,1.4,2.6,1.1,3.7,0.9,0.4,4.6,0.6,0.8,3.6,2.8,,0.4,0.8,1.7,3.6,4.7,7.4,2.4,2.7
11-09,2.8,4.7,3.1,2.2,4.7,3.0,3.2,4.8,0.9,1.8,2.8,2.9,3.1,3.0,4.4,0.6,3.7,2.5,5.3,0.6,6.1,1.1,2.9,1.4,8.6,2.3,4.8,1.1,3.0,1.5,6.6,4.0,1.6,2.6,1.1,3.7,0.9,0.4,4.6,0.6,1.2,3.6,3.2,,0.4,0.9,1.7,3.6,4.8,8.6,2.4,2.9
11-10,2.8,4.8,3.7,2.3,4.8,3.0,3.2,4.8,0.9,1.8,2.8,3.0,3.1,3.0,4.4,0.7,3.7,2.6,5.4,0.6,6.4,1.2,3.3,1.5,8.8,2.3,4.8,1.1,3.0,1.5,6.7,4.0,2.5,2.6,1.1,3.7,0.9,0.4,4.6,0.6,1.5,3.7,4.3,,0.4,0.9,2.1,3.7,4.8,8.8,2.6,3.0
11-11,2.8,4.8,4.3,2.3,4.8,3.1,3.2,4.8,0.9,1.8,2.8,3.0,3.2,3.0,4.4,0.9,3.7,2.7,5.5,0.6,6.7,1.2,3.6,1.7,8.8,2.3,4.8,1.2,3.1,1.5,6.9,4.0,2.9,2.6,1.1,4.4,0.9,0.4,4.6,0.6,1.5,3.7,4.3,,0.4,0.9,2.1,4.1,4.8,8.8,2.6,3.0
11-12,2.8,4.8,4.5,2.3,4.8,4.1,3.2,4.8,1.1,1.8,2.8,3.0,3.3,3.5,4.6,0.9,3.7,3.2,5.7,0.6,6.8,1.2,3.8,1.8,8.9,2.5,5.0,1.2,3.1,1.5,7.0,4.1,3.0,2.6,1.1,4.5,0.9,0.4,4.6,0.6,1.5,3.7,4.3,,0.4,0.9,2.1,4.2,5.0,8.9,2.8,3.2
11-13,3.1,4.8,4.5,2.4,4.8,4.4,3.3,4.8,1.1,1.8,2.8,3.0,3.3,3.9,4.9,0.9,3.7,3.2,5.7,0.6,6.8,1.3,3.8,2.2,9.1,2.5,5.1,1.2,3.1,1.8,7.0,4.1,3.0,2.6,1.1,4.5,0.9,0.4,4.6,0.6,1.6,3.7,4.3,,0.4,0.9,2.3,4.3,5.1,9.1,2.8,3.2
11-14,3.3,4.8,4.6,2.5,4.9,4.5,3.3,5.1,1.1,1.8,2.8,3.0,3.3,4.0,5.3,0.9,3.7,3.3,5.7,0.6,6.9,1.5,3.8,2.4,9.2,2.5,5.2,1.2,3.1,2.2,7.0,4.2,3.0,2.6,1.3,4.5,0.9,0.4,4.7,0.6,1.7,3.7,4.4,,0.4,0.9,2.4,4.4,5.3,9.2,2.9,3.3
11-15,3.3,4.8,4.6,2.5,5.0,4.5,3.3,5.9,1.8,1.8,2.8,3.4,3.3,4.1,5.3,0.9,3.7,3.3,5.7,0.6,6.9,1.5,3.8,2.4,9.2,2.6,5.3,1.2,3.1,2.5,7.2,4.2,3.0,2.6,1.5,4.5,0.9,0.4,4.7,0.6,1.8,3.7,4.4,,0.4,1.0,2.5,4.4,5.7,9.2,3.0,3.3
11-16,3.3,4.8,4.6,2.6,5.1,4.5,3.3,5.9,1.9,1.8,2.8,3.9,3.3,4.1,5.4,0.9,3.9,3.3,5.7,0.6,6.9,1.5,3.8,2.5,9.2,2.6,5.3,1.2,3.1,2.5,7.4,4.2,3.0,2.7,1.7,4.8,0.9,0.4,4.7,0.6,1.9,3.7,4.4,,0.4,1.0,2.5,4.4,5.7,9.2,3.0,3.3
11-17,3.3,4.9,4.7,2.6,5.1,4.6,3.3,5.9,1.9,1.8,2.8,4.0,3.3,4.1,5.7,0.9,4.0,3.4,5.7,0.6,7.0,1.5,3.8,2.6,9.2,2.7,5.3,1.2,3.1,2.5,7.4,4.2,3.2,2.7,1.7,5.4,0.9,0.4,4.7,0.6,1.9,3.7,4.4,,0.4,1.0,2.6,4.5,5.7,9.2,3.1,3.3
11-18,3.3,5.1,4.7,3.3,5.2,5.1,3.3,6.0,2.1,1.8,2.8,4.5,3.3,4.2,6.0,0.9,4.3,3.4,5.7,0.7,7.0,1.5,3.8,2.8,9.2,2.7,5.3,1.2,3.1,2.5,7.4,4.2,3.3,2.7,1.7,5.5,1.1,0.8,4.7,0.6,1.9,3.7,4.4,,0.6,1.2,2.7,4.6,5.9,9.2,3.1,3.3
11-19,3.4,5.3,4.7,3.7,5.2,5.4,3.6,6.0,2.4,1.8,2.8,4.8,3.3,4.2,6.7,0.9,4.3,3.5,5.7,0.7,7.0,1.5,3.8,2.8,9.2,2.7,5.3,1.2,3.1,2.5,7.4,4.2,3.4,2.8,1.7,5.5,1.2,0.8,4.7,0.7,1.9,3.8,4.4,,0.7,1.2,2.7,4.7,5.9,9.2,3.2,3.6
11-20,3.4,5.3,5.0,3.8,5.2,5.5,3.6,6.0,2.5,1.8,2.9,4.9,3.6,4.2,7.0,0.9,4.3,3.5,5.8,0.7,7.0,1.5,3.8,2.9,9.2,2.7,5.3,1.2,3.1,2.5,7.4,4.3,3.4,2.8,1.7,5.5,1.2,0.8,4.7,1.0,1.9,3.8,4.4,,0.7,1.2,2.7,4.7,6.0,9.2,3.2,3.6
11-21,3.4,5.3,5.1,4.5,5.2,5.7,3.6,6.0,2.5,1.8,3.7,4.9,3.9,4.2,7.0,0.9,4.3,3.5,5.8,0.7,7.0,1.5,3.8,2.9,9.2,2.7,5.3,1.3,3.1,2.5,7.8,4.3,3.4,2.9,1.7,5.5,1.2,0.8,4.7,2.4,1.9,3.8,4.4,,0.7,1.3,2.8,4.8,6.0,9.2,3.2,3.8
11-22,3.4,5.3,5.2,4.8,5.2,5.8,3.7,6.1,2.5,1.8,3.7,4.9,4.0,4.2,7.1,0.9,5.0,3.5,5.8,1.3,7.0,1.6,3.8,3.0,10.0,2.7,5.3,1.3,3.1,2.5,8.7,4.5,3.4,3.4,1.7,5.5,2.2,0.8,4.7,2.5,1.9,3.8,4.4,,0.8,1.6,2.8,5.0,6.0,10.0,3.4,3.8
11-23,3.5,5.3,5.3,4.9,5.3,5.8,3.8,6.1,2.5,1.8,3.7,5.0,4.2,4.3,7.1,0.9,5.9,3.5,5.8,1.4,7.0,2.1,3.8,3.2,10.1,2.7,5.3,1.3,3.1,2.6,8.7,4.6,3.4,4.0,2.0,5.5,2.2,0.8,4.9,2.5,1.9,3.8,4.4,,0.8,1.8,2.9,5.1,6.0,10.1,3.5,3.8
11-24,4.0,5.4,5.3,5.0,5.3,5.9,3.8,6.1,2.6,1.8,3.7,5.0,4.6,4.4,7.1,0.9,6.0,3.5,5.8,1.4,7.0,2.3,3.8,3.3,10.1,2.7,5.4,1.3,3.1,2.6,9.0,4.6,3.4,4.5,2.1,5.5,2.4,0.8,5.0,2.5,1.9,3.8,4.4,,0.8,1.8,2.9,5.1,6.0,10.1,3.6,4.0
11-25,4.4,5.4,5.3,5.5,6.1,6.0,3.8,6.1,2.7,1.8,3.7,5.0,4.6,4.4,7.1,0.9,6.0,3.5,5.8,1.4,7.0,2.5,3.9,3.3,10.2,2.7,5.4,1.3,3.2,2.6,9.1,4.6,3.4,4.6,2.1,5.6,2.4,0.8,5.1,2.5,2.0,3.8,4.4,,0.8,1.9,3.0,5.3,6.1,10.2,3.6,4.4
11-26,4.5,5.7,5.3,6.3,6.4,6.2,3.9,6.4,3.0,1.8,3.7,5.0,4.7,4.5,7.1,0.9,6.1,3.5,5.8,1.4,7.0,3.4,4.0,3.3,10.2,2.8,5.4,1.3,3.2,2.6,9.1,4.6,3.4,4.6,2.2,5.6,2.4,0.8,5.1,3.0,2.0,3.8,4.4,,0.8,1.9,3.2,5.3,6.4,10.2,3.6,4.4
11-27,4.5,5.8,5.3,6.6,6.5,6.2,3.9,6.5,3.1,2.8,4.3,5.0,4.7,4.5,7.6,1.2,6.1,3.9,5.8,1.4,7.0,3.4,4.0,3.3,10.4,3.0,5.4,1.3,3.6,2.6,9.1,4.6,3.4,4.6,2.2,5.7,2.5,0.8,5.1,3.1,2.0,3.8,4.4,,0.8,2.0,3.4,5.3,6.6,10.4,3.7,4.4
11-28,4.5,6.0,5.4,6.8,6.6,6.2,3.9,6.5,3.2,2.9,4.3,5.1,4.7,4.6,7.7,1.2,6.1,4.5,5.8,1.4,7.0,3.5,4.0,3.3,11.1,3.1,5.7,1.4,4.0,2.6,9.1,4.6,3.4,4.6,2.2,5.8,2.9,0.9,5.1,3.5,2.0,3.8,4.4,,0.9,2.0,3.4,5.5,6.7,11.1,3.9,4.5
11-29,4.5,6.2,5.4,6.8,6.7,6.7,4.0,6.5,3.2,2.9,4.4,5.2,4.7,4.6,7.8,1.2,6.2,4.5,6.0,1.4,7.0,3.6,4.0,3.4,11.5,3.3,6.3,1.4,4.0,2.8,9.7,4.6,3.4,4.6,2.2,5.9,3.4,0.9,5.4,4.7,2.0,3.8,4.6,,0.9,2.1,3.5,5.6,6.8,11.5,4.1,4.6
11-30,4.5,6.3,5.7,6.8,6.8,7.7,4.1,6.5,3.2,2.9,4.4,5.3,4.8,4.6,7.8,1.2,6.8,4.5,6.1,1.4,7.0,4.0,4.1,3.4,11.6,3.4,6.3,1.4,4.1,2.8,9.7,4.6,3.4,4.6,2.2,5.9,3.5,0.9,6.1,5.9,2.0,3.8,4.7,,0.9,2.1,3.7,6.0,7.0,11.6,4.2,4.6
12-01,4.6,6.6,6.9,6.8,6.8,7.9,4.2,6.5,3.2,2.9,4.4,5.4,4.8,4.6,7.8,1.2,6.8,4.5,6.1,1.4,7.0,4.0,4.2,3.4,11.6,3.5,6.4,2.4,4.1,2.8,9.8,4.8,3.4,4.6,2.2,5.9,3.5,0.9,6.6,5.9,2.0,3.8,4.7,,0.9,2.2,3.7,6.2,7.0,11.6,4.2,4.6
12-02,4.6,6.6,7.6,6.9,6.9,8.1,4.2,6.5,3.2,2.9,4.4,5.4,4.8,4.7,7.8,1.3,7.1,4.6,6.1,1.6,7.0,4.2,4.3,3.4,11.6,3.5,6.4,3.4,4.1,2.8,9.8,5.2,3.4,4.6,2.2,6.0,3.5,0.9,6.8,5.9,2.0,3.8,4.8,,0.9,2.3,3.7,6.2,7.5,11.6,4.3,4.6
12-03,4.6,6.6,7.8,7.0,6.9,8.6,4.2,6.5,3.2,2.9,4.4,5.5,4.8,4.7,7.8,1.3,7.1,4.7,6.1,1.9,7.0,4.2,4.3,3.4,11.6,4.2,6.4,3.5,4.1,2.8,9.8,5.4,3.5,4.6,2.4,6.0,3.5,0.9,7.0,5.9,2.0,3.8,5.0,,0.9,2.5,4.0,6.2,7.6,11.6,4.4,4.7
12-04,4.6,6.6,8.0,7.4,6.9,8.7,4.2,6.5,3.2,2.9,4.4,5.5,4.8,4.7,7.9,1.3,7.1,4.7,6.1,2.2,7.0,4.3,4.3,3.4,11.7,4.3,6.4,3.5,4.1,2.8,9.8,5.5,3.6,5.2,2.5,6.0,3.5,0.9,7.0,5.9,2.0,3.8,5.1,,0.9,2.6,4.0,6.2,7.8,11.7,4.4,4.7
12-05,4.6,6.6,8.0,7.7,6.9,8.7,4.2,6.6,3.2,2.9,4.4,5.5,4.9,4.7,7.9,1.3,7.2,4.7,6.3,2.3,7.0,4.5,4.3,3.4,11.7,4.3,6.4,3.6,4.1,2.8,9.8,5.6,3.6,5.3,2.6,6.0,3.5,0.9,7.1,6.4,2.0,3.8,5.1,,0.9,2.7,4.0,6.4,7.9,11.7,4.5,4.7
12-06,4.9,6.6,8.0,7.8,6.9,8.7,4.3,6.6,3.2,2.9,4.4,5.5,5.1,4.8,7.9,1.3,7.3,4.7,6.4,2.3,7.0,4.5,4.3,3.4,11.8,4.3,6.4,3.6,4.1,2.9,9.8,5.6,3.6,5.3,2.6,6.0,3.5,0.9,7.1,6.7,2.0,3.8,5.2,,0.9,2.7,4.0,6.5,7.9,11.8,4.5,4.9
12-07,4.9,6.6,8.0,7.9,7.0,8.7,4.6,6.6,3.3,3.0,4.4,5.5,5.1,4.8,8.0,1.3,7.5,4.8,6.5,2.3,7.0,4.5,4.3,3.4,11.8,4.4,6.4,3.8,4.1,2.9,10.1,5.6,3.6,5.3,2.6,6.0,3.5,0.9,7.2,6.7,2.0,3.9,5.2,,0.9,2.7,4.1,6.5,8.0,11.8,4.6,4.9
12-08,4.9,6.6,8.3,8.0,7.0,8.9,4.7,6.9,3.4,3.0,4.4,5.5,5.1,4.8,8.3,1.5,7.5,4.9,6.5,2.3,7.0,4.6,4.3,3.9,11.9,4.4,6.4,4.8,4.2,3.7,10.1,5.6,3.6,5.9,2.6,6.0,3.5,0.9,7.2,6.7,2.0,4.0,5.6,,0.9,2.7,4.2,6.5,8.2,11.9,4.7,4.9
12-09,4.9,6.6,8.4,8.0,7.1,9.2,4.8,7.0,3.4,3.0,4.4,5.6,5.2,4.8,8.3,1.5,7.6,5.4,6.6,2.4,7.3,4.6,4.3,4.4,12.0,4.5,6.4,5.2,4.5,3.9,10.1,5.7,3.7,5.9,2.6,6.0,3.6,0.9,7.2,7.1,2.0,4.0,5.6,,0.9,2.7,4.4,6.6,8.3,12.0,4.8,5.2
12-10,4.9,6.6,8.6,8.0,7.1,9.3,4.9,7.0,3.4,3.1,4.4,5.6,5.2,4.8,8.4,1.6,7.7,5.8,6.7,2.5,7.3,4.6,4.3,4.4,12.1,4.5,6.4,5.2,4.5,3.9,10.1,5.7,3.8,5.9,2.6,6.0,3.7,0.9,7.2,7.2,2.0,5.0,5.6,,0.9,2.7,4.5,6.6,8.3,12.1,4.9,5.2
12-11,4.9,6.6,8.7,8.0,7.1,9.4,4.9,7.0,3.4,3.2,4.4,5.6,5.2,4.8,8.4,1.6,8.2,5.9,6.8,2.7,7.5,4.7,4.3,4.5,12.1,4.6,7.0,5.2,4.5,4.0,10.1,5.7,3.8,5.9,2.6,6.0,3.7,0.9,7.2,7.2,2.1,5.1,5.7,,0.9,2.8,4.5,6.8,8.3,12.1,4.9,5.2
12-12,5.0,6.6,8.7,8.0,7.3,9.5,4.9,7.1,3.4,3.2,4.4,5.7,5.3,4.9,8.4,1.6,8.3,5.9,6.8,2.8,7.5,4.8,4.3,4.5,12.1,4.6,7.1,5.2,4.5,4.1,10.1,5.7,3.8,5.9,2.7,6.6,3.8,0.9,7.2,7.2,2.1,5.1,6.3,,0.9,2.8,4.5,6.9,8.4,12.1,4.9,5.3
12-13,5.0,6.6,8.7,8.1,8.0,9.5,4.9,7.3,3.4,3.2,4.7,5.7,5.8,5.6,8.4,1.6,8.4,6.0,6.8,2.8,7.8,4.8,4.3,4.5,12.1,4.6,7.1,5.2,4.5,4.5,10.1,6.1,3.8,5.9,3.0,6.6,3.8,0.9,7.3,7.2,2.4,5.1,6.3,,0.9,3.1,4.5,6.9,8.4,12.1,5.1,5.7
12-14,5.0,6.6,9.3,8.3,8.1,9.5,4.9,7.3,3.5,3.2,5.4,5.7,5.9,5.6,8.9,2.3,8.4,6.0,6.8,2.9,7.8,4.9,4.3,4.6,12.1,4.6,7.2,5.3,4.9,5.6,10.1,6.1,3.9,5.9,3.3,6.7,3.8,0.9,7.3,7.2,2.5,5.1,6.3,,0.9,3.3,4.9,6.9,8.8,12.1,5.2,5.7
12-15,5.0,6.7,9.3,8.8,8.2,9.6,4.9,7.3,3.5,3.2,5.5,5.7,6.0,5.7,8.9,2.4,8.5,6.0,6.8,2.9,7.8,5.1,4.4,4.8,12.1,4.6,7.2,5.3,5.0,5.6,10.1,6.2,4.4,5.9,3.3,7.4,3.9,0.9,7.3,7.3,2.6,6.0,6.4,,0.9,3.3,4.9,7.2,8.9,12.1,5.3,5.9
12-16,5.0,6.7,9.4,9.0,8.3,9.6,4.9,7.3,3.5,3.3,5.5,5.7,6.1,5.8,8.9,2.4,8.5,6.0,6.8,3.0,7.8,5.2,4.4,4.9,12.1,4.6,7.2,5.3,5.3,5.6,10.2,6.2,4.6,5.9,3.3,7.6,4.1,0.9,7.3,7.4,2.6,6.3,6.4,,0.9,3.3,4.9,7.2,9.0,12.1,5.4,5.9
12-17,5.0,6.8,9.4,9.1,8.6,9.6,4.9,7.3,3.5,3.3,5.7,5.7,6.1,6.0,9.0,2.5,8.5,6.0,6.8,3.0,7.9,5.4,4.7,5.0,12.1,4.6,7.2,5.4,5.6,5.6,10.2,6.2,4.6,5.9,3.3,7.6,5.4,0.9,7.3,7.4,2.7,6.3,6.4,,0.9,3.3,5.2,7.2,9.1,12.1,5.5,6.0
12-18,5.0,6.8,9.5,9.2,8.6,9.6,4.9,7.5,3.5,3.3,5.7,5.7,6.3,6.0,9.0,2.5,8.6,6.0,6.8,3.0,7.9,5.4,5.1,5.1,12.1,4.6,7.6,5.4,6.0,5.6,10.4,6.2,4.7,6.0,3.4,7.6,5.4,0.9,7.3,7.5,3.0,6.3,6.4,,0.9,3.3,5.2,7.4,9.1,12.1,5.6,6.0
12-19,5.0,6.8,9.5,9.2,8.8,9.6,4.9,7.5,3.7,3.3,5.7,5.9,6.7,6.0,9.0,2.6,8.6,6.0,6.8,3.0,7.9,5.4,5.2,5.1,12.1,4.8,7.8,5.4,6.4,5.6,10.8,6.2,5.3,6.1,3.5,7.6,5.4,0.9,7.3,7.5,3.1,6.3,6.4,,0.9,3.3,5.3,7.4,9.1,12.1,5.7,6.1
12-20,5.1,6.8,9.5,9.6,9.7,9.6,5.0,7.6,4.1,3.3,6.4,6.1,6.7,6.0,9.0,2.6,8.6,6.1,6.9,3.0,7.9,5.4,5.3,5.2,12.1,4.8,7.9,5.5,6.5,5.6,11.6,6.2,5.4,6.2,3.5,7.6,5.4,0.9,7.3,7.5,3.1,6.3,6.4,,0.9,3.3,5.4,7.4,9.5,12.1,5.8,6.2
12-21,5.1,7.0,9.5,9.7,10.1,9.6,5.0,7.6,4.2,3.3,6.8,6.1,6.8,6.0,9.0,2.6,8.6,6.1,7.5,3.0,7.9,5.4,5.5,5.2,12.1,4.8,7.9,5.9,6.5,5.6,13.6,6.2,5.4,6.2,3.5,7.7,5.4,1.3,7.3,7.5,3.1,6.3,6.5,,1.3,3.3,5.4,7.5,9.6,13.6,5.9,6.2
12-22,5.1,7.5,9.5,9.8,10.1,9.7,5.1,7.6,4.7,3.3,6.9,6.1,6.8,6.0,9.0,2.6,8.6,6.2,7.6,3.1,8.0,5.4,5.6,5.3,12.1,4.8,8.0,6.1,6.5,5.6,14.7,6.2,5.4,6.4,3.8,7.9,5.5,1.5,7.3,7.5,3.1,6.3,6.5,,1.5,3.4,5.5,7.5,9.6,14.7,6.0,6.3
12-23,5.1,7.6,10.0,10.0,10.1,9.7,5.1,8.4,5.0,3.3,6.9,6.1,6.8,6.1,9.0,2.6,9.3,6.2,7.6,3.2,8.0,5.5,5.6,5.4,12.2,4.8,8.1,6.1,7.1,6.2,15.6,6.4,5.5,6.4,4.4,8.9,5.8,1.5,7.3,7.5,3.1,6.3,6.5,,1.5,3.5,5.6,7.6,9.9,15.6,6.1,6.4
12-24,5.1,7.7,10.6,10.1,10.1,9.7,5.1,8.7,5.4,3.3,6.9,6.1,6.8,6.1,9.1,2.7,9.4,6.2,7.6,3.2,8.0,5.5,5.6,5.4,12.2,4.8,8.2,6.2,7.1,6.2,15.7,6.4,5.5,6.4,4.4,9.1,5.9,1.5,7.4,7.7,3.1,6.9,6.6,,1.5,3.5,5.6,7.7,10.0,15.7,6.1,6.4
12-25,5.1,7.7,10.8,10.6,10.1,9.7,5.1,8.7,5.6,3.3,6.9,6.1,6.8,6.1,9.4,2.7,9.5,6.4,7.7,3.2,8.1,5.5,5.6,5.5,12.3,4.8,8.2,6.4,7.3,6.2,15.7,6.4,6.1,6.4,4.4,9.3,6.9,1.5,7.5,8.1,3.1,7.7,6.6,,1.5,3.5,5.9,7.9,10.1,15.7,6.3,6.6
12-26,5.1,7.8,10.9,11.0,10.2,9.7,5.1,8.8,6.1,3.3,6.9,6.1,6.8,6.1,9.6,2.7,9.5,6.4,7.7,3.2,8.3,5.5,5.7,6.2,12.3,4.8,8.2,6.4,8.4,6.2,15.7,6.4,6.1,6.4,4.9,9.8,7.1,1.5,7.8,8.3,3.1,7.8,6.6,,1.5,3.6,6.1,8.2,10.1,15.7,6.4,6.6
12-27,5.1,8.0,10.9,11.8,10.4,9.7,5.2,8.8,6.4,3.4,6.9,6.1,6.8,6.2,9.6,2.7,9.5,6.4,7.7,3.2,8.3,5.6,5.8,6.8,12.4,5.1,8.2,6.5,8.6,6.2,15.8,6.4,6.4,6.4,5.1,9.8,7.1,1.5,7.8,8.4,3.1,8.2,6.6,,1.5,3.7,6.2,8.2,10.3,15.8,6.5,6.8
12-28,5.2,8.3,11.0,12.4,10.8,9.7,5.2,8.8,6.4,3.4,6.9,6.1,7.1,6.3,9.6,2.7,10.0,6.4,7.7,3.2,8.3,5.6,5.9,7.1,12.4,5.2,8.5,6.5,8.7,6.2,15.9,6.4,6.6,6.4,5.1,9.8,7.1,1.5,8.1,8.5,3.2,8.4,7.0,,1.5,3.7,6.2,8.5,10.6,15.9,6.6,7.0
12-29,5.3,8.4,11.0,12.6,10.9,9.7,5.2,8.8,6.5,3.4,6.9,6.2,7.5,6.3,9.6,2.7,10.0,6.5,7.7,3.2,8.3,5.6,6.0,7.2,12.7,5.2,8.7,6.6,8.7,6.3,15.9,6.5,6.6,6.4,5.2,9.8,7.2,1.5,8.1,8.6,3.7,8.8,7.6,,1.5,4.0,6.3,8.6,10.7,15.9,6.6,7.2
12-30,5.3,8.5,11.1,12.6,10.9,9.8,5.2,9.0,6.6,3.4,7.0,6.3,8.1,6.3,9.6,2.7,10.1,6.5,7.7,3.2,8.3,5.8,6.0,7.4,13.9,5.2,8.7,6.6,8.7,6.4,17.0,6.5,6.6,6.4,5.3,9.8,7.2,1.5,8.1,8.7,3.8,9.0,7.7,,1.5,4.1,6.4,8.7,10.8,17.0,6.7,7.2
12-31,5.3,8.9,11.1,12.8,10.9,10.1,5.2,9.3,6.6,3.4,7.0,6.5,8.4,6.3,9.7,2.9,10.1,6.5,7.7,3.2,8.3,5.8,6.1,7.6,14.1,5.3,8.7,6.7,8.7,7.0,17.3,6.5,6.7,6.4,5.4,9.9,7.2,1.5,8.1,8.7,3.8,9.3,8.1,,1.5,4.1,6.4,8.7,10.8,17.3,6.8,7.2
01-01,5.3,9.1,11.2,13.0,11.0,10.2,5.2,9.4,6.6,3.4,7.0,6.6,8.5,6.3,9.7,3.2,10.1,6.5,8.0,3.2,8.3,5.9,6.2,7.6,14.3,5.7,8.7,6.7,8.7,7.0,17.4,6.5,6.7,6.4,5.6,9.9,7.2,1.5,8.3,8.7,3.8,10.4,8.5,,1.5,4.1,6.4,8.7,10.9,17.4,6.9,7.2
01-02,5.3,9.9,11.2,13.0,11.1,10.2,5.2,9.4,6.6,3.4,7.1,6.6,8.6,6.3,9.8,3.4,10.1,6.5,8.1,3.3,8.3,5.9,6.3,7.7,14.5,5.8,8.7,6.7,8.7,7.0,17.4,6.5,6.7,6.4,5.7,9.9,7.2,1.5,8.3,9.0,3.8,10.4,9.6,,1.5,4.1,6.4,9.2,10.9,17.4,6.9,7.2
01-03,5.3,10.2,11.2,13.0,11.1,10.2,5.2,9.4,6.6,3.6,7.1,6.6,8.9,6.3,9.8,3.4,10.2,6.5,8.1,3.6,8.3,5.9,6.4,8.0,14.6,6.2,8.8,6.8,8.9,7.0,17.4,6.5,6.7,6.4,5.7,9.9,7.2,1.5,8.3,9.1,3.8,10.4,9.6,,1.5,4.1,6.4,9.2,11.0,17.4,6.9,7.2
01-04,5.3,10.2,11.2,13.0,11.2,10.3,5.2,9.4,6.6,3.6,7.2,6.8,9.0,6.3,9.8,3.4,11.1,6.6,8.1,3.7,8.3,6.0,6.4,8.7,15.0,6.4,8.8,6.8,9.1,7.0,17.4,6.5,6.7,6.4,5.7,10.0,7.3,1.5,8.3,9.1,3.8,10.4,9.7,,1.5,4.1,6.4,9.2,11.2,17.4,7.0,7.3
01-05,5.4,10.6,11.2,13.1,11.2,10.3,5.4,9.6,7.3,3.7,7.7,6.8,9.0,6.4,10.1,3.4,11.2,7.0,8.2,3.7,8.3,6.0,6.4,8.7,15.5,6.4,9.1,7.0,9.1,7.1,17.4,6.5,6.7,6.4,5.7,10.3,7.4,1.5,8.3,9.1,3.8,10.4,9.8,,1.5,4.1,6.4,9.3,11.2,17.4,7.0,7.7
01-06,5.4,11.4,11.2,13.1,11.2,10.4,6.2,10.2,7.7,3.7,7.8,7.1,9.0,6.6,10.6,3.4,11.3,7.4,8.2,3.8,8.3,6.0,6.5,8.7,15.8,6.4,9.3,8.1,9.4,7.1,17.4,6.5,6.7,6.4,5.7,10.4,7.9,1.5,8.5,9.1,3.8,10.5,10.3,,1.5,4.1,6.5,9.7,11.3,17.4,7.3,8.1
01-07,5.5,11.5,11.2,13.1,11.2,10.6,6.4,10.4,8.0,3.7,7.8,7.7,9.3,6.7,10.7,3.5,11.4,7.4,8.2,3.8,8.3,6.1,6.5,8.8,15.9,6.4,9.4,8.7,9.4,7.1,17.5,6.5,6.7,6.4,5.8,10.7,7.9,1.9,8.8,9.1,3.8,10.5,10.4,,1.9,4.2,6.6,9.8,11.3,17.5,7.4,8.2
01-08,5.6,11.6,11.2,13.1,11.5,10.7,6.7,10.4,8.1,3.7,7.8,8.0,9.9,6.8,10.8,3.5,11.4,7.4,8.2,3.8,8.3,6.1,6.5,9.0,16.1,6.4,9.4,8.8,9.4,7.1,17.5,6.6,6.7,6.4,5.8,11.0,8.0,1.9,8.9,9.1,3.8,10.5,10.5,,1.9,4.2,6.7,10.1,11.5,17.5,7.4,8.2
01-09,5.6,11.6,11.2,13.1,11.7,10.7,6.7,10.5,8.1,3.7,7.8,8.0,10.3,6.8,11.0,3.5,11.5,7.4,8.2,3.9,8.3,6.1,6.5,9.0,17.0,6.4,9.4,8.8,9.6,7.1,17.5,6.6,6.7,6.4,5.8,11.1,8.2,2.0,8.9,9.1,3.9,10.6,10.5,,2.0,4.2,6.7,10.3,11.6,17.5,7.5,8.2
01-10,5.6,11.6,11.2,13.2,11.7,10.7,6.8,10.5,8.1,3.7,7.8,8.0,10.5,6.8,11.1,3.5,11.6,7.5,8.2,3.9,8.4,6.1,6.6,9.0,17.5,6.4,9.4,9.2,9.6,7.1,17.5,6.6,6.7,6.5,5.8,11.1,8.7,2.6,8.9,9.1,4.0,10.6,10.9,,2.6,4.3,6.7,10.5,11.6,17.5,7.5,8.4
01-11,5.6,11.6,11.2,13.2,11.8,10.7,6.8,10.6,8.2,3.7,7.8,8.0,11.2,6.8,11.4,3.5,11.6,7.7,8.2,3.9,8.5,6.1,6.6,9.0,18.1,6.4,9.4,9.2,9.6,7.1,17.5,6.6,7.1,6.5,5.9,11.1,8.8,3.2,8.9,9.2,4.0,10.6,11.7,,3.2,4.3,6.8,10.6,11.7,18.1,7.6,8.5
01-12,5.6,11.6,11.2,13.4,11.8,10.7,6.8,10.8,8.3,3.7,7.8,8.0,11.5,6.8,11.8,3.5,11.9,7.7,8.2,3.9,9.2,6.1,6.8,9.0,19.4,6.5,9.4,9.2,9.6,7.1,17.6,6.6,7.2,6.5,5.9,11.1,9.0,3.2,8.9,9.3,4.0,10.6,11.9,,3.2,4.3,6.8,10.6,11.9,19.4,7.7,8.9
01-13,5.6,11.7,11.2,13.5,11.8,10.7,6.8,10.8,8.3,3.7,7.8,8.2,11.6,6.8,11.8,3.5,12.6,7.8,8.3,3.9,9.6,6.1,6.8,9.0,19.7,6.5,9.7,9.2,9.6,7.1,17.6,6.6,7.2,6.7,6.4,11.1,9.6,3.2,8.9,9.3,4.0,10.6,11.9,,3.2,4.3,6.8,10.6,11.9,19.7,7.8,8.9
01-14,5.6,11.8,11.2,13.6,11.9,10.7,6.8,10.8,8.3,3.9,8.0,8.3,11.9,6.8,11.9,3.5,13.5,8.3,8.3,3.9,9.8,6.1,6.8,9.0,19.7,6.6,9.7,9.2,9.6,7.2,17.6,6.6,7.2,6.7,6.4,11.1,9.8,3.2,8.9,9.3,4.0,10.6,11.9,,3.2,4.3,6.8,10.6,11.9,19.7,7.9,8.9
01-15,5.6,11.8,11.2,13.8,11.9,10.7,6.9,10.8,8.4,4.5,8.1,8.3,12.3,6.8,11.9,3.5,13.5,8.3,8.3,3.9,9.9,6.1,6.8,9.0,19.7,6.6,9.7,9.2,9.6,7.2,17.6,6.6,7.2,6.7,6.4,11.1,9.9,3.2,9.0,9.3,4.0,10.6,12.1,,3.2,4.7,6.9,10.7,12.2,19.7,8.0,9.0
01-16,5.6,11.8,11.2,14.0,11.9,10.8,6.9,10.9,8.4,4.5,8.6,8.3,12.3,6.8,12.4,3.5,13.6,8.6,8.3,3.9,10.0,6.1,6.8,9.0,19.7,6.9,9.7,9.2,9.6,7.2,17.6,6.6,7.3,6.7,6.4,11.4,9.9,3.2,9.5,9.3,4.0,10.6,12.6,,3.2,4.7,6.9,10.7,12.6,19.7,8.0,9.0
01-17,5.6,11.8,11.3,14.0,11.9,10.8,7.0,10.9,8.4,4.7,8.6,8.3,12.5,6.8,12.6,3.8,13.6,8.7,8.4,4.0,10.1,6.1,6.8,9.0,19.7,6.9,9.7,9.2,9.6,7.2,17.7,6.6,7.4,6.7,6.4,11.4,9.9,3.2,9.7,9.3,4.0,10.6,13.2,,3.2,4.9,7.0,10.7,13.1,19.7,8.1,9.0
01-18,5.6,11.8,11.7,14.0,11.9,10.8,7.1,11.7,8.4,4.8,8.6,8.3,13.0,6.9,12.7,4.4,13.6,8.7,8.4,4.2,10.1,6.1,6.8,9.0,19.7,7.0,9.7,9.3,9.6,7.2,17.7,6.7,7.4,6.7,6.4,11.4,9.9,3.2,10.2,9.5,4.0,10.6,13.3,,3.2,5.0,7.1,10.7,13.2,19.7,8.1,9.0
01-19,5.6,11.8,11.7,14.0,11.9,10.8,7.1,11.9,8.4,4.9,8.6,8.3,13.5,6.9,12.8,4.5,13.7,8.7,8.4,4.3,10.1,6.2,6.8,9.0,19.8,7.2,9.7,9.3,9.6,7.7,17.7,6.7,7.4,6.7,6.4,11.5,9.9,3.2,10.4,9.6,4.0,10.6,13.3,,3.2,5.1,7.2,10.7,13.5,19.8,8.2,9.0
01-20,5.6,11.9,11.9,14.0,11.9,10.8,7.1,12.0,8.4,5.0,8.7,8.3,13.7,6.9,12.8,4.7,13.7,9.1,8.5,4.3,10.2,6.2,6.8,9.0,19.8,7.4,9.7,9.3,9.6,8.1,17.8,6.7,7.4,6.7,6.4,11.7,10.3,3.2,10.4,9.7,4.0,10.6,13.5,,3.2,5.1,7.3,10.7,13.6,19.8,8.2,9.1
01-21,5.6,12.6,12.0,14.1,11.9,11.0,7.1,12.0,8.4,5.0,8.7,8.3,13.7,6.9,12.8,4.8,13.7,9.2,8.7,4.3,10.2,6.3,6.8,9.0,19.8,7.4,9.8,9.3,9.6,8.5,17.8,6.7,7.4,6.7,6.4,11.7,10.9,4.0,10.4,9.7,4.0,10.6,13.6,,4.0,5.1,7.3,10.9,13.7,19.8,8.3,9.2
01-22,5.6,13.0,12.0,14.1,11.9,11.0,7.2,12.1,8.4,5.1,8.7,8.3,13.7,6.9,12.8,4.9,13.8,9.2,9.2,4.7,10.2,6.3,6.9,9.0,19.8,7.4,9.9,9.4,9.6,9.6,17.8,7.8,7.4,6.7,6.4,11.7,11.2,4.0,11.1,9.9,4.0,10.6,13.6,,4.0,5.2,7.4,11.1,13.7,19.8,8.5,9.4
01-23,5.6,13.0,12.3,14.1,11.9,11.0,7.2,12.1,8.4,5.1,8.7,8.3,13.8,6.9,12.9,5.3,13.8,9.2,9.2,4.8,10.2,6.4,6.9,9.0,19.8,7.4,9.9,9.4,9.7,10.0,17.8,7.8,7.4,6.7,6.4,11.7,11.5,4.0,11.1,9.9,4.5,10.6,13.6,,4.0,5.4,7.4,11.3,13.8,19.8,8.5,9.4
01-24,5.6,13.0,12.4,14.1,12.0,11.0,7.2,12.1,8.4,5.1,8.7,8.3,13.8,6.9,13.0,5.4,14.5,9.2,9.3,4.8,10.2,6.4,6.9,9.0,19.8,7.5,9.9,9.5,9.9,10.1,17.8,8.2,7.4,6.7,6.4,11.9,12.0,4.0,11.1,9.9,4.7,10.6,13.7,,4.0,5.4,7.5,11.4,13.8,19.8,8.6,9.5
01-25,5.8,13.2,12.8,14.1,12.0,11.0,7.2,12.1,8.6,5.1,8.7,8.3,13.9,6.9,13.3,5.4,14.5,9.2,9.3,4.9,10.3,6.4,6.9,9.0,19.8,7.6,9.9,9.8,10.3,10.1,17.8,8.2,7.6,6.7,6.5,12.3,12.0,4.0,11.1,9.9,4.7,10.6,13.7,,4.0,5.5,7.6,11.5,13.8,19.8,8.6,9.8
01-26,5.8,13.3,12.9,14.2,12.0,11.0,7.2,12.1,8.6,5.1,8.7,8.3,13.9,7.1,13.7,5.7,14.8,9.2,9.3,5.3,10.6,6.4,6.9,9.2,19.8,7.9,9.9,9.9,10.9,10.1,17.8,8.2,7.6,6.7,6.5,12.3,12.0,4.2,11.1,9.9,5.2,10.6,13.7,,4.2,5.7,7.8,11.5,13.8,19.8,8.7,9.9
01-27,5.8,13.4,12.9,14.2,12.1,11.0,7.2,12.1,8.6,5.1,8.7,8.3,13.9,7.2,14.6,5.7,15.2,9.2,9.7,5.8,10.7,6.4,6.9,9.2,20.2,8.1,9.9,9.9,11.2,10.1,17.8,8.4,8.0,6.7,6.5,12.3,12.1,4.2,11.1,10.0,5.3,10.6,13.8,,4.2,5.8,8.0,11.6,14.1,20.2,8.8,9.9
01-28,5.9,13.5,13.2,14.2,12.2,11.0,7.3,12.1,8.6,5.2,8.7,8.3,13.9,7.4,14.7,5.7,15.2,9.2,9.8,5.9,10.9,6.4,6.9,9.2,20.4,8.3,9.9,10.6,11.2,10.7,17.8,8.5,8.4,6.7,6.6,12.3,12.2,4.3,11.1,10.2,5.3,10.6,13.8,,4.3,5.9,8.3,11.6,14.1,20.4,8.9,9.9
01-29,5.9,13.8,13.3,14.2,12.5,11.0,7.5,12.2,8.6,5.2,8.8,8.3,13.9,7.5,14.7,5.9,15.3,9.2,9.8,5.9,11.1,6.6,6.9,9.2,20.5,8.4,9.9,11.3,11.2,10.7,17.8,8.5,8.6,6.7,6.6,12.3,12.2,4.3,11.1,10.2,5.3,10.6,13.9,,4.3,5.9,8.4,11.6,14.2,20.5,9.0,9.9
01-30,6.3,13.9,13.6,14.3,12.7,11.0,7.5,12.2,8.7,5.2,8.8,8.3,14.1,7.6,14.7,5.9,15.4,9.2,9.8,5.9,11.2,6.7,6.9,9.2,20.6,8.5,9.9,11.5,11.3,10.7,17.8,8.5,8.9,6.7,6.7,12.3,12.2,4.3,11.1,10.2,5.7,10.6,13.9,,4.3,6.0,8.4,11.8,14.3,20.6,9.0,9.9
01-31,6.5,14.0,13.7,14.3,12.8,11.2,7.5,12.3,8.7,5.2,8.9,8.3,15.0,7.9,14.7,6.0,15.5,9.4,9.8,6.0,11.4,6.7,6.9,9.3,20.8,8.5,9.9,11.6,11.3,10.7,17.8,8.5,9.0,7.2,7.2,12.7,12.2,4.3,11.1,10.3,5.7,10.6,13.9,,4.3,6.1,8.4,11.8,14.7,20.8,9.1,9.9
02-01,6.6,14.1,13.7,14.4,12.8,11.3,7.5,12.3,8.7,5.2,8.9,8.3,15.4,8.0,14.8,6.5,15.5,9.4,9.9,6.3,11.4,6.8,7.0,9.3,20.8,8.7,10.1,11.7,11.3,10.7,17.9,8.5,9.0,7.4,7.2,13.6,12.2,4.3,11.1,10.3,5.7,10.6,13.9,,4.3,6.5,8.4,11.9,14.7,20.8,9.1,10.1
02-02,6.7,14.2,13.8,14.4,12.9,11.3,7.5,12.3,8.7,5.9,8.9,8.3,15.6,8.0,14.8,6.6,15.5,9.5,10.0,6.3,11.5,6.8,7.0,9.3,20.9,8.8,10.1,11.8,11.3,10.7,18.1,8.6,9.0,7.4,7.2,13.9,12.2,4.3,11.2,10.3,5.8,10.6,13.9,,4.3,6.6,8.5,12.0,14.7,20.9,9.2,10.1
02-03,6.7,14.2,13.8,14.4,12.9,11.5,7.5,12.6,8.7,6.1,8.9,8.4,15.7,8.0,14.8,6.6,15.8,9.7,10.1,6.3,11.5,6.8,7.5,9.5,20.9,9.1,10.2,12.0,11.3,10.7,18.1,8.8,9.0,7.4,7.2,13.9,12.2,4.3,11.7,10.3,5.8,10.6,13.9,,4.3,6.7,8.6,12.1,14.7,20.9,9.4,10.2
02-04,6.7,14.6,13.8,14.4,13.0,11.5,7.6,12.7,9.0,6.1,8.9,8.4,15.7,8.0,14.8,6.7,15.8,9.7,10.1,6.3,11.5,6.8,7.5,9.7,20.9,9.1,10.2,12.9,11.3,10.7,18.1,8.8,9.0,7.5,7.2,13.9,12.2,4.3,12.1,10.6,5.9,10.6,13.9,,4.3,6.7,8.6,12.4,14.7,20.9,9.5,10.2
02-05,6.7,14.7,13.9,14.6,13.1,11.6,7.7,12.7,9.8,6.1,8.9,8.4,15.7,8.1,14.8,6.7,15.8,10.1,10.3,6.3,11.5,6.8,7.5,10.0,20.9,9.1,10.2,13.0,11.3,10.7,18.2,8.8,9.0,7.7,7.2,14.0,12.2,4.3,12.4,10.6,5.9,10.6,13.9,,4.3,6.7,8.6,12.5,14.8,20.9,9.5,10.3
02-06,6.7,14.7,14.0,14.6,13.1,12.0,7.7,12.7,9.9,6.1,8.9,8.4,15.7,8.1,14.8,6.8,16.0,10.1,10.5,6.3,11.5,6.8,7.6,10.2,20.9,9.1,10.2,13.1,11.3,10.9,18.2,8.8,9.0,7.7,7.2,14.0,12.2,4.3,13.5,10.7,6.0,10.6,14.2,,4.3,6.7,8.6,12.8,14.8,20.9,9.6,10.5
02-07,6.7,14.7,14.0,14.6,13.2,12.2,7.7,12.7,10.0,6.1,8.9,8.4,15.8,8.1,14.8,6.8,16.1,10.3,10.6,6.3,11.5,6.8,7.6,10.2,21.0,9.1,10.2,13.1,11.4,11.4,18.2,8.8,9.0,7.8,7.2,14.0,12.3,4.4,13.8,10.8,6.0,10.6,14.4,,4.4,6.7,8.7,12.8,14.8,21.0,9.7,10.6
02-08,6.7,14.7,14.2,14.6,13.2,12.4,7.7,12.7,10.0,6.5,8.9,8.5,16.0,8.4,14.8,6.8,16.1,10.6,10.6,6.3,11.6,6.8,7.7,10.4,21.4,9.1,10.2,13.2,11.5,11.8,18.5,8.9,9.0,7.9,7.2,14.0,12.3,4.4,13.8,10.9,6.0,10.7,14.4,,4.4,6.7,8.7,12.9,14.8,21.4,9.7,10.6
02-09,6.8,14.7,14.5,14.6,13.3,12.4,7.7,12.7,10.0,6.6,8.9,8.5,16.8,9.2,14.8,6.8,16.1,11.1,10.6,6.3,11.6,6.9,7.7,10.5,21.5,9.1,10.2,13.2,11.9,11.8,18.5,8.9,9.2,8.0,7.2,14.0,12.3,4.4,13.8,10.9,6.0,10.7,14.4,,4.4,6.8,8.9,12.9,14.8,21.5,9.9,10.7
02-10,7.1,14.8,14.6,14.6,13.5,12.5,7.8,12.7,10.1,6.6,8.9,8.5,17.1,9.3,14.9,6.8,16.2,11.2,10.8,6.4,11.6,6.9,7.8,10.5,21.5,9.1,10.2,13.2,12.3,11.8,18.5,8.9,9.4,8.3,7.2,14.0,12.3,4.4,13.8,10.9,6.0,10.7,14.4,,4.4,6.8,8.9,12.9,14.8,21.5,10.0,10.8
02-11,7.2,15.1,14.8,14.9,13.6,12.5,7.8,12.7,10.2,6.6,8.9,8.8,17.3,9.3,14.9,6.8,16.2,11.3,11.4,6.6,11.7,6.9,7.8,10.6,21.5,9.1,10.3,13.2,12.4,11.8,18.5,9.0,9.6,8.4,7.2,14.0,12.5,4.6,14.2,10.9,6.0,10.7,14.4,,4.6,6.8,8.9,12.9,15.0,21.5,10.1,10.9
02-12,7.3,15.1,15.0,15.0,13.6,12.5,8.0,12.7,10.3,6.6,8.9,9.2,17.3,9.8,14.9,6.8,16.2,11.4,11.5,6.7,11.8,6.9,7.9,10.6,22.2,9.1,10.5,13.2,12.4,11.8,18.5,9.0,9.6,8.4,7.2,14.0,13.0,4.6,14.2,11.0,6.0,10.7,14.4,,4.6,6.8,9.1,13.1,15.1,22.2,10.1,11.0
02-13,7.3,15.1,15.0,15.0,13.6,12.9,8.2,12.7,10.3,6.7,8.9,9.4,17.4,10.0,15.0,6.8,16.3,11.4,11.5,7.3,11.9,6.9,8.2,10.6,22.4,9.1,10.5,13.2,12.8,11.9,18.5,9.5,9.6,8.4,7.2,14.0,13.1,4.8,14.2,11.0,6.4,10.7,14.4,,4.8,6.9,9.3,13.2,15.1,22.4,10.2,11.0
02-14,7.3,15.3,15.3,15.4,13.6,13.1,8.9,12.7,10.4,6.9,8.9,9.9,17.4,10.0,15.0,6.8,16.3,11.5,11.5,7.4,12.2,6.9,8.5,10.7,22.4,9.2,10.6,13.5,13.0,11.9,18.5,10.0,9.6,8.4,7.2,14.0,13.1,5.0,14.4,11.0,7.4,10.7,14.4,,5.0,7.2,9.5,13.3,15.4,22.4,10.4,11.0
02-15,7.3,15.4,15.4,15.7,13.6,13.4,9.2,12.7,10.4,7.1,8.9,10.0,17.4,10.0,16.3,6.8,16.3,11.9,11.5,7.5,12.4,6.9,8.5,10.7,22.5,9.2,10.6,13.6,13.1,11.9,18.5,10.1,9.7,8.4,7.2,14.0,13.1,5.1,15.1,11.0,7.5,10.7,14.8,,5.1,7.2,9.5,13.5,16.2,22.5,10.4,11.0
02-16,7.3,15.4,15.5,15.8,13.6,13.8,9.3,12.7,10.4,7.2,8.9,10.3,17.6,10.0,16.4,6.8,16.4,12.9,11.5,7.6,12.5,6.9,8.6,10.7,22.5,9.5,10.7,13.7,13.2,11.9,18.6,10.2,9.7,8.4,7.2,14.0,13.1,5.4,15.3,11.0,7.8,10.7,15.2,,5.4,7.2,9.6,13.7,16.2,22.5,10.5,11.0
02-17,7.3,15.7,15.5,16.2,13.7,14.0,9.5,12.8,10.4,7.2,9.6,10.8,17.8,10.0,16.4,6.8,16.4,13.1,11.5,7.9,12.6,6.9,8.7,10.8,22.6,9.5,10.7,13.7,13.6,11.9,18.8,10.2,9.7,8.4,7.2,14.0,13.1,5.4,15.6,11.0,8.2,10.8,15.2,,5.4,7.2,9.6,13.7,16.4,22.6,10.6,11.0
02-18,7.3,15.8,15.6,16.7,13.7,14.1,9.6,12.8,10.4,7.6,9.9,10.8,17.9,10.6,16.4,6.8,16.4,13.2,11.5,8.2,12.6,6.9,8.9,10.8,22.7,9.5,10.7,13.7,13.8,11.9,18.9,10.3,9.7,8.4,7.2,14.0,13.3,5.4,15.8,11.0,8.3,10.9,15.2,,5.4,7.3,9.8,13.7,16.4,22.7,10.7,11.0
02-19,7.3,15.9,15.8,16.9,13.7,14.2,9.7,12.9,10.4,8.2,10.0,10.9,18.3,11.0,16.5,6.8,16.4,13.3,11.5,8.3,12.7,7.3,8.9,10.8,23.1,9.7,10.7,13.7,13.8,12.0,18.9,10.3,9.7,8.4,7.2,14.4,13.7,5.4,15.9,11.0,8.3,10.9,15.2,,5.4,7.5,9.9,13.7,16.5,23.1,10.8,11.0
02-20,7.4,15.9,16.1,16.9,13.7,14.5,9.8,12.9,10.6,8.6,10.1,10.9,19.3,11.3,16.5,6.8,16.4,13.4,11.6,8.3,12.7,7.5,9.0,11.0,23.4,9.9,11.1,13.7,13.8,12.4,20.2,10.7,9.7,8.5,7.2,14.4,13.8,5.9,15.9,11.0,8.4,10.9,15.2,,5.9,7.6,10.0,13.8,16.5,23.4,10.9,11.3
02-21,7.5,15.9,16.1,16.9,14.1,14.5,9.9,12.9,10.7,8.7,10.1,10.9,20.0,11.5,16.5,7.8,16.7,13.4,11.6,8.5,12.7,7.7,9.0,11.0,23.5,9.9,11.1,14.0,13.8,12.8,20.2,10.7,10.0,8.6,7.2,14.4,13.9,6.0,16.2,11.0,8.4,10.9,15.3,,6.0,7.9,10.0,14.0,16.6,23.5,11.0,11.5
02-22,7.5,15.9,16.2,17.0,14.2,14.5,9.9,12.9,10.7,8.7,10.1,11.0,20.2,11.6,16.5,8.6,16.7,13.5,11.8,9.1,12.8,7.7,9.0,11.3,23.8,9.9,11.1,14.0,13.8,13.2,20.2,10.7,10.1,8.6,7.2,14.4,13.9,6.0,16.7,11.0,8.4,11.2,15.5,,6.0,8.5,10.1,14.1,16.7,23.8,11.0,11.6
02-23,7.5,15.9,16.2,17.0,14.4,14.6,10.0,12.9,10.7,8.8,10.1,11.3,20.3,11.7,16.5,9.3,16.8,14.0,11.8,9.2,13.0,7.8,9.0,11.8,24.1,9.9,11.2,14.4,13.9,13.3,20.2,10.7,10.1,8.6,7.7,14.6,14.2,6.2,16.7,11.7,8.5,12.0,15.8,,6.2,8.5,10.1,14.4,16.8,24.1,11.2,11.8
02-24,7.5,15.9,16.2,17.0,14.4,14.6,10.4,12.9,10.7,8.8,10.1,11.4,20.6,11.8,16.5,9.4,16.8,14.4,11.8,9.6,13.4,7.8,9.0,12.3,24.3,10.0,11.7,14.6,14.3,13.3,20.3,10.7,10.4,8.6,8.0,14.7,14.2,6.3,16.7,11.8,8.5,12.2,16.2,,6.3,8.5,10.4,14.5,16.8,24.3,11.4,12.2
02-25,7.5,16.0,16.3,17.0,14.4,14.6,10.9,12.9,10.8,8.8,10.1,11.5,21.1,11.8,16.5,9.4,16.9,15.0,11.8,10.2,13.6,7.9,9.2,12.5,24.3,10.0,11.8,15.1,14.3,13.7,20.3,10.7,10.5,8.6,8.0,14.7,14.4,6.4,16.7,11.8,8.5,12.2,16.4,,6.4,8.5,10.6,14.6,16.8,24.3,11.6,12.2
02-26,7.7,16.0,16.3,17.1,14.5,14.6,11.0,12.9,10.8,8.8,10.1,11.5,21.2,11.8,16.6,9.9,16.9,15.1,11.8,10.3,13.6,7.9,9.7,12.6,24.4,10.0,11.9,15.2,14.3,13.8,20.3,10.7,10.6,8.6,8.0,14.7,14.5,6.5,16.7,11.8,8.5,12.2,16.5,,6.5,8.5,10.7,14.6,16.9,24.4,11.6,12.2
02-27,8.0,16.0,16.5,17.2,14.5,14.6,11.1,12.9,10.8,8.8,10.1,11.5,21.4,11.8,16.6,10.4,17.0,15.2,11.8,10.5,13.8,7.9,9.8,13.2,24.4,10.0,11.9,15.2,14.3,13.8,21.2,10.7,10.8,8.6,8.1,14.7,14.5,6.5,16.7,11.8,8.5,12.2,16.6,,6.5,8.5,10.7,14.6,16.9,24.4,11.8,12.2
02-28,8.0,16.0,16.9,17.2,14.5,14.6,11.1,13.0,10.8,8.8,10.2,11.5,21.6,12.2,16.7,10.5,17.6,15.3,11.8,10.6,14.1,7.9,10.1,13.6,24.4,10.0,12.4,15.2,14.3,13.9,21.3,11.0,10.8,9.0,8.1,14.7,14.8,6.5,16.7,11.8,8.6,12.2,16.9,,6.5,8.6,10.8,14.7,17.1,24.4,11.9,12.4
02-29,,,,17.2,,,,13.0,,,,11.5,,,,10.6,,,,11.0,,,,14.0,,,,15.2,,,,11.3,,,,14.7,,,,11.8,,,,,6.5,8.6,10.8,14.7,17.1,24.4,12.1,12.4
03-01,8.1,16.1,17.2,17.3,14.5,14.6,11.2,13.1,10.8,8.8,10.6,11.5,21.6,12.2,17.0,10.6,18.0,15.4,11.8,11.1,14.6,8.0,10.2,14.3,24.6,10.6,12.6,15.2,14.3,14.0,21.3,11.3,10.8,9.4,8.8,14.7,14.8,6.5,16.8,11.8,8.6,12.2,17.3,,6.5,8.8,11.0,14.7,17.3,24.6,12.1,12.6
03-02,8.5,16.3,17.5,17.3,14.5,14.6,11.2,13.3,10.8,8.8,11.3,11.5,21.7,12.2,17.2,10.6,18.1,15.4,11.8,11.5,14.7,8.1,10.5,14.4,24.7,10.6,12.6,15.4,14.3,14.0,21.3,12.0,10.8,9.7,9.3,14.7,14.8,6.6,16.9,11.9,8.6,12.2,17.8,,6.6,8.9,11.2,14.7,17.8,24.7,12.3,12.6
03-03,8.9,16.8,18.1,17.3,14.7,14.6,11.2,13.4,12.1,8.8,11.5,12.0,21.7,12.2,17.4,10.6,18.1,15.5,11.8,11.5,14.9,8.1,10.6,14.5,24.7,10.6,12.7,15.5,14.3,14.0,21.3,12.1,10.8,9.7,10.4,14.7,14.8,6.6,17.5,11.9,8.6,12.2,17.8,,6.6,9.0,11.5,14.8,18.0,24.7,12.4,12.7
03-04,9.1,17.2,19.2,17.3,15.0,14.6,11.2,13.4,12.7,8.8,11.5,12.5,21.7,12.2,17.6,10.6,18.2,15.6,11.8,11.6,15.1,8.1,10.7,14.6,24.8,10.6,12.7,15.5,14.3,14.1,21.5,12.2,11.0,9.7,10.7,14.7,14.8,6.6,17.9,11.9,8.8,12.2,17.8,,6.6,9.2,11.5,15.0,18.1,24.8,12.4,12.7
03-05,9.3,17.4,19.8,17.5,15.1,14.6,11.3,13.4,12.8,8.9,11.6,12.7,21.7,12.3,17.8,10.6,18.2,15.6,11.9,11.6,15.1,8.2,10.9,14.7,24.8,10.6,12.7,15.6,14.3,14.5,21.6,12.2,11.1,9.8,10.7,14.7,14.8,6.9,17.9,11.9,9.0,12.3,17.9,,6.9,9.4,11.6,15.1,18.1,24.8,12.5,12.8
03-06,9.7,17.4,20.2,17.6,15.1,14.6,11.3,13.4,12.8,9.8,12.0,12.8,21.7,12.3,19.0,11.4,18.3,15.7,11.9,12.1,15.2,8.2,11.1,14.8,24.8,10.6,12.7,15.6,14.5,14.6,21.6,12.2,11.1,9.8,10.7,14.7,15.1,6.9,18.0,11.9,9.0,12.6,17.9,,6.9,9.8,11.9,15.1,18.9,24.8,12.6,12.8
03-07,10.1,17.5,20.5,17.6,15.1,14.6,11.3,13.6,12.8,10.2,12.1,12.8,21.8,12.3,19.2,11.6,18.3,16.6,11.9,12.6,15.2,8.2,11.1,14.8,24.8,10.7,12.7,15.6,14.7,14.7,21.7,12.2,11.1,10.0,10.7,15.3,15.2,6.9,18.9,12.0,9.0,12.7,17.9,,6.9,10.1,11.9,15.3,19.1,24.8,12.7,12.8
03-08,10.3,17.6,20.6,17.6,15.2,14.6,11.3,13.7,12.8,10.2,12.1,13.1,21.8,12.3,19.2,11.6,18.3,16.7,12.1,12.6,15.5,8.6,11.2,14.9,24.8,10.9,12.8,15.6,14.8,15.2,22.5,12.4,11.1,10.3,10.7,15.4,15.3,6.9,19.1,12.0,9.0,12.7,17.9,,6.9,10.3,12.1,15.4,19.2,24.8,12.8,13.1
03-09,10.3,17.6,20.7,17.6,15.2,15.4,11.4,13.7,12.8,10.2,12.2,13.6,21.8,12.3,19.2,11.6,18.3,16.8,12.2,13.0,15.5,8.9,11.2,14.9,24.8,11.3,12.8,15.6,14.8,15.3,22.6,12.4,12.0,10.3,10.7,15.4,15.3,6.9,19.4,12.2,9.0,12.8,17.9,,6.9,10.3,12.2,15.5,19.4,24.8,12.9,13.6
03-10,10.4,17.7,20.7,17.7,15.3,15.6,11.5,14.3,12.8,10.2,12.2,13.6,21.8,12.3,19.2,11.7,18.3,16.8,12.2,13.3,15.8,9.0,11.2,14.9,24.8,11.9,12.8,15.6,15.4,15.8,22.6,12.4,12.5,10.3,10.7,15.5,15.3,6.9,19.5,12.2,9.0,12.9,18.0,,6.9,10.3,12.2,15.7,19.4,24.8,13.0,13.6
03-11,10.6,17.9,20.7,17.7,15.3,16.1,11.5,14.9,12.8,10.2,12.2,13.6,22.0,12.3,19.6,11.7,18.3,16.8,12.3,13.3,16.2,9.1,11.2,14.9,24.9,12.2,12.8,15.6,15.5,16.0,22.7,12.4,12.5,10.3,10.7,15.5,15.3,6.9,19.5,12.2,9.2,13.0,18.5,,6.9,10.3,12.3,16.0,19.5,24.9,13.1,13.6
03-12,10.7,18.5,20.9,17.8,15.5,16.4,11.5,15.0,12.8,11.0,12.6,13.6,22.1,12.6,20.8,11.7,18.3,16.8,12.6,13.4,16.4,9.1,11.2,14.9,24.9,12.6,12.8,15.6,15.5,16.0,22.7,12.4,12.5,10.4,10.7,15.5,15.3,7.1,19.6,12.3,9.6,13.0,19.1,,7.1,10.7,12.5,16.2,20.5,24.9,13.1,13.6
03-13,10.8,18.7,20.9,17.8,15.7,16.8,11.5,15.0,12.8,11.4,12.6,13.6,22.2,12.8,21.0,11.8,18.3,16.8,12.8,13.4,16.5,9.1,11.2,14.9,24.9,12.8,12.8,15.6,15.5,16.1,22.7,12.4,12.5,10.4,10.7,15.5,15.3,7.1,19.9,12.4,10.0,13.0,19.3,,7.1,10.7,12.6,16.2,20.7,24.9,13.1,13.6
03-14,11.5,18.8,21.0,17.8,15.7,16.9,11.6,15.1,12.8,11.6,12.8,13.6,22.2,12.8,21.0,12.1,18.3,17.0,12.8,13.4,16.5,9.4,11.2,14.9,24.9,12.8,12.8,15.6,15.5,16.6,22.7,12.4,12.5,10.4,10.7,15.5,15.3,7.1,20.4,13.1,10.2,13.1,19.5,,7.1,10.8,12.8,16.6,20.9,24.9,13.3,13.6
03-15,11.6,19.4,21.4,18.3,16.0,17.3,11.8,15.1,12.8,11.7,13.1,13.6,22.4,12.8,21.0,12.1,18.3,17.0,12.8,13.4,16.5,9.5,11.3,14.9,24.9,12.9,12.8,15.8,15.5,16.9,22.7,12.4,12.5,10.4,10.7,15.6,15.3,7.6,20.5,13.3,10.2,13.1,19.7,,7.6,10.8,12.8,16.7,20.9,24.9,13.4,13.6
03-16,11.7,19.8,21.6,18.4,16.0,17.4,12.5,15.6,12.9,11.8,13.3,13.6,22.4,12.8,21.0,12.1,18.3,17.0,12.8,13.4,16.5,9.5,11.4,14.9,24.9,13.0,12.8,16.0,15.5,17.0,22.7,12.4,12.5,10.4,10.7,15.6,15.3,7.9,20.5,13.3,10.3,13.1,20.2,,7.9,10.8,12.8,16.7,20.9,24.9,13.4,13.6
03-17,11.8,20.4,22.1,18.5,16.0,17.8,13.2,15.8,12.9,11.9,13.4,13.6,22.4,12.8,21.1,12.1,18.3,17.0,12.8,13.4,16.8,9.7,11.9,14.9,24.9,13.1,12.8,16.5,15.5,17.0,22.9,12.4,12.5,10.4,10.7,15.6,15.3,8.0,20.5,13.3,10.5,13.3,20.2,,8.0,10.9,12.8,16.8,21.0,24.9,13.5,13.6
03-18,11.8,20.7,22.4,19.3,16.2,18.3,13.3,15.8,12.9,11.9,13.4,14.0,22.8,12.8,21.2,12.2,18.3,17.4,12.8,13.5,16.9,9.8,12.9,14.9,24.9,13.1,12.8,16.6,15.5,17.0,23.2,12.8,12.5,10.4,10.7,15.6,15.3,8.2,20.5,13.4,10.5,13.3,20.2,,8.2,10.9,12.8,16.9,21.1,24.9,13.5,14.0
03-19,11.8,21.3,22.5,19.3,16.7,18.4,13.6,15.8,12.9,11.9,13.4,14.1,22.8,12.8,21.2,12.2,18.3,17.4,12.8,13.5,16.9,9.8,13.5,14.9,25.0,13.3,12.8,16.6,15.5,17.0,23.2,13.4,12.5,10.4,10.7,15.6,15.3,8.4,20.5,13.8,10.5,13.3,20.2,,8.4,11.0,13.2,17.0,21.2,25.0,13.6,14.1
03-20,12.0,21.5,22.8,19.4,16.8,18.5,14.0,15.8,13.2,11.9,13.8,14.1,22.8,13.0,21.3,12.2,18.3,17.5,12.8,13.6,16.9,9.9,13.8,14.9,25.1,13.6,12.8,16.6,15.5,17.0,23.3,13.6,12.5,10.4,10.7,15.6,15.3,8.4,20.5,14.0,10.5,13.3,20.6,,8.4,11.0,13.3,17.0,21.4,25.1,13.7,14.1
03-21,12.2,21.6,23.0,19.4,16.9,18.5,14.2,15.9,13.3,11.9,14.1,14.1,22.8,13.2,21.3,12.2,18.3,17.5,12.9,13.9,16.9,9.9,13.9,14.9,25.8,13.7,12.8,16.6,15.5,17.0,23.4,13.7,12.5,10.4,10.7,15.6,15.3,8.4,20.7,14.1,10.7,13.5,21.1,,8.4,11.0,13.4,17.0,21.5,25.8,13.8,14.2
03-22,12.3,21.6,23.2,19.6,16.9,18.5,14.4,15.9,13.3,11.9,14.2,14.3,22.9,13.2,21.6,12.2,18.3,17.5,12.9,14.0,17.0,9.9,13.9,14.9,25.9,14.2,13.0,16.6,15.5,17.0,23.6,13.7,12.5,10.4,10.7,15.6,15.3,8.4,21.2,14.3,10.8,13.5,21.7,,8.4,11.0,13.4,17.0,21.7,25.9,13.8,14.4
03-23,12.4,21.7,23.4,19.7,16.9,18.5,14.7,15.9,13.3,11.9,14.2,14.5,22.9,13.4,21.7,12.2,18.3,17.6,12.9,14.1,17.0,9.9,13.9,14.9,26.1,14.3,13.1,16.6,15.7,17.2,23.6,13.7,12.6,10.4,10.7,16.0,15.7,8.9,21.3,14.3,10.9,13.5,22.2,,8.9,11.1,13.5,17.1,22.1,26.1,14.0,14.7
03-24,12.4,21.7,23.5,19.8,16.9,18.5,14.7,15.9,13.4,11.9,14.2,14.9,22.9,13.5,22.0,12.8,18.3,17.6,12.9,14.1,17.0,10.0,13.9,14.9,26.9,14.4,13.1,16.6,15.9,17.3,23.7,13.7,12.4,10.4,10.8,16.1,16.3,9.4,21.4,14.6,11.0,13.5,22.3,,9.4,11.1,13.5,17.1,22.3,26.9,14.2,14.9
03-25,12.5,21.8,24.0,20.0,16.9,18.5,14.8,15.9,13.4,11.9,14.3,14.9,23.0,13.6,22.3,13.0,18.3,17.6,12.9,14.1,17.0,10.0,14.0,14.9,27.2,14.4,13.1,16.6,15.9,17.3,24.0,13.7,12.6,10.4,10.8,16.1,16.3,9.4,21.4,14.6,11.0,13.5,22.5,,9.4,11.2,13.5,17.1,22.4,27.2,14.2,14.9
03-26,12.6,21.9,24.3,20.2,17.1,18.5,14.9,15.9,13.6,11.9,14.7,15.0,23.1,13.8,22.5,13.0,18.4,17.6,12.9,14.1,17.0,10.0,14.0,15.0,27.6,14.4,13.1,16.6,16.1,17.3,24.1,13.7,12.7,10.4,10.8,16.1,16.4,9.5,21.4,14.6,11.1,13.5,22.5,,9.5,11.3,13.6,17.2,22.5,27.6,14.2,15.0
03-27,13.1,22.2,24.5,20.9,17.2,18.5,15.0,16.0,13.8,12.0,15.0,15.2,23.5,13.8,22.6,13.0,18.4,17.7,12.9,14.1,17.1,10.1,14.3,15.1,27.6,14.5,13.1,16.6,16.6,17.8,24.4,13.8,12.7,10.8,10.8,16.3,16.5,9.5,21.4,14.7,11.2,13.5,22.6,,9.5,11.4,13.8,17.4,22.6,27.6,14.4,15.1
03-28,13.4,22.3,24.7,21.2,18.5,18.5,15.1,16.1,13.8,12.0,15.3,15.6,23.9,13.9,22.6,13.1,18.4,18.3,12.9,14.1,17.1,10.1,14.4,15.2,27.7,14.6,13.3,16.6,16.6,17.8,24.5,13.8,12.7,11.0,10.8,16.3,17.1,9.5,21.5,14.8,11.2,13.5,22.7,,9.5,11.4,13.8,18.0,22.7,27.7,14.5,15.3
03-29,13.6,22.8,24.7,21.4,19.1,18.6,15.2,16.3,13.8,12.5,15.4,15.8,24.3,13.9,22.9,13.3,18.5,19.1,12.9,14.2,17.2,10.1,14.4,15.2,27.9,15.2,13.7,16.6,16.6,17.8,24.7,13.8,12.7,11.0,10.8,16.7,17.1,9.5,21.6,14.9,11.2,13.7,22.7,,9.5,11.5,13.8,18.1,22.8,27.9,14.7,15.4
03-30,14.1,22.9,24.9,21.7,19.5,18.6,15.3,16.4,13.8,12.6,15.4,15.9,24.4,13.9,23.1,13.4,18.6,19.4,12.9,14.2,17.3,10.1,14.5,15.2,28.5,16.1,13.9,16.6,16.8,17.8,24.7,13.8,12.7,11.0,10.8,17.0,17.1,9.5,21.7,15.1,11.2,14.0,23.1,,9.5,11.5,14.0,18.1,23.1,28.5,14.9,15.9
03-31,14.3,23.4,25.1,22.1,19.6,18.7,15.3,16.8,13.8,12.7,15.4,16.2,24.5,13.9,23.1,13.5,18.6,19.5,12.9,14.3,17.3,10.1,14.6,15.2,28.7,16.2,14.0,16.9,17.0,17.8,24.7,13.8,12.7,11.5,10.8,17.1,17.4,9.5,21.7,15.1,11.2,14.0,23.6,,9.5,11.7,14.0,18.1,23.5,28.7,15.0,16.2
04-01,14.4,23.5,25.3,22.3,19.6,18.8,15.3,16.8,13.9,12.7,15.4,16.5,24.5,13.9,23.1,13.5,18.6,19.6,13.1,14.3,17.3,10.1,14.6,15.2,28.8,16.4,14.0,17.1,17.0,18.1,24.7,13.8,12.7,11.5,10.8,17.1,17.9,9.5,21.7,15.1,11.2,14.1,23.6,,9.5,11.7,14.1,18.3,23.6,28.8,15.0,16.4
04-02,14.5,23.9,25.4,22.9,19.6,19.7,15.3,16.8,14.0,12.7,15.5,16.5,24.6,14.1,23.2,13.5,18.9,19.7,13.2,14.3,17.4,10.1,14.6,15.5,28.8,16.5,14.1,17.1,17.1,18.3,24.7,14.1,12.8,11.7,10.8,17.2,17.9,9.5,21.7,15.2,11.2,14.1,23.6,,9.5,11.9,14.1,18.6,23.9,28.8,15.1,16.5
04-03,14.8,24.0,25.5,23.1,19.6,20.5,15.3,16.8,14.1,12.7,15.6,16.6,24.7,14.2,23.2,13.6,19.3,20.0,13.3,14.3,17.4,10.1,14.6,15.9,28.8,16.6,14.1,17.1,17.2,18.4,24.7,14.1,12.9,11.8,10.8,17.2,18.0,9.5,21.8,15.3,11.3,14.1,23.6,,9.5,12.0,14.2,18.8,23.9,28.8,15.2,16.6
04-04,15.1,24.1,25.7,23.2,19.6,20.5,15.5,16.8,14.1,12.7,15.6,16.6,24.7,14.3,23.2,13.6,19.6,20.0,13.6,14.3,17.4,10.1,14.7,16.1,28.8,16.6,14.1,17.1,17.8,18.4,25.1,14.1,12.9,11.8,10.8,17.2,18.2,9.5,22.0,15.3,11.3,14.1,24.1,,9.5,12.0,14.2,18.9,24.1,28.8,15.3,16.6
04-05,15.1,24.1,25.8,23.2,19.6,20.6,15.6,16.8,14.1,12.7,15.6,16.6,24.8,14.5,23.2,13.6,19.9,20.4,13.9,14.3,17.4,10.1,14.8,16.2,29.1,16.7,14.1,17.2,18.0,18.5,25.1,14.1,12.9,11.9,10.8,17.2,18.2,9.5,22.0,15.3,11.3,14.1,24.2,,9.5,12.0,14.2,18.9,24.1,29.1,15.4,16.6
04-06,15.2,24.1,25.8,23.3,19.6,20.6,15.7,16.8,14.1,12.8,15.7,16.6,25.1,14.6,23.2,13.6,20.1,20.4,14.0,14.3,17.6,10.1,15.0,16.2,29.1,17.0,14.1,17.2,18.0,19.0,25.1,14.1,12.9,11.9,10.8,17.2,18.2,9.6,22.0,15.3,11.3,14.1,24.2,,9.6,12.1,14.2,19.2,24.2,29.1,15.5,16.6
04-07,15.2,24.2,25.8,23.5,19.6,20.7,15.9,16.9,14.1,12.8,15.7,16.6,25.2,14.6,23.2,13.6,20.1,20.6,14.0,14.3,17.7,10.1,15.2,16.4,29.1,17.4,14.1,17.2,18.0,19.1,25.1,14.2,12.9,11.9,10.8,17.2,18.2,9.7,22.0,15.3,11.3,14.1,24.3,,9.7,12.1,14.3,19.3,24.2,29.1,15.5,16.6
04-08,15.5,24.3,25.9,23.6,19.6,20.7,16.1,16.9,14.1,13.0,15.7,16.7,25.2,15.0,23.2,13.6,20.2,20.8,14.3,14.3,18.3,10.1,15.2,16.6,29.2,17.5,14.1,17.4,18.0,19.1,25.4,14.2,12.9,11.9,10.8,17.2,18.3,10.0,22.0,15.3,11.3,14.1,24.3,,10.0,12.1,14.3,19.3,24.3,29.2,15.6,16.7
04-09,15.6,24.3,25.9,24.0,19.6,20.7,16.1,16.9,14.1,13.8,15.7,16.7,25.2,15.4,23.2,13.6,20.5,20.9,14.4,14.3,18.9,10.1,15.3,16.8,29.3,17.5,14.5,17.4,18.1,19.1,26.0,14.2,13.7,11.9,10.9,17.3,18.5,10.1,22.0,15.4,11.3,14.1,24.3,,10.1,12.3,14.5,19.3,24.3,29.3,15.8,16.8
04-10,15.6,24.4,25.9,24.1,19.6,20.8,16.1,16.9,14.1,13.8,15.7,16.7,25.2,16.1,24.0,13.6,20.9,20.9,14.9,14.3,19.0,10.1,15.3,16.8,29.8,17.5,14.6,17.7,18.1,19.1,26.5,14.2,14.0,11.9,10.9,17.7,18.5,10.1,22.3,15.5,11.3,14.1,24.3,,10.1,12.3,14.8,19.3,24.3,29.8,15.9,16.8
04-11,15.6,24.4,26.0,24.3,19.6,21.0,16.2,16.9,14.1,13.9,16.2,16.7,25.2,16.4,24.2,13.7,21.2,21.0,15.0,14.4,19.2,10.1,15.3,17.0,30.0,17.5,14.7,17.8,18.2,19.2,26.6,14.2,14.0,11.9,10.9,17.7,18.5,10.1,23.1,15.5,11.3,14.1,24.3,,10.1,12.3,14.8,19.4,24.4,30.0,16.0,16.9
04-12,15.6,24.7,26.1,24.4,19.6,21.0,16.2,16.9,14.1,13.9,16.5,16.7,25.2,16.5,24.3,13.8,21.3,21.0,15.0,14.4,19.2,10.2,15.3,17.1,30.1,17.5,14.8,17.8,18.8,19.2,26.6,14.4,14.1,11.9,10.9,17.8,18.6,10.1,23.3,15.6,11.3,14.5,24.3,,10.1,12.3,14.9,19.4,24.6,30.1,16.1,16.9
04-13,15.6,24.7,26.6,24.4,19.6,21.2,16.3,16.9,14.1,13.9,16.6,16.7,25.3,16.5,24.3,14.3,21.4,21.4,15.0,14.4,19.4,10.3,15.3,17.1,30.1,17.5,14.9,17.8,18.8,19.3,26.7,14.9,14.1,11.9,10.9,17.8,18.6,10.3,23.4,15.6,11.3,14.6,24.3,,10.3,12.3,15.0,19.5,24.6,30.1,16.1,16.9
04-14,15.6,24.7,26.8,24.4,19.6,21.4,16.3,17.0,14.1,13.9,16.6,16.7,25.4,16.6,24.3,14.5,21.5,21.5,15.1,14.4,19.5,10.3,15.3,17.1,30.1,17.5,14.9,17.8,18.8,19.5,26.9,15.0,14.2,12.2,10.9,17.8,18.6,10.4,23.4,15.7,11.3,14.6,24.3,,10.3,12.5,15.1,19.5,24.6,30.1,16.2,17.0
04-15,15.6,24.7,26.9,24.4,19.6,21.5,16.3,17.1,14.1,13.9,16.7,16.7,25.4,16.6,24.6,14.5,21.5,21.9,15.1,14.5,19.5,10.3,15.4,17.1,30.1,17.9,15.0,17.8,19.2,19.5,27.0,15.7,14.2,12.2,11.0,17.9,18.6,10.4,23.4,15.7,11.3,14.7,24.3,,10.3,12.5,15.2,19.6,24.7,30.1,16.2,17.1
04-16,15.9,24.8,27.0,24.4,19.6,21.6,16.3,17.6,14.1,13.9,16.7,16.9,25.4,16.6,24.7,14.5,21.5,22.2,15.1,14.7,19.5,10.4,15.6,17.1,30.1,18.1,15.0,17.8,19.6,19.5,27.0,15.7,14.4,11.9,11.2,18.2,18.6,10.4,23.5,15.7,11.5,14.7,24.3,,10.4,12.3,15.4,19.6,24.8,30.1,16.3,17.1
04-17,15.9,24.8,27.0,24.4,19.6,22.0,16.3,18.3,14.1,13.9,16.7,16.9,25.4,16.6,24.8,14.5,21.5,22.5,15.1,14.7,19.5,10.5,15.7,17.1,30.1,18.1,15.1,17.8,19.8,19.5,27.0,15.7,14.9,12.2,11.5,18.2,18.6,10.5,23.7,15.8,11.7,14.7,24.3,,10.5,12.5,15.4,19.7,24.8,30.1,16.4,17.1
04-18,16.1,24.8,27.0,24.4,19.7,22.6,16.3,18.5,14.2,14.0,16.7,17.1,25.4,16.6,25.4,14.8,21.5,22.6,15.1,14.7,19.5,10.6,15.8,17.2,30.1,18.3,15.1,17.8,19.8,19.5,27.0,15.7,15.1,12.2,11.6,18.2,18.6,10.8,23.8,15.9,11.7,14.7,24.3,,10.6,12.5,15.5,19.7,25.3,30.1,16.5,17.2
04-19,16.6,24.8,27.1,24.5,20.3,22.6,16.4,18.7,14.2,14.4,16.7,17.3,25.5,16.6,25.9,15.1,21.5,22.6,15.1,14.9,19.5,10.7,16.1,17.4,30.1,18.3,15.1,17.8,19.8,19.5,27.3,15.7,15.1,12.2,11.6,18.2,18.9,10.8,23.8,16.0,11.7,14.7,24.3,,10.7,12.6,15.5,20.0,25.3,30.1,16.6,17.4
04-20,16.9,24.8,27.1,25.6,21.0,22.6,16.5,18.8,14.2,14.5,16.7,17.3,25.5,16.6,26.2,15.1,21.5,22.7,15.1,14.9,19.5,10.8,16.2,17.5,30.2,18.4,15.2,17.8,19.8,19.5,27.4,15.7,15.1,12.2,11.6,18.2,18.9,10.9,23.8,16.3,11.7,14.7,24.3,,10.8,12.6,15.5,20.3,25.6,30.2,16.7,17.5
04-21,17.0,24.8,27.5,26.0,21.3,22.6,16.6,19.5,14.2,14.5,16.7,17.4,25.5,16.6,26.6,15.2,21.5,22.7,15.1,15.0,19.6,11.1,16.2,17.6,30.2,18.4,15.2,17.8,19.8,19.6,27.7,15.7,15.2,12.2,11.6,18.2,19.0,11.2,23.8,16.4,11.7,14.7,24.3,,11.1,12.6,15.5,20.4,25.9,30.2,16.8,17.6
04-22,17.0,24.9,27.6,26.0,21.8,22.6,16.6,20.0,14.2,14.5,16.7,17.5,25.5,16.6,27.0,15.3,21.6,22.7,15.5,15.0,20.1,11.1,16.3,17.8,30.3,18.4,15.3,17.8,19.8,20.1,27.8,15.7,15.2,12.2,11.6,18.2,19.0,11.2,23.8,16.6,11.7,14.7,24.3,,11.1,12.6,15.6,20.7,25.9,30.3,16.8,17.8
04-23,17.0,24.9,27.6,26.0,22.0,22.6,16.6,20.2,14.2,14.7,16.9,17.5,25.5,16.6,27.2,15.3,21.6,22.7,15.7,15.1,20.4,11.1,16.5,18.5,30.3,18.4,15.8,17.8,19.9,20.2,27.8,15.7,15.2,12.2,11.6,18.2,19.0,11.2,23.9,16.6,11.7,15.2,24.3,,11.1,12.6,15.8,20.9,25.9,30.3,16.9,17.8
04-24,17.1,24.9,27.7,26.0,22.0,22.7,16.6,20.6,14.2,14.9,16.9,17.6,25.5,16.6,27.3,15.3,22.2,22.7,16.4,15.2,20.5,11.1,16.6,18.6,30.5,18.4,16.4,17.8,19.9,20.3,28.0,15.7,15.2,12.2,11.6,18.4,19.1,11.2,23.9,16.6,11.7,15.2,24.6,,11.1,12.6,16.4,21.2,25.9,30.5,17.0,17.8
04-25,17.2,24.9,27.9,26.1,22.1,22.8,16.6,20.6,14.2,15.6,16.9,17.6,25.7,16.7,27.3,15.3,22.6,22.8,17.1,15.2,20.5,11.2,16.6,18.6,31.1,18.4,16.6,17.8,19.9,20.4,28.4,15.7,15.2,12.2,12.0,18.4,19.1,11.2,23.9,16.6,11.7,15.2,24.6,,11.2,12.6,16.6,21.2,26.0,31.1,17.0,17.8
04-26,17.0,24.9,28.1,26.5,22.9,23.3,16.6,20.7,14.3,15.7,17.6,17.6,25.7,17.1,27.3,15.3,22.6,22.9,17.5,15.2,20.5,11.2,16.7,18.6,31.3,18.4,16.6,17.9,20.2,20.4,28.8,15.7,15.2,12.2,12.6,18.8,19.3,11.2,24.0,16.6,11.7,15.2,24.6,,11.2,13.0,16.6,21.5,26.3,31.3,17.2,17.9
04-27,17.2,24.9,28.1,26.6,23.2,23.3,16.6,20.7,14.5,15.7,17.9,17.6,25.7,17.3,27.3,15.3,22.6,23.0,17.6,15.2,20.5,11.3,16.7,18.6,31.3,18.4,16.6,17.9,20.3,20.4,29.1,16.0,15.2,13.0,12.8,19.1,19.5,11.2,24.0,16.6,12.3,15.2,24.6,,11.2,13.3,16.6,21.5,26.4,31.3,17.2,17.9
04-28,17.2,24.9,28.2,26.7,23.2,23.4,16.6,20.8,14.6,15.8,18.2,17.7,25.7,17.6,27.4,15.3,22.7,23.0,17.6,15.2,20.5,11.5,16.7,18.7,31.6,18.4,16.6,17.9,20.3,20.4,29.1,16.0,15.2,13.2,12.8,19.4,19.7,11.2,24.0,16.6,12.5,15.2,24.6,,11.2,13.4,16.6,21.5,26.5,31.6,17.2,18.2
04-29,17.2,24.9,28.2,26.8,23.2,23.4,16.6,20.8,14.6,15.9,18.3,17.7,25.7,18.0,27.4,15.3,22.7,23.0,17.9,15.2,20.5,11.5,16.7,18.7,31.7,18.4,16.6,17.9,20.3,20.7,29.1,16.0,15.2,13.2,12.8,19.9,20.0,11.2,24.1,16.6,12.5,15.2,24.6,,11.2,13.5,16.6,21.5,26.6,31.7,17.3,18.3
04-30,17.2,25.0,28.6,26.8,23.2,23.4,16.6,20.8,14.6,15.9,18.5,17.7,25.8,18.3,27.5,15.3,22.8,23.0,18.2,15.3,20.5,11.5,16.7,19.0,31.8,18.4,16.6,17.9,20.3,20.9,29.2,16.0,15.2,13.2,12.8,20.1,20.0,11.2,24.4,16.6,12.5,15.2,24.6,,11.2,13.5,16.6,21.6,26.6,31.8,17.4,18.4
05-01,17.2,25.0,29.2,26.8,23.2,23.4,16.6,21.0,14.6,15.9,18.5,17.7,25.9,18.3,27.6,15.3,22.9,23.0,18.3,15.3,20.5,11.5,16.7,19.1,32.0,18.4,16.6,18.1,20.3,21.1,29.2,16.0,15.2,13.2,12.8,20.3,20.0,11.3,25.0,16.6,12.5,15.2,24.6,,11.3,13.5,16.6,21.8,26.6,32.0,17.5,18.4
05-02,17.3,25.0,29.4,27.1,23.2,23.4,16.8,21.5,14.6,16.0,18.5,17.7,25.9,18.5,27.8,15.3,23.2,23.0,18.4,15.3,20.6,11.6,16.8,19.2,32.4,18.5,16.6,18.1,20.3,21.1,29.3,16.0,15.2,13.2,12.8,20.4,20.0,11.7,25.1,16.6,12.5,15.3,24.6,,11.6,13.5,16.6,22.1,26.8,32.4,17.5,18.5
05-03,17.0,25.1,29.5,27.2,23.2,23.4,16.9,21.5,14.6,16.0,18.6,17.7,25.9,18.5,28.4,15.4,23.2,23.1,18.5,15.3,20.7,11.6,16.8,19.2,32.4,18.5,16.6,18.2,20.7,21.6,29.3,16.0,15.2,13.2,12.8,20.5,20.0,12.2,25.1,16.6,12.5,15.3,24.6,,11.6,13.5,16.6,22.2,26.9,32.4,17.6,18.5
05-04,17.4,25.1,29.6,27.2,23.2,23.4,16.9,21.5,14.6,16.0,18.7,17.7,26.0,18.5,28.4,15.4,23.3,23.1,19.7,15.3,21.2,11.6,16.9,19.2,32.5,18.5,16.9,18.2,20.7,21.6,29.3,16.0,15.2,13.2,12.8,20.5,20.0,12.3,25.1,16.6,12.5,15.3,24.6,,11.6,13.5,16.8,22.2,27.0,32.5,17.6,18.7
05-05,17.5,25.3,29.7,27.2,23.2,23.4,16.9,21.5,14.6,16.0,18.8,17.7,26.4,18.5,28.4,15.4,23.3,23.1,19.9,15.3,21.3,11.6,17.2,19.2,32.5,18.5,17.3,18.2,20.8,21.6,29.3,16.0,15.2,13.2,13.0,20.5,20.0,12.3,25.1,16.6,12.5,15.3,24.7,,11.6,13.5,16.8,22.2,27.1,32.5,17.7,18.8
05-06,17.6,25.4,30.0,27.3,23.2,23.4,16.9,21.5,14.6,16.0,18.9,17.7,26.5,18.5,28.6,15.4,23.3,23.4,20.0,15.3,21.3,11.6,17.2,19.2,32.6,18.5,17.6,18.2,20.8,21.6,29.3,16.0,15.2,13.2,13.3,20.5,20.0,12.3,25.1,16.6,12.5,15.4,24.8,,11.6,13.6,16.8,22.3,27.1,32.6,17.7,18.9
05-07,17.6,25.4,30.1,27.3,23.2,23.8,16.9,21.8,14.7,16.1,18.9,17.8,26.7,18.5,28.8,15.4,23.3,23.5,20.0,15.3,21.3,11.6,17.3,19.2,32.9,18.5,17.7,18.2,20.8,21.6,29.3,16.0,15.4,13.3,13.5,20.5,20.0,12.3,25.1,16.6,12.5,15.4,24.8,,11.6,13.7,16.8,22.4,27.2,32.9,17.8,18.9
05-08,17.6,25.4,30.2,27.3,23.2,24.3,17.0,21.8,14.7,16.1,18.9,17.8,26.8,18.5,28.8,15.4,23.3,23.5,20.0,15.3,21.3,11.6,17.4,19.2,33.2,18.5,17.7,18.5,20.8,21.6,29.3,16.0,15.7,13.8,13.5,20.8,20.0,12.3,25.5,16.6,12.5,15.4,24.8,,11.6,14.0,16.8,22.4,27.2,33.2,17.9,18.9
05-09,17.5,25.4,30.2,27.4,23.2,24.8,17.0,21.8,14.7,16.1,18.9,18.1,27.1,18.5,28.9,15.4,23.3,23.6,20.0,15.7,21.3,11.6,17.9,19.2,33.2,18.5,17.7,18.6,20.8,21.6,29.6,16.0,15.8,13.8,13.9,21.2,20.1,12.3,25.7,16.6,12.5,15.4,24.9,,11.6,14.1,16.8,22.4,27.3,33.2,18.0,18.9
05-10,17.8,25.5,30.3,27.4,23.5,25.0,17.0,21.8,14.7,16.1,18.9,18.3,27.2,18.6,28.9,15.4,23.3,23.7,20.0,15.7,21.3,11.7,18.1,19.2,33.3,18.5,17.7,18.6,20.8,21.6,30.4,16.0,15.9,13.8,14.1,21.4,20.4,12.3,25.9,16.6,12.5,15.5,24.9,,11.7,14.3,16.8,22.4,27.3,33.3,18.0,18.9
05-11,17.8,25.9,30.4,27.4,24.0,25.0,17.0,21.8,14.7,16.1,19.2,18.3,27.2,18.6,28.9,15.4,23.3,23.7,20.1,15.8,21.3,11.7,18.2,19.2,33.5,18.5,17.7,18.6,20.8,21.7,30.5,16.0,15.9,14.1,14.2,21.4,20.6,12.3,26.3,16.7,12.5,15.5,24.9,,11.7,14.3,16.9,22.4,27.4,33.5,18.1,19.2
05-12,17.8,26.0,30.7,27.4,24.3,25.0,17.1,21.8,15.0,16.2,19.4,18.3,27.2,18.6,29.3,15.4,23.3,23.7,20.1,15.8,21.4,11.9,18.3,19.2,33.8,18.5,17.7,18.6,20.8,21.9,30.8,16.0,15.9,15.1,14.2,21.4,20.6,12.3,26.3,16.7,12.5,15.5,24.9,,11.9,15.0,16.9,22.5,27.4,33.8,18.1,19.2
05-13,17.8,26.0,30.7,27.5,24.5,25.0,17.1,21.8,15.1,16.2,19.4,18.4,27.3,18.8,29.7,15.4,23.3,23.7,20.2,15.9,21.4,11.9,18.3,19.4,33.9,18.5,17.7,18.8,20.8,22.3,30.8,16.0,15.9,15.1,14.2,21.4,20.6,12.3,26.3,16.7,12.5,15.5,24.9,,11.9,15.1,16.9,22.7,27.5,33.9,18.2,19.4
05-14,17.8,26.1,30.8,27.6,24.5,25.0,17.1,21.8,15.2,16.3,19.5,18.4,27.3,18.9,29.9,15.4,23.3,24.0,20.2,15.9,21.5,12.0,18.3,19.5,33.9,18.5,17.7,18.8,20.8,22.4,30.8,16.0,15.9,15.1,14.2,21.4,20.6,12.4,26.3,16.7,12.6,15.5,25.1,,12.0,15.1,16.9,22.8,27.5,33.9,18.2,19.5
05-15,17.9,26.1,30.8,27.8,24.5,25.0,17.2,21.8,15.5,16.3,19.9,18.4,27.4,18.9,29.9,15.4,23.3,24.0,20.3,15.9,21.5,12.0,18.3,19.5,33.9,18.5,17.7,18.8,20.8,22.5,30.8,16.0,15.9,15.1,14.8,21.4,20.6,12.4,26.3,16.7,12.6,15.5,25.5,,12.0,15.1,17.0,22.8,27.7,33.9,18.2,19.5
05-16,18.4,26.1,31.5,27.9,24.5,25.4,17.5,21.8,15.6,16.4,20.0,18.4,27.5,18.9,29.9,15.4,23.3,24.0,20.3,15.9,21.5,12.0,18.5,19.5,34.0,18.5,17.7,18.8,20.8,22.5,30.8,16.0,15.9,15.1,15.0,21.5,20.6,12.4,26.3,16.7,12.6,15.5,25.5,,12.0,15.1,17.2,22.8,27.8,34.0,18.2,19.5
05-17,18.8,26.2,32.0,28.0,24.5,25.4,17.6,21.9,15.7,16.4,20.0,18.4,28.2,18.9,30.0,15.4,23.3,24.0,20.3,15.9,21.5,12.0,18.5,19.5,34.2,18.6,17.7,18.8,20.8,22.5,30.8,16.0,15.9,15.1,15.1,21.7,20.7,12.4,26.6,16.7,12.6,15.5,25.6,,12.0,15.2,17.3,22.8,28.1,34.2,18.3,19.5
05-18,18.9,26.2,32.1,28.0,24.5,25.4,17.8,22.2,15.7,16.4,20.0,18.4,28.2,19.0,30.0,15.4,23.4,24.0,20.3,16.3,21.7,12.0,18.5,19.5,34.2,18.6,17.7,18.8,20.8,22.5,31.0,16.0,16.0,15.1,15.1,21.8,21.2,12.4,26.8,16.7,12.6,15.5,25.7,,12.0,15.2,17.3,22.9,28.1,34.2,18.3,19.5
05-19,19.0,26.2,32.2,28.0,24.5,25.4,17.8,22.3,15.7,16.4,20.0,18.4,28.2,19.0,30.1,15.4,23.4,24.0,20.3,16.4,21.8,12.0,18.5,19.5,34.2,18.6,17.7,18.8,20.8,22.9,31.9,16.1,16.0,15.1,15.2,21.8,21.3,12.4,26.8,16.7,12.6,15.5,25.7,,12.0,15.3,17.3,23.1,28.2,34.2,18.3,19.5
05-20,19.2,26.3,32.4,28.1,24.6,25.4,17.9,22.3,15.7,16.4,20.0,18.6,28.2,19.0,30.1,15.5,23.6,24.0,20.3,16.4,21.8,12.0,18.5,19.5,34.2,18.6,17.8,18.8,20.8,22.9,32.5,16.1,16.2,15.1,15.3,21.8,21.3,12.4,27.3,16.7,12.6,15.5,25.7,,12.0,15.4,17.3,23.2,28.2,34.2,18.4,19.5
05-21,19.7,26.3,32.4,28.1,24.7,25.4,18.2,22.3,15.7,16.4,20.0,18.8,28.2,19.0,30.1,15.5,23.7,24.2,20.3,16.4,21.8,12.0,18.5,19.5,34.2,18.6,17.8,18.8,20.8,22.9,32.7,16.1,16.2,15.1,15.3,21.9,21.3,12.5,27.7,16.7,12.6,15.5,25.7,,12.0,15.4,17.3,23.2,28.2,34.2,18.4,19.7
05-22,19.8,26.3,32.4,28.1,24.8,25.4,18.2,22.3,15.7,16.4,20.0,19.1,28.3,19.0,30.1,15.5,23.8,24.3,20.3,16.4,21.8,12.1,18.5,19.5,34.3,18.6,18.1,19.3,20.9,22.9,32.7,16.1,16.2,15.1,15.4,21.9,21.3,12.5,28.1,16.7,12.6,15.5,25.8,,12.1,15.4,17.5,23.3,28.2,34.3,18.5,19.8
05-23,19.9,26.3,32.4,28.2,24.9,25.4,18.2,22.3,15.7,16.4,20.1,19.2,28.3,19.0,30.1,15.7,23.8,24.3,20.3,16.4,21.9,12.1,18.5,19.5,34.3,18.6,18.1,19.7,21.1,22.9,32.8,16.1,16.2,15.1,15.5,21.9,21.3,12.5,28.3,16.7,12.6,15.5,25.9,,12.1,15.5,17.5,23.3,28.3,34.3,18.5,19.9
05-24,19.9,26.3,32.6,28.2,25.0,25.4,18.2,22.3,15.8,16.4,20.1,19.4,28.3,19.0,30.3,15.9,23.8,24.3,20.4,16.4,21.9,12.1,18.5,19.5,34.3,18.6,18.1,19.9,21.5,23.0,32.9,16.1,16.2,15.2,16.1,21.9,21.3,12.5,28.6,16.7,12.6,15.5,25.9,,12.1,15.6,17.5,23.3,28.5,34.3,18.7,19.9
05-25,20.0,26.3,32.6,28.2,25.0,25.4,18.3,22.3,15.8,16.4,20.1,19.6,28.3,19.1,30.8,16.1,24.4,24.3,20.4,16.5,21.9,12.1,18.6,19.5,34.3,18.6,18.1,19.9,21.5,23.2,33.1,16.1,16.2,15.2,16.1,21.9,21.3,12.5,28.7,16.7,12.6,15.5,25.9,,12.1,15.6,17.5,23.6,28.6,34.3,18.7,20.0
05-26,20.0,26.3,32.6,28.3,25.0,25.4,18.3,22.3,15.8,16.4,20.1,19.8,28.3,19.1,31.1,16.4,24.6,24.3,20.4,16.5,21.9,12.1,18.6,19.5,34.3,18.6,18.1,20.0,21.6,23.2,33.1,16.1,16.2,15.3,16.2,21.9,21.3,12.5,28.7,16.7,12.6,15.5,25.9,,12.1,15.6,17.5,23.6,28.6,34.3,18.7,20.0
05-27,20.1,26.3,32.6,28.3,25.0,25.4,18.5,22.4,15.8,16.4,20.1,20.5,28.3,19.2,31.4,16.6,24.6,24.3,20.5,16.6,21.9,12.1,18.6,19.5,34.3,18.6,18.1,20.1,21.6,23.2,33.1,16.2,16.2,15.3,16.6,21.9,21.3,12.5,28.7,16.7,12.6,15.5,25.9,,12.1,15.6,17.5,23.6,28.7,34.3,18.8,20.1
05-28,20.4,26.3,32.6,28.3,25.0,25.4,18.6,22.4,15.8,16.4,20.1,20.5,28.3,19.3,31.5,16.8,24.6,24.3,20.5,16.6,21.9,12.1,18.6,19.5,34.3,18.7,18.1,20.1,21.6,23.2,33.1,16.2,16.2,15.3,16.7,22.0,21.3,12.6,29.5,16.7,12.6,15.5,25.9,,12.1,15.6,17.6,23.6,29.3,34.3,18.8,20.4
05-29,20.8,26.3,32.6,28.3,25.0,25.5,18.7,22.4,15.8,17.1,20.2,20.6,28.3,19.3,31.6,16.8,24.6,24.3,20.6,16.6,21.9,12.1,18.6,19.6,34.4,18.8,18.1,20.1,21.6,23.2,33.1,16.2,16.3,15.3,16.7,22.0,21.3,12.6,29.8,16.7,12.6,15.5,25.9,,12.1,15.6,17.7,23.6,29.5,34.4,18.9,20.6
05-30,21.0,26.3,32.6,28.3,25.0,25.5,18.8,23.0,15.8,17.2,20.2,20.9,28.3,19.3,31.6,16.8,24.6,24.3,20.6,16.6,21.9,12.1,18.6,20.0,34.4,18.8,18.1,20.1,21.8,23.2,33.2,16.2,16.3,15.3,16.7,22.0,21.3,12.6,29.9,16.7,12.6,15.6,25.9,,12.1,15.7,17.7,23.6,29.5,34.4,18.9,20.6
05-31,21.0,26.3,32.6,28.3,25.1,25.5,18.8,23.1,15.9,17.3,20.7,20.9,28.3,19.3,31.6,16.8,24.6,24.3,20.6,16.6,21.9,12.1,18.6,20.0,34.4,18.8,18.1,20.1,21.8,23.2,33.3,16.2,16.3,15.3,16.7,22.0,21.3,12.6,30.0,16.7,12.6,15.7,25.9,,12.1,15.7,17.8,23.6,29.6,34.4,19.0,20.7
06-01,21.0,26.3,32.6,28.6,25.3,25.5,18.8,23.1,15.9,17.3,21.2,21.0,28.3,19.6,31.6,16.8,24.6,24.3,20.7,16.6,21.9,12.1,18.7,20.0,34.4,18.8,18.1,20.1,21.8,23.2,33.3,16.2,16.3,15.3,16.7,22.0,21.3,12.6,30.0,16.7,12.6,15.7,25.9,,12.1,15.7,17.8,23.6,29.7,34.4,19.0,21.0
06-02,21.1,26.3,32.7,28.6,25.3,25.5,18.8,23.2,15.9,17.5,21.3,21.0,28.3,19.6,31.7,16.8,24.6,24.3,20.7,16.6,21.9,12.1,18.7,20.0,34.5,18.8,18.1,20.1,21.8,23.2,33.3,16.2,16.3,15.3,16.7,22.0,21.4,12.6,30.0,16.7,12.6,15.7,25.9,,12.1,15.7,17.9,23.7,29.7,34.5,19.0,21.0
06-03,21.5,26.3,32.9,28.6,25.3,25.5,18.8,23.2,15.9,17.5,21.4,21.2,28.6,19.6,32.1,16.8,24.6,24.3,21.4,16.6,21.9,12.2,18.7,20.0,35.0,18.8,18.1,20.1,21.9,23.2,33.3,16.2,16.3,15.3,16.7,22.0,21.4,12.6,30.0,16.7,12.6,15.7,26.0,,12.2,15.7,17.9,23.7,29.7,35.0,19.1,21.4
06-04,21.6,26.5,32.9,28.6,25.4,25.6,18.8,23.2,15.9,17.5,21.4,21.3,28.7,19.6,32.3,16.8,24.6,24.4,21.5,16.6,21.9,12.2,18.7,20.0,35.8,18.8,18.1,20.1,21.9,23.2,33.3,16.2,16.3,15.3,16.7,22.0,21.4,12.6,30.0,16.7,12.6,15.7,26.0,,12.2,15.7,17.9,23.7,29.8,35.8,19.1,21.4
06-05,21.6,26.5,33.0,29.0,25.4,25.6,18.8,23.2,16.0,17.5,21.5,21.4,28.7,19.6,32.4,16.8,24.6,24.7,22.0,16.6,21.9,12.2,18.7,20.0,35.8,18.8,18.1,20.6,21.9,23.2,33.3,16.2,16.3,15.3,16.7,22.0,21.4,12.6,30.1,16.7,12.6,15.7,26.1,,12.2,15.7,17.9,23.8,29.9,35.8,19.1,21.4
06-06,21.6,26.5,33.0,29.1,25.4,25.7,18.8,23.3,16.0,17.6,21.5,21.4,29.1,19.6,32.4,16.8,24.6,24.7,22.4,16.6,21.9,12.2,18.7,20.0,35.9,18.8,18.1,21.0,21.9,23.2,33.3,16.2,16.3,15.3,16.9,22.0,21.4,12.6,30.1,16.8,12.6,15.7,26.1,,12.2,15.7,17.9,23.8,29.9,35.9,19.1,21.4
06-07,21.8,26.5,33.1,29.7,25.4,25.7,18.9,23.3,16.0,17.6,21.5,21.4,29.4,19.6,32.4,16.8,24.6,24.7,22.4,16.6,21.9,12.2,18.7,20.0,35.9,18.8,18.7,21.0,21.9,23.2,33.3,16.2,16.3,15.3,17.1,22.0,21.4,12.6,30.1,17.2,12.6,15.7,26.1,,12.2,15.7,18.2,23.8,30.0,35.9,19.3,21.4
06-08,21.8,26.5,33.1,29.9,25.4,25.7,19.0,23.3,16.0,17.6,21.5,21.5,29.6,19.6,32.6,16.8,24.6,24.8,22.4,16.6,21.9,12.2,18.7,20.0,35.9,18.8,18.8,21.0,22.0,23.2,33.3,16.2,16.3,15.3,17.1,22.0,21.4,12.6,30.1,17.3,12.6,15.7,26.1,,12.2,15.7,18.3,23.8,30.1,35.9,19.3,21.5
06-09,21.8,26.5,33.2,30.2,25.4,25.9,19.0,23.3,16.1,17.6,21.5,21.5,29.6,19.6,32.9,16.8,25.0,25.1,22.4,16.6,21.9,12.2,18.7,20.0,35.9,18.8,18.8,21.0,22.0,23.2,33.3,16.2,16.3,15.3,17.1,22.0,21.4,12.6,30.1,17.4,12.6,15.7,26.1,,12.2,15.8,18.3,24.0,30.2,35.9,19.3,21.5
06-10,21.8,26.5,33.2,30.2,25.4,26.0,19.0,23.3,16.2,17.7,21.5,21.5,29.6,19.6,32.9,16.8,25.2,25.4,22.4,16.6,21.9,12.2,18.7,20.1,36.0,18.8,18.8,21.0,22.0,23.2,33.3,16.2,16.3,15.3,17.1,22.0,21.4,12.6,30.1,17.4,12.6,15.7,26.1,,12.2,15.8,18.3,24.1,30.2,36.0,19.3,21.5
06-11,21.8,26.5,33.2,30.2,25.4,26.0,19.1,23.3,16.2,17.8,21.5,21.6,29.6,19.6,32.9,16.8,25.4,25.5,22.4,16.6,21.9,12.2,18.7,20.1,36.0,18.8,18.8,21.0,22.0,23.2,33.3,16.2,16.3,15.3,17.6,22.0,21.4,12.6,30.1,17.4,12.6,15.7,26.1,,12.2,15.8,18.4,24.1,30.2,36.0,19.4,21.5
06-12,21.8,26.5,33.7,30.2,25.4,26.0,19.1,23.3,16.3,18.6,21.5,21.6,29.7,19.6,32.9,16.8,25.4,25.7,22.4,16.6,21.9,12.2,18.7,20.1,36.6,18.8,18.8,21.0,22.2,23.4,33.3,16.2,16.3,15.3,17.7,22.0,21.4,12.6,30.1,17.4,12.6,15.7,26.1,,12.2,15.8,18.7,24.2,30.2,36.6,19.4,21.5
06-13,21.9,26.5,33.8,30.2,25.4,26.0,19.1,23.3,16.3,18.6,21.6,21.6,29.7,19.6,32.9,16.8,25.5,25.7,22.4,16.6,22.1,12.2,18.7,20.1,36.6,18.8,18.8,21.0,22.2,23.8,33.3,16.2,16.3,15.3,17.7,22.0,21.4,12.6,30.1,17.4,12.6,15.7,26.3,,12.2,15.8,18.7,24.5,30.2,36.6,19.4,21.6
06-14,22.0,26.6,33.8,30.2,25.5,26.0,19.1,23.3,16.3,18.6,21.6,21.6,29.7,19.6,32.9,16.8,25.7,25.8,22.4,16.6,22.1,12.2,18.7,20.1,36.6,18.8,18.8,21.0,22.3,24.0,33.3,16.2,16.3,15.3,17.8,22.1,21.4,12.6,30.1,17.4,12.6,15.7,26.3,,12.2,15.8,18.7,24.6,30.2,36.6,19.4,21.6
06-15,21.5,26.6,33.8,30.2,25.5,26.1,19.1,23.3,16.3,18.6,21.6,21.7,29.7,19.6,32.9,16.8,26.1,25.8,22.4,16.6,22.1,12.2,18.7,20.1,36.6,18.9,18.8,21.0,22.3,24.0,33.3,16.2,16.3,15.3,17.8,22.1,21.4,12.6,30.1,17.4,12.6,15.7,26.4,,12.2,15.8,18.7,24.6,30.2,36.6,19.4,21.5
06-16,22.1,26.6,33.8,30.2,25.5,26.1,19.1,23.3,16.3,18.6,21.6,21.7,29.7,19.6,33.0,16.9,26.2,25.8,22.4,16.6,22.1,12.2,18.7,20.1,36.6,18.9,18.8,21.0,22.3,24.0,33.3,16.2,16.3,15.3,17.8,22.1,21.4,12.6,30.1,17.4,12.6,15.7,26.7,,12.2,15.8,18.7,24.6,30.2,36.6,19.4,21.6
06-17,21.6,26.6,33.8,30.2,25.5,26.1,19.1,23.3,16.3,18.6,21.6,21.7,29.7,19.6,33.1,16.9,26.2,26.5,22.4,16.7,22.1,12.2,18.7,20.2,36.6,18.9,18.8,21.0,22.3,24.0,33.4,16.2,16.3,15.3,17.8,22.1,21.4,12.6,30.4,17.4,12.6,15.7,26.9,,12.2,15.8,18.7,24.6,30.4,36.6,19.4,21.6
06-18,22.1,26.6,33.9,30.2,25.5,26.1,19.1,23.4,16.3,18.6,21.6,21.8,30.0,19.6,33.4,16.9,26.2,26.7,22.5,16.7,22.1,12.2,18.8,20.3,36.6,18.9,18.8,21.0,22.5,24.0,33.4,16.2,16.3,15.3,17.8,22.1,21.4,12.6,30.4,17.4,12.6,15.7,26.9,,12.2,15.8,18.7,24.6,30.4,36.6,19.5,21.6
06-19,22.2,26.7,33.9,30.2,25.5,26.1,19.1,23.4,16.3,18.6,21.6,21.8,30.0,19.6,33.4,16.9,26.2,26.7,22.5,17.0,22.1,12.2,18.8,20.4,36.6,18.9,18.8,21.0,22.5,24.0,33.4,16.2,16.3,15.3,17.8,22.1,21.4,12.6,30.5,17.4,12.6,15.7,26.9,,12.2,15.8,18.7,24.6,30.5,36.6,19.5,21.6
06-20,22.2,26.8,33.9,30.2,25.5,26.1,19.1,23.5,16.3,18.6,21.6,21.8,30.0,19.6,33.4,16.9,26.2,26.7,22.5,17.2,22.1,12.2,18.8,20.4,36.6,18.9,18.8,21.0,22.5,24.0,33.7,16.2,16.3,15.3,17.8,22.1,21.4,12.6,30.5,17.4,12.6,15.7,26.9,,12.2,15.8,18.7,24.6,30.5,36.6,19.5,21.6
06-21,22.2,26.8,33.9,30.2,25.5,26.1,19.1,23.6,16.3,18.6,21.6,21.8,30.0,19.6,33.4,16.9,26.2,26.7,22.5,17.2,22.1,12.2,18.8,20.4,36.7,18.9,18.8,21.0,22.7,24.0,33.7,16.2,16.3,15.3,17.8,22.1,21.4,12.6,30.6,17.4,12.6,15.7,26.9,,12.2,15.8,18.7,24.6,30.5,36.7,19.5,21.6
06-22,22.2,26.9,33.9,30.2,25.5,26.1,19.1,23.6,16.4,18.6,21.6,21.8,30.0,19.6,33.4,16.9,26.2,26.7,22.5,17.2,22.1,12.2,18.8,20.5,36.7,18.9,18.8,21.0,22.8,24.0,33.7,16.2,16.3,15.3,17.8,22.1,21.4,12.6,30.6,17.4,12.6,15.7,26.9,,12.2,15.8,18.7,24.6,30.5,36.7,19.5,21.6
06-23,22.3,27.0,33.9,30.2,25.5,26.1,19.1,23.8,16.4,18.6,21.6,21.8,30.0,19.7,33.4,16.9,26.2,26.7,22.5,17.2,22.1,12.2,18.8,20.5,36.9,18.9,18.8,21.0,22.8,24.0,33.7,16.2,16.3,15.3,17.8,22.1,21.4,12.6,30.6,17.4,12.6,15.7,26.9,,12.2,15.8,18.7,24.6,30.5,36.9,19.5,21.6
06-24,22.3,27.0,33.9,30.2,25.5,26.1,19.1,23.9,16.4,18.6,21.6,21.9,30.0,19.7,33.4,16.9,26.2,26.7,22.5,17.4,22.3,12.2,18.8,20.5,37.0,18.9,18.8,21.0,22.8,24.0,33.7,16.2,16.3,15.3,17.8,22.1,21.4,12.6,30.6,17.4,12.7,15.7,26.9,,12.2,15.8,18.7,24.6,30.5,37.0,19.5,21.6
06-25,22.3,27.0,33.9,30.2,26.0,26.1,19.1,23.9,16.4,18.7,21.6,21.9,30.1,19.7,33.4,16.9,26.2,26.7,22.5,17.4,22.3,12.2,18.9,20.5,37.0,18.9,18.8,21.0,22.8,24.0,33.7,16.2,16.3,15.3,17.8,22.1,21.4,12.6,30.6,17.4,12.7,15.7,26.9,,12.2,15.8,18.7,24.8,30.5,37.0,19.5,21.6
06-26,22.3,27.0,34.0,30.2,26.3,26.1,19.1,23.9,16.4,18.7,21.6,22.0,30.1,19.7,33.4,16.9,26.2,26.7,22.5,17.4,22.3,12.2,18.9,20.5,37.0,18.9,18.8,21.0,22.9,24.0,33.7,16.2,16.3,15.3,17.8,22.1,21.4,12.6,30.6,17.4,12.7,15.8,26.9,,12.2,15.9,18.7,24.9,30.5,37.0,19.5,21.6
06-27,22.3,27.0,34.0,30.3,26.3,26.1,19.2,24.0,16.4,18.7,21.6,22.0,30.1,19.7,33.4,17.0,26.2,26.7,22.5,17.5,22.6,12.2,18.9,20.6,37.1,18.9,18.8,21.0,23.0,24.0,33.7,16.2,16.3,15.4,17.8,22.1,21.4,12.6,30.6,17.4,12.7,15.8,26.9,,12.2,15.9,18.8,24.9,30.5,37.1,19.5,21.6
06-28,22.3,27.1,34.1,30.3,26.3,26.1,19.2,24.1,16.4,18.7,21.6,22.0,30.1,19.7,33.5,17.0,26.2,26.7,22.5,17.5,22.6,12.2,18.9,20.6,37.1,18.9,18.8,21.0,23.0,24.0,33.7,16.2,16.3,15.4,17.9,22.1,21.4,12.6,30.6,17.4,12.7,15.8,26.9,,12.2,15.9,18.8,24.9,30.6,37.1,19.6,21.6
06-29,22.4,27.1,34.2,30.3,26.3,26.2,19.2,24.3,16.5,18.7,21.6,22.0,30.1,19.7,33.6,17.0,26.2,26.7,22.5,17.5,22.6,12.2,18.9,20.6,37.1,19.0,18.8,21.0,23.0,24.0,33.8,16.2,16.3,15.4,17.9,22.1,21.4,12.6,30.6,17.4,12.7,15.8,26.9,,12.2,15.9,18.8,25.0,30.6,37.1,19.6,21.6
06-30,22.4,27.1,34.2,30.3,26.3,26.2,19.3,24.4,16.5,18.7,21.6,22.1,30.1,19.7,33.8,17.0,26.2,26.7,22.5,17.6,22.6,12.2,18.9,20.6,37.1,19.0,18.8,21.0,23.0,24.0,33.9,16.2,16.3,15.4,17.9,22.2,21.4,12.6,30.6,17.4,12.8,15.9,27.0,,12.2,16.0,18.8,25.1,30.6,37.1,19.6,21.6
07-01,22.0,27.1,34.2,30.5,26.3,26.2,19.3,24.4,16.5,18.7,21.6,22.1,30.1,19.7,33.9,17.0,26.3,26.7,22.5,17.7,22.6,12.2,18.9,20.7,37.1,19.0,18.8,21.0,23.0,24.1,34.0,16.2,16.3,15.4,17.9,22.3,21.4,12.6,30.6,17.4,12.8,16.0,27.0,,12.2,16.0,18.8,25.1,30.6,37.1,19.6,21.6
07-02,22.0,27.1,34.2,30.6,26.3,26.2,19.3,24.4,16.5,18.7,21.6,22.1,30.1,19.7,34.0,17.0,26.3,26.7,22.5,17.7,22.6,12.2,18.9,20.7,37.1,19.0,18.8,21.0,23.0,24.1,34.0,16.2,16.3,15.4,18.0,22.5,21.4,12.6,30.6,17.4,12.8,16.0,27.0,,12.2,16.0,18.8,25.1,30.6,37.1,19.6,21.6
07-03,22.1,27.1,34.2,30.6,26.4,26.2,19.3,24.4,16.5,18.8,21.6,22.1,30.1,19.7,34.0,17.0,26.3,26.7,22.5,17.7,22.7,12.2,18.9,20.7,37.1,19.1,18.8,21.0,23.2,24.1,34.0,16.2,16.3,15.4,18.1,22.6,21.4,12.6,30.6,17.4,12.8,16.0,27.0,,12.2,16.1,18.8,25.1,30.6,37.1,19.6,21.6
07-04,22.1,27.1,34.2,30.6,26.4,26.2,19.3,24.4,16.5,18.8,21.6,22.1,30.1,19.7,34.0,17.0,26.3,26.7,22.5,17.7,22.7,12.3,18.9,20.7,37.1,19.3,18.8,21.0,23.2,24.1,34.0,16.2,16.3,15.4,18.1,22.7,21.4,12.6,30.6,17.5,12.8,16.0,27.0,,12.3,16.1,18.8,25.1,30.6,37.1,19.6,21.6
07-05,22.1,27.1,34.2,30.6,26.4,26.2,19.3,24.4,16.5,18.8,21.6,22.1,30.1,19.7,34.0,17.0,26.3,26.7,22.5,17.7,22.7,12.3,18.9,20.7,37.1,19.3,18.8,21.0,23.3,24.1,34.0,16.2,16.4,15.4,18.2,22.7,21.4,12.6,30.6,17.5,12.9,16.0,27.0,,12.3,16.1,18.8,25.1,30.6,37.1,19.7,21.6
07-06,22.6,27.2,34.2,30.6,26.4,26.2,19.3,24.4,16.5,18.8,21.7,22.1,30.1,19.7,34.0,17.0,26.3,27.2,22.5,17.7,22.7,12.3,18.9,20.7,37.1,19.4,18.8,21.1,23.3,24.1,34.2,16.4,16.5,15.5,18.2,22.7,21.4,12.6,30.6,17.5,12.9,16.0,27.0,,12.3,16.1,18.8,25.1,30.6,37.1,19.7,21.7
07-07,22.2,27.2,34.2,30.6,26.4,26.2,19.4,24.4,16.5,18.8,21.8,22.1,30.1,19.7,34.0,17.0,26.3,27.4,22.6,17.7,22.9,12.3,18.9,20.7,37.1,19.8,18.8,21.2,23.3,24.1,34.3,16.4,16.7,15.5,18.9,22.7,21.4,12.6,30.6,17.5,12.9,16.0,27.0,,12.3,16.1,18.8,25.2,30.6,37.1,19.8,21.8
07-08,22.2,27.3,34.4,30.6,26.4,26.3,19.4,24.4,16.5,18.8,21.9,22.2,30.1,19.7,34.1,17.1,26.3,27.5,22.9,17.7,23.0,12.3,18.9,20.7,37.1,19.9,18.8,21.2,23.3,24.1,34.4,16.4,16.8,15.7,19.1,22.7,21.4,12.8,30.6,17.5,12.9,16.1,27.0,,12.3,16.1,18.9,25.2,30.6,37.1,19.8,21.9
07-09,22.6,27.4,34.5,30.6,26.4,26.3,19.4,24.4,16.5,19.0,22.0,22.3,30.1,19.7,34.1,17.2,26.3,27.5,23.5,17.9,23.2,12.3,18.9,20.8,37.1,20.0,18.8,21.2,23.3,24.2,34.9,16.4,16.8,15.7,19.2,22.7,21.5,13.0,30.6,17.5,12.9,16.1,27.0,,12.3,16.1,19.0,25.2,30.6,37.1,19.9,22.0
07-10,22.2,27.4,34.6,30.7,26.4,26.3,19.4,24.4,16.5,19.2,22.0,22.3,30.1,19.7,34.2,17.5,26.3,27.6,23.5,18.0,23.5,12.3,18.9,20.8,37.1,20.0,18.8,21.2,23.3,24.2,35.0,16.5,16.8,15.8,19.3,22.7,21.5,13.1,30.6,17.5,12.9,16.1,27.0,,12.3,16.1,19.1,25.2,30.7,37.1,19.9,22.0
07-11,22.2,27.4,34.6,30.7,26.5,26.3,19.4,24.4,16.5,19.3,22.0,22.4,30.1,19.7,34.2,17.5,26.3,27.6,23.6,18.0,23.7,12.3,18.9,20.8,37.1,20.3,18.8,21.2,23.3,24.2,35.2,16.5,16.9,16.0,19.4,22.7,21.6,13.1,30.6,17.5,12.9,16.1,27.0,,12.3,16.1,19.1,25.2,30.7,37.1,20.0,22.0
07-12,22.2,27.5,34.7,30.7,26.5,26.3,19.6,24.4,16.7,19.3,22.0,22.5,30.1,19.7,34.3,17.6,26.3,27.6,23.7,18.0,23.8,12.4,18.9,20.8,37.1,20.4,18.8,21.2,23.3,24.3,35.3,16.5,17.3,16.0,19.4,22.7,21.7,13.4,30.7,17.5,12.9,16.1,27.0,,12.4,16.2,19.1,25.2,30.7,37.1,20.1,22.0
07-13,22.3,27.5,34.7,30.8,26.6,26.3,19.7,24.4,16.7,19.3,22.0,22.7,30.1,19.7,34.4,17.6,26.3,27.6,23.8,18.0,23.9,12.4,18.9,20.8,37.1,20.4,18.9,21.3,23.3,24.3,35.4,16.6,17.4,16.0,19.4,22.7,21.9,13.6,30.7,17.5,12.9,16.2,27.0,,12.4,16.3,19.1,25.2,30.8,37.1,20.1,22.0
07-14,22.3,27.5,34.8,30.9,26.7,26.3,19.7,24.4,16.8,19.4,22.1,22.7,30.1,19.7,34.4,17.7,26.3,27.6,23.9,18.0,24.0,12.4,18.9,20.8,37.1,20.4,18.9,21.4,23.3,24.3,35.4,16.7,17.4,16.0,19.4,22.7,22.0,13.9,30.7,17.5,13.1,16.3,27.0,,12.4,16.4,19.2,25.2,30.9,37.1,20.2,22.1
07-15,22.4,27.5,34.8,31.1,26.7,26.3,19.7,24.4,16.8,19.4,22.1,22.9,30.1,19.7,34.4,17.7,26.3,27.6,24.2,18.0,24.4,12.4,18.9,20.9,37.1,20.4,18.9,21.4,23.3,24.3,35.4,17.0,17.5,16.2,19.4,22.7,22.1,14.3,30.7,17.5,13.5,16.5,27.0,,12.4,16.5,19.2,25.2,31.0,37.1,20.3,22.1
07-16,22.5,27.5,34.8,31.2,26.7,26.6,19.7,24.4,16.8,19.5,22.1,22.9,30.1,19.7,34.4,17.9,26.3,27.6,24.3,18.0,24.5,12.5,18.9,21.2,37.2,20.4,18.9,21.5,23.3,24.3,35.4,17.1,17.7,16.5,19.5,22.7,22.1,14.4,30.7,17.5,13.8,16.5,27.0,,12.5,16.6,19.2,25.2,31.1,37.2,20.3,22.1
07-17,22.5,27.5,34.8,31.3,27.0,26.6,20.0,24.4,16.8,19.6,22.1,22.9,30.1,19.7,34.4,18.0,26.3,27.6,24.3,18.1,24.5,12.5,18.9,21.5,37.2,20.4,18.9,21.6,23.3,24.3,35.5,17.4,18.2,16.5,19.5,22.7,22.2,14.5,30.7,17.5,13.9,16.5,27.0,,12.5,16.6,19.2,25.2,31.2,37.2,20.4,22.2
07-18,22.6,27.5,34.8,31.3,27.3,26.7,20.1,24.5,16.8,19.6,22.1,23.0,30.1,19.7,34.6,18.0,26.3,27.6,24.4,18.1,24.5,12.7,19.0,21.7,37.2,20.4,19.0,21.7,23.4,24.3,35.5,17.4,18.5,16.5,19.5,22.7,22.3,14.5,30.7,17.5,13.9,16.6,27.0,,12.7,16.6,19.3,25.2,31.2,37.2,20.6,22.3
07-19,22.7,27.6,34.8,31.7,27.7,26.8,20.2,24.6,16.8,19.6,22.1,23.0,30.1,19.8,34.6,18.1,26.3,27.7,24.4,18.1,24.6,12.8,19.1,21.8,37.2,20.4,19.0,21.7,23.4,24.4,35.6,17.5,18.6,16.5,19.9,22.7,22.3,14.6,30.7,17.5,13.9,16.6,27.1,,12.8,16.7,19.4,25.3,31.5,37.2,20.7,22.3
07-20,22.7,27.6,34.8,31.7,28.0,26.8,20.2,24.6,16.8,19.7,22.1,23.1,30.1,19.8,34.7,18.1,26.3,27.8,24.4,18.1,24.6,12.9,19.2,21.9,37.2,20.7,19.0,21.8,23.5,24.5,35.6,17.5,18.7,16.5,20.0,22.9,22.5,14.8,30.7,17.5,14.1,16.7,27.2,,12.9,16.7,19.5,25.3,31.5,37.2,20.8,22.5
07-21,22.7,27.6,34.8,31.9,28.4,26.8,20.9,24.6,16.9,19.7,22.1,23.1,30.1,19.8,34.7,18.1,26.4,27.8,24.5,18.1,24.6,12.9,19.2,22.0,37.3,20.8,19.0,22.0,23.6,24.7,35.6,17.6,18.7,16.5,20.1,23.0,22.6,14.8,30.7,17.5,14.3,16.7,27.2,,12.9,16.8,19.5,25.4,31.6,37.3,20.9,22.6
07-22,22.7,27.6,34.9,32.1,28.8,27.1,21.1,24.6,16.9,19.8,22.1,23.1,30.1,19.9,34.7,18.1,26.5,27.9,24.5,18.1,24.6,13.0,19.2,22.0,37.3,20.9,19.2,22.1,23.6,24.8,35.6,17.8,18.8,16.5,20.1,23.0,22.7,14.9,30.7,17.6,14.7,16.7,27.2,,13.0,16.8,19.5,25.4,31.8,37.3,20.9,22.7
07-23,22.8,27.8,35.1,32.5,28.9,27.5,21.1,24.6,17.2,19.8,22.1,23.1,30.2,20.0,34.7,18.1,26.6,28.4,24.5,18.1,24.6,13.0,19.3,22.0,37.4,20.9,19.4,22.1,23.6,24.8,35.6,17.9,18.9,16.5,20.2,23.0,22.8,15.0,30.7,17.7,14.8,16.8,27.2,,13.0,16.8,19.6,25.5,32.1,37.4,20.9,22.8
07-24,23.3,27.8,35.1,32.6,29.1,27.6,21.1,24.6,17.2,19.8,22.2,23.1,30.4,20.0,34.7,18.1,26.6,28.8,24.5,18.1,24.6,13.0,19.3,22.0,37.5,20.9,19.7,22.1,23.6,24.8,35.6,18.2,18.9,16.5,20.2,23.0,22.8,15.0,30.8,18.1,15.0,16.8,27.2,,13.0,16.9,19.8,25.5,32.2,37.5,21.0,22.8
07-25,23.3,28.2,35.2,32.6,29.1,27.7,21.1,24.6,17.3,19.9,22.2,23.1,30.4,20.2,34.7,18.1,26.7,29.2,24.5,18.2,24.6,13.3,19.3,22.1,37.6,20.9,19.9,22.2,23.6,24.8,35.6,18.4,19.2,16.5,20.2,23.0,23.3,15.2,31.0,18.2,15.2,16.9,27.3,,13.3,17.0,19.9,25.5,32.3,37.6,21.2,23.0
07-26,23.0,28.4,35.5,32.9,29.1,27.8,21.1,24.7,17.4,19.9,22.2,23.2,30.4,20.2,34.8,18.2,26.7,29.3,24.5,18.2,24.6,13.6,19.3,22.2,37.8,20.9,20.2,22.3,23.7,24.8,35.8,18.4,19.2,16.6,20.2,23.0,24.0,15.2,31.1,18.3,15.3,17.1,27.3,,13.6,17.1,20.0,25.6,32.5,37.8,21.2,23.0
07-27,23.3,28.6,35.5,33.0,29.1,27.8,21.2,24.8,17.4,19.9,22.2,23.3,30.4,20.2,34.8,18.3,26.7,29.4,24.6,18.2,24.8,13.7,19.3,22.2,37.8,21.0,20.4,22.5,23.7,25.0,36.2,18.4,19.2,16.7,20.2,23.0,24.1,15.3,31.5,18.3,15.4,17.2,27.4,,13.7,17.3,20.1,25.7,32.7,37.8,21.3,23.0
07-28,23.4,28.7,35.5,33.1,29.2,27.8,21.3,24.9,17.7,19.9,22.2,23.3,30.4,20.2,34.8,18.4,26.9,29.8,24.8,18.2,24.8,13.8,19.5,22.4,37.8,21.0,20.5,22.7,23.7,25.2,36.3,18.7,19.5,16.8,20.2,23.0,24.2,15.4,31.6,18.6,15.7,17.3,27.5,,13.8,17.4,20.1,25.9,32.8,37.8,21.4,23.0
07-29,23.4,28.8,35.5,33.3,29.6,27.8,21.5,25.1,18.0,19.9,22.2,23.4,30.4,20.3,34.8,18.4,27.3,29.9,25.0,18.2,24.8,13.8,19.5,22.5,37.9,21.0,20.5,22.8,23.8,25.6,36.3,18.9,19.9,17.0,20.2,23.0,24.3,15.4,31.7,18.6,15.8,17.6,27.5,,13.8,17.7,20.1,26.2,32.9,37.9,21.5,23.0
07-30,23.4,28.8,35.5,33.3,29.7,27.8,21.5,25.1,18.0,19.9,22.2,23.4,30.4,20.3,34.8,18.5,27.3,29.9,25.3,18.2,24.8,13.8,19.5,22.5,37.9,21.3,20.6,22.8,23.9,25.7,36.4,19.2,20.0,17.2,20.2,23.1,24.4,15.5,31.7,18.6,16.3,17.8,27.5,,13.8,17.8,20.1,26.3,33.0,37.9,21.6,23.1
07-31,23.1,28.9,36.0,33.7,29.7,27.8,21.6,25.1,18.0,19.9,22.3,23.4,30.4,20.4,34.8,18.6,27.4,29.9,25.5,18.2,24.8,13.8,19.6,22.5,38.0,21.6,20.7,22.8,23.9,25.9,36.4,19.8,20.0,17.3,20.2,23.3,24.4,15.5,31.7,18.6,16.6,18.0,27.5,,13.8,18.0,20.1,26.5,33.3,38.0,21.6,23.1
08-01,23.4,28.9,36.2,33.8,29.7,27.8,21.7,25.4,18.2,19.9,22.3,23.4,30.4,20.4,34.8,18.6,27.5,30.0,25.6,18.3,24.8,13.8,20.0,22.5,38.0,21.8,20.8,22.8,23.9,26.1,36.7,20.0,20.0,17.4,20.2,23.5,24.5,15.5,32.0,18.6,16.7,18.2,27.8,,13.8,18.2,20.1,26.7,33.5,38.0,21.7,23.4
08-02,23.5,28.9,36.4,33.9,29.7,27.8,21.7,25.4,18.2,19.9,22.5,23.4,30.4,20.5,34.8,18.6,27.5,30.0,25.6,18.3,24.8,13.8,20.1,22.6,38.1,21.9,21.1,22.8,23.9,26.2,36.7,20.1,20.0,17.4,20.2,23.6,24.5,15.6,32.1,18.6,16.9,18.3,28.0,,13.8,18.3,20.2,26.7,33.5,38.1,21.8,23.4
08-03,23.5,29.1,36.4,33.9,29.7,27.8,21.8,26.1,18.2,20.0,22.7,23.4,30.5,20.5,34.8,18.7,27.5,30.0,25.7,18.3,24.8,13.9,20.2,22.8,38.4,22.0,21.3,22.8,23.9,26.3,36.7,20.1,20.0,17.4,20.4,23.6,24.5,16.0,32.1,18.6,17.0,18.3,28.4,,13.9,18.3,20.3,26.8,33.6,38.4,21.9,23.4
08-04,23.5,29.1,36.5,33.9,29.8,27.8,21.8,26.3,18.3,20.0,22.9,23.5,30.5,20.5,34.8,18.7,27.7,30.0,25.8,18.4,25.0,14.0,20.3,22.9,38.4,22.1,21.4,22.8,23.9,26.5,37.0,20.2,20.0,17.8,20.4,23.8,24.6,16.0,32.1,18.6,17.0,18.5,28.5,,14.0,18.3,20.4,27.0,33.6,38.4,22.0,23.5
08-05,23.5,29.1,36.5,34.0,29.8,27.8,21.8,26.3,18.3,20.0,23.0,23.6,30.8,20.5,34.8,18.7,28.3,30.0,25.8,18.5,25.1,14.0,20.3,22.9,38.5,22.2,21.4,23.0,23.9,26.6,37.0,20.3,20.0,17.9,20.4,24.0,25.0,16.1,32.2,18.7,17.0,18.6,28.5,,14.0,18.3,20.4,27.1,33.6,38.5,22.1,23.5
08-06,23.1,29.1,36.6,34.1,29.8,28.0,21.8,26.3,18.3,20.0,23.0,23.8,30.9,20.5,34.8,18.7,28.3,30.0,26.0,18.5,25.2,14.0,20.3,23.0,38.6,22.3,21.5,23.1,24.0,26.7,37.0,20.3,20.0,17.9,20.4,24.2,25.2,16.1,32.2,18.7,17.0,18.7,28.6,,14.0,18.3,20.4,27.2,33.7,38.6,22.2,23.1
08-07,23.5,29.1,36.8,34.1,29.8,28.1,22.3,26.5,18.3,20.0,23.2,23.9,30.9,20.5,34.8,18.7,28.3,30.0,26.0,18.5,25.2,14.0,20.3,23.1,38.6,22.3,21.5,23.4,24.0,26.7,37.0,20.5,20.0,18.0,20.4,24.2,25.7,16.1,32.2,18.7,17.0,18.7,28.6,,14.0,18.3,20.5,27.3,33.7,38.6,22.2,23.5
08-08,23.5,29.1,36.9,34.2,29.8,28.2,22.5,26.6,18.3,20.0,23.2,24.0,31.0,20.5,34.8,18.7,28.3,30.0,26.0,18.6,25.3,14.0,20.3,23.2,38.7,22.4,21.5,23.8,24.0,26.9,37.0,20.6,20.3,18.0,20.9,24.3,25.8,16.1,32.5,18.7,17.0,18.7,28.6,,14.0,18.4,20.6,27.4,33.8,38.7,22.4,23.8
08-09,23.6,29.1,37.0,34.2,29.8,28.2,23.0,26.6,18.5,20.0,23.2,24.0,31.2,20.6,34.8,18.7,28.4,30.1,26.0,18.6,25.5,14.0,20.4,23.2,39.0,22.4,21.5,23.9,24.0,27.1,37.1,20.6,20.3,18.0,20.6,24.3,25.8,16.1,32.5,18.7,17.0,18.7,28.6,,14.0,18.5,20.6,27.5,33.8,39.0,22.4,23.9
08-10,23.8,29.1,37.0,34.2,29.8,28.2,23.2,26.6,18.6,20.0,23.2,24.0,31.2,20.6,34.8,18.7,28.8,30.1,26.1,18.7,25.7,14.0,20.5,23.2,39.2,22.5,21.5,23.9,24.0,27.2,37.1,20.7,20.3,18.0,20.9,24.3,25.8,16.1,32.5,18.7,17.0,18.8,28.6,,14.0,18.6,20.6,27.6,33.9,39.2,22.5,23.9
08-11,24.1,29.1,37.2,34.2,29.8,28.4,23.3,26.6,18.7,20.1,23.2,24.1,31.3,20.7,35.0,18.7,29.5,30.2,26.6,18.7,25.8,14.0,20.5,23.2,39.4,22.5,21.5,23.9,24.0,27.2,37.1,20.7,20.3,18.0,20.9,24.4,25.8,16.1,32.5,18.7,17.0,18.9,28.7,,14.0,18.7,20.7,27.6,33.9,39.4,22.5,24.0
08-12,24.3,29.3,37.3,34.3,29.9,28.5,23.4,26.7,18.8,20.1,23.3,24.1,31.3,20.8,35.0,18.7,29.7,30.4,26.6,18.7,25.9,14.0,20.6,23.2,39.4,22.6,21.5,23.9,24.0,27.2,37.1,20.8,20.4,18.1,21.1,24.4,26.0,16.2,32.6,18.7,17.0,19.1,28.8,,14.0,18.7,20.8,27.7,34.0,39.4,22.6,24.0
08-13,24.0,29.8,37.5,34.4,30.0,28.5,23.6,26.7,18.9,20.2,23.4,24.2,31.3,21.1,35.2,18.7,29.8,30.4,26.7,18.7,25.9,14.0,20.6,23.2,39.6,22.6,21.5,23.9,24.1,27.2,37.1,20.9,20.5,18.2,21.2,24.4,26.2,16.2,32.6,18.7,17.0,19.3,28.9,,14.0,18.7,21.0,27.7,34.0,39.6,22.6,24.0
08-14,24.1,30.0,37.5,34.4,30.0,28.6,23.7,26.8,18.9,20.3,23.5,24.2,31.4,21.2,35.2,18.7,29.9,30.4,26.7,18.7,26.1,14.0,20.6,23.2,39.7,22.6,21.6,23.9,24.3,27.2,37.1,21.1,20.5,18.4,21.3,24.4,26.2,16.2,32.6,18.7,17.0,19.5,28.9,,14.0,18.7,21.1,27.7,34.1,39.7,22.7,24.1
08-15,24.2,30.0,37.6,35.0,30.0,28.6,23.7,26.8,18.9,20.4,23.6,24.3,31.4,21.2,35.2,18.7,29.9,30.4,26.7,18.8,26.1,14.0,20.7,23.2,39.8,22.6,21.8,24.0,24.3,27.2,37.2,21.2,20.5,18.4,21.3,24.4,26.2,16.2,32.6,18.7,17.0,19.6,28.9,,14.0,18.7,21.2,27.8,34.5,39.8,22.8,24.2
08-16,24.3,30.1,37.9,35.8,30.0,28.7,23.7,26.8,19.0,20.7,23.6,24.3,31.4,21.2,35.2,18.7,29.9,30.5,26.7,19.0,26.1,14.0,21.2,23.4,40.0,22.8,22.1,24.0,24.3,27.2,37.2,21.3,20.5,18.4,21.3,24.4,26.2,16.4,32.6,18.7,17.0,19.9,29.1,,14.0,18.7,21.3,27.8,34.7,40.0,22.8,24.3
08-17,24.4,30.2,38.1,35.8,30.0,28.7,23.7,26.8,19.0,21.1,23.7,24.3,31.4,21.3,35.4,18.7,29.9,30.5,26.7,19.1,26.1,14.0,21.3,23.6,40.1,22.8,22.3,24.0,24.4,27.2,37.2,21.3,20.5,18.4,21.3,24.4,26.2,16.4,32.6,18.7,17.0,20.1,29.4,,14.0,18.7,21.3,27.8,34.9,40.1,22.8,24.3
08-18,24.8,30.5,38.7,35.9,30.0,28.7,23.7,26.8,19.7,21.1,23.7,24.4,31.4,21.4,35.4,18.8,29.9,30.7,26.7,19.4,26.1,14.0,21.3,23.7,40.1,22.8,22.6,24.0,24.4,27.2,37.2,21.6,20.7,18.4,21.3,24.4,26.3,16.7,32.6,18.7,17.5,20.3,29.7,,14.0,18.7,21.4,27.8,34.9,40.1,22.9,24.4
08-19,24.8,30.7,38.9,36.2,30.0,28.7,23.8,26.8,19.7,21.1,23.9,24.4,31.4,21.5,35.5,18.8,30.0,30.7,26.8,19.4,26.2,14.0,21.3,23.7,40.1,22.8,22.7,24.0,24.4,27.4,37.3,21.6,20.7,18.5,21.3,24.5,26.3,16.7,32.6,18.7,19.1,20.6,29.8,,14.0,18.9,21.4,28.0,34.9,40.1,23.0,24.4
08-20,24.4,30.7,39.0,36.4,30.0,28.8,23.8,26.8,19.8,21.1,23.9,24.4,31.5,21.6,35.5,18.8,30.0,30.7,26.9,19.5,26.4,14.2,21.4,23.7,40.2,22.8,22.7,24.1,24.4,27.9,37.3,21.8,20.8,19.1,21.3,24.5,26.3,16.7,32.6,18.7,19.4,20.9,30.0,,14.2,19.2,21.5,28.3,34.9,40.2,23.0,24.4
08-21,24.4,30.7,39.1,36.6,30.0,28.9,23.8,26.9,19.8,21.1,24.0,24.5,31.8,21.8,35.6,18.8,30.1,30.7,27.4,19.5,26.5,14.2,21.4,24.1,40.3,22.8,22.7,24.1,24.4,27.9,37.3,21.8,20.9,19.2,21.3,24.5,26.3,16.7,32.6,18.7,19.4,21.1,30.1,,14.2,19.3,21.6,28.3,35.0,40.3,23.1,24.4
08-22,24.6,31.1,39.1,36.7,30.0,29.3,23.9,27.0,19.8,21.2,24.0,24.6,31.8,21.9,35.8,18.8,30.3,30.8,27.6,19.5,26.7,14.2,21.5,24.1,40.4,22.9,22.7,24.1,24.4,27.9,37.4,22.0,21.1,19.3,21.3,24.5,26.4,17.0,32.6,18.7,19.4,21.2,30.9,,14.2,19.3,21.7,28.5,35.2,40.4,23.2,24.4
08-23,24.8,31.4,39.1,36.7,30.0,29.4,24.3,27.0,19.9,21.2,24.1,25.2,31.9,21.9,36.0,18.8,30.4,30.8,27.7,19.6,26.8,14.2,21.8,24.2,40.4,22.9,22.7,24.1,24.4,27.9,37.4,22.4,21.2,19.5,21.4,24.6,26.6,17.1,32.6,18.8,19.4,21.2,31.3,,14.2,19.4,21.8,28.5,35.3,40.4,23.2,24.4
08-24,24.9,31.6,39.1,36.9,30.0,29.5,24.9,27.0,19.9,21.2,24.1,25.3,31.9,21.9,36.1,18.8,30.6,30.8,27.8,19.6,26.8,14.2,21.9,24.2,40.4,23.1,22.7,24.1,24.5,28.0,37.4,22.6,21.7,19.9,21.5,24.7,26.6,17.3,32.6,18.9,19.4,21.2,31.5,,14.2,19.5,21.9,28.6,35.4,40.4,23.3,24.7
08-25,24.9,31.6,39.2,37.3,30.0,29.8,25.1,27.1,19.9,21.2,24.2,25.3,31.9,21.9,36.2,19.0,30.6,30.9,27.9,19.9,26.8,14.2,22.0,24.2,40.4,23.1,22.8,24.1,24.5,28.0,37.6,22.6,21.9,19.9,21.5,24.8,26.6,17.3,32.6,18.9,19.4,21.2,31.6,,14.2,19.5,22.0,28.7,35.5,40.4,23.4,24.8
08-26,25.0,31.9,39.2,37.4,30.0,29.8,25.1,27.1,19.9,21.2,24.3,25.4,32.0,21.9,36.2,19.2,30.6,31.1,28.0,20.0,26.8,14.2,22.0,24.2,40.4,23.1,22.8,24.2,24.5,28.0,37.8,22.7,22.1,20.0,21.6,24.9,26.6,17.3,32.6,18.9,19.4,21.4,31.7,,14.2,19.5,22.1,28.7,35.5,40.4,23.4,24.9
08-27,25.1,32.0,39.2,37.4,30.1,29.8,25.2,27.6,19.9,21.2,24.3,25.4,32.1,21.9,36.3,19.5,30.6,31.2,28.1,20.0,26.8,14.2,22.0,24.2,40.4,23.2,22.9,24.2,24.5,28.0,37.9,22.8,22.7,20.4,22.0,25.0,26.7,17.3,32.6,18.9,19.4,21.5,31.8,,14.2,19.6,22.4,28.8,35.5,40.4,23.5,25.0
08-28,25.1,32.0,39.2,37.4,30.1,29.9,25.2,27.7,19.9,21.2,24.5,25.4,32.1,22.0,36.3,19.6,30.7,31.2,28.2,20.1,26.8,14.2,22.0,24.3,40.5,23.2,23.4,24.2,24.5,28.1,37.9,22.9,22.8,20.4,22.0,25.1,26.7,17.3,32.6,18.9,19.5,21.5,31.8,,14.2,19.6,22.5,28.9,35.5,40.5,23.5,25.1
08-29,25.3,32.1,39.2,37.4,30.1,30.0,25.2,27.8,19.9,21.2,24.5,25.5,32.2,22.1,36.3,19.6,30.8,31.2,28.3,20.6,26.8,14.2,22.0,24.3,40.5,23.2,23.6,24.2,24.5,28.1,38.2,23.0,22.8,20.4,22.0,25.1,26.7,17.3,32.6,18.9,19.5,21.5,31.8,,14.2,19.7,22.5,28.9,35.6,40.5,23.5,25.1
08-30,25.4,32.1,39.3,37.4,30.1,30.2,25.2,27.8,19.9,21.2,24.6,25.5,32.3,22.1,36.3,19.6,30.9,31.2,28.3,21.0,26.9,14.2,22.1,24.3,40.5,23.2,23.7,24.2,24.5,28.2,38.4,23.0,22.9,20.4,22.0,25.1,26.7,17.3,32.6,18.9,19.5,21.5,31.8,,14.2,19.7,22.6,29.0,35.6,40.5,23.5,25.1
08-31,25.4,32.1,39.3,37.4,30.1,30.2,25.2,27.9,19.9,21.2,24.6,25.8,32.3,22.1,36.3,19.6,31.1,31.2,29.0,21.4,26.9,14.2,22.1,24.3,40.5,23.2,23.8,24.3,24.5,28.2,38.4,23.1,23.1,20.4,22.1,25.1,26.7,17.3,32.6,18.9,19.5,21.5,31.8,,14.2,19.7,22.7,29.5,35.6,40.5,23.7,25.1
09-01,25.5,32.1,39.3,37.4,30.1,30.2,25.2,28.0,19.9,21.2,24.7,25.9,32.3,22.1,36.3,19.6,31.2,31.5,29.0,21.4,26.9,14.2,22.2,24.3,40.5,23.2,23.8,24.5,24.5,28.2,38.5,23.2,23.4,20.4,22.1,25.2,26.8,17.3,32.6,18.9,19.7,21.5,32.0,,14.2,19.7,22.8,29.5,35.6,40.5,23.8,25.2
09-02,25.9,32.2,39.4,37.5,30.2,30.3,25.2,28.1,19.9,21.3,24.7,26.0,32.3,22.1,36.4,19.6,31.6,31.7,29.1,21.6,26.9,14.2,22.3,24.3,40.5,23.3,23.8,24.5,24.5,28.2,38.5,23.3,23.9,20.4,22.1,25.3,26.8,17.3,32.6,18.9,20.7,21.5,32.7,,14.2,20.0,22.9,29.5,35.6,40.5,23.9,25.2
09-03,25.9,32.2,39.4,37.5,30.2,30.3,25.3,28.1,19.9,21.3,24.7,26.0,32.4,22.2,36.4,19.6,31.9,31.7,29.1,21.6,26.9,14.2,22.3,24.3,40.5,23.3,23.9,24.5,24.6,28.2,38.5,23.3,24.0,20.4,22.1,25.3,26.8,17.4,32.8,18.9,20.7,21.5,32.9,,14.2,20.0,22.9,29.5,35.7,40.5,23.9,25.3
09-04,25.9,32.2,39.5,37.5,30.3,30.3,25.3,28.1,19.9,21.5,24.7,26.0,32.4,22.3,36.4,19.6,32.4,31.7,29.1,21.6,26.9,14.2,22.4,24.4,40.7,23.3,24.0,24.5,24.6,28.2,38.5,23.3,24.0,20.4,22.1,25.4,26.8,17.4,32.9,18.9,20.7,21.5,33.0,,14.2,20.0,22.9,29.6,35.7,40.7,23.9,25.3
09-05,26.0,32.4,39.6,37.5,30.4,30.3,25.3,28.1,20.0,21.7,24.7,26.1,32.4,22.4,36.4,19.6,32.6,31.8,29.1,21.6,26.9,14.2,22.5,24.4,40.7,23.3,24.1,24.5,24.7,28.2,38.5,23.3,24.2,20.5,22.2,25.5,26.8,17.4,33.0,18.9,20.7,21.6,33.3,,14.2,20.1,23.0,29.6,35.8,40.7,24.0,25.3
09-06,26.2,32.4,39.6,37.5,30.4,30.3,25.3,28.1,20.0,21.8,24.8,26.1,32.4,22.4,36.4,19.7,32.7,32.3,29.2,21.6,26.9,14.3,22.6,24.4,40.7,23.3,24.3,24.5,24.8,28.2,38.6,23.3,24.2,20.6,22.2,25.5,26.8,17.5,33.1,18.9,20.7,21.6,33.3,,14.3,20.1,23.0,29.6,35.8,40.7,24.0,25.3
09-07,26.2,32.5,39.6,37.5,30.4,30.4,25.4,28.1,20.0,22.0,25.2,26.1,32.4,22.5,36.8,19.8,33.1,32.6,29.2,21.6,27.0,14.7,22.7,24.4,40.7,23.4,24.3,24.5,24.8,28.2,38.6,23.4,24.3,20.6,22.2,25.5,26.8,17.5,33.2,18.9,20.7,21.6,33.3,,14.7,20.1,23.1,29.7,36.1,40.7,24.1,25.4
09-08,26.6,32.6,39.7,37.5,30.4,30.4,25.5,28.1,20.0,22.1,25.8,26.1,32.4,22.5,36.8,19.8,33.1,32.7,29.2,21.6,27.0,15.4,22.7,24.4,40.7,23.6,24.3,24.5,24.8,28.2,38.6,23.4,24.6,20.6,22.3,25.5,26.9,17.5,33.2,18.9,20.7,21.6,33.3,,15.4,20.1,23.1,29.7,36.1,40.7,24.2,25.5
09-09,27.0,32.7,39.7,37.5,30.4,30.4,25.5,28.2,20.0,22.1,25.9,26.1,32.4,22.6,37.0,19.9,33.6,32.8,29.2,21.6,27.0,15.6,22.8,24.4,40.7,23.6,24.3,24.6,24.8,28.2,38.7,23.4,25.1,21.2,22.3,25.5,26.9,17.5,33.2,19.1,20.7,21.6,33.3,,15.6,20.1,23.1,29.7,36.3,40.7,24.3,25.5
09-10,27.3,32.7,39.7,37.5,30.4,30.5,25.5,28.2,20.0,22.1,26.0,26.2,32.4,22.6,37.0,19.9,33.7,33.0,29.2,21.7,27.0,15.7,22.8,24.5,40.9,23.7,24.4,24.7,24.8,28.2,38.8,23.4,25.2,21.8,22.3,25.5,27.1,17.5,33.3,19.2,20.7,21.6,33.3,,15.7,20.1,23.1,29.7,36.4,40.9,24.4,25.5
09-11,27.4,33.0,39.8,37.8,30.4,30.6,25.5,28.3,20.0,22.2,26.1,26.2,32.4,22.6,37.0,20.1,33.8,33.5,29.2,21.7,27.1,15.7,23.0,24.5,40.9,23.7,24.4,24.7,24.9,28.2,38.9,23.5,26.2,21.8,22.3,25.5,27.1,17.5,33.3,19.2,20.8,21.6,33.5,,15.7,20.3,23.3,29.7,36.4,40.9,24.5,26.1
09-12,27.3,33.1,39.8,37.9,30.6,30.6,25.5,28.3,20.0,22.2,26.1,26.2,32.4,22.6,37.1,20.4,33.8,34.6,29.4,21.7,27.1,16.1,23.0,24.6,40.9,23.8,24.4,24.7,24.9,28.2,39.1,24.0,26.8,21.8,22.3,25.5,27.2,17.5,33.4,19.2,20.8,21.6,33.6,,16.1,20.5,23.4,29.9,36.6,40.9,24.6,26.1
09-13,27.8,33.2,39.8,37.9,30.7,30.6,25.5,28.5,20.1,22.2,26.2,26.2,32.4,22.6,37.1,20.6,33.9,34.9,29.4,21.7,27.1,16.2,23.0,24.6,40.9,23.8,24.4,24.7,24.9,28.2,39.2,24.1,26.8,21.8,22.3,25.5,27.2,17.5,33.5,19.2,20.9,21.8,33.8,,16.2,20.7,23.5,29.9,36.6,40.9,24.6,26.2
09-14,27.8,33.7,39.8,37.9,30.8,30.6,25.6,28.6,20.2,22.2,26.3,26.2,32.4,22.7,37.1,20.8,34.0,34.9,29.5,21.7,27.1,16.3,23.0,24.6,40.9,23.8,24.4,24.7,25.0,28.2,39.3,24.1,27.0,21.8,22.4,25.7,27.4,17.5,33.5,19.2,20.9,22.2,33.8,,16.3,20.8,23.5,29.9,36.7,40.9,24.6,26.2
09-15,27.8,33.7,39.8,37.9,30.8,30.6,25.7,28.6,20.2,22.2,26.3,26.2,32.5,22.7,37.1,20.9,34.4,34.9,29.8,21.7,27.1,16.3,23.0,24.6,40.9,24.7,24.4,24.7,25.4,28.2,39.7,24.1,27.1,21.8,22.9,25.8,28.2,17.5,33.5,19.2,20.9,22.5,33.9,,16.3,20.9,23.6,30.2,36.7,40.9,24.8,26.2
09-16,27.8,33.8,39.8,37.9,30.8,30.6,25.7,28.7,20.2,22.2,26.3,26.3,32.5,22.7,37.1,21.0,34.8,34.9,30.0,21.7,27.1,16.3,23.0,24.6,41.0,24.7,24.4,24.7,25.5,28.2,39.8,24.1,27.1,21.8,23.7,25.8,28.5,17.5,33.5,19.2,20.9,22.6,33.9,,16.3,20.9,23.9,30.2,36.7,41.0,25.0,26.3
09-17,27.8,33.9,39.8,38.0,30.8,30.6,25.7,28.7,20.2,22.3,26.3,26.3,32.5,22.7,37.1,21.5,34.8,34.9,30.1,21.7,27.1,16.6,23.0,24.6,41.0,24.8,24.5,24.7,25.5,28.2,40.2,24.1,27.1,21.8,23.8,25.8,28.5,17.5,33.5,19.2,20.9,22.7,33.9,,16.6,21.0,24.0,30.3,36.7,41.0,25.0,26.3
09-18,27.9,33.9,39.9,38.0,30.8,30.6,25.7,28.7,20.5,22.3,26.3,26.3,32.5,22.8,37.2,21.6,34.9,34.9,30.2,21.8,27.1,16.6,23.0,24.6,41.0,24.8,24.5,24.8,25.6,28.2,40.4,24.1,27.1,21.8,23.8,25.8,28.5,17.5,33.5,19.2,20.9,22.7,33.9,,16.6,21.0,24.0,30.4,36.7,41.0,25.0,26.3
09-19,27.9,33.9,39.9,38.0,31.4,30.6,25.7,28.7,20.5,22.5,26.3,26.5,32.9,22.8,37.2,21.7,35.6,35.0,30.4,21.8,27.1,16.8,23.0,24.7,41.0,24.8,24.5,24.9,25.6,28.2,40.4,24.1,27.2,21.8,23.8,25.8,28.5,17.5,33.5,19.2,21.1,22.7,33.9,,16.8,21.2,24.0,30.5,36.9,41.0,25.1,26.3
09-20,27.9,33.9,40.0,38.1,31.4,30.6,25.7,28.7,20.7,22.6,26.3,26.5,32.9,23.0,37.2,21.7,35.7,35.0,30.5,21.8,27.1,16.8,23.0,25.2,41.0,24.8,24.5,25.0,25.7,28.2,40.4,24.1,27.2,21.8,23.8,25.8,28.5,17.6,33.5,19.2,21.2,22.7,33.9,,16.8,21.3,24.0,30.6,36.9,41.0,25.1,26.3
09-21,27.9,33.9,40.0,38.3,31.4,30.6,25.7,28.7,20.8,22.6,26.3,26.6,32.9,23.3,37.2,21.7,35.8,35.0,30.5,21.8,27.2,16.8,23.0,25.2,41.0,25.1,24.5,25.0,25.7,28.2,40.4,24.1,27.2,22.0,23.8,25.8,28.5,17.6,33.5,19.2,21.2,22.8,33.9,,16.8,21.3,24.0,30.6,36.9,41.0,25.1,26.3
09-22,27.9,33.9,40.0,38.3,31.4,30.6,25.7,28.8,20.8,22.6,26.3,26.6,32.9,23.3,37.2,21.7,35.8,35.0,30.5,21.9,27.2,16.8,23.0,25.2,41.1,25.1,24.6,25.0,25.7,28.2,40.4,24.1,27.2,22.7,23.8,26.3,28.6,17.6,33.5,19.2,21.2,23.3,34.0,,16.8,21.3,24.0,30.6,36.9,41.1,25.2,26.3
09-23,27.9,33.9,40.1,38.3,31.4,30.9,25.7,28.8,20.8,22.6,26.3,26.6,32.9,23.3,37.2,21.7,35.8,35.0,30.6,21.9,27.2,16.8,23.0,25.2,41.1,25.3,25.9,25.0,25.7,28.3,40.4,24.1,27.3,22.8,23.8,28.0,28.7,17.6,33.5,19.3,21.2,23.4,34.0,,16.8,21.3,24.0,30.7,37.0,41.1,25.5,26.6
09-24,27.9,33.9,40.2,38.3,31.4,31.5,25.7,28.8,20.8,22.9,26.3,26.6,32.9,23.3,37.2,21.8,35.8,35.1,30.6,22.5,27.2,16.8,23.0,25.2,41.1,25.3,26.0,25.0,25.7,28.3,40.4,24.1,27.3,22.8,23.8,28.3,28.9,17.6,33.5,19.3,21.2,23.4,34.0,,16.8,21.3,24.0,30.9,37.0,41.1,25.6,26.6
09-25,27.9,33.9,40.3,38.5,31.4,32.3,25.7,28.9,20.8,22.9,26.3,26.6,32.9,23.3,37.2,21.8,35.8,35.2,30.6,22.6,27.2,16.8,23.0,25.2,41.1,25.4,26.2,25.0,25.7,28.3,40.4,24.5,27.3,22.8,23.9,28.4,29.2,17.6,33.5,19.3,21.2,23.4,34.0,,16.8,21.3,24.2,30.9,37.0,41.1,25.6,26.6
09-26,28.0,34.2,40.4,38.5,31.5,33.0,25.7,28.9,20.8,23.0,26.3,26.6,32.9,23.3,37.3,21.8,36.4,35.2,30.6,22.6,27.2,16.8,23.0,25.2,41.1,25.4,26.2,25.0,25.7,28.3,40.4,24.5,27.4,22.8,23.8,28.4,29.2,17.6,33.5,19.3,21.2,23.4,34.0,,16.8,21.3,24.3,30.9,37.1,41.1,25.6,26.6
09-27,28.0,35.4,40.4,38.6,31.5,33.1,25.7,28.9,20.8,23.0,26.3,26.6,32.9,23.3,37.3,21.8,37.0,35.2,30.6,22.6,27.2,16.8,23.0,25.2,41.2,25.4,26.2,25.0,25.7,28.3,40.4,24.6,27.4,22.9,23.8,28.4,29.2,17.6,33.6,19.3,21.2,23.4,34.0,,16.8,21.3,24.3,30.9,37.2,41.2,25.6,26.6
09-28,28.1,36.2,40.6,38.6,31.5,33.4,25.8,28.9,20.8,23.0,26.4,26.6,32.9,23.3,37.3,21.8,37.0,35.2,30.7,22.6,27.2,16.8,23.0,25.2,41.4,25.4,26.2,25.1,25.7,28.3,40.4,24.6,27.6,24.5,23.8,28.4,29.2,17.6,33.6,19.3,21.2,23.4,34.0,,16.8,21.3,24.5,31.0,37.2,41.4,25.8,26.6
09-29,28.1,36.5,40.6,38.6,31.6,33.6,25.8,28.9,20.8,23.1,26.5,26.6,32.9,23.3,37.3,21.8,37.0,35.2,30.7,22.6,27.2,17.1,23.0,25.6,41.5,25.4,26.2,25.2,25.7,28.3,40.5,24.6,27.6,24.6,23.8,28.4,29.3,17.6,33.6,19.3,21.2,23.4,34.0,,17.1,21.4,24.6,31.0,37.3,41.5,25.8,26.6
09-30,28.2,37.0,41.1,38.6,31.6,33.6,25.8,28.9,20.8,23.2,26.6,26.6,32.9,24.3,37.6,21.8,37.1,35.2,30.7,22.7,27.3,17.7,23.0,25.8,41.5,25.4,26.5,25.2,25.7,28.3,40.5,24.6,27.6,24.7,23.8,28.5,29.4,17.6,33.6,19.3,21.3,23.4,34.0,,17.6,21.4,24.7,31.0,37.5,41.5,25.8,26.6
